0000
0000
0000
0000
0000
0000
0000
0000
5555
5555
5555
5555
5555
5555
5555
5555
aaaa
aaaa
aaaa
aaaa
aaaa
aaaa
aaaa
aaaa
ffff
ffff
ffff
ffff
ffff
ffff
ffff
ffff
0000
0000
0000
0000
0000
0000
0000
0000
5555
5555
5555
5555
5555
5555
5555
5555
aaaa
aaaa
aaaa
aaaa
aaaa
aaaa
aaaa
aaaa
ffff
ffff
ffff
ffff
ffff
ffff
ffff
ffff
0000
0000
0000
0000
0000
0000
0000
0000
5555
5555
5555
5555
5555
5555
5555
5555
aaaa
aaaa
aaaa
aaaa
aaaa
aaaa
aaaa
aaaa
ffff
ffff
ffff
ffff
ffff
ffff
ffff
ffff
0000
0000
0000
0000
0000
0000
0000
0000
5555
5555
5555
5555
5555
5555
5555
5555
aaaa
aaaa
aaaa
aaaa
aaaa
aaaa
aaaa
aaaa
ffff
ffff
ffff
ffff
ffff
ffff
ffff
ffff
0000
0000
0000
0000
0000
0000
0000
0000
5555
5555
1145
1045
1045
1105
1105
1145
5555
5555
5051
5111
5011
5051
5111
5111
5555
5555
0115
1515
0515
1515
1501
1501
5555
5555
0155
1555
0555
1555
0155
0155
5555
5555
5404
5454
5454
5454
5404
5404
5555
5555
0404
4454
4404
0544
4404
4404
5555
5555
4555
4555
0555
4555
4555
4555
5555
5555
4040
5144
5144
5144
5140
5140
5555
5555
4140
4445
4045
4145
4440
4440
5555
5555
4455
4455
4055
4055
4455
4455
5555
5555
5151
5041
5111
5111
5151
5151
5555
5555
1151
1445
1515
1405
1041
1151
5555
5555
4041
4544
4540
4541
4044
4044
5555
5555
4400
4511
4511
4511
4511
4511
5555
5555
4041
4544
4144
4541
4044
4044
5555
5555
5555
5555
5555
5555
5555
5555
5555
5455
5455
5455
5455
5555
5455
5555
5555
5555
5011
5111
5011
5011
5151
5151
5555
5555
0101
1545
0145
5145
0145
0145
5555
5555
0115
1115
1115
1115
0101
0101
5555
5555
4041
4544
4144
4541
4544
4544
5555
5555
4040
4545
4141
4545
4040
4040
5415
5415
5515
5455
5555
5555
5555
5555
5555
5555
4511
4450
4150
4451
4411
4411
5555
5555
4440
4445
4441
0445
0445
4445
5555
5555
4055
4555
4155
4555
4055
4055
0000
0028
0022
0022
0028
0000
0000
0000
5555
5555
5555
5555
5055
5055
5455
5155
5555
5555
5555
5555
4001
5555
5555
5555
5555
5555
5555
5555
5555
5415
5415
5555
5555
5551
5541
5505
5415
5055
4155
5555
5555
4001
4541
4541
4551
4551
4551
4001
5555
5515
5515
5515
5415
5415
5415
5415
5555
4001
4551
5551
4001
4155
4155
4001
5555
4005
5545
5501
5541
5541
4541
4001
5555
5545
4545
4545
4545
4001
5505
5505
5555
4001
4555
4555
4001
5541
4541
4001
5555
4001
4555
4555
4001
4541
4541
4001
5555
4001
5551
5551
5541
5541
5541
5541
5555
5005
5145
5145
4001
4541
4541
4001
5555
4001
4551
4551
4001
5541
5541
4001
5555
5555
5454
5454
5454
5454
5404
5404
5555
5555
5145
4445
4445
4045
4440
4440
5555
5555
4404
4454
4414
4454
4404
4404
5555
5555
5155
1155
1155
4155
4155
5155
5555
5555
5555
5555
5555
5555
5555
5555
5555
5555
0415
4445
4415
0445
4405
4405
0000
0000
0000
0000
0000
0000
0000
0000
5555
5005
5145
5145
4001
4151
4151
4151
5555
4005
4545
4545
4001
4151
4151
4001
5555
4001
4551
4555
4155
4155
4151
4001
5555
4005
4541
4551
4151
4151
4141
4005
5555
4001
4555
4555
4001
4155
4155
4001
5555
4001
4555
4555
4001
4155
4155
4155
5555
4001
4551
4555
4101
4151
4151
4001
5555
4551
4551
4551
4001
4151
4151
4151
5555
5455
5455
5455
5415
5415
5415
5415
5555
5545
5545
5545
5541
5541
4541
4001
5555
4541
4545
4545
4005
4141
4151
4151
5555
4555
4555
4555
4155
4155
4155
4001
5555
4001
4511
4511
4111
4111
4111
4111
5555
4051
4411
4511
4111
4101
4141
4141
5555
4001
4541
4541
4551
4551
4551
4001
5555
4001
4551
4551
4001
4155
4155
4155
5555
4001
4551
4551
4511
4501
4541
4001
5555
4005
4545
4545
4001
4151
4151
4151
5555
4001
4551
4555
4001
5541
4541
4001
5555
4001
5455
5455
5415
5415
5415
5415
5555
4551
4551
4551
4151
4151
4151
4001
5555
4151
4151
4151
4145
5145
5145
5005
5555
4511
4511
4511
4111
4111
4111
4001
5555
4551
4551
5151
5405
4151
4151
4151
5555
4551
4551
4141
5005
5415
5415
5415
5555
4001
4541
5505
5415
5055
4151
4001
0000
8a2a
8828
8220
8a2a
0000
0000
0000
0000
2a20
2828
2022
2a20
0000
0000
0000
0000
2a2a
2828
2020
2a20
0000
0000
0000
0000
2028
2022
a022
2028
0000
0000
0000
5555
5555
4140
4444
4140
4444
4044
4044
5555
5555
4455
4455
4055
4055
5155
5155
0000
a0a8
8820
a020
8820
0000
0000
0000
0000
a8a8
8888
a888
80a8
0000
0000
0000
0000
8228
a220
8a08
8228
0000
0000
0000
0000
a0a8
8888
a0a8
8888
0000
0000
0000
0000
00a8
0020
0020
0020
0000
0000
0000
5555
5555
4040
4544
4544
4544
4040
4040
5555
5555
4141
4444
4444
4141
4444
4444
5555
5555
4414
4444
4444
4444
4404
4414
5555
5555
0415
4445
4445
4415
4445
0445
aaaa
aaaa
aaaa
56a9
6556
56aa
aaaa
aaaa
aaaa
aaaa
aaaa
5a55
a555
aa55
aaa6
aaaa
5555
6aaa
6aaa
6aaa
6aaa
6aaa
aaaa
aaaa
1ff0
1ff0
1ff0
3ff0
3ff0
3ff0
0000
0000
0000
2800
d700
ffc0
c3c0
c3c0
c3c0
c3c0
cccc
2b33
96cc
aaf3
82cc
82f3
82cc
82f3
cccc
3333
cccc
3333
cccc
5555
aaaa
5555
0000
0000
0000
0000
0000
0000
0000
0000
cccc
3333
cccc
3333
cccc
7333
4ccc
7333
cccc
3333
cccc
3333
cccc
5555
ffff
d557
0000
0000
0000
0000
0000
5555
ffff
d557
0000
0000
0000
0000
0000
0001
0001
0001
0000
0300
c000
3000
c000
3000
cc30
3000
cccc
3333
cccc
3333
cccc
3333
cccc
3333
ffff
ffff
ffff
ffff
ffff
ffff
ffff
ffff
0000
0000
0000
0000
0000
0000
0000
0000
5555
5555
4044
4444
4040
4040
4544
4544
0000
0000
0000
0000
0000
0000
0000
0000
0000
0000
0000
0000
0000
0000
0000
0000
ffff
d555
d555
d555
d555
d555
d555
d555
5540
5550
5540
5504
5415
5055
5155
5555
5555
5555
5545
5551
5000
5551
5545
5555
5555
5555
4055
4455
4455
4455
4055
4055
5555
5555
5455
5455
5455
4445
5015
5455
5455
5155
4540
4554
4551
4545
5140
5455
5055
5555
5055
4515
4010
4555
5055
5555
5554
5555
4454
4111
4511
4511
4514
5555
5555
5555
5140
4454
4451
4045
4440
4440
5555
5555
4041
4544
4140
4541
4044
4044
1555
5554
1554
4550
4414
4554
1554
5555
1414
4554
5414
1144
5144
5144
5415
5555
5515
5545
0551
5151
5151
5151
0545
5515
5111
5044
5111
5044
5111
5044
5111
5044
5555
5555
4040
4544
4140
4544
4044
4044
5555
5555
4041
4444
4044
4441
4444
4444
5555
5555
4140
4444
4144
4444
4040
4040
5555
5555
4040
5144
5140
5144
5144
5144
5555
5555
4511
4111
4410
4410
4514
4514
5555
5555
1555
1555
1555
1555
5555
5555
5555
5555
5011
5151
5111
5111
5010
5010
5555
5555
5555
5455
5555
5555
5455
5555
5111
5044
5111
5044
5111
5000
5555
5555
0000
0000
0000
0000
0000
0000
0000
0000
0000
0000
0000
0000
0000
0000
0000
0000
0000
0000
0000
0000
0000
0000
0000
0000
ffff
ffff
ffff
ffff
fbfb
ffff
ffff
aaaa
fffe
ffee
fffe
fffe
fbee
fffe
fffe
aaaa
aaaa
eaaa
faaa
feaa
ffaa
ffea
fffa
fffe
ffff
da9f
d65f
e56f
e56f
d65f
da9f
ffff
0000
0aa8
2000
0800
0200
0080
0020
0000
ffff
ffff
ffff
ffff
0000
2aa8
0000
0000
5555
fd55
fff5
ffff
0000
2aa8
0000
0000
5555
fd55
fff5
ffff
0000
2aa8
0000
0000
5555
5555
4101
4511
4511
4511
4111
4101
5555
5555
1440
0451
0451
1051
1051
1451
5555
5555
4140
4444
4144
4444
4444
4440
5555
5555
4555
4555
4555
4555
4555
4155
5555
5555
4104
4514
4504
4514
4104
4104
5555
5555
5101
1145
1145
4145
4145
5145
5555
5555
0415
1445
0415
1445
0445
0445
5555
5555
4545
4104
4444
4444
4544
4544
5555
5555
1405
4445
0405
4405
4455
4455
5555
5555
4051
4544
4440
4444
4044
4044
5555
5555
4514
4514
4514
4514
4104
4104
5555
5555
0445
5445
0405
5415
0515
0515
5555
5555
4101
4511
4511
4511
4101
4101
5555
5555
1510
0411
1110
1110
1511
1511
5555
5555
1110
1114
1114
1114
5114
5014
5555
5555
1041
5144
5041
5144
5044
5044
5555
a9a9
9595
a5a5
9595
a995
5555
5555
5555
65a6
6596
65a6
6596
69a6
5555
5555
5555
9a96
5656
9656
5656
5656
5555
5555
5555
9666
6665
9665
6665
a6a5
5555
5555
5555
aa6a
9966
9966
9966
996a
5555
5555
5555
6595
6995
6695
6595
6595
5555
5555
0000
0000
0000
0000
0000
0000
0000
0000
0000
0000
0000
0000
0000
0000
0000
0000
5555
5595
5595
5595
5595
55a9
5555
5555
0000
0000
0000
0000
0000
0000
0000
0000
0000
0000
0000
0000
0000
0000
0000
0000
5555
5555
4040
4444
4040
4044
4544
4544
5555
5555
4440
4445
4440
4454
4040
4040
5555
5555
5014
5151
5151
5150
5011
5011
5555
5555
5050
1111
1011
1051
1110
1110
5555
5555
5501
5551
5545
5515
4501
4501
5555
5a99
5999
5a59
5999
5999
5555
5555
5555
a999
9599
99a9
9999
a999
5555
5555
5555
a969
6566
6569
6566
656a
5555
5555
5555
666a
6659
6659
6659
6a59
5555
5555
5555
a6a6
9666
9666
9666
96a6
5555
5555
5555
5955
9955
6955
5955
5955
5555
5555
5555
5555
1550
4551
0550
1551
4450
4450
5555
5555
0105
1111
1101
1105
0111
0111
5555
5555
0510
1111
1110
1110
0111
0511
5555
5555
5015
1515
1455
5155
1015
1015
5555
5555
5514
5511
5505
5511
4510
4510
5555
5555
4545
4544
4444
4004
4104
4544
5555
5555
1010
5111
5111
5111
5010
5010
5555
5555
1015
5155
1115
1115
1015
1015
5555
5555
1015
5515
5455
5155
1015
1015
5555
5555
1550
4551
0550
1551
4451
4451
5555
5555
4141
4444
4444
4441
4044
4144
5555
5555
1411
4451
4450
0451
4411
4411
5555
5555
4555
1555
5555
1555
0555
0555
5555
5555
5154
4154
1154
1154
5114
5114
5555
5555
5511
5511
5511
5511
4501
4501
5555
5555
0505
1111
1111
1111
0101
0505
5555
5555
0414
1444
0404
1414
0444
0444
5555
5555
1514
4444
1444
4405
0445
0445
5555
5555
4555
4555
0555
1555
1555
1555
5555
5555
5555
1555
1555
1555
1555
5555
5555
5555
5144
5114
5054
5114
5104
5104
5555
5555
4544
4104
4444
4444
4544
4544
5555
5555
1010
5151
5050
5151
1010
1010
5555
5555
1551
4550
0551
1551
4451
4451
5555
5555
1415
4444
1404
4414
0444
0444
5555
5555
1404
4454
4454
0454
4404
4404
5555
5555
0555
5555
1555
5555
0555
0555
5555
5555
0454
5410
1501
5545
0545
0545
5555
5555
4101
4511
4511
4511
4101
4101
aaaa
9556
9556
9556
9556
9556
9556
aaaa
5555
5555
1550
1551
1550
1550
0451
0451
5555
5555
1011
1111
1111
1111
5010
5010
5555
5555
1010
1111
1011
1011
1150
1150
aaaa
aaaa
aaaa
aaaa
aaaa
aaaa
aaaa
aaaa
aaaa
aaaa
aaaa
aaaa
aaaa
aaaa
aaaa
aaaa
9999
6666
9999
6666
9999
6666
9999
6666
0000
0000
ffff
ffff
ffff
5555
ffff
d557
7000
f000
0000
0000
0000
0000
0000
0000
dff7
dff7
d557
ffff
ffff
5555
aaaa
aaaa
5555
a955
aa55
aa95
aaa5
aaa9
aaaa
aaaa
cffd
33fd
cffd
33fd
cffd
33fd
cffd
33fd
03fd
03fd
03fd
03fd
03fd
03fd
03fd
03fd
d757
dd57
d557
ffff
ffff
5555
aaaa
aaaa
d757
ddd7
d757
ddd7
d757
ddd7
d757
ddd7
d557
dd57
d757
ddd7
d757
ddd7
d757
ddd7
5555
5555
1145
1045
1045
1105
1105
1145
5555
5555
1550
1551
1550
1555
0450
0450
5555
5555
1044
5144
1140
1144
1044
1044
5555
5555
4411
4451
4450
4451
4411
4411
5555
5555
4451
1411
5411
1441
0441
0451
5555
5555
4554
4554
4554
4554
4114
4114
1111
4444
1111
4444
1111
0000
5555
5555
5555
5555
0501
5545
1545
5545
4545
4545
5555
5555
0511
1111
0111
0511
1101
1101
5555
5555
0111
4511
4501
4511
4511
4511
5555
5555
1050
1111
1110
1111
1010
1050
5555
5555
1555
5555
1555
5555
1555
1555
5555
5555
4505
1111
1111
0111
1101
1105
aaaa
9556
9aa6
9aa6
9aa6
9aa6
9556
aaaa
aaaa
9556
9556
aaaa
b776
aaaa
b776
aaaa
aaaa
aaa6
aaa6
aaaa
b776
aaaa
b776
aaaa
5555
5555
0501
1115
0501
1151
0101
0101
1111
4444
1111
4444
1111
4444
1111
4444
0000
0000
0000
0000
0000
0000
0000
0000
0000
0000
0000
0000
0000
0000
0000
0000
0000
0000
0000
0000
0000
0000
0000
0000
0000
0000
0000
0000
0000
0000
0000
0000
0000
0000
0000
0000
0000
0000
0000
0000
0000
0000
0000
0000
0000
0000
0000
0000
0000
0000
0000
0000
0000
0000
0000
0000
0000
0000
0000
0000
0000
0000
0000
0000
0000
0000
0000
0000
0000
0000
0000
0000
0000
0000
0000
0000
0000
0000
0000
0000
0000
0000
0000
0000
0000
0000
0000
0000
5555
5555
5655
5555
5565
5555
5556
5555
5555
5555
5555
5555
5555
5555
5555
5555
6955
5695
556a
5555
5655
5665
5695
5665
9995
6655
9555
6aaa
5555
a655
9995
a655
5555
5555
5695
5665
5695
5665
5695
9655
9569
965a
9569
965a
9569
965a
9565
965a
9569
965a
9569
965a
9569
965a
9569
965a
9999
6666
9999
6666
9999
6666
9999
6666
9999
6666
9999
6666
9999
6665
9995
6655
5555
5555
5555
5555
5555
5555
5555
5555
9995
a655
9995
a655
9995
a655
9995
a655
5555
5555
5555
5555
5555
5555
5555
5555
5555
5555
5555
5555
5555
5555
5555
5555
56aa
59a6
56aa
59a6
56aa
59a6
56aa
59a6
5666
5999
5666
5999
5666
5999
5666
5999
6666
9999
6666
9999
6666
9999
6666
9999
65aa
adaa
66aa
a9aa
65a2
aaa6
6aaa
aaaa
6aaa
aaaa
6aaa
a9a2
66a6
a5aa
67aa
a9aa
5555
5555
5555
5555
aaaa
aaaa
aaaa
aaaa
5555
5555
5555
5555
5555
559a
566a
55aa
5555
5555
5555
5555
5555
5555
5555
5555
5555
5555
5555
5555
5555
5555
5569
956a
5555
5555
5555
5555
5555
5555
5555
5555
5555
5555
5555
5555
5555
5555
5555
5555
5555
5555
5555
5555
5555
5555
5555
5555
5555
5555
5555
5555
5555
5555
5555
5555
5695
5665
5695
5665
5695
5665
5695
5665
5695
5665
5695
5665
5695
5665
5695
5665
5695
5665
5695
5665
5555
5555
9999
6666
9999
aaaa
a96a
9aa5
aa59
aa96
aaa9
aaaa
9999
aaaa
55aa
5556
5555
5956
556a
aaaa
9999
aaaa
9aa6
a56a
a955
aa56
aaaa
aaaa
9999
aaaa
aaaa
aaaa
aaaa
aaaa
aaaa
aaaa
99aa
665a
a995
aa66
aaaa
aaaa
aaaa
aaaa
aaaa
aaaa
5555
6666
aaaa
aaaa
aaaa
aaaa
9995
a655
9995
a655
9995
a655
5559
6666
5555
5555
5555
5555
5555
5555
5555
6555
9565
965a
9565
965a
9565
965a
9565
5556
5555
5555
5555
5555
5555
5555
5555
5555
56aa
59a5
56aa
59a5
56aa
59a5
56aa
59a5
9995
6655
9955
6555
9555
5555
5999
6666
aaaa
9556
9556
9556
9556
9556
9556
aaaa
6aa9
aaaa
6aa9
aaaa
6aa9
aaaa
6aa9
aaaa
aaaa
aaaa
aaaa
aab6
a976
aff6
a556
aaaa
5555
5555
5555
5555
5555
5555
9999
6666
5555
5555
5555
5555
5555
5555
5555
5555
5555
5555
5555
5555
5555
5555
5555
5555
5555
5555
5555
5555
5555
5555
5555
5555
6666
a9aa
aa9a
aaaa
aaaa
aaaa
aaaa
aaaa
5025
9a29
a9a5
aa9a
aaa9
aaaa
aaaa
aaaa
5555
5555
5555
5555
a555
9a55
a9a5
aa9a
5025
5029
5025
5029
5025
5029
5025
5029
5555
5555
5555
5555
5555
5555
5555
5555
5555
5555
5555
5555
5555
5555
5556
5550
5555
5555
5555
5555
5680
5002
002a
0aa9
5555
5555
5555
5555
5555
5555
5555
5555
5600
540a
5025
5029
5025
5029
5025
5029
aa55
9555
5555
5555
5555
5555
5555
5555
5540
5680
5000
0000
0000
0000
0000
0000
0000
0000
0000
0000
0000
0000
0000
0000
0000
0000
0600
0a40
0e40
0a40
0640
0540
5555
5555
5555
0000
5555
5555
5555
5555
5555
5555
5555
0000
5555
5555
5555
5555
5555
5555
6a66
6665
6a65
6665
6669
5555
0555
4055
5401
5550
5555
5555
5555
5555
5555
5555
a665
9666
96a5
9666
9665
5555
5555
5555
5555
5555
5555
5555
5555
5555
5555
5555
5555
0000
5555
5555
5555
5555
5555
5555
599a
5999
5a9a
5999
599a
5555
5555
5555
5555
0000
5555
5555
5555
5555
5555
7fff
7fff
7fff
7fff
7777
7fff
5555
5555
5555
4044
4544
4040
5444
4044
4044
5555
ffff
abbb
bbaf
bbbb
abbb
ffff
5555
5555
5555
4045
4445
4444
4444
4041
4045
5555
5555
4555
4555
4555
4555
0555
4555
5555
ffff
eebe
eeee
eeef
eebe
ffff
5555
5555
ffff
ffff
ffff
ffff
ffff
ffff
5555
aaaa
a69a
9ae6
9ae6
9aa6
9aa6
a69a
aaaa
5555
5555
5555
0000
5555
5555
5555
5555
5554
5555
5555
5555
5555
5555
5555
5555
1555
0555
4155
5055
5415
5505
5541
5550
5555
5555
5555
0000
5555
5555
5555
5555
5555
5555
4140
4445
4441
4145
4440
4440
5555
5555
4040
4545
4041
5445
4040
4040
5555
5555
0105
1511
0511
1511
0101
0105
5555
5555
5555
5555
5555
5555
5555
5555
2222
8888
2222
8888
2222
8888
2222
8888
5600
5409
502a
502b
502b
502b
502b
502b
5555
5555
5555
5555
5555
5555
5556
5550
9abf
abff
bffb
feff
bfff
ffff
ffff
ffff
5555
5555
5555
5555
5680
5002
002a
09ab
bfff
ff5f
f55b
55db
755b
55db
755b
56ab
ebff
ffff
ffff
befb
ffff
ffff
ffff
bfff
555b
555b
555b
555b
555b
555b
555b
555b
555b
555b
555b
555b
555b
555b
555b
555b
ffff
ffff
ffff
bfff
ffff
ffff
ffff
bfff
ffff
ffff
ffff
bfff
ffff
ffff
ffff
bfff
555b
555b
555b
555b
555b
555b
555b
555b
502b
502b
502b
502b
502b
502b
502b
502b
502b
9a2b
a9a5
aa9a
aaa9
aaaa
aaaa
aaaa
feff
fffb
ffff
5fff
a5ff
9a5f
a9a5
aa9a
29ff
95ff
55ff
55ff
55fb
55ff
55ff
55ff
55ff
55ff
55ff
55f5
55f7
55f5
55f7
55f5
55ff
55ff
55ff
55fb
55ff
55ff
55ff
55ff
6666
9999
6666
9999
6666
9999
6666
9999
55ff
55ff
55ff
55ff
a5ff
9a5f
a9a5
aa9a
0000
2040
0441
0544
1550
0954
0160
0180
0a00
2a80
1ba0
1690
0590
0140
0000
0000
2222
8888
2002
8110
2222
8000
2aaa
8888
9999
aaaa
aaaa
aaaa
aaaa
aaaa
aaaa
aaaa
5555
5555
5555
5555
5555
5555
5555
5555
5555
5555
5551
5551
5551
5551
5501
5501
5555
5555
1115
1104
1111
1111
0115
0115
5555
5555
1015
1115
1015
1015
1155
1155
5555
5555
4041
4544
4544
4541
4044
4044
5555
5555
4044
4444
4444
4444
4040
4040
5555
5555
4044
4544
4540
4540
4044
4044
5555
5555
5014
5451
5451
5450
5451
5451
5555
5555
5144
1114
1054
1114
1104
1104
5555
5555
0555
5555
1555
5555
0555
0555
5555
5555
4044
5144
5140
5140
5144
5144
5555
5555
4140
4444
4044
4144
4440
4440
5555
5555
4545
4545
4445
4005
4105
4545
5555
5555
5010
5154
5014
5514
5014
5014
5555
5555
1451
5110
5110
5011
5111
5111
5555
5555
4415
4445
4445
0445
0405
4415
5555
5555
5451
5445
5415
5445
5441
5441
5555
5555
1011
1151
1150
1151
1011
1011
5555
5555
4555
1555
5555
1555
0555
0555
5555
5555
5404
5444
5404
5404
5454
5454
5555
5555
4404
4454
4404
4544
0404
0404
5555
5555
4555
4555
0555
0555
4555
4555
5555
5555
4144
4444
4144
4444
4040
4040
5555
5555
4004
5114
5114
5114
5114
5114
5555
5555
0451
4411
4411
4441
0441
0451
5555
5555
5404
5454
5454
5454
5404
5404
5555
5555
5445
5441
5440
5444
0445
0445
5555
5555
4415
0445
0415
4445
4405
4405
5555
5555
5444
5444
5444
5444
5404
5404
5555
5555
0555
4555
0555
0555
5555
5555
5555
5555
5444
5444
5444
5445
5404
5404
5555
5555
0405
5455
0415
4455
0405
0405
5555
5555
5155
1155
1155
4155
4155
5155
5555
5555
0404
4454
0414
0454
5404
5404
5555
5555
5404
5444
5444
5444
5404
5404
5555
5555
4515
4115
4115
4415
4415
4515
5555
5555
4441
4444
4441
4441
4044
4044
5555
5555
5540
5551
5551
5551
5551
5551
5555
5555
5140
4451
4451
4051
4451
4451
5555
5555
5540
5545
5541
5545
5540
5540
5555
5555
4155
4455
4055
4155
4455
4455
5555
5555
4051
4544
4144
4540
4044
4044
5555
5555
5454
5454
5454
5444
5400
5410
5555
5555
1015
1155
5055
5155
5015
5015
5555
5555
0445
5445
4444
4444
0441
0441
5555
5555
5554
5554
5554
5554
5554
5554
5555
5555
4405
4515
4515
4515
0515
0515
5555
5555
5404
5454
5454
5454
5404
5404
5555
5555
5404
5444
5444
5444
5404
5404
5555
5555
0405
5455
1415
5455
5455
5455
aaaa
9aaa
a96a
a695
aaaa
aaaa
aaa6
aaaa
aaaa
aaa5
a550
0040
8000
6000
aa81
aaaa
a555
5000
0000
0000
0000
0280
6aa8
aaaa
5555
5555
5414
5444
5444
5444
5404
5414
5555
5555
0444
4444
4444
4445
0404
0404
5555
5555
0405
5455
0415
4455
0405
0405
5555
5555
5501
5515
5501
5551
5501
5501
5555
5555
1015
1455
1455
1455
1455
1455
5555
5555
5404
5514
5514
5514
5514
5514
5555
5555
4055
4555
4155
4555
4055
4055
5555
5555
5514
5444
5444
5404
5444
5444
5555
5555
1415
4445
4445
4445
0405
1415
5555
5555
5404
5444
5444
5444
5404
5404
5555
5555
5155
1155
1155
4155
4155
5155
5555
5555
5414
5444
5444
5444
5404
5414
5555
5555
0454
4454
4444
4400
0410
0454
5555
5555
4515
4115
4115
4415
4415
4515
5555
5555
5414
5444
5444
5444
5404
5414
5555
5555
1445
4441
0441
1444
4444
4445
5555
5555
1145
1115
1055
1115
1105
1105
5555
5555
5114
5104
5104
5110
5110
5114
5555
5555
4040
4545
4041
5445
4040
4040
5555
5555
4140
4451
4051
4151
4451
4451
5555
5555
5454
5454
5454
5454
5404
5404
5555
5555
4044
4544
4440
4440
4044
4044
5555
5555
4055
5155
5155
5155
5155
5155
5555
5555
5050
5111
5010
5051
5110
5110
5555
5555
1010
5111
5011
5010
1151
1151
5555
5555
1105
1111
1111
1105
1111
1111
5555
5555
5555
5555
5555
5555
5555
5555
5555
5555
5501
5511
5501
5501
5515
5515
5555
5555
1115
1115
1115
1115
0101
0101
5555
5555
1555
1555
1555
1555
0155
0155
5555
5555
4144
4444
4044
4144
4444
4444
5555
5555
5101
1115
1111
4111
4101
5101
5555
5555
5151
5151
5111
5001
5041
5151
5555
5555
4501
1145
1145
0145
1145
1145
5555
5555
0105
1511
0501
1505
0111
0111
5555
5555
5011
5111
5011
5011
5150
5150
5555
5555
5451
5110
5110
5011
1111
1111
5555
5555
4405
4515
4515
0515
0515
4515
5555
5555
5010
5151
5010
5511
5010
5010
5555
5555
1010
5151
5051
5151
1010
1010
5555
5555
5015
1155
1015
1515
1015
1015
5555
5555
5011
5151
5051
5151
5151
5151
5555
5555
0501
1115
0105
0515
1101
1101
5555
5555
5010
5451
5451
5451
5450
5450
5555
5555
1011
1111
1111
1111
1010
1010
5555
5555
5015
5155
5015
5515
1015
1015
5555
5555
5051
5111
5111
5111
5011
5051
5555
5555
0101
1515
0115
5115
0101
0101
5555
5555
5011
5151
5111
5111
5011
5011
5555
5555
0115
5104
4500
1511
0115
0115
5555
5555
1015
1115
1115
1115
1015
1015
5555
5555
5011
5451
5450
5451
5451
5451
5555
5555
1114
1104
1104
1110
1110
1114
5555
5555
4055
4555
4455
4455
4055
4055
5555
5555
5010
5154
5014
5514
5014
5014
5555
5555
1110
5111
5110
5111
5011
5011
5555
5555
1015
5155
5055
5155
5155
5155
5555
5555
5011
5151
5011
5511
5010
5010
5555
5555
1101
1145
1145
1145
1145
1145
5555
5555
5011
5151
5051
5151
5150
5150
5555
5555
1011
1151
1051
1151
1010
1010
5555
5555
5555
5555
5555
5555
1555
1555
5555
5555
5151
5041
5001
5111
5151
5151
5555
5555
4501
1145
1145
0145
1145
1145
5555
5555
0111
1511
1501
1501
0111
0111
5555
5555
5011
5151
5051
5151
5150
5150
5555
5555
5111
5111
5111
5111
1011
1011
5555
5555
0555
1155
1155
1155
0155
0555
5555
5555
5014
5111
5011
5010
5151
5151
5555
5555
5115
1115
1115
1115
1101
1101
5555
5555
5154
5151
5151
5150
5011
5011
5555
5555
5151
1041
1001
1111
1151
1151
5555
5555
0155
1155
0155
0155
1555
1555
5555
5555
5144
5144
5114
5114
5054
5054
5555
5555
5145
4445
4445
4045
4440
4440
5555
5555
5010
5111
5051
5111
5010
5010
5555
5555
1144
1044
1044
1104
1104
1144
5555
5555
0405
5455
1405
5545
0405
0405
5555
5555
5050
5111
5110
5111
5010
5050
5555
5555
1144
5144
5114
5114
1054
1054
5555
5555
4040
4545
4541
4545
4040
4040
5555
5555
5050
5111
5051
5111
5011
5010
5555
5555
1151
1041
1001
1111
1151
1151
5555
5555
0555
1155
0555
1155
0155
0155
5555
5555
5050
5111
5011
5051
5111
5110
5555
5555
1010
1111
1010
1011
1150
1150
5555
5555
1555
5555
5555
5555
1555
1555
5555
5555
5150
5151
5151
5151
5110
5110
5555
5555
5501
1545
1545
1545
1145
5145
5555
5555
4501
1115
1111
0111
1101
1101
5555
5555
5555
5555
5555
5555
5555
5555
5555
5555
5011
5111
5011
5011
5151
5151
5555
5555
1515
1515
1515
1515
0101
0101
5555
5555
0155
1555
0155
5155
0155
0155
5555
5555
5010
5151
5051
5151
5150
5150
5555
5555
1010
1111
1111
1111
1010
1010
5555
5555
5555
1555
1555
1555
1555
5555
5555
5555
5440
5445
5440
5445
4040
4040
5555
5555
4040
5144
5140
5140
5145
5145
5555
5555
5140
4445
4445
4045
4440
4440
5555
5555
5010
5151
5151
5151
5010
5010
5555
5555
1114
1104
1104
1110
1110
1114
5555
5555
4055
4555
4055
5455
4055
4055
5555
5555
5151
5151
5111
5001
5041
5151
5555
5555
1050
1111
1110
1051
1110
1110
5555
5555
1015
5155
5015
5515
1015
1015
5555
5555
5555
5555
5555
5555
5555
5555
5500
540a
5025
5029
5025
5029
5025
5029
00fe
00fd
00f5
00d5
0000
0000
0000
0000
aaaa
56a6
5a99
6aaa
2aaa
0555
03ff
0000
5555
5555
ffff
0000
0000
0000
0000
0000
5500
540a
502a
502b
502b
502b
502b
502b
5025
5029
5025
5029
5025
5029
5025
5029
502b
502b
502b
502b
502b
502b
502b
502b
0000
0000
0000
0000
0000
0000
ffff
5555
5555
5555
7777
ddff
7fff
ffff
ffff
ffff
fffd
fff5
ffd6
ff5a
fd6a
f5aa
d6aa
5aaa
5555
aaaa
aaaa
aaaa
aaaa
aaaa
aaaa
aaaa
5555
5555
7777
dddd
7777
cccc
3333
cccc
5555
5555
ffff
c000
c000
c000
c000
f000
d565
7565
dd6f
0760
01e0
0064
0165
01b9
5255
5255
f2ff
023c
023c
aa3c
003c
003c
5555
5555
5555
5555
5555
5555
5555
5555
5555
5555
5555
5555
5555
5555
5555
5555
5555
5555
5555
5555
5a55
5255
5255
5255
5555
5555
ffff
0000
0000
00aa
0080
0080
003f
000f
0000
0000
0000
0000
0000
0000
c000
0000
0000
0000
0000
0000
0000
0000
fffc
fffc
0000
0000
0000
0000
c000
c000
008f
008f
008f
008f
08af
0bef
08af
02bf
0000
0000
0000
0000
0000
0000
0000
0000
0165
0057
000f
0003
0000
0000
0000
0000
fc00
fc00
fc00
f000
0000
0000
0000
0000
ffff
affd
ac05
a275
a175
a3f5
aaa5
aaa9
ffff
affd
ac05
a3f5
a3f5
a3f5
aaa5
aaa9
ffff
affd
ac05
a175
a175
a3f5
aaa5
aaa9
dff7
dff7
dd77
dff7
dd77
dff7
dff7
dff7
dff7
dff7
dff7
dff7
dff7
dff7
dff7
dff7
5555
5555
ffff
0000
0000
0000
f000
fc00
5555
5555
ffff
0000
0054
0165
01ed
01ed
d557
d557
d557
d557
d557
d557
d557
d557
d557
d557
d557
d557
d557
d557
d557
d557
d557
d557
d557
ffff
ffff
5555
aaaa
aaaa
5555
5555
5555
5555
5555
5555
9555
9555
0000
0000
00ff
00ff
00ff
5555
ffff
d557
5555
aaaa
fff9
5555
f955
5555
5555
5555
5555
556a
55bf
5555
6fff
5555
eeed
5555
5555
5555
5555
5555
5555
5555
5556
5555
5555
556a
55aa
5555
6aaa
5555
aaa9
5555
5555
aaaa
aaa9
5555
a955
5555
5555
5555
5555
5555
5555
5555
5555
5555
5556
5555
4ccc
7333
4ccc
7333
4ccc
7333
4ccc
7333
4000
4000
4000
4000
4000
4000
4000
4000
0079
005e
0057
0075
005d
0077
005d
0077
0000
3000
0000
c000
0c00
c000
30c0
c000
7000
7000
7000
7000
7000
7000
7000
7000
5555
2555
8bff
22c0
08b0
00bc
00bf
008f
5555
5495
fcbf
008f
008f
008f
008f
008f
5555
5555
ffff
0000
f7df
d967
d967
d967
5555
5555
aaaa
ffff
5555
5555
5555
5555
5555
5555
a5aa
fdff
5555
5555
6555
5555
5555
5555
5555
5555
ffff
5555
aaaa
aaaa
9555
5555
5555
5555
f55f
5555
9555
aaaa
0000
0000
0000
0000
0000
5555
aaaa
5555
0000
0000
0000
0000
0000
0155
01aa
01e5
555d
aa77
aa9d
aaa7
aaa9
aaaa
aaaa
aaaa
82cc
aaf3
ffcc
3333
cccc
5555
aaaa
5555
c3c0
ffc0
ffc0
0000
0000
5555
aaaa
5555
5555
5555
aaaa
ffff
5555
5555
5555
5556
67ff
59ff
aa7f
ff7f
55ff
55ff
95ff
55ff
ffff
ffff
ffff
ffff
ffff
ffff
7fff
9fff
55ff
55ff
95ff
55ff
fd7f
555f
aa97
aaa5
5555
5555
5555
5555
ffff
4555
9aaa
a9aa
aaaa
aaaa
bfe2
8aea
85e2
bfea
aaaa
aaaa
cccc
3333
cccc
3333
cccc
3155
cdaa
31e5
cc79
335e
cc77
337d
cc7f
337f
cc7f
337f
557f
aa5f
aa97
aaa5
aaa9
aaaa
aaaa
aaaa
5555
5555
5555
5555
556a
559a
55a6
55a9
55aa
55aa
55aa
55aa
55aa
55aa
55aa
55aa
00fe
00fe
00fe
00fe
00fe
00fe
00fe
00fe
5555
5555
ffff
0000
0e00
0ac0
03c0
0000
0000
0690
0000
0690
0000
0690
0000
0000
0000
0550
0000
0550
0000
0550
0000
0000
0000
0000
0000
0000
f7df
d967
d967
d967
0000
0000
0800
0000
0077
08dd
00f7
00fe
0000
0000
0000
0000
7777
dddd
7777
aaaa
5555
5555
4111
4511
4501
4501
4111
4111
0000
0000
0000
0000
0000
0000
0000
0000
aaaa
6565
9656
aaaa
aaaa
5555
ffff
0000
aaaa
5555
5555
5555
0000
0000
0000
0000
0000
0000
0000
0000
0000
0000
0000
0000
0000
0000
0000
0000
0000
0000
0000
0000
5555
5555
4045
4545
4545
4545
4040
4040
5555
5555
4040
4544
4140
4544
4044
4044
0019
0019
0019
0019
001b
0019
001b
001b
2560
1550
0000
2220
0000
2220
0000
0000
0000
0000
0000
0000
0000
0015
001a
0019
0000
aaaa
aaaa
3ffc
0000
5555
aaaa
5ddf
ffff
ffff
ffff
ffff
ffff
ffff
ffff
ffff
ffff
aaaa
5555
ffff
ffff
0000
0000
0000
0000
0000
0000
0000
0000
5400
a400
e400
e7c0
e7c0
e7c0
e7c0
e7c0
e7c0
e7c0
e7c0
e7c0
a7c0
57c0
ffc0
ffc0
0000
0000
0000
ff7f
faaf
f967
f967
f967
f967
faa7
fd5f
ffff
ffff
fa5f
f6a7
f6a7
fa97
f667
f997
ffff
ffff
eaaf
e667
e567
e567
e567
eaa7
e567
eaa7
e567
eaa7
eaa7
f557
ffff
ffff
f65f
fd7f
ffff
ffff
fff7
fff7
ff5f
ffff
ffff
ffdf
f7ff
ffff
f7ff
ffff
7fff
ffff
5555
5555
ffff
0000
0000
0015
001a
0019
5555
5555
ffff
0000
0000
5555
aaaa
5ddf
5555
5555
ffff
0000
0000
5555
aaaa
ffff
5555
5555
5555
5555
5555
5555
5555
5555
a666
9999
a666
a999
aa66
aa99
aaa6
aaa9
5555
5555
5555
5555
5555
5555
5555
5555
aaaa
aaaa
aaaa
aaaa
aaaa
aaaa
aaaa
5555
aa00
aa00
aa00
aa00
aa00
aa00
aaff
aa55
aa00
aa00
aa00
aa00
aa00
aa00
aa00
aa00
5555
5555
5555
5555
5555
5555
5555
5555
5555
5555
ffff
0000
a000
a800
aa00
aa00
5555
5555
ffff
0000
aaaa
aaaa
aaaa
aaaa
5555
5555
5555
5555
5555
5695
5495
5495
5555
5555
5555
5555
5555
5555
5555
5555
5495
5495
5495
5095
0255
a955
5555
5555
5555
5555
5555
5555
0000
aaaa
5555
5555
5555
5555
5555
5555
0150
a85a
5495
5495
5555
5555
5555
5555
5600
542a
54a5
5495
5495
fcbf
febf
ffff
ffff
ffff
aaaa
aaaa
5555
5555
5557
5557
555f
555f
556a
556a
556a
556a
556a
556a
556a
556a
556a
556a
aaaa
996e
9a66
aaaa
5555
5555
5555
5555
a955
a955
a955
a955
5555
5555
5555
5555
5495
5495
5025
5025
58a5
5695
5555
5555
5555
5555
5555
5555
5555
5555
5555
5555
5555
5555
5555
5555
5555
5555
5555
5555
0000
28a8
2020
0820
2820
0000
0000
0000
0000
a8a8
8820
a820
8820
0000
0000
0000
0000
8a88
888a
8888
8a88
0000
0000
0000
0000
2000
2000
a000
2000
0000
0000
0000
0000
0540
0510
0504
0511
0501
0000
0000
0000
1400
1400
1400
1400
1554
0000
0000
0000
5501
5041
5011
5551
5001
0000
0000
0000
0045
0045
0045
5545
0045
0000
0000
0000
4000
1000
0400
1100
0100
0000
0000
0000
1540
1440
1454
1404
1554
0000
0000
0000
5551
5000
5140
5000
5550
0000
0000
0000
5545
1405
1405
1405
1405
0000
0000
0000
20a8
20a0
2080
28a8
0000
0000
0000
0000
88a8
88a0
a080
80a8
0000
0000
0000
0000
8000
8200
8000
a200
0000
0000
0000
0000
0a8a
080a
0808
0a8a
0000
0000
0000
0000
8000
2000
8000
2000
0000
0000
0000
0000
a2a0
8280
8200
a2a0
0000
0000
0000
0000
a8a8
8888
a8a8
8088
0000
0000
0000
0000
0028
0020
0008
0028
0000
0000
0000
0000
8822
0a20
08a0
8820
0000
0000
0000
0000
0555
0500
0511
0501
0555
0000
0000
0000
1500
1440
1414
1444
1404
0000
0000
0000
5011
5011
5451
5111
5011
0000
0000
0000
4045
4045
5145
4445
4045
0000
0000
0000
0000
0000
0000
0000
0000
0000
0000
0000
0000
0000
0000
0000
0000
0000
0000
0000
5545
1405
1405
1405
1405
0000
0000
0000
1401
1400
1400
1400
1554
0000
0000
0000
0555
0500
4514
4500
4555
0000
0000
0000
0154
0141
0140
0140
0155
0000
0000
0000
1104
1144
1114
1104
0000
0000
0000
0000
5454
1050
1040
1054
0000
0000
0000
0000
5051
4440
5010
4450
0000
0000
0000
0000
5151
4141
4101
4151
0000
0000
0000
0000
0415
0411
0415
4511
0000
0000
0000
0000
1400
1100
1400
1100
0000
0000
0000
0000
1415
1111
1411
1115
0000
0000
0000
0000
1515
1104
1104
1504
0000
0000
0000
0000
0151
0101
0101
0151
0000
0000
0000
0000
5104
4104
0104
5145
0000
0000
0000
0000
1514
1111
1514
1111
0000
0000
0000
0000
0000
0000
0000
0000
0000
0000
0000
a5aa
56aa
5556
556a
5aa6
aa6a
6aaa
aaaa
a9aa
aa5a
6555
5555
5555
5555
a556
aaaa
6aaa
556a
5555
5555
5555
5a55
aaaa
aaaa
aaa9
aa95
9555
a955
a995
aaaa
aaa5
aaaa
55aa
5555
5555
5555
5555
5555
5555
5555
0000
a2a2
8282
8202
82a2
0000
0000
0000
5555
5555
9999
aa66
aaa9
aaaa
aaaa
aaaa
5555
5555
9999
6666
9999
aaaa
aaaa
aaaa
5555
5555
5555
5555
5555
5555
5555
5555
5555
5555
5555
5555
aaaa
aaaa
aaaa
aaaa
5555
4001
4f32
4002
4cc2
4002
5aaa
5555
0000
0000
0000
0000
0000
0000
0000
0000
0000
0000
0000
0000
0000
0000
0000
0000
0000
0000
0000
0000
0000
0000
0000
0000
0000
a800
a000
8000
a800
0000
0000
0000
0000
a8a8
8880
a880
88a8
0000
0000
0000
0000
a0a8
88a0
a080
8880
0000
0000
0000
0000
2888
2088
0888
28a8
0000
0000
0000
0000
a800
8a28
a200
aa00
0000
0000
0000
5555
6959
6d59
6959
6959
6d19
6919
6919
5555
5555
5001
42a0
4a68
4d5c
4370
7003
5555
6959
6d59
6959
6959
6d59
6959
6959
6919
6919
6d19
6919
6919
6d19
6959
5555
6959
6959
6d59
6919
6919
6d19
6959
5555
5c0d
f80a
fe2b
ff2f
ffaf
ffff
aaaa
aaaa
5555
ff55
ffd5
fff5
fffd
ffff
aaaa
aaaa
aaaa
aaaa
a55a
a69a
a55a
aaaa
aaaa
aaaa
7000
7000
7000
7000
7000
7000
7fff
5555
0000
2888
2088
0888
28a8
0000
0000
0000
0000
0000
0000
0000
0000
0000
0000
0000
0000
0000
0000
0000
0000
0000
0000
0000
0000
0000
0000
0000
0000
0000
0000
0000
0000
0000
0000
0000
0000
0000
0000
0000
0000
0000
0000
0000
0000
0000
0000
0000
0000
8000
8000
8000
a000
0000
0000
0000
0000
2022
2222
28a2
2022
0000
0000
0000
0000
0000
0000
0000
0000
0000
0000
0000
0000
0000
0000
0000
0000
0000
0000
0000
0000
0000
0000
0000
0000
0000
0000
0000
0000
0000
0000
0000
0000
0000
0000
0000
0000
0000
0000
0000
0000
0000
0000
0000
0000
2a2a
0822
0822
082a
0000
0000
0000
0000
22a0
a280
2200
22a0
0000
0000
0000
0000
2a20
2228
2222
2a20
0000
0000
0000
0000
a20a
8208
0208
a28a
0000
0000
0000
0000
0000
0000
0000
0000
0000
0000
0000
0000
0000
0000
0000
0000
0000
0000
0000
0000
0000
0000
0000
0000
0000
0000
0000
0000
0000
0000
0000
0000
0000
0000
0000
0000
0000
0000
0000
0000
0000
0000
0000
0000
0000
0000
0000
0000
0000
0000
0000
0000
0000
0000
0000
0000
0000
0000
0000
0000
0000
0000
0000
0000
0000
0000
0000
0000
0000
0000
0000
0000
0000
0000
0000
0000
0000
0000
0000
0000
0000
0000
0000
0000
0000
0000
0000
0000
0000
0000
0000
5555
5555
5151
5041
5111
5111
5151
5151
0000
0000
0000
0000
0000
0000
0000
0000
0000
0000
0000
0000
0000
0000
0000
0000
0000
0000
0000
0000
0000
0000
0000
0000
0000
0000
0000
0000
0000
0000
0000
0000
0000
0000
0000
0000
0000
0000
0000
0000
5555
5555
4155
4455
4455
4155
4855
4855
5555
5555
4044
5144
5140
5144
5144
5144
5555
5555
4405
4455
4405
4545
4405
4405
5555
5555
4041
4444
4044
4441
4444
4444
5555
5555
4101
4511
4101
4511
4111
4111
5555
5555
4451
4411
4411
4441
4441
4451
5555
5555
0410
1451
0410
1454
1410
1410
5555
5555
4041
5145
5141
5145
5141
5141
5555
5555
0555
1155
1155
1155
0155
0555
5555
5555
4540
4545
4541
4545
4040
4040
5555
5555
4544
4544
4104
5114
5014
5454
5555
5555
0455
5455
1455
5455
0405
0405
5555
5555
4051
4445
4015
5401
5111
4501
5555
5555
4055
5155
5155
5155
5155
5155
5555
5555
4041
4544
4144
4541
4044
4044
5555
5555
4045
4445
4045
4445
4440
4440
5555
5555
5155
1155
1155
4155
4155
5155
5555
5555
4404
4454
4414
4454
4404
4404
5555
5555
4045
4445
4045
4445
4440
4440
aaaa
aaaa
aaaa
aaaa
aa55
a533
9ccc
93ff
aaaa
aaaa
aaaa
aaa9
aaa9
aaa9
aaa9
aaa9
aaa9
aaa5
aaa5
aaa7
aaa7
aaa7
aaa7
aa9c
4555
5555
5fff
5647
7955
fad5
f979
e556
ea55
6915
6555
6565
a9a6
f995
d953
d955
aaaa
aaaa
aaaa
aaaa
aaaa
5aaa
f6aa
fdaa
7daa
5daa
f76a
ff6a
e76a
db6a
656a
55aa
95aa
99aa
45aa
95aa
99aa
596a
d96a
55da
aaaa
aaaa
aaaa
aaa5
aa5a
a9a5
a992
a55a
aaaa
aaaa
aaaa
55aa
9a6a
aa9a
aaa6
95a6
aaaa
aaaa
aaaa
aaaa
aaaa
aaaa
aaaa
aaaa
aaaa
aaaa
aaaa
aaaa
6aaa
5aaa
5aaa
5aaa
9aaa
9aaa
9aaa
6aaa
aaaa
aaaa
aaaa
aaaa
6565
646e
6566
6565
95b5
5ab6
56d6
56d6
55a9
5569
5569
5569
5aa9
aa69
55a7
bfa5
a55a
a55a
a555
a555
a695
99a9
9a55
9efd
9559
9555
9555
a559
a795
a995
a995
a9e7
5556
5596
9555
5555
9565
9696
956a
aaaa
a5a6
a996
a9a6
a9a9
69a9
69aa
99aa
655a
9aaa
a696
95da
575a
976a
556a
65aa
a59a
aa73
aa7c
aa5f
a555
96a5
6be5
aea9
6aa8
5555
5555
5555
5555
5555
5555
5555
5556
555a
555a
555a
559a
5556
5556
555b
56ad
5595
5555
5555
5955
5655
5555
5555
5559
5d55
7969
e56a
966a
59aa
a5aa
56aa
aaaa
9996
669a
999a
655a
555a
959a
aa9a
aaaa
aa99
aaa6
aaa5
aa99
6966
55a5
aaa5
a696
aaa1
aaaf
eaa9
b9aa
fa69
be59
fe99
ba99
d557
d56c
55e0
5540
55c3
5f09
7826
6059
5555
5555
5557
5557
5557
555d
555d
555d
555f
555b
555c
5555
555b
555b
555f
555d
8166
0599
1e66
b355
0000
8000
a000
f555
6555
9556
557e
56af
0000
0000
0f0f
aaae
1d55
05d5
0099
b002
96c0
9996
6666
9955
557f
57cf
55ff
557d
5555
5555
5555
5555
0000
0000
0000
0000
0000
ffff
0000
fff0
0000
0000
0000
0000
0000
0000
c000
3000
2000
2000
2000
2000
2000
2000
2000
2000
aaac
555b
5557
5557
5557
5557
5557
5557
0000
0000
0000
0000
0000
0000
0000
0000
0000
00c0
0000
0030
0c00
3000
000c
0000
0000
0000
0003
0000
0000
0000
0000
0000
5555
5555
5555
5555
5555
aaab
c30c
0000
5555
5555
5555
5555
d555
00aa
3ac0
0000
0000
0000
0000
0000
c000
3000
0030
0c00
5555
5555
5555
5555
5555
aaab
fbff
0f00
0003
0000
3330
0ccc
0033
0000
0000
0000
3000
0000
0000
c000
3330
cccc
3333
00cf
c000
0000
0000
0000
0000
0000
00c0
3000
0000
0000
0000
0000
0000
0030
0c00
0000
5555
5555
5555
5555
5555
5555
5555
ffff
5555
5555
5555
5555
5555
5555
ffff
ffff
5557
5557
5557
555f
fffc
0000
aaaa
ffff
2000
2000
2000
2003
2cc0
b003
c0c3
000f
0300
300f
00f0
330c
0cc0
3300
f000
cc00
333c
0cf0
ffcc
7e00
a8c0
2000
8c00
c000
0000
0333
3fff
f699
aaaa
3330
0000
0002
000f
abc8
3088
565f
5552
555f
5554
5559
3300
0000
cc00
3030
0cc0
f333
bccc
faaa
fffb
feef
aabb
aaae
5aaa
556a
5555
5555
0000
0000
0000
0000
c0c3
330c
cfa3
afff
6bff
6aaf
56aa
5556
5555
5555
5555
5555
c300
fc30
bfff
efff
aaaa
aaaa
5555
5555
0000
0000
c000
fffc
bfff
aaab
aaaa
5555
0000
0000
000c
0000
ffff
ffff
aaaa
5555
0000
0000
0000
0c03
c000
ffff
bfff
6aaa
0300
0003
0000
030c
0003
f000
ffff
bfff
0330
0ccc
2300
8cc0
3000
c300
0000
3030
0033
0303
0c30
00c0
cc00
3000
0000
0000
0000
0000
0000
0000
0000
0000
0033
00cc
0000
0000
0000
0000
0033
0000
030c
cc00
0033
000c
0003
0000
0000
0000
0000
0000
555a
556a
55aa
56aa
5aaa
6aaa
aaaa
aaaa
5555
5555
5555
5555
5555
5555
5555
5556
5555
5555
5555
5555
5555
5555
5555
5556
555a
556a
55aa
56aa
56aa
56aa
56aa
56aa
56aa
56aa
56aa
56aa
56aa
56aa
56aa
56aa
5555
5566
5559
66a5
5599
696e
aa7b
a9af
a9bf
a9ef
a9bf
a6bf
a7fa
a5b5
a459
a596
5555
5556
bff9
fffe
7fff
7fff
ffff
ffff
ffff
faae
e56b
95aa
55aa
75ab
959a
559b
5555
aaaa
aaaa
6aaa
daaa
f6aa
f6aa
f9aa
e9aa
e9aa
b9aa
a9aa
e9aa
a9aa
e6a5
a69f
aaaa
aaaa
aaaa
aaaa
aaaa
aaaa
556a
d7da
5555
a955
aa55
aa95
aaa5
aaa9
aaaa
aaaa
5f76
75dd
555d
555d
555f
5555
6a55
5e55
aaaa
aaaa
aaaa
6aaa
6aaa
6aaa
6aaa
6aaa
7775
fa56
6556
5566
e577
596d
6665
5e75
9a7f
5a55
9955
9955
d995
9995
d659
965b
d5dd
dd76
5dd6
4dda
3556
f5d5
d5b9
5595
965a
696a
d599
75e6
55d6
d79a
5d7a
f5e6
5f9a
9566
955a
5d96
5d55
5c54
5703
55ff
a995
a995
a955
a955
a999
a957
a959
aa7f
5a95
05aa
c05a
d516
5546
5555
5559
5555
aaa5
aa50
a983
a54c
954f
9975
9555
9555
9523
9c20
9095
9655
9cd0
a43c
a400
a70c
9555
9f55
9455
a5d5
9ad5
9b55
9755
9756
a555
5568
5560
598c
5633
55b5
558d
9586
26b5
cae5
0c25
acd5
00db
0357
c197
3653
a930
aa55
6a56
5a55
5655
5555
555a
5555
e54e
553d
c0f9
bfe5
6a95
a955
9555
5552
5559
5554
5555
5555
5555
5555
5555
5555
9555
5555
5555
5555
5555
5555
5555
5555
5555
5555
5555
5555
5555
5555
5555
5555
5955
5955
5a55
5655
5655
5555
5555
5555
5556
5555
5555
d555
5555
5a55
a559
56a9
5555
5555
5555
5555
5555
5555
5555
5555
5555
5555
5555
5555
5555
5555
6555
9555
5555
5555
5555
5555
5555
5555
5555
1555
6a95
5a95
5a95
5695
5695
5555
5555
5555
aaaa
aaaa
aaaa
aaaa
555a
5556
5555
5555
aa95
aa95
aa95
aa95
aa95
aa95
aa95
6a95
e6b5
56d6
5ad6
5b76
6dd7
b597
56a7
5e93
559d
5555
556b
4865
6665
517a
555f
5655
556a
56a5
5a55
5555
5555
5555
5595
5566
5559
5556
5555
5555
5555
5555
5555
5555
5555
5555
5555
5555
5555
5555
5555
1555
9957
6557
5556
5555
5555
5555
555a
5559
6a4e
153d
c0f9
bfe5
6a95
a955
9555
5552
9555
5555
5555
5555
5555
5555
5555
5555
5559
5556
5556
5555
5555
5555
5555
5555
5559
5554
5555
9555
9555
a555
6555
6555
5555
5555
5555
5555
5555
5555
5555
5555
d65f
dd95
d755
56d5
55a5
a557
a95f
aaf5
67d5
6756
9765
5555
7595
5155
3d55
4655
5d55
3555
7555
5955
56aa
4fff
7555
7555
4fff
5feb
5757
5596
595d
5655
a677
a66a
a655
a595
a97f
aa56
a9a5
a6a5
9aa9
aaaa
c2a9
f959
a55d
55b6
56d5
9b56
5b56
5b55
7d61
56c6
5f5a
55dc
95cd
f0f6
5c05
5c19
aa69
6a65
9a75
5a95
664d
5535
58db
5f68
6655
d757
5556
65a6
569a
6a5a
556a
d5aa
6aa9
aaaa
aaaa
faaa
6aa9
aaaa
aaaa
aaaa
aaaa
aaaa
aaaa
aaaa
aaaa
aaaa
6aaa
9aaa
66aa
5999
a566
f955
ae55
ab9a
aaa6
aaaa
aaaa
5aaa
a5aa
fa6a
ab9a
aaa6
aa99
aa6a
a9aa
65a9
565a
9569
9d5a
975e
6767
a769
a76a
ab6a
a96a
a9a9
a9a9
a9a6
a559
a555
9596
9956
5559
5a59
56a6
9596
a556
aaaa
7555
6595
5655
9555
5555
5555
6555
9555
5555
6555
5555
5555
5555
9a55
a955
7555
5554
5550
5552
5542
554a
550a
552a
552a
5555
5555
5555
5555
5555
5555
5555
5554
5557
5659
5556
556a
5565
4155
0966
2965
5555
5559
5566
5599
5556
556a
5695
5655
6955
6a65
bd59
d599
5569
596e
7759
d459
569a
6a5d
6765
59a5
1456
5516
5965
9665
4055
9805
9a80
5aa8
96aa
56aa
55aa
955a
5565
bd75
55d5
a6d5
5775
a9e5
5f95
da54
a955
a956
a999
a9b5
a965
aa6d
aa57
aa97
7595
6645
6513
554e
6559
5a55
6577
6655
8455
1125
4445
555a
5a96
7565
5f59
7ed6
5555
5555
5555
1555
0555
8155
9555
6195
5555
5555
5555
5555
1555
8955
6155
4655
552a
542a
54aa
54aa
54aa
54aa
54aa
54aa
54aa
555a
5555
5565
555a
5555
5455
5415
5515
5515
5505
5549
5542
5552
5550
5554
2a45
0901
410c
5043
5414
5501
5550
5555
5557
5555
5557
55f5
9555
aa95
aa95
aa45
a9c7
a944
5554
5555
5555
a559
5aa5
5555
aaa5
aa95
aa95
aa55
aa55
a975
a9f5
a937
5550
5554
5555
5555
5555
5555
fe55
c355
f355
7f55
7355
0d55
5555
5555
5a55
f5d5
fdd5
7dd5
d555
5555
5555
557c
5570
5500
5401
50c1
0301
fc01
0001
4001
1555
0000
a59c
9567
9559
9555
a554
a940
5405
0055
5557
55c0
55c0
55c0
55c0
0df3
15cc
6973
5555
5759
5955
5b55
5af9
5556
579b
5555
67a5
5995
5b56
5d56
5e9a
5a55
5955
5955
dfa6
65df
5a6e
55b9
5be6
9699
9565
699d
5a55
5655
6655
5a55
6655
9955
a555
5555
767d
5ee5
5fb5
6655
b559
d7a5
75a4
c154
3c04
c3d4
3010
0011
0041
0045
c105
3115
c415
d055
4155
0555
1555
5555
5555
5555
1555
1555
1555
1555
1555
1555
1555
5555
5555
5555
4141
4444
4144
4441
4044
4044
5555
5555
4040
4544
4140
4544
4044
4044
5555
5555
4515
4455
4155
4455
4415
4415
5555
5555
4045
4545
4445
4445
4040
4040
5555
5555
4040
4445
4040
4454
4440
4440
5555
5555
4055
4555
4055
5455
4055
4055
5555
5555
4040
4545
4041
5445
4040
4040
5555
5555
4501
4515
4505
4515
4115
4115
5555
5555
4140
4445
4441
4445
4040
4040
5555
5555
4040
4551
4051
5451
4051
4051
5555
5555
4144
4444
4444
4144
4440
4440
5555
5555
4040
4551
4551
4551
4051
4051
c555
c555
c555
c555
c555
c555
c000
ffff
c575
c55d
c557
c555
c555
c555
c555
c555
ffff
c000
c555
c555
c5d5
c575
c55d
c557
ffff
0000
5555
5555
5555
5555
5555
5555
ffff
0003
5553
5553
5553
5553
5553
5553
5553
5553
5553
5553
5553
5553
5553
5553
5553
5553
5553
5553
5553
5553
0003
ffff
5555
5555
5555
5555
5555
5555
0000
ffff
d555
7555
5d55
d755
5555
5555
5555
5555
5555
5555
4141
4445
4441
4445
4141
5555
5555
5555
0451
1445
1415
1445
0451
5555
0000
0000
0000
0000
0000
0000
0000
0000
0000
0000
0000
0000
0000
0000
0000
0000
ffff
5555
5555
5555
5555
5555
5555
5555
5fff
5d55
5d55
5d55
5d55
5d55
5d55
5d55
5d55
5d55
5d55
5d55
5d55
5d55
5d55
5d55
0000
2aaa
2aaa
2aaa
2aaa
2aaa
2aaa
2aaa
0000
aaaa
aaaa
aaaa
aaaa
aaaa
aaaa
aaaa
2aaa
2aaa
2aaa
2aaa
2aaa
2aaa
2aaa
2aaa
5555
5555
4040
4544
4540
4544
4044
4044
5554
5555
5555
5555
5555
5555
5555
5555
0000
0000
0000
20bf
02ff
2bfb
beff
f7fd
0000
0000
0080
0800
c228
e0bf
fbff
ffff
0000
0000
0000
0000
2220
ff88
bfe2
ffff
a99a
d66a
7da9
ffda
dffe
fdff
ffff
ffff
0000
c000
f880
ff00
fbc8
ffb8
fffc
efff
aaa6
aa6a
a9a7
aa9d
a9bf
a6fe
afdf
bfff
6aaa
9aaa
aa9a
9a6a
aba5
ffff
ffff
ffff
aaaa
aaa9
aaaa
aa9f
ab7f
5fff
ffff
ffff
0000
0000
0000
0000
0000
0000
0000
0000
0000
0000
0000
0000
0000
0000
0000
0000
0000
0000
0000
0000
0000
0000
0000
0000
0000
0000
0000
0000
0000
0000
0000
0000
5555
5555
4140
4445
4044
4144
4440
4440
0000
0000
0000
0000
0000
0000
0000
0000
0000
0000
0000
0000
0000
0000
0000
0000
0000
0000
0000
0000
0000
0000
0000
0000
0000
0000
0000
0000
0000
0000
0000
0000
0000
0000
0000
0000
0000
0000
0000
0000
0000
0000
0000
0000
0000
0000
0000
0000
0000
0000
0000
0000
0000
0000
0000
0000
0000
0000
0000
0000
0000
0000
0000
0000
0000
0000
0000
0000
0000
0000
0000
0000
0000
0000
0000
0000
0000
0000
0000
0000
aaaa
aaaa
aaaa
aaa9
aaa4
aa93
aa4e
a64e
9d36
7935
e4f4
64d2
14d1
38d0
38e0
1b15
aaaa
aaaa
aaa9
aaa5
aa9c
aa92
aa48
aa44
aa40
aa71
aa91
aa96
aa9a
aa69
aa65
aa69
7317
3ac0
566a
ee9a
abae
aaaa
5696
c165
16a5
6ae9
aeaa
aaee
aeab
aaae
9aaa
7557
aa69
aa59
aa95
aaa6
aa9a
aa9a
aa6a
aa6d
a955
95aa
7eaa
faaa
eaaa
eaab
bbba
eea5
aa55
6554
0253
81ce
073a
1cea
73d5
cfcc
3557
d999
6aae
aeeb
bbaa
ea9a
5559
5056
0815
5556
6aaa
a5aa
aaab
fa66
aaa9
6aa6
67e5
a975
ba76
ee76
bb66
aa56
a55a
656a
c603
710d
9b95
a756
e76a
a76a
a7a9
a7a5
36ba
daee
6aab
a955
9701
90a3
5040
1803
55aa
a5aa
aa5a
ba96
ab01
aca8
b355
cda9
aaaa
aaaa
aaaa
aaaa
6aaa
6aaa
1aaa
c6aa
76aa
76aa
76aa
86aa
b6aa
46aa
46aa
76aa
66aa
56aa
56aa
56aa
5aaa
6aaa
6aaa
6aaa
6aaa
aaaa
aaaa
aaaa
aaaa
aaaa
aaaa
aaaa
aaaa
aaaa
aaaa
aaa9
aaa5
aa96
a96a
aaaa
aaaa
aaaa
56aa
4555
5ccc
a557
aaa9
aaaa
aaaa
aaaa
aaaa
aaaa
6aa5
1553
f33f
5555
a957
aa55
a57e
97ff
73ff
3557
5aa9
aaa9
aa69
aa6e
aa6a
aa95
aaa6
aaa5
aaa9
aaaa
bbba
aaab
555a
5996
6665
a99a
6aaa
9555
d69a
a569
b5a5
ae95
6a55
6955
9556
555f
55aa
556a
5baa
6e55
69f3
a7cc
5cbf
7fea
7ea5
7b57
f65c
e593
555c
555f
557c
f57f
7d73
7e4f
5f55
5b97
f6ff
fd55
ffd5
7fd7
aaaa
aaaa
aa95
aa73
a957
a6a9
aaaa
aaa5
aaa5
aa97
6a5f
d555
3555
cd7f
737f
5cdf
ffff
bfd7
d555
ff55
f5fd
efff
bfff
ffff
ff55
d55f
55ff
57fd
5fd5
555f
f7ff
ffff
5735
55cd
d5f3
5f7c
eedf
bbb7
eeed
ffbb
7d5c
5573
55cc
3733
c0cd
fff5
7d5f
57ff
555f
ffff
fff5
5d55
5555
d5f5
fff5
ff57
d57c
55f3
55cc
5731
5cc5
7335
ccd5
3355
cd54
3d53
d55f
55ff
55f5
a957
abff
ffff
cccc
ff33
dfff
5555
f555
efe5
ffff
ffff
fd4f
35f3
d5cf
5331
4ccd
ff35
57d5
3157
6aa9
daa4
f693
3d4d
fd51
3dd5
cdf5
3dfd
aaaa
aaaa
aaa6
6aa5
5aa9
daaa
9aaa
6aaa
aaaa
a9aa
a9aa
a96a
556a
956a
955a
4c55
3716
d55a
696a
a9aa
aa6a
aaaa
aaaa
aaaa
6aaa
5aaa
56aa
fdaa
cf6a
f36a
cf6a
336a
cf7f
fd7f
55bf
56ff
bfff
5fff
a7ff
fbff
aaaa
aaaa
aaaa
aaaa
aaaa
aaa9
aaa9
aaa4
aaaa
aaa9
aa55
a9e4
9f92
7e45
5924
0490
8492
844a
144a
6842
4090
18e5
d530
6945
aaa4
aa92
aa92
aa90
aa95
aaa5
aaa4
aaa7
aaa5
aaa7
aaa6
aaa9
aaa9
aaa9
aaa5
aaa7
aaa6
aa9e
aa9a
aa99
aa99
aa95
aa95
aa91
aaaa
aaaa
5556
7ff5
cf3f
0505
c5c5
3535
ba56
ae9a
abab
56ee
65b9
5a55
baab
aaaa
9555
5aaa
aeaa
bbba
aaee
56bb
15aa
0556
815c
0543
1c3e
73c1
457c
1a95
5ee9
bbba
eaaa
eaaa
a95a
96aa
55a9
ae5a
5b96
b6bb
adae
aaab
aaaa
5a9a
d6a6
35a9
05a9
0d6a
e6e5
a9d5
a9d6
a9d6
67d6
9756
555a
556a
9d23
9d03
9d05
9ef6
5f5a
5b68
9799
a7e5
1aa9
6aea
655b
9005
1481
c6a0
45a0
5120
55aa
aa5a
aaa6
aaa9
eaaa
aa03
b0e8
cd55
aaaa
aaaa
aaaa
aaaa
6aaa
9aaa
daaa
36aa
46aa
45aa
bdaa
bdaa
bdaa
7daa
7daa
bdaa
7daa
75aa
c6aa
d6aa
1aaa
6aaa
6aaa
6aaa
aaaa
aaaa
aaaa
aaaa
aaaa
aaa9
aaa7
aa95
aaaa
aaaa
aaaa
aaaa
aaaa
556a
5f1a
a5c6
a976
aa4d
aa91
aa9c
aaa4
aaa7
aaa9
aaaa
aaaa
aaaa
aaaa
6aa9
5aa9
0555
f335
5557
aa9d
aa91
aaa5
aaaa
aaaa
aaaa
aaaa
aaaa
0505
19c5
1a45
6a45
6a75
aa55
aa55
aa55
aa55
6a55
1551
1511
d11d
1dd1
8105
5416
d55e
affa
6aa9
56a5
a556
95bb
7fe5
ff93
ff57
d55f
55ff
57fd
5fd5
555f
f7ff
ffff
aaa6
aaa9
aaa9
aaaa
aaaa
aaaa
aaaa
aaa5
ff7f
f575
d5d5
595b
edee
bbbb
eeee
ffff
955f
5fff
5ff5
5d55
5555
5655
3155
cc55
f56a
356a
15a9
15a9
56a5
56b5
d6d5
db97
556a
6a5a
5ae5
6b95
9a7c
69f3
973f
dffa
dfaa
ded7
7d5c
f993
555c
555f
555c
f55f
d55f
557c
5573
557c
55f3
55cf
573d
57cd
5f35
5cd5
7357
cf5d
3d55
d557
5bff
ffff
5b5c
5e53
6d95
79e5
76bf
b565
e5d5
99d7
7f15
5fc5
57f1
57cd
d5f3
b5ff
ed7d
ff57
3d4f
f5f3
35cf
d731
5ccd
5f35
57d5
5157
aaaa
aaaa
aaea
abea
aaba
aaea
aaaa
aaea
aaaa
a96a
a65a
a555
57d5
54d5
a7f6
a735
a9cd
aa70
aaa7
aaa9
aaaa
aaaa
aaaa
aaaa
aaaa
5555
0ccc
7fff
9555
aaaa
aaaa
aaaa
aaa4
5543
cc3d
ffa6
556a
aaaa
aaaa
aaaa
aaaa
9aaa
96aa
96aa
5965
7556
fdaa
35a6
d6aa
5aaa
6aaa
aaaa
aaaa
aaaa
aaaa
aaaa
aaaa
aaaa
955a
aa45
aa9c
aaa7
aaa9
aaaa
aaaa
aaaa
aaa9
aaaa
6aaa
daaa
c6aa
7da5
7c50
9f0f
a7f5
a95a
aaaa
aaaa
aaaa
aaaa
f5aa
56aa
6aaa
aaaa
aaaa
aaaa
aaaa
aaaa
aa55
a951
65c5
5715
a7d6
9cda
536a
0d6a
aaaa
aaaa
aaaa
aaaa
aaaa
aaaa
a969
aa55
aaaa
aaaa
aaaa
aaaa
aaaa
aaaa
aaaa
aaaa
aaaa
aaaa
6aaa
5aaa
aaaa
aaaa
aaaa
aaaa
aaaa
aaaa
aaaa
aaaa
aaaa
aaaa
abaa
aaaa
aaaa
aaaa
aaaa
aaaa
aaaa
aaaa
aaaa
aaaa
aaaa
aaaa
aaaa
aaaa
aaaa
aaaa
aaaa
abea
abaa
aeba
afbe
affe
affa
babb
baaf
bfae
faba
aafa
aabf
aaaf
aaaa
faaa
ffeb
ffff
ffeb
eeaa
ffaa
fbaa
ffff
ffff
ffff
ffff
eabf
eaaa
aaaa
aafe
abff
bfff
ffff
ffff
eaba
feae
eabe
aaff
aefe
ffff
bfaa
faea
aaaa
aaaa
aeaa
bbaa
bfaa
bbea
baea
befa
aaaa
aaaa
aaaa
eaaa
baaa
baaa
afaa
abaa
abaf
eaab
aaab
aaaf
faff
ffff
ffff
ffff
ff5f
fd5f
d556
7f55
fffd
ffff
ffff
ffff
1bff
c6df
f5bf
57ff
7fff
ffff
ffff
ffff
a4da
a7da
a71a
a9f6
a9c6
a9fd
aa71
aa7f
aa73
a9fd
a735
a7da
a769
a46a
a76a
a76a
aaaa
aaaa
aaa9
aaa5
aa65
aa95
aaa7
aa5f
aaaa
6aaa
5aaa
56aa
f6aa
f6aa
35aa
d55a
566a
56aa
56aa
5aaa
a6aa
a56a
a6aa
aaaa
aaab
aaaa
aaaa
aaaa
aaaa
aaaa
aaaa
aaaa
aaaa
eaab
faab
bfab
abeb
aabb
aabb
aabb
eaea
eaaa
aeaa
aeaa
aaaa
baaa
baaa
aaaa
aaaa
aaaa
aaaa
aeaa
aeaa
aaaa
aeaa
abaa
aaaa
eaea
aafa
aaaa
aaea
aaba
aaaa
aaba
aafa
abee
aaaa
aaaa
aaae
aaae
aaba
aafa
abfa
abaa
abaa
aaaa
aaaa
eaaf
feff
ffff
aaaa
aaaa
afea
bffa
fffe
ffff
ffff
ffff
eeae
eefa
baaa
baaa
aaaa
aaaf
febf
ffff
ffbe
aebb
eaab
aaae
eaaa
ffaa
ffff
ffff
aaee
abae
abee
abbb
bbab
eefa
bbae
beaa
aaae
aabe
aaae
aabe
aaba
aaba
aaba
aaea
aaaa
aaaa
aaaa
aaaa
aaaa
aaaa
aaaa
aaaf
aaaa
aaaa
aaaa
aaaa
aaaa
aaaa
aaaa
aaaa
faaa
aaaa
aaaa
aaaa
eaaa
eaaa
aaaa
aaaa
aaaa
aaaa
aaaa
aaab
aaaa
aaaa
aaae
aaba
aabe
aaee
abba
aaba
abaa
aeea
baaa
abaa
aaaa
eaaa
eaaa
afaa
aaea
aabf
eaaa
aaaa
aaaa
aaaa
aaaa
aaaa
aaaa
aaaa
aaaa
aaaa
aaaa
aaae
aaaa
aaaa
abae
eeae
aaae
aaab
aaaa
abaa
abaa
abaa
aaea
aaee
aaaa
aaba
aabe
aaaf
aaaa
aaaa
aaaa
aaab
aaab
aaab
aabb
aafb
fbff
afae
faab
aaae
aaab
aaaa
aaab
aaaa
aaaa
aaab
aaab
aaab
aaae
aaae
faaa
faaa
eaaa
eaaa
aaaa
aaaa
aaaa
aaaa
faab
aaae
abaa
aaaa
aaaa
aaab
eaae
ebea
aaaa
abaa
aeaa
aaaa
baaa
aaaa
aaaa
aeaa
aeaa
baaa
eaaa
eaaa
aaaa
aaaa
aaaa
aaaa
eaaa
eaaa
eaaa
eaaa
eaab
eaaa
eaba
eaaa
aaaa
aaaa
aaaa
aaaa
aaaa
aaaa
aaaa
aaaa
aaaa
aaaa
aaae
aaae
aaae
aaae
aaab
aaab
1aa9
6aaa
6aaa
a956
1401
c480
4d20
5100
9d21
9d01
9d56
9e56
9f5a
9b58
a799
e7e5
eaaa
a956
95f6
5036
0a86
4206
b016
a56a
017c
16c3
5c3e
b3c1
d57c
6a95
bbb9
aeaa
9555
5aaa
aaaa
aaaa
bbaa
aaee
56aa
859a
aaaa
aaa9
aa55
a9e4
9f52
7e45
f925
f492
aa95
aa5a
aa60
aa40
aa51
aa55
aa94
aa97
5498
5840
1840
5855
4314
1a03
d5aa
6aab
aaaa
aaaa
aaaa
aaaa
aaaa
aaa9
aaa5
aa9f
bb9a
ea9b
a596
9f65
4869
636a
69a6
96bd
aaa5
aaa6
aaa6
aaa5
aaa9
aaa9
aaa5
aaa7
aaa5
aa95
aa9a
aa9a
aa9a
aa99
aa99
aa91
5aae
aabb
aaae
baeb
555a
cf35
c5cf
3535
6aab
95ee
eabb
a6aa
e96a
656a
155a
0d6a
a6e5
e9d5
b9d6
a9d6
a7d6
9756
555a
556a
aaac
aa73
a905
5415
f05a
0d6a
f6aa
5aaa
6aaa
16aa
c1aa
5c55
970c
a9f3
aa9f
aaa9
aaaa
aa95
a943
a73c
9155
96aa
5aaa
6aaa
aa50
570f
ccf5
3d5a
56aa
aaaa
aaaa
aaaa
aaaa
aaaa
aaa9
aaaa
aaaa
aaaa
aaaa
aaa5
aaaa
aaaa
aaaa
aaa5
aa50
a505
5055
0555
aa50
a505
5055
0555
5551
5559
5555
1555
9555
5555
5555
5555
5555
5555
5555
5555
1555
1455
1655
1555
1555
1555
1555
1555
1555
1555
1555
1555
1555
1555
1555
1555
1555
1555
1555
1555
1555
1455
1655
0555
f055
ff05
fff0
ffff
ffff
ffff
ffff
ffff
9555
5545
5565
0555
f055
ff05
fff0
ffff
5555
5555
5555
5555
5555
5555
5555
1555
aaaa
aaaa
aaaa
aaa5
aa55
a555
5555
5555
aa55
a555
5555
5555
5555
5555
5555
5555
1555
1555
1555
1555
1555
1555
1555
1455
1655
1555
0155
a805
aaa0
aaaa
aaaa
aaaa
1555
9545
5565
5555
1555
4055
5501
5554
aaaa
aaaa
aaaa
aaaa
aaaa
aaaa
aaaa
5555
9555
6555
9995
ee65
bb99
fee6
ffb9
fffe
aaaa
aaaa
aaaa
aaaa
aaaa
aaaa
aaaa
aaaa
aaaa
aaaa
aaaa
aaaa
aaaa
aaaa
aaaa
9555
1555
1455
1655
1550
140a
02aa
aaaa
aaaa
aa55
a555
5555
5555
5551
5559
5555
1555
9554
5501
4055
1555
5555
5555
5555
5555
aaaa
aaaa
aaaa
aaaa
aaaa
aaaa
aaaa
aaaa
aaaa
aaaa
aaaa
aaaa
aaaa
aaaa
aaaa
aaaa
1555
1555
1455
1655
1555
0000
aaaa
aaaa
5555
5555
4551
6559
5555
0000
5555
5555
aaaa
aaaa
aaaa
aaa5
aa55
a555
5555
1555
aa55
a555
5555
5555
5555
5555
5555
5555
aaaa
aaa8
aa80
aa00
aa00
a80c
a800
a80f
aaaa
0000
0000
0000
0000
cf30
0000
ccf0
aaaa
0000
0000
0000
0000
0000
0555
1aaa
0000
c001
0006
0018
0060
0180
0600
1800
a800
a80c
a800
a800
a800
a800
a800
a800
a800
a800
a800
a800
a800
a800
a800
a800
1400
1100
1040
1010
1005
1001
1001
1001
6400
8100
0100
0040
0040
0010
0015
006a
0180
0600
1800
6000
8000
0000
0000
0000
0000
4000
9000
2400
0900
0240
0090
0024
0000
0000
3fff
357d
3777
3fff
0000
00c0
000a
000a
ffca
f5ca
77ca
ffca
000a
000a
000a
33ca
000a
fcca
000a
f3ca
000a
ccca
aaaa
0aaa
00aa
002a
002a
000a
000a
000a
aaaa
0000
0000
0000
0000
0000
0000
0000
0000
03fc
000c
003c
00fc
03f0
03fc
03fc
0000
03fc
003c
00f0
003c
03fc
03fc
03fc
0000
003c
00fc
03cc
030c
03fc
00fc
00fc
0000
03fc
0300
03fc
000c
03fc
03fc
03fc
a800
a800
a800
a800
a800
a800
a800
a800
a800
a800
a800
a800
a800
a800
aa00
aa00
aa80
aaa0
aaaa
aaaa
aaaa
aaaa
aaaa
aaaa
1001
1001
1001
1005
1010
1040
1100
1400
1800
0600
0180
0060
0018
0006
0001
0000
006a
0015
0010
0040
0040
0100
8100
6400
0000
0000
0000
8000
6000
1800
0600
0180
0000
0000
0000
aaaa
aaaa
aaaa
aaaa
aaaa
1aaa
0555
0000
aaaa
aaaa
aaaa
aaaa
aaaa
0000
0000
0ccf
0000
3ccc
0000
33f3
0000
03c0
0ffc
3ffc
0ffc
03c0
00c0
0000
0000
000a
f3ca
000a
ccca
000a
f30a
000a
000a
000a
000a
300a
000a
f00a
000a
300a
002a
002a
00aa
0aaa
aaaa
aaaa
aaaa
aaaa
aaaa
0000
0000
0000
aaaa
aaaa
aaaa
aaaa
aaaa
5555
5555
5555
5555
5555
5555
5555
5115
5555
622a
5225
5225
5225
5665
5555
5555
5555
5555
5555
5555
5555
5555
5555
1444
5555
2888
2488
2488
2488
6599
5555
5555
5555
5555
5555
5555
5555
5555
5555
5555
5555
aa55
9555
9555
9555
9555
5555
5555
5555
5151
5555
62b3
524c
5240
5273
565a
5555
5115
5555
a22a
9225
9225
9225
9665
5555
4555
5555
8a55
4955
4955
4955
5955
ccce
c00e
fffe
fffe
6aaa
5555
5555
5555
cfce
c00e
ccce
c30e
ccce
c30e
ccce
c30e
5555
5555
5555
5555
5555
5555
fffd
fffd
5555
aaaa
aaaa
5555
aaaa
5555
aaaa
5555
a666
6659
9995
6666
9999
6666
9999
6666
6666
9999
5555
5555
5555
5555
5555
5555
5550
55fc
57f0
5fd5
5c55
5faa
5cc0
5cc0
5555
5555
5555
5555
5555
5556
555a
555f
5555
5555
5555
5555
5555
5555
5555
5555
0000
2222
8bb8
0000
0000
ffff
ffff
aaaa
0000
e2e2
b888
0000
0000
ffff
ffff
aaaa
5556
5558
5558
5560
5560
556f
555b
5556
ffd5
dde5
dde5
ffe5
aaa5
5555
5555
aaaa
6666
9999
6666
9999
6666
9999
6666
9999
6666
9999
6666
99ab
66bf
abff
bfff
ffff
5a96
5a96
aaaa
fabe
fabb
faaf
fabf
fabf
6aaa
6aaa
5aaa
5a9a
5a96
5a96
5a96
5a96
5555
5555
5555
5555
55aa
56aa
5aaa
6aaa
5555
5555
5555
5555
aaaa
aaaa
aaaa
aaaa
aaaa
aaaa
aaaa
aaaa
aaaa
5555
5555
5555
5555
5555
aaaa
ffff
ffff
ffff
ffff
ffff
5a96
5a96
5a96
5a96
5a96
5a96
5a96
aaaa
fabb
faaf
ffff
ffff
ffff
ffff
ffff
ffff
aaaa
aaaa
aaaa
aaaa
aaaa
5555
5555
5555
5cc0
5cc0
5cc0
5cf0
ab3f
aac0
aabf
aaaa
5555
aaaa
aaaa
5555
aaaa
5555
aaaa
5555
9999
ee66
bbb9
eeee
bbbb
eeee
bbbb
eeee
ffff
7777
ffff
ffff
ffff
ffff
ffff
ffff
ffff
ffff
ff77
f7ff
ffff
dfff
ffff
dfff
ffff
e555
e955
ea55
ea55
ea55
ea55
ea55
ffff
555b
556b
55ab
55ab
55ab
55ab
55ab
ffff
ffff
ffff
003f
003f
fffb
aaaf
ffff
ffff
ffff
ffff
fc00
ffff
efff
faaa
ffff
9999
6666
5555
ffff
ffff
ffff
ffff
ffff
9999
6665
5555
5555
5555
5555
5555
5555
5555
aaaa
aaaa
5555
aaaa
aaa9
a55a
5695
f55f
f59f
f55f
f55f
fd7f
ffff
ffff
ffff
f00f
f2bf
f27f
f27f
f27f
f27f
f27f
f27f
f27f
f27f
f27f
f27f
f27f
f17f
f3ff
ffff
ffff
dfff
ffff
dfff
ffff
dfff
ffff
dfff
bbbb
eeee
bbbb
eeee
bbbb
eeee
bbbb
eeee
bbbb
eeee
bbba
eeeb
babf
ebff
bfff
ffff
ffff
ffff
ffff
feff
fffb
ffbf
ffff
ffff
ffff
ffff
ffff
ffff
effb
ffbf
ffff
ffff
ea55
ea55
ea55
ea55
eaee
ebbb
eeee
ffff
ea55
ea55
ea55
ea55
ea55
ea55
ea55
ea55
ffff
ffff
aaaa
ffff
ffff
ffff
ffff
ffff
5555
5555
9999
ffff
ffff
ffff
ffff
ffff
55ab
55ab
55ab
55ab
eeab
bbab
eeeb
ffff
55ab
55ab
55ab
55ab
55ab
55ab
55ab
55ab
ffff
ffff
ffff
ffff
ffff
ffff
ffff
aaaa
ffff
ffff
ffff
feaa
fe00
fe00
feaa
ffff
aaa0
aaa0
aaa0
aaa0
aaa2
aaa1
aaa2
aaa0
aaa0
aaa0
aaa0
aaaa
aaaa
aaaa
aaaa
aaaa
0000
aa54
6a98
5660
6655
7b65
ad9b
a2e5
9409
298a
0000
aaaa
aaaa
aaaa
aaaa
aaaa
0000
02e2
0000
0000
4000
6000
5550
9694
6940
8000
0000
aaaa
aaaa
aaaa
aaaa
aaaa
0aaa
caaa
0aaa
0aaa
0aaa
0aaa
0aaa
0aaa
0aaa
0aaa
0aaa
aaaa
aaaa
aaaa
aaaa
aaaa
003f
00cf
03ff
0fff
3fff
ffff
c300
c0f0
c0ff
b030
acc0
2aaa
02e2
02e8
02e2
0aa8
03aa
0faa
00aa
aaaa
2222
8888
2222
8888
ffff
ffff
ffff
fffe
fffb
cfef
00aa
00aa
faaa
efff
bfff
ffff
ffff
ffff
aaaa
aaaa
aaaa
aaaa
aaaa
aaaa
2222
8888
2222
8888
aaaa
ffff
ffff
ffff
ffff
ffff
aaaa
aaaa
aaaa
aaaa
aaaa
aaaa
22e2
8ae8
22e2
8aa8
aaa0
fff8
ffea
fffa
ffaa
eeea
bbaa
aea8
aaa2
aa88
aa22
a888
2222
8888
2220
8880
efff
bfff
efff
bfff
ffff
ffff
ffff
ffff
25a6
9565
95b9
9565
a556
2556
295a
0aa8
0000
0000
000a
002f
00b2
02ca
0ae8
2626
0000
0000
aa80
ffa0
a8e8
0a3a
028e
00ae
002e
802e
802e
802e
802e
002e
002e
002e
002e
002e
002e
002e
002e
002e
002e
002e
002e
002e
002e
002e
002e
002e
002e
002e
0000
00fc
03fc
00fc
00fc
00fc
00fc
00fc
aaaa
aaaa
aaaa
aaaa
aaaa
aaaa
aaaa
aaaa
aaaa
aaaa
aaaa
aaaa
aaaa
aaaa
aaaa
aaaa
5555
5555
aaaa
5555
aaaa
5555
aaaa
5555
5555
5555
aaaa
5555
aaaa
5555
aaaa
5555
5555
5555
5555
5555
5555
5555
5555
aaaa
fabf
ffff
ffff
ffff
ffff
ffff
ffff
ffff
fed5
fde5
fde5
ffe5
aaa5
5555
5555
aaaa
5557
555e
5579
55d9
55d9
5765
5765
5d95
aaaa
5556
ddd6
dd16
1d16
1116
5556
aaaa
aaaa
9555
9dd1
9d11
9111
9111
9555
aaaa
5555
5555
5555
5555
5555
5555
5555
aaaa
5555
5555
5555
5555
5555
5555
5555
5555
5555
5555
5555
9555
5555
5555
5555
5555
5555
5555
5555
5555
5555
5555
5555
5555
ffff
ffff
ffff
ffff
ffff
ffff
ffff
ffff
ffff
ffff
ffff
ffff
ffff
ffff
ffff
ffff
6666
5999
5666
5599
5555
5555
5555
5555
5555
5555
5555
5555
5555
5555
5555
aaaa
5155
5155
5195
5195
5195
5195
5195
5195
5300
5199
51a6
5199
5195
5195
5195
5195
5555
9555
6555
9555
5555
5555
5555
5555
5195
5195
5195
5195
5195
5195
5195
5195
5555
5555
5555
5555
5555
5555
5555
5555
5195
5195
5195
5195
a2aa
a2aa
aaaa
aaaa
a395
a0e5
ace9
a83a
ab0f
aac0
aabf
aaaa
aaaa
aaaa
aa80
aa0f
a83a
a8e9
a0e5
a395
aaaa
aaaa
ab7a
a87a
ab7a
a97a
abfa
aaaa
aaaa
aaaa
ffff
aaaa
ffff
aaaa
ffff
aaaa
aaaa
aaaa
ff3f
aaaa
f0ff
aaaa
cfff
aaaa
aaaa
aaaa
aaaa
baaa
aaaa
aeaa
aaba
aaaa
aaaa
aaae
abaa
aaaa
bbaa
aaaa
aaaa
aaaa
aaaa
a9a9
aa66
a9a6
a956
a55a
a555
5955
a966
a5aa
96aa
aaaa
aaaa
aaaa
aaaa
aaaa
aaaa
aaaa
aaaa
aaaa
aaaa
aaaa
aaaa
aaaa
aaaa
aaaa
aaaa
aaaa
aaaa
aaaa
aaaa
aaaa
aaaa
aaaa
6aaa
5aaa
aaaa
aaaa
aaaa
aaaa
aaaa
aaaa
aaaa
aaaa
aaaa
aaaa
aaaa
aaaa
aaaa
aaaa
aaaa
aaaa
aaaa
aaaa
aaaa
aaaa
aaaa
a96a
6aaa
56a5
5aaa
5aaa
aaaa
aaaa
aaaa
aaaa
aaaa
aaaa
aaaa
aaaa
aaaa
aaaa
aaaa
aaaa
a9aa
a6aa
5555
9c6a
931a
9166
aaaa
aaaa
a9aa
a6aa
5555
906a
8d9a
86a6
aaaa
aaaa
a9aa
a6aa
5555
9c6a
a69a
aaa6
91aa
91aa
4daa
46aa
1eaa
6aaa
aaaa
aaaa
aaaa
aaaa
aaaa
aaa9
aa9c
aaa9
aaaa
aaaa
86aa
1aaa
6aaa
aaaa
aaaa
aaaa
aaaa
aaaa
aaaa
aaab
aaaa
aaaa
aaaa
aaaa
aaaa
aaaa
aaaa
aaaa
a000
a000
a000
a000
a000
a3f3
aaaa
aaaa
00aa
00ea
00ea
00ea
00ea
3cea
00ea
fcea
dcea
dcea
5cea
fcea
fcea
00ea
a000
a3ff
a3d7
a3d7
a37f
a3ff
a3ff
a000
a333
a000
a0f3
a000
afff
aaaa
aaaa
aaaa
ccea
00ea
3cea
00ea
ffea
aaaa
aaaa
aaaa
aaa6
a566
a566
a566
a566
a566
5555
aaaa
bbbb
aeee
aabb
aaaa
aaaa
aaaa
aaaa
aaaa
bbbb
eeee
bbbb
aaaa
aaaa
aaaa
aaaa
aaaa
aaaa
aaaa
a6aa
65aa
696a
6a5a
5555
aaaa
aaaa
aaaa
aaaa
aaaa
aaaa
aaaa
5555
aaaa
ffff
fffc
fcab
f2ff
eaff
2beb
2baa
2aea
aaaa
ffff
fff0
cf0f
fc3f
ffff
aeaa
aaaa
0aba
ceba
33aa
aaaa
22aa
88aa
222a
888a
003f
00cf
03ff
0fff
3fff
ffcf
c333
cccc
c330
f00c
ac00
2aaa
02e2
02e8
02e2
0aa8
0000
0000
0000
0000
0000
00c0
0000
0000
aaaa
ffff
ffff
ffff
ffff
ffff
aaaa
aaaa
aaaa
bbce
bbce
bbce
bbce
bbce
bbce
aaaa
9d46
9d46
9d46
9556
a55a
aaaa
aaaa
aaaa
aaaa
aaaa
aaaa
a55a
9756
9d56
9d46
9d46
aaaa
aaaa
aaaa
aaaa
aaaa
aaaa
aaaa
aaaa
aaaa
aaaa
aaaa
aaaa
aaaa
aaaa
aaaa
aaaa
aaaa
aaaa
aaaa
aaaa
aaaa
aaaa
aaaa
aaaa
0000
3fff
3555
3555
3555
3555
3555
3555
3555
3555
3555
3555
3fff
0000
aaaa
aaaa
aaaa
aaaa
aaaa
aaaa
aaaa
aaaa
aaaa
aaaa
5572
5572
5572
5572
fff2
0002
aaaa
aaaa
0002
fff2
5572
5572
5572
5572
5572
5572
0000
3fff
33dd
3fdd
3ddd
3ddd
3ddd
3fff
0002
fff2
df32
dff2
ddf2
ddf2
ddf2
fff2
ddf2
ddf2
ddf2
dff2
df32
fff2
0002
aaaa
3ddd
3ddd
3ddd
3fdd
33dd
3fff
0000
aaaa
8000
e2a9
e8b7
fa2d
ee8b
fca2
efe8
ffba
0002
a6a8
7dde
df77
77dd
fdf7
0000
aaaa
ffff
bcff
2efe
8bff
e2b3
f8be
002f
aaaf
5555
7ffd
700d
73cd
70cd
700d
7ffd
5555
5555
5555
5555
aaaa
9556
9556
aaaa
5555
5555
6aa5
66e5
6a25
62e5
6aa5
5555
5555
aaaa
aaaa
aaaa
aaaa
aaaa
aaaa
aaaa
aaaa
aaaa
aaaa
aaaa
aaaa
aaaa
aaaa
aaaa
aaaa
aaaa
aaaa
aaaa
aaaa
aaaa
aaaa
aaaa
aaaa
bb99
feee
ffbb
fffe
ffff
ffff
ffff
ffff
aaaa
aaaa
aaaa
aaaa
aaaa
aaaa
aaaa
aaaa
bfea
bfea
bfea
bfea
bfea
bfea
bfea
bfea
aaaa
aaaa
abea
bfea
bfea
bfea
bfea
bfea
eeee
bbbb
eeee
bbbb
eeee
bbbb
eeee
bbbb
6666
9999
6666
9999
5555
5555
5555
5555
aaaa
aaaa
aaa9
aaa7
aaa7
aaa5
aaa9
aaa4
aaaa
aaaa
aaaa
aaaa
aaaa
aaaa
aaaa
aaaa
aaa4
aa92
aaa2
abe2
afaa
aa9a
a56a
aaaa
8537
a5f7
9750
5d9f
9695
aa9f
aa9c
ae91
aaaa
aaaa
555a
c055
ffc4
55d0
59d0
0540
9555
6555
5545
1551
0d04
fdf1
fd7f
f57d
55aa
6a54
6ad0
565f
157d
0555
c056
055e
aaaa
5aa6
1a95
6a90
6a95
aa96
b002
cde8
1a55
6aa5
9555
4000
50fc
13fd
3cff
4c3f
1aaa
55aa
41aa
006a
556a
56aa
f6aa
d6aa
daaa
46aa
d1aa
c4aa
406a
556a
aaaa
6aaa
df1c
d707
d707
e505
f507
b50d
d941
e644
1054
5177
5045
5075
5050
d567
d5e5
00e9
e544
4510
6451
544d
f70d
07f6
05db
8143
fa91
ea91
9a51
9a69
69a0
aabc
a70c
a4f0
aaa6
5aaa
9aaa
9aa9
6aa9
aaaa
aaaa
6aaa
aa95
aa59
aa5a
aa96
aaa9
aaaa
a96a
a755
aaa6
a9a7
aaa7
aaa5
a6a9
aaaa
aaaa
aaaa
90c3
930c
9c4c
5d7d
4d35
4505
4519
561a
5030
5001
d415
4055
0015
1019
740a
04c2
30c0
30e0
c8ea
c8c9
c9c9
3a05
c6f5
4535
00f9
5439
5501
5541
d541
5560
5560
aaa0
a680
0000
0000
020a
4a8a
5a9a
5569
6555
b944
7951
b551
b590
d694
d6a4
56a5
5aaa
5aaa
1aaa
1aaa
1aaa
156a
169a
665a
a66a
aaa9
6aa4
6a99
6a69
5565
ea66
ba66
9e9a
ab9a
ab5a
aa55
fbaf
aafb
aaaa
baba
aaae
aaaa
aaaa
5aaa
96aa
d6aa
b5aa
b96a
fe5a
af97
aae7
aae7
aa9b
a97f
57ff
ffff
ffff
aeae
adaa
adaa
f96a
e55a
77b5
5eee
bbff
ab66
ff56
a55a
556e
56ab
555a
96a5
fe57
55aa
6aaa
6aaa
6abe
a95f
aada
aad6
aad6
6555
69fd
6fab
aaa6
5a9f
5abe
95aa
a9aa
aaaa
aaaa
aaaa
56aa
65aa
fd6a
ab6a
965a
56aa
a5aa
aa6a
2afd
2aaf
69af
41ae
82aa
aaa5
a936
a5d6
64a8
8080
8a08
2c82
c3ce
aaaa
aaaa
aaaa
aaa5
aa96
aa6a
a9bf
a940
a94d
a615
a515
a914
a543
a909
a605
6005
a2c0
a800
9d54
a053
5858
6450
5564
5595
aaa9
a959
95b9
5ee9
7b96
ebea
aabe
eaae
fd7f
d5de
f56e
fdaa
fd5a
ffb5
ffef
ffff
aaaa
aaaa
aaaa
aaaa
aaa9
aaa5
aa96
aaaf
efae
eaaa
aeaa
aaa9
aa59
5555
d575
f7ee
5695
f9af
a57f
5566
b555
5e55
7bb7
eeed
0028
c160
3985
1595
9556
5556
9559
5a95
4800
c350
4150
b954
0551
05b1
4323
33c8
86a9
2669
aa55
15aa
51a9
49aa
81aa
86ab
16ab
5aab
65ab
96ae
5af9
5a65
5a9a
5aaa
9eaa
95a9
a565
69a5
5996
d565
b56b
efee
6997
695e
ee59
f565
550d
50f5
4d57
557e
706a
9f15
a573
aa95
aaa9
6aa5
aa97
aa9f
aaaa
aaaa
555a
6be6
6eb9
9a55
a5aa
aaaa
aaf1
aa4d
aa76
aa96
aaaa
aaaa
aaaa
aaaa
aaaa
aaa5
aa54
a940
a50f
a53d
a955
a956
aa9b
5aa6
0565
3155
7f55
5fd5
a5d4
9541
5555
4555
0655
3955
d555
5b95
eeee
ffff
a6fa
97e9
67aa
57ea
75a5
3593
357f
d5f5
9051
6091
5a91
7a81
6a80
bfa3
ebab
aaaa
5669
aa69
aaa9
a969
a569
a469
a469
a455
7515
7515
5554
5558
5560
d76a
d56a
d7be
6a55
aa6a
016a
01bf
06aa
1696
1a55
9a55
6aaa
5aaa
96a6
e5a5
bda9
ae6a
5b6a
5569
5565
9554
adff
e97f
5abf
dae9
d6ba
37ae
c1ae
cd6e
3f55
cd7f
f5c3
573f
5cc1
5f3d
6aaa
5aaa
56aa
7daa
5f6a
736a
cf6a
336a
57d4
5157
931f
9cf5
7fd5
6de5
ffff
ffff
5d6f
5c6b
cf6b
3d6a
f56a
5555
6ddf
ffff
b5ab
d557
955f
965c
965c
5697
56a5
55bd
aad5
bed5
ab95
dbe5
b6e9
56b9
56bb
bdab
dfae
3cae
fcae
f1ae
f5ae
d5af
966b
956b
57eb
57fa
975a
555a
365a
c155
7c55
5f15
5fd5
57f5
5735
57c7
97fc
b5ff
fd55
ff57
aaaa
aaaa
aaaa
aaaa
55aa
696a
605a
481a
afea
a0ea
83ea
8faa
aeaa
aeaa
baaa
baa9
aaaa
aaa8
aaa0
aa90
aa83
aa4f
aa3d
a935
9106
a806
aa02
aa02
aa80
aaa0
aaa4
aaa8
01aa
026a
3f6a
fdaa
f5aa
5aaa
aaaa
aaaa
aaaa
aaaa
0aaa
8aaa
feaa
eaaa
6aaa
aaaa
aaaa
aaaa
aaa8
aaa0
aa80
aa4f
a90d
a4f6
aaaa
aaaa
aaaa
aaaa
aa6a
a02a
83ea
3eaa
aaa0
a803
a2be
aafe
abfa
a6aa
aaaa
aaaa
aaaa
22aa
c2ab
f2ae
b6aa
aaaa
aaaa
aaaa
aaaa
aaaa
aaaa
aaaa
aaaa
aa5a
95e6
9f96
996a
a5aa
aaaa
aaaa
a6aa
aaaa
aaaa
a95a
aaaa
a95a
9fa6
9ea6
9aa6
a55a
aaaa
aaaa
a916
a9c2
a9c0
aaa0
aaaa
aaaa
aaaa
aaaa
aaaa
aaaa
aaaa
25a9
81aa
a155
a155
a057
aaa8
aaa9
aaa9
aaaa
a0aa
9a2a
982a
982a
9825
92a4
5253
a5d3
9f45
f054
c000
0000
a8c6
ab6a
a96a
aaaa
aaaa
abaa
fbea
aaba
5aac
c5a8
f1aa
ffda
55da
055a
005a
0016
faaa
ea80
ea2f
eafe
f2aa
faaa
bfaa
aaaa
aaaa
aaaa
aaaa
aaaa
aaaa
a8aa
836a
3f5a
aaaa
aa96
aa9f
aa7a
aa69
aa96
aaaa
aaaa
aaaa
5aaa
9aaa
5aaa
6aaa
aaaa
aaaa
aaaa
aa45
aa45
aa45
a901
a400
93c1
9f03
4c0c
0001
5015
5055
4455
0055
4015
5001
30fc
0005
5009
5001
530d
5f25
5f15
3f9d
fc55
afaa
aaff
aaff
aaba
aaaa
6bea
6aea
5abe
eaef
bafa
fabf
faaa
faaa
eaba
abc3
ab30
aaaa
eaaa
baa6
fea5
faa9
aaaa
aaaa
aaaa
fb9f
3b5f
3e77
3baf
f5fb
e6aa
d6ba
76ad
ab7f
977f
957f
d5ff
ffff
ffff
ffff
ffff
eaaa
faaa
5aaa
96aa
d6aa
b6aa
b6aa
a96a
b5af
b5ad
dd97
ff0f
7cff
7fff
ffee
bbff
affc
a5bf
6a7f
6a9f
695f
6ad7
6ad7
6add
56ba
5af5
6aeb
aaef
aae0
69b3
594f
5a5f
fd5f
5557
6555
5556
555b
556b
556a
7ffa
301f
3055
3055
3155
0155
4155
4155
5059
4030
4130
4130
4141
5141
5141
9541
6550
aaaa
aaaa
a95a
a5f9
a7ea
a695
a69a
a55a
aaa9
aaa9
a959
a5fd
a6d5
a55c
5333
9555
a5bf
bfba
bbfa
eaa9
5aa9
5d55
d575
f7ee
fffd
fff5
ffb6
fff5
fffd
ffff
ffff
ffff
a554
a555
9555
5551
f550
f454
f565
5595
5695
f9af
a57f
5566
5555
5555
57b7
eeed
5455
5555
5555
5594
9450
0502
4559
5a95
6997
6954
ee50
f563
550d
50f5
4d57
557e
ab66
ff56
a55a
556f
56aa
555a
96a5
feab
1eb5
15ad
d565
55a5
5596
d565
b56b
efee
5555
555a
555a
5555
555a
556a
5569
5565
966a
9aa6
66aa
a696
665a
55a9
5a5a
6999
aaaa
a6aa
a56a
9aaa
595a
5996
a5a6
6965
5a59
a996
6695
a595
5596
5a55
599a
69a9
65a5
5596
5995
5556
5695
5969
6555
5559
5595
5555
5559
5555
5559
5555
5555
5555
a55a
a556
9555
9555
9555
9555
5555
5555
5595
55a5
5666
5596
5596
5556
565a
555a
565a
555a
565e
555e
555e
555e
555e
555f
555e
555f
575e
5f5f
7f5f
7f5f
7b5f
7b5f
5555
55a5
5569
556a
555a
5556
5555
5555
5555
5555
5555
5555
9555
a555
a955
a955
5555
5555
5555
555a
555a
556a
5569
55a9
56a9
56aa
55aa
556a
555a
5555
5555
5555
5556
555a
a55a
aa9a
aa6a
aa66
5a6a
5565
a555
a555
9555
9555
9555
5555
5555
5555
a555
e555
e955
ba55
ba55
ae95
6fa5
6e95
6a55
5955
55a9
56ba
56ae
56ae
55aa
55a9
555b
555a
5556
5556
5555
5555
5555
5555
555f
55fa
5fa9
7aa5
6956
556a
5aa5
a955
7f5f
7f5f
7f5f
7f5f
5f57
5757
5557
5557
5557
5559
5559
5559
5559
555a
555a
555a
555a
55da
5576
9556
95d6
95d6
55d5
5575
5575
557d
557d
557f
557f
555f
5557
5555
695f
5557
5f75
5ddf
d77d
ff7f
ffff
ffff
5555
5555
9555
9555
9555
9555
a555
a555
575f
5dd5
57d7
dddf
7df7
5fd7
5f7d
dff7
55dd
7555
55dd
5d5f
5f7f
57d7
5d5f
57fd
5555
5575
5555
5557
5775
d55d
55d5
5557
d5f5
f5f7
f7df
f7df
7f7f
f777
fffd
f7ff
ac1a
ac06
b005
b001
b001
b001
c001
c001
c000
c000
c000
c008
c800
c000
c000
c000
c000
c000
c000
c000
c808
c000
c000
c000
c000
c000
c000
c000
c000
c000
c000
c000
c000
c000
c000
c000
c000
c000
c000
c000
c001
c001
b001
b001
b001
b005
ac05
ac15
57c3
57cf
5fcf
7ff3
7ff3
fff3
fffc
ff3c
d555
d555
d555
d555
f555
f555
fd55
3d55
5555
5555
5555
5555
5555
55d5
55fd
57ff
5555
5555
5555
5555
5555
5555
5555
d555
a995
a995
a995
a995
a995
a995
a995
a9a5
a96a
aa55
aaa6
aaa9
aaaa
aaaa
aaaa
aaaa
aaaa
5555
6666
9999
aaaa
aaaa
aaaa
aaaa
0000
aaaa
5555
9999
6666
aaaa
aaaa
aaaa
aaa9
5556
6665
9999
aaaa
aaaa
aaaa
aaaa
555a
555a
5556
5556
5aa6
640e
900d
4001
5555
5555
5555
5555
5555
5555
5555
5556
5555
5555
5965
57d5
57d5
5965
5555
5555
aaaa
aaaa
aaaa
aaaa
aaaa
aaaa
aaaa
abea
aaaa
baae
aeba
afaf
9efb
affa
9ed5
7555
baaa
aaaa
feaa
faab
feee
afbf
beff
57d7
5555
5555
5d55
5555
5575
5555
5555
5555
5555
5555
5555
5755
5555
5555
5555
5555
aaaa
aaaa
aaaa
aaaa
aaaa
aaaa
aaaa
aaaa
a800
a800
a800
aaaa
aaaa
aaaa
a800
a800
5555
5555
5555
5555
5555
5555
555d
5555
555a
555a
5556
5556
5aa6
640e
900d
4001
5556
5555
5555
5555
5555
5555
5555
5556
aaaa
abaa
aaaa
aaaa
faea
eaaa
abaa
aaaa
aafa
a97f
aad7
aae7
aa6d
aa69
aa6f
a5bf
a97a
aa9a
aa56
a5ab
969a
aa69
aaa6
aaa5
5555
5555
f555
fd55
ad5f
6abe
56ba
9555
d555
d555
9555
5555
5555
5555
5555
9555
555a
557f
556d
557d
5556
5557
555e
555e
557e
55fb
55ff
57fd
6fd6
a756
bd6a
5faa
aaaa
eaaa
feaa
57ea
a5aa
aaaa
aaaa
aaaa
baaa
5aaa
eaaa
aaaa
faaa
eaaa
5aaa
6aaa
abea
affe
eaff
aeff
aaff
aaef
aebf
aaef
aaaa
aaaa
aaaa
aaaa
aaaa
aaaa
aaea
aaae
eaaa
aaaa
baaa
eaaa
eaaa
eeaa
faaa
eaaa
eaaa
aeaa
eaaa
aaaa
aaaa
aaaa
aaaa
aaaa
aaaf
aaae
aaae
9aaa
a99a
a666
6a9a
a9aa
99a6
a6aa
aa9a
a9aa
aaaa
aaaa
aaaa
aaaa
97aa
a5ea
a96a
aa6a
aaaa
aaaa
aaaa
baaa
aaaa
aaab
aaaf
aaaa
aaba
a9aa
aaaa
aaaa
aaaa
abba
faaa
ffaa
bbfa
aeea
abfb
aada
aa6a
a9aa
aa9a
aa66
aaaa
aaa6
aaaa
aaaa
abea
aaba
6aaa
a66a
5aaa
a6aa
aaaa
aaaa
aaaa
aaaa
aaaa
aaaa
aaaa
aaaf
aafa
aa6a
aaaa
aaaa
abaa
abea
aabe
abff
eabb
ebae
aaaa
aaae
aaba
abea
bfda
beea
bb6a
bfaa
afea
aeef
abfd
aeda
bf6a
aeea
abfe
abbf
afa6
ab9a
69aa
5a6a
9aaa
666a
aaaa
aaaa
dddd
f777
ffff
ffff
ffff
ffff
ffff
ffff
a96a
99aa
5a69
599a
5696
9559
6555
a99a
aaa6
aaa9
aaaa
aaaa
aa96
aa96
aaa6
aaa6
aaa9
aaa5
aaa6
aaa9
aaa9
aaaa
aaaa
aaaa
feea
baaa
aaae
aaaa
aaaa
aaaa
9aaa
99aa
55aa
56aa
56aa
5a9a
6aa6
6a99
6aa6
6aa9
6aa9
6aa5
6699
5aa5
aaa9
aaa5
6aa9
aaa9
5559
5559
5559
5569
5569
5569
5566
559a
559a
559a
559a
5595
5556
556a
566a
555a
5555
5555
5555
5555
5555
5556
5556
5559
aa99
aa65
6959
5569
56a9
9aa9
aaa9
aaa5
aaa9
a5a9
a6a9
5a65
5a95
aaa5
aaa9
aaa5
aaaa
aa9a
9a6a
a6a5
aa50
a505
5055
0555
6a50
a505
5055
0555
5551
5559
5555
1555
5555
5555
5555
d555
f555
0d55
c355
f355
5555
5555
5555
5555
5557
5557
555f
555f
556a
5569
556a
556a
75aa
d6aa
d5a9
d6a5
aa99
aa69
9aa9
6aa9
96a9
aaa9
aaa9
aaa9
d565
d5a5
f5a5
5699
56a5
5a99
5a95
d6a6
aaa9
aaa9
aa69
aa99
6a65
5599
9aa5
aa69
d5a6
f556
ff56
fff5
ffff
ffff
ffff
ffff
aa99
aaa5
aa69
99a5
5669
f569
ff59
fff5
557f
557f
57f7
5f7f
dfdf
755f
dd7f
7577
f3d5
3f05
ffff
fffc
ffff
ffff
f55f
d55f
5555
5557
d57f
f7ff
cddf
f07f
ffd5
ffff
5555
1555
c555
f1ff
ffff
ffff
57ff
fdff
c3ff
000f
ffff
ffff
ffff
ffff
ffff
ffff
ffff
ffff
ffff
577f
5557
f555
ffd5
fffd
ffff
ffff
ffff
ffff
3fff
0f3f
73ff
700f
5c0f
dfc0
ffff
f7ff
ffff
ffff
ffff
ffff
ffd5
fffd
ff55
ff7f
ffff
ffff
ffff
ffff
ffdf
f7d7
ffff
ffff
ffff
fffd
fd57
ff75
dd57
ffff
ffff
fcf5
f355
4d7f
cfff
70ff
556a
5569
556a
556a
55aa
d6aa
f5a9
d6a5
f565
f5a5
d5a5
d699
56a5
5a99
5a95
d6a6
5fdf
fdfd
dfdf
ffff
fff7
ffff
ffff
ffff
a5a5
5555
5995
9555
6555
5655
5557
577d
a6aa
aaaa
aaaa
6a95
a6a9
9a55
9a99
6969
6555
555f
57ff
fff7
ffff
ffff
ffff
ffff
9556
5555
9556
5556
9556
5556
5556
5555
556a
555a
5569
55aa
fd66
ff59
ddd6
fff5
f556
ff55
fffd
ffff
ffff
ffff
ffff
ffff
6a50
a505
5055
0555
5555
5555
5555
5555
5555
5555
5555
5555
5555
5555
5555
5555
1555
1555
1555
1555
1555
1555
1555
1555
aaaa
aa9a
9a6a
a6a5
aa50
a505
5055
0555
559a
559a
559a
5595
5556
556a
566a
555a
9aa5
95a5
aa9a
aa95
9aa6
a965
aa65
aa95
5555
5555
5555
5555
5555
9555
6555
9695
5555
5555
5555
5555
aa55
aaa9
aaaa
aaaa
5555
5555
5555
56aa
6aaa
aaaa
aaaa
aaaa
5555
5555
5555
5555
5555
5556
5556
5556
555a
555a
555a
5556
555a
555a
556a
555a
aaaa
9556
9556
9556
9556
5555
9556
9556
aaaa
aaaa
aaaa
a6aa
9aaa
aaaa
6aaa
6aaa
5555
fff5
55fd
d43f
00cf
fff0
fffc
ffff
5555
ffff
cd55
f3ff
fff3
55ff
f555
ffd7
5555
5555
555f
5557
fd7d
d5d7
ff55
dd77
3d55
ff55
3ffd
0fff
f0ff
ff3f
fff5
ffdf
ffff
ffff
fffc
ffff
ffff
fff0
ffff
ffff
55ff
57ff
7fff
fd7f
d7f5
ffff
ffdf
7fff
5555
5555
5555
5557
ffd7
fd75
d7df
ffff
ffff
ffff
ffff
ffff
fcff
cfcf
ffff
ffff
ff7f
f57f
dfff
ffff
ffff
ffff
ffff
ffff
fff5
ff5f
ffff
fd57
7fff
ffff
ffff
ffff
ffff
ffff
fdd7
ffff
ffff
dfff
ffff
ffff
dfff
fdf5
d4d5
d355
7705
d573
f555
ffff
ffff
55cf
5573
554d
57ff
ffff
ffff
ffff
5555
5555
5557
5fff
ffff
dfff
ff7f
ffff
557f
57cf
ffc0
f7ff
ffff
7fff
ffff
ffff
fc15
ff3d
cfc1
fffc
ffff
f557
df7d
fc05
5555
5555
5555
d555
d555
3fd5
fcf3
7fff
5d57
f7ff
3f3f
c3ff
ffff
ffff
ffff
ffff
fff7
ffd7
d555
ffff
fd7f
d7ff
ffff
ffff
5555
5555
5555
5555
5555
5555
5555
d755
ff77
ffff
ffff
ffdf
fdff
ffff
ffff
ffff
5555
5555
5555
5555
5557
555f
55fd
5fff
5555
5555
5555
5555
fc15
ff33
ffff
ffff
5555
5555
5555
5555
555f
557f
ffff
0fff
aaaa
aaaa
aaaa
aaaa
aaa6
aaaa
aa95
aa6a
5555
5555
5555
5b95
5cd5
5b95
5555
5555
a9a5
a995
a995
a995
a995
a995
a995
a995
5555
6555
5555
5555
5555
5555
5555
5555
4551
5555
5555
5555
5559
5555
5565
5555
5555
5559
5655
5555
5555
6555
5555
5555
5555
5555
5555
5555
5655
5555
5555
5555
a995
a995
a995
a995
a995
a995
a995
a995
aaaa
aaaa
aaaa
aaaa
aaaa
aaaa
5555
aaaa
aaaa
aaaa
aaaa
aaaa
9aaa
aaaa
5555
aaaa
aaaa
aaaa
aaaa
aaaa
9aaa
aaaa
56aa
a9aa
5a6a
566a
566a
566a
566a
566a
566a
566a
566a
566a
566a
566a
566a
566a
566a
566a
a995
a995
a995
a995
a997
a9b5
a99f
a9bf
a9bf
a9bf
a9bf
a9bf
a9bf
a9bf
a9bf
a9af
a96a
aa55
aaa6
aaa9
aaaa
aaaa
aaaa
aaaa
fe6a
fe6a
fe6a
fe6a
fe6a
fe6a
fe6a
fa6a
a96a
55aa
66aa
9aaa
aaaa
aaaa
aaaa
aaaa
566a
566a
566a
566a
fe6a
fe6a
fe6a
fe6a
aaaa
aaaa
aaaa
aaaa
a55a
9556
5555
5555
714d
700d
7c3d
7ffd
7ffd
6ff9
5aa5
5555
5555
5555
5555
755d
7ffd
73cd
700d
714d
5555
5555
5555
5555
5555
7ffd
7ffd
7ffd
5555
5555
9556
e55b
faaf
ffff
ffff
ffff
5555
5aa5
5965
5695
6559
5aa5
5555
5555
5aa5
5695
5555
5555
5555
5555
5555
5555
aaaa
aaaa
aaaa
aaaa
aaaa
aaaa
a55a
9696
0000
0000
0000
3ffc
300c
300c
3ffc
0000
0000
0000
1554
1554
1554
1554
1554
2aa8
0000
0000
0410
0140
0550
0140
0410
0000
0000
0000
aaaa
ffff
ffff
ffff
ffff
ffff
fffa
fffe
ffff
ffff
ffff
ffff
ffff
ffff
aaaa
aaaa
aaaa
aaaa
aaaa
aaaa
aaaa
aaaa
aaaa
aaaa
aaaa
aaaa
aaaa
aaaa
aaaa
aaaa
aaaa
aaaa
aaaa
aaaa
aaaa
aaaa
aaaa
aaaa
a56a
a56a
a56a
a56a
a56a
a56a
a56a
a56a
aaaa
955a
6566
6566
6565
6565
6565
6565
6565
6565
6565
6565
6565
6565
6565
6565
aaaa
aaaa
aaaa
aaaa
5555
5555
5555
5555
aaaa
eaaa
faaa
feaa
ffaa
ffea
fffa
fffe
aaaa
aaaa
aaaa
aaaa
aaaa
aaaa
aaaa
aaaa
aaaa
aaaa
aaaa
aaaa
aaaa
aaaa
aaaa
aaaa
aaaa
aaaa
aaaa
aaaa
aaaa
aaaa
aaaa
aaaa
aaaa
aaaa
aaaa
aaaa
aaaa
aaaa
aaaa
aaaa
aaaa
efbf
fbfb
ffff
ffff
ffff
ffff
ffff
a56a
a76a
a66a
a76a
a66a
a76a
a56a
a56a
aaaa
aaaa
aaaa
aaaa
a959
a999
a959
a999
aaaa
aaaa
aaaa
aaaa
959a
999a
969a
999a
aaaa
aaaa
aaaa
aaaa
5659
6669
6669
6669
aaaa
aaaa
aaaa
aaaa
99aa
99aa
69aa
99aa
99aa
a9aa
a9aa
a9aa
a9aa
a9aa
a9aa
a9aa
a9aa
a9aa
a9aa
55aa
aaaa
aaaa
aaaa
aaaa
ffea
aaaa
aaaa
5555
aaaa
aaaa
aaaa
aaaa
5659
aaaa
aaaa
ffea
00ea
54ea
54ea
00ea
9996
aaaa
aaaa
ffff
c000
c555
c555
c000
a999
aaaa
aaaa
aaaa
aaaa
aaaa
aaaa
aaaa
aaaa
aaaa
aaaa
a955
aaaa
aaaa
aaaa
aaaa
ffff
aaaa
aaaa
5555
aaaa
aaaa
aaaa
aaaa
9996
aaaa
aaaa
ffff
d555
daaa
daaa
d555
5659
aaaa
aaaa
ffea
55ea
a9ea
a9ea
55ea
eeaa
efaa
ffef
bafa
eaaf
baaa
eaa5
aaa4
aaaa
baaa
aaaa
aaaa
baea
babb
baaa
eaaa
aaab
aaeb
aafe
aafa
abea
bbaa
abaa
aeaa
bea0
faa0
aa45
a933
a4fc
53dc
3fff
df71
aa93
aa7d
a9f5
a7f5
a7f6
9fda
9f6a
9d6a
7daa
76aa
766a
955a
a656
a565
5459
7306
9715
95c2
a97c
aa5b
a9bd
a9f7
55f7
57d7
7dfd
7df6
f5c6
f7f6
7dfc
7f7f
5c6b
9fd5
0002
0000
4000
5000
d000
d500
6d50
6bf4
aaad
aaab
aaaa
aaaa
6aaa
d6aa
cd5a
ff76
7ccd
5ff1
57fc
757f
dd57
ccd7
3237
c00d
aab4
aab4
6ab4
16a9
c6a9
cda5
fda4
fd94
00bf
40af
d02a
b500
ad40
abd0
aad0
aa90
fea8
f2a0
ce80
fe00
3e00
f800
f800
f800
abba
abbf
2bbb
2aff
0aff
0aff
02ff
02bf
e000
a000
8000
0000
0000
0000
0000
0000
aaaa
aaaa
efae
befa
bafa
ebfa
faee
befe
beaa
eaaa
aaef
aaff
afbe
bffa
ffaa
feaa
aabe
feab
eefa
aaba
aabe
aaab
aaaa
aaaa
aaaa
aaaa
aeaa
aaaa
aaaa
aaaa
aaaa
aaaa
aaaa
aaaa
aaaa
aaaa
eaaa
aaaa
aeaa
aaa9
eaaf
baaa
aaea
aaaa
aaaa
eaaa
baaa
abea
02aa
0aaa
02aa
0aba
02ba
02aa
0aba
02ea
0aa9
0ba5
2fa7
2a9e
2b9e
ae9a
aa7a
ae7a
ae7a
ba6a
aa6a
aa5a
ba9a
ba96
ae95
afa5
afe9
aae9
aaea
aaa9
a6a6
fa6b
ffbe
ffff
5fc5
57f0
55ff
557f
ad55
bbaa
eeea
ffbb
94f5
93d5
73d7
7fdf
7f5c
7f5f
bc57
7f15
eaaa
eaaa
aaa5
aa97
aa7c
a9cf
a93f
a4fd
aba9
aaa5
aaa7
aa5e
a9fa
a7aa
9eaa
7aaa
cff8
737f
9fdf
94f7
a7f7
a9f5
a93d
a9fd
a4f7
5fe4
cf9f
fd53
f54d
d635
54e5
5dfe
775f
f3df
ccd7
0237
cc37
3317
ccd3
ff4f
55ff
cffd
fff5
ff55
aaa5
aaaa
aaaa
abbb
57d5
5a55
555b
556b
55ae
aabb
eeef
bfbf
5697
5ae5
da99
d765
dd99
d559
d579
d5e5
f6a7
d695
d695
5ad7
5b9c
ab5f
ae5f
799f
57df
c5df
7175
dcd1
d7f4
f5fd
f57f
f69f
3035
ccf5
fff5
7fd5
d55f
fc7e
7dfa
d7aa
d7aa
5eaa
7aaa
6aaa
d6aa
35aa
f369
7fd4
dfcf
f57f
5f7d
d7d4
757f
7d55
5355
5fda
b716
edf5
bb5d
eed4
ffb5
ffed
fffb
ffff
a565
69e5
5955
d579
5559
695a
eeee
ffff
e535
94e1
435c
3d5f
f59b
5f97
5567
97e5
a9c0
a73f
97ff
9cfd
7fd5
4f55
fd57
f587
fd94
37f5
5faf
faaa
eaaa
aaaa
aaa9
aa55
0000
5400
fd50
aa54
aa94
9565
700d
0ff1
fffc
fd5f
57d7
5cfd
f331
c08f
f003
cccf
f333
fcc5
7f10
5fdf
174f
dd7e
d77d
c575
f5f5
c5f7
71f5
73d5
7cd6
a95a
eaab
ffff
57ff
deff
5bbf
5eff
bbbf
eeff
bfff
ffff
5000
2400
c400
b100
5d00
5500
6400
e6aa
5400
3500
cd00
f100
fd00
7500
7400
5400
0000
0000
0000
0000
0000
4000
5000
5000
aaaa
abea
9c39
9c09
9c09
9009
9009
9c09
a409
2409
2702
2602
2902
2ac0
8a40
8a40
8240
a2b0
a290
a290
a29c
a0a4
a8a4
2827
2a29
2a29
2a29
0a2a
0a8a
0a8a
8a0a
0228
0949
0941
8971
4251
9251
9255
a45c
a973
d839
d809
2709
2609
2609
2509
09c9
09c9
8024
7024
6024
6025
6025
6025
9025
9c29
aaaa
7faa
f0e5
c029
802a
8024
8024
8024
aaab
aaaa
bfaa
0faa
03ab
0cab
00aa
026a
026a
0256
0295
0255
0155
0254
0254
4254
4255
4255
5255
5255
5095
5495
5695
5657
7555
55dd
5557
775d
5577
f7f3
df3f
7cff
550e
750e
543e
d43e
743e
d43d
d039
50f6
4002
5402
5402
5702
5402
d40e
550e
550e
5556
5825
7009
f009
fc09
0c02
0002
0002
eaaa
feaa
afea
fafe
ebaf
aaaa
aaaa
556a
a565
aa69
a595
a965
a995
ab55
ab55
ba99
afa5
aaea
aeea
abae
6aaa
6ba9
9baa
56aa
56ea
a5ba
f9b9
feba
feaa
b96a
b56a
955a
55d6
5716
5494
90d8
5390
4390
ce98
fe58
2826
0a0a
8281
20a9
2029
2809
0802
0202
57f9
65ff
57bb
bd6f
b55a
569b
961b
6897
aba7
aa96
ab99
ead5
bfab
6eeb
6fb8
5baf
a555
a595
555a
55aa
96aa
5aa9
5aa9
6aa5
aa55
a96a
a9ff
97c3
5fff
7cea
bea5
fa56
a5ef
57fc
6f00
b3ff
cea5
f956
e5a8
5a20
688a
8a2a
e2aa
fbff
bebb
abee
aaaa
ea6a
e86a
e81a
e80a
ea02
b802
ba00
7a02
ba80
efbe
ebbe
abbe
ab8e
ab8e
8a8e
2a82
8a82
aaa0
bea8
ffe8
fbf8
eff8
fbf8
faea
eeee
d6a2
3688
f680
da0a
6a28
a000
0a00
aa80
5956
565a
566a
5a6a
996a
59aa
6aaa
aaaa
0000
0000
a000
9400
2900
2940
3e10
c390
5540
0255
9021
6220
a08a
8cce
0030
05c8
0015
0156
1502
5260
69a4
4698
66a8
50aa
0000
0000
0000
0001
0006
0006
0014
0012
0882
0888
2088
2388
8388
8208
8e08
8e0b
3000
2000
e002
e008
e008
e022
2022
2022
0000
0000
0000
0000
0000
0800
2300
8800
001a
001a
0016
8005
8001
8005
0015
0015
8051
a541
240f
05fd
0155
0015
4001
5300
3822
0820
0ea4
4384
43e5
50e5
103d
f40f
8e0b
8e02
8e82
82a2
82a0
9099
1097
9c25
5c05
d70f
05c0
3d70
ff5c
5555
fdd7
ffff
7503
5540
d418
30d6
035a
5557
57ff
ffff
d4cc
3d31
0055
c35a
99aa
56a5
f557
fd7f
0000
0005
001f
0170
07cf
1d55
1405
0000
aaa5
aa95
a955
5569
96aa
6aaa
66aa
7abb
5068
5b31
5405
56bd
9555
e556
baaa
ffee
96aa
95aa
656b
5955
69a5
abab
aeef
bbbf
3890
00a4
5ea4
4194
4a90
1940
5500
5400
5c50
5450
5440
1440
0440
8140
4100
0240
1543
1541
356e
2943
3301
8cc5
9005
9400
9008
5488
5a08
6a23
5a02
9682
a570
a998
7666
d595
fd65
f595
5555
6555
5a94
6a96
9b30
5505
55b1
5509
9605
a559
0696
8316
aa50
a0dc
8035
833b
83c0
6bc0
5402
f505
ac08
a838
980a
1b0e
9b03
06c0
25c0
8973
ac2a
ac42
a04a
a06b
a2a3
a080
a081
a00c
02aa
002a
028a
0a2e
2abf
aabb
aaeb
abea
fa02
fa00
ea00
a000
9000
40a0
0a04
e810
f040
c102
c40a
d0a0
4201
4815
205a
2042
8102
8402
0408
042c
0420
04a3
0681
09b2
32ba
0069
cc99
702a
54ca
9702
59ff
9555
6aaa
abfb
afbe
faaa
aaaa
aaaa
aaaf
aabb
0e20
3a20
2820
e820
e820
6000
4280
4aa0
ba28
e8b8
e8b8
68e8
a2e8
72e8
c1a8
ce28
22e2
8be2
23a2
0ba2
2382
0b82
0e8a
2e0a
f540
d500
5000
4000
4000
0000
0000
0000
aaaa
abea
6c3a
603a
603a
600a
600a
603a
aaaa
aafd
db0f
6803
a802
d802
d802
1802
eaaa
fffe
bebf
aaab
eaae
fafa
baca
bdca
aaab
aabf
abfa
bfaf
fbeb
aeaa
aeaa
b955
aaaa
aaaa
abaa
abaa
aaea
aaba
aaae
aaba
0aba
0aae
02af
02ab
00ab
002b
002b
002f
b981
ba81
ba00
b800
b80a
ba2a
aea0
aea0
adcb
9d8c
2e80
ad80
a940
aa80
aa80
a281
1802
180d
1809
5809
5809
5809
5806
6836
6028
602a
80e8
80a8
80a0
03a0
0288
0280
02a0
0e80
0a00
0a80
3a00
2800
2800
e000
2220
8220
8822
88a2
a08a
0088
00a0
0080
6c2a
202b
a0e8
20a8
a088
2088
a220
2220
8000
8000
8000
0000
0000
0000
0000
0000
2881
2281
a086
a086
8204
8212
8288
8020
aea8
af8a
aa8a
aa22
aa02
aa02
a880
a800
002a
002a
002b
002a
000a
000a
000a
0002
a800
aa00
2a00
8a00
0a00
2280
02a0
08a8
0002
0002
0000
0000
0000
0000
0000
0000
0820
28a8
2828
0228
08a8
0a08
0a88
0288
a94f
29fd
29cd
a9f4
a1f7
a1f4
a177
a27b
733d
ccf5
33d5
3d55
1a54
d794
dc94
dc24
43e5
43a5
0395
0e59
0e57
3957
f95f
e57e
be9a
be68
b95a
f9a8
e9e6
e534
94d4
5b90
6f52
6e48
ae60
b980
b920
e680
a620
9482
e57e
95fa
94e9
5f95
4e55
3a56
e95b
a56f
5c27
5827
5826
182a
1029
90e9
90e8
80eb
a05b
8095
80a5
8295
0294
0290
0242
0ace
0282
0080
0088
008a
0222
0202
082a
00a8
0aa0
0a00
280c
2c30
2c30
2020
ac2c
abeb
a555
eaaa
ffab
efaa
fabf
ffef
febe
ffff
5ab0
ae6f
aa95
eeaa
beae
faab
bbfe
febf
0a3a
2bea
0aaa
0abc
0ab0
0a80
3980
d580
80ea
03aa
0395
0fac
0396
0095
c095
c095
805a
716a
55aa
aaaa
eaba
babe
bfef
ffff
aaba
abaa
baaa
aaaa
aaaa
aaab
aaaf
ffff
95be
54fa
4fa9
fa95
9556
555a
55aa
5aaa
9a00
4800
6200
8880
a000
a800
a200
8880
aaaa
abbf
aabd
aeed
bbfd
aefb
bfef
fffe
aaa9
aa95
aa55
a956
a56a
56aa
5aaa
aaaa
56aa
6aaa
aaae
abbe
fbfa
aeaa
baa9
ea95
aaaa
aa55
556a
aaaa
aaaf
afaa
aafa
6abe
ea5a
a968
a58a
a6a0
a688
e6a0
ea80
ea88
aaab
5aab
556a
6a9a
48aa
62aa
422a
48aa
422a
408a
422a
408a
402a
508a
5022
540a
5556
5555
5733
73ff
4fff
7fd5
7d55
5555
aaa9
aa5f
ff7f
ffff
fff5
5555
5555
5555
ba80
ba80
aa80
ba80
aaa0
aaaa
aaaa
aaa5
ff55
fd55
f555
555f
557f
57fe
5eaa
5ea9
0000
0000
0000
0000
0005
8155
957d
57f5
0000
0000
0055
1555
5555
5555
5555
5555
557f
5fff
ffff
feaa
aaa5
a955
9555
5557
557f
57fe
7fea
ffaa
fea9
fe95
aa55
a957
555f
55ff
5ffe
ffaa
faaa
eaaa
eaa2
aa48
5a22
5055
5569
5aff
beaa
faaa
aaaa
aaaa
0000
5000
ef90
aae8
aaaa
aaaa
aaaa
aaaa
22aa
08aa
000a
0000
a002
a800
aa00
aaaa
ea95
aa55
a522
9488
6222
8888
2002
8000
6aab
6aaa
2aae
aaaa
2aba
8aaa
2aaa
8aaa
5fff
ffff
aaaa
9556
5aaa
aaa9
aaaa
aaa8
aaa0
aa00
a882
a800
a808
aa80
a000
a802
ea55
a957
657f
ffff
afaa
aaa5
5a5a
556a
fd55
aff5
abff
aaaf
6aaa
5696
7fa5
faa5
aaaa
aaaa
aabb
a7ff
7fea
efff
ffff
ffff
fd55
ff55
ffd5
57f5
57fd
5575
5555
fd40
6a55
6540
5500
5000
5000
0000
0000
0000
1409
5014
4050
0140
a500
9400
5000
5800
1900
a500
5581
55a9
5555
5555
5555
5555
0000
0000
1028
1415
0454
0440
0180
0900
0000
0000
8000
0000
0000
0000
0200
2800
4000
2000
0800
0000
0000
0000
0000
0000
4000
0000
0000
0000
0000
0000
0000
5400
0000
0000
5400
4002
0002
0002
0002
000a
a080
8000
0008
2022
0000
2000
0000
aaaa
aaaa
aaaa
eaaa
feae
bffe
ebff
ffff
ffff
aaaa
aaab
aaba
aabb
abea
ffbf
ffff
ffff
8000
8000
0000
0220
2820
0000
2000
0a00
00aa
02ab
0aab
aafa
abaa
feaa
aaab
aaaa
be80
bba0
aeea
aeaa
aaea
abba
aaae
aaea
aaaa
aaea
2aba
aaaa
2aae
aaaa
2aaa
aaba
2aba
aaae
2aab
8aab
2aaa
8aaa
2aaa
0aaa
aaaa
aaaa
aaaa
eaaa
aaaa
aaaa
baaa
aeaa
0000
0000
0080
0000
0800
0000
0000
0000
a800
a800
a800
aaaa
aaaa
a800
a800
a800
aaa5
a994
aa94
aa50
9a50
a940
a940
a500
5400
5500
5500
5540
5540
5550
5550
5554
0008
0008
2008
2808
2208
2080
2020
2008
0ff8
03f8
20f8
2838
2e08
2f80
2fe0
2ff8
0832
080e
0832
080e
0832
080e
0832
080e
0832
080e
5532
5a8e
55b2
0a0e
0832
080e
aaaa
aaaa
5aaa
46aa
66aa
56aa
aaaa
aaaa
aaaa
aaaa
aaaa
aaaa
5aaa
5aaa
aaaa
aaa9
aaa9
eaa4
ea9d
6a7d
a6bd
aa76
ba77
de9f
5555
5555
5555
5555
5555
5555
5555
5556
a96a
aa55
aaa6
aaa9
aaaa
aaaa
aaaa
aaaa
a96a
aa55
aaa6
aaa9
aaaa
aaaa
aaaa
aaaa
a995
a995
a995
a996
a995
a995
a995
a9a5
a995
a995
a995
a995
a995
a995
a995
a9a5
e56f
f9bf
ffff
ffff
ffff
ffff
ffff
ffff
ffff
7dff
ffff
fdff
ffff
ffff
ffff
ffff
fdff
ffdf
dfff
ffff
ffff
ffff
ffff
ffff
5555
5555
5557
555d
555d
5575
55d7
55d4
5555
5555
555b
556e
55be
56de
5758
5d54
5560
4000
0800
1255
246f
3d1f
b747
95d1
d574
d55d
5556
5555
5555
5555
5555
5555
7558
d751
5d52
75e3
d58b
d589
570d
5525
575d
5751
5d75
5d45
6d15
7555
7556
d55e
5e25
58d5
7c95
5355
c255
8d55
0555
2d55
1039
070e
4103
d070
681c
5404
5808
5804
5808
5806
5802
5832
58f2
58f2
5802
6802
0030
003f
c033
0033
0033
0033
0033
0233
eaaa
9555
9555
9555
9555
9555
9555
9555
0000
0000
3000
0000
0000
ffff
ccc0
3fff
a200
5480
aaa0
ccc0
3300
000f
003c
0033
aaaa
5555
5555
5555
5555
5555
5555
5555
0000
0000
0030
0000
0000
ffff
0000
ffff
0000
0000
0c00
0000
0000
00c0
0000
0000
5555
5555
5555
f955
33e5
000f
03f5
7b00
5555
5555
ffa5
3cfc
f30f
3333
00c0
0002
5555
dfe9
efff
7fff
bfff
333c
ffff
0000
a6af
0000
0000
0000
0000
0000
0000
c000
0033
f69a
f330
ccc0
0000
000c
0000
a800
c0c0
0003
fa96
affc
ff33
cccc
3300
402a
5555
555f
557f
557f
57fe
5ffd
7ff7
555b
5552
5550
5553
5500
5a96
5333
5ccc
5800
5715
552f
55c6
5540
556f
5555
5555
5555
b07f
f0bf
7c00
0003
fa65
5555
5555
5555
ce1d
0415
1c55
7155
e555
5555
5555
5555
a5b0
ff34
9c08
003c
0010
20b2
a083
f2c8
5afe
0eaa
303e
396f
bf30
3000
0000
0026
0fff
0fcc
2f30
bcc0
b00d
c0d5
0d55
9555
0080
0355
0155
2555
5555
5555
5555
5555
0000
a6bc
ffff
800f
5800
5599
57fb
fcf8
3fff
ffd5
f555
5555
5555
5555
5555
5555
557f
57cf
55ff
557d
5555
5555
5555
5555
3e6c
000e
a66b
fff5
0015
6ad5
ff55
0355
0000
955b
f331
5555
5555
5555
5555
5555
0000
0000
0000
0333
6aaa
3333
0000
0000
5555
5555
5555
5555
ffff
0000
aaaa
ffff
9555
9555
9555
e555
3fff
0000
aaaa
3fff
0000
0000
0000
96bc
fff9
ccf6
331c
cca0
c000
0000
0eac
daaa
7fff
cccc
3333
5abf
0033
0033
c033
0030
c030
000c
c002
0000
9802
6802
a802
a002
800a
00eb
00ac
008b
c38c
02b3
022c
0e20
0a2e
2836
a0ea
80fa
999b
66ec
968c
0000
0000
0000
ffea
aaaa
5555
5556
5559
aaaa
0195
b000
aa58
666e
0000
0000
0000
0000
0000
0000
0000
0000
0000
0000
0000
0000
0000
0000
0000
0000
0000
0000
0000
0000
0000
0000
0000
0000
0000
0000
0000
0000
0000
0000
0000
0000
5555
5555
5555
5555
5555
5555
5555
5555
5555
5555
5555
5555
5555
5555
5555
5555
5555
5555
5555
5555
5555
5555
5555
5555
5555
5555
5555
5555
5555
5555
5555
5555
aaaa
aaaa
aaaa
aaaa
aaaa
aaaa
aaaa
aaaa
aaaa
aaaa
aaaa
aaaa
aaaa
aaaa
aaaa
aaaa
aaaa
aaaa
aaaa
aaaa
aaaa
aaaa
aaaa
aaaa
aaaa
aaaa
aaaa
aaaa
aaaa
aaaa
aaaa
aaaa
ffff
ffff
ffff
ffff
ffff
ffff
ffff
ffff
ffff
ffff
ffff
ffff
ffff
ffff
ffff
ffff
ffff
ffff
ffff
ffff
ffff
ffff
ffff
ffff
ffff
ffff
ffff
ffff
ffff
ffff
ffff
ffff
0000
0000
0000
0000
0000
0000
0000
0000
aaaa
aaaa
aaaa
aaaa
aaaa
aaaa
aaaa
aaaa
aaaa
aaaa
aaaa
aaaa
aaaa
aaaa
aaaa
aaaa
aaaa
aaaa
aaaa
aaaa
aaaa
aaaa
aaaa
aaaa
aaaa
aaaa
aaaa
aaaa
aaaa
aaaa
aaaa
aaaa
aaaa
aaaa
aaaa
aaaa
aaaa
aaaa
aaaa
aaaa
aaaa
aaaa
aaaa
aaaa
aaaa
aaaa
aaaa
aaaa
aaaa
aaaa
aaaa
aaaa
aaaa
aaaa
aaaa
aaaa
aaaa
aaaa
aaaa
aaaa
aaaa
aaaa
aaaa
aaaa
aaaa
aaaa
aaaa
aaaa
aaaa
aaaa
aaaa
aaaa
aaaa
aaaa
aaaa
aaaa
aaaa
aaaa
aaaa
aaaa
aaaa
aaaa
aaaa
aaaa
aaaa
aaaa
aaaa
aaaa
aaaa
aaaa
aaaa
aaaa
aaaa
aaaa
aaaa
aaaa
aaaa
aaaa
aaaa
aaaa
aaaa
aaaa
aaaa
aaaa
aaaa
aaaa
aaaa
aaaa
aaaa
aaaa
aaaa
aaaa
aaaa
aaaa
aaaa
aaaa
aaaa
aaaa
aaaa
aaaa
aaaa
aaaa
aaaa
aaaa
aaaa
aaaa
aaaa
aaaa
aaaa
aaaa
aaaa
aaaa
aaaa
aaaa
aaaa
aaaa
aaaa
aaaa
aaaa
aaaa
aaaa
aaaa
aaaa
aaaa
aaaa
aaaa
aaaa
aaaa
aaaa
aaaa
aaaa
aaaa
aaaa
aaaa
aaaa
aaaa
aaaa
aaaa
aaaa
aaaa
aaaa
aaaa
aaaa
aaaa
aaaa
aaaa
aaaa
aaaa
aaaa
aaaa
aaaa
aaaa
aaaa
aaaa
aaaa
aaaa
aaaa
aaaa
aaaa
aaaa
aaaa
aaaa
aaaa
aaaa
aaaa
aaaa
aaaa
aaaa
aaaa
aaaa
aaaa
aaaa
aaaa
aaaa
aaaa
aaaa
aaaa
aaaa
aaaa
aaaa
aaaa
aaaa
aaaa
aaaa
aaaa
aaaa
aaaa
aaaa
ffff
ffc3
ffcc
ffcc
ffc3
ffff
ffff
ffff
aaaa
aaaa
aaaa
aaaa
aaaa
aaaa
aaaa
aaaa
aaaa
aaaa
aaaa
aaaa
aaaa
aaaa
aaaa
aaaa
aaaa
aaaa
aaaa
aaaa
aaaa
aaaa
aaaa
aaaa
aaaa
aaaa
aaaa
aaaa
aaaa
aaaa
aaaa
aaaa
aaaa
aaaa
aaaa
aaaa
aaaa
aaaa
aaaa
aaaa
aaaa
aaaa
aaaa
aaaa
aaaa
aaaa
aaaa
aaaa
aaaa
aaaa
aaaa
aaaa
aaaa
aaaa
aaaa
aaaa
aaaa
aaaa
aaaa
aaaa
aaaa
aaaa
aaaa
aaaa
aaaa
aaaa
aaaa
aaaa
aaaa
aaaa
aaaa
aaaa
aaaa
aaaa
aaaa
aaaa
aaaa
aaaa
aaaa
aaaa
aaaa
aaaa
aaaa
aaaa
aaaa
aaaa
aaaa
aaaa
aaaa
aaaa
aaaa
aaaa
aaaa
aaaa
aaaa
aaaa
aaaa
aaaa
aaaa
aaaa
aaaa
aaaa
aaaa
aaaa
aaaa
aaaa
aaaa
aaaa
aaaa
aaaa
aaaa
aaaa
aaaa
aaaa
aaaa
aaaa
aaaa
aaaa
aaaa
aaaa
aaaa
aaaa
aaaa
aaaa
aaaa
aaaa
aaaa
aaaa
aaaa
aaaa
aaaa
aaaa
aaaa
aaaa
aaaa
aaaa
aaaa
aaaa
aaaa
aaaa
aaaa
aaaa
aaaa
aaaa
aaaa
aaaa
aaaa
aaaa
aaaa
aaaa
aaaa
aaaa
aaaa
aaaa
aaaa
aaaa
aaaa
aaaa
aaaa
aaaa
ffff
ffff
ffff
ffff
ffff
ffff
ffff
ffff
aaaa
aaaa
aaaa
aaaa
aaaa
aaaa
aaaa
aaaa
aaaa
aaaa
aaaa
aaaa
aaaa
aaaa
aaaa
aaaa
aaaa
aaaa
aaaa
aaaa
aaaa
aaaa
aaaa
aaaa
aaaa
aaaa
aaaa
aaaa
aaaa
aaaa
aaaa
aaaa
aaaa
aaaa
aaaa
aaaa
aaaa
aaaa
aaaa
aaaa
aaaa
aaaa
aaaa
aaaa
aaaa
aaaa
aaaa
aaaa
aaaa
aaaa
aaaa
aaaa
aaaa
aaaa
aaaa
aaaa
aaaa
aaaa
aaaa
aaaa
aaaa
aaaa
aaaa
aaaa
aaaa
aaaa
aaaa
aaaa
aaaa
aaaa
aaaa
aaaa
aaaa
aaaa
aaaa
aaaa
aaaa
aaaa
aaaa
aaaa
aaaa
aaaa
aaaa
aaaa
aaaa
aaaa
aaaa
aaaa
aaaa
aaaa
aaaa
aaaa
aaaa
aaaa
aaaa
aaaa
aaaa
aaaa
aaaa
aaaa
aaaa
aaaa
aaaa
aaaa
aaaa
aaaa
aaaa
aaaa
aaaa
aaaa
aaaa
aaaa
aaaa
aaaa
aaaa
aaaa
aaaa
aaaa
aaaa
aaaa
aaaa
aaaa
aaaa
aaaa
aaaa
aaaa
aaaa
aaaa
aaaa
aaaa
aaaa
aaaa
aaaa
aaaa
aaaa
aaaa
aaaa
aaaa
aaaa
aaaa
aaaa
aaaa
aaaa
aaaa
aaaa
aaaa
aaaa
aaaa
aaaa
aaaa
aaaa
aaaa
aaaa
aaaa
aaaa
aaaa
aaaa
aaaa
aaaa
aaaa
aaaa
aaaa
aaaa
aaaa
aaaa
aaaa
aaaa
aaaa
aaaa
aaaa
aaaa
aaaa
aaaa
aaaa
aaaa
aaaa
aaaa
aaaa
aaaa
aaaa
aaaa
aaaa
aaaa
aaaa
aaaa
aaaa
aaaa
aaaa
aaaa
aaaa
aaaa
aaaa
aaaa
aaaa
aaaa
aaaa
aaaa
aaaa
aaaa
aaaa
aaaa
aaaa
aaaa
aaaa
aaaa
aaaa
aaaa
aaaa
ffff
30c0
33c3
3ccf
30c0
ffff
ffff
ffff
ffff
c0cf
c3c3
cfcc
c0cf
ffff
ffff
ffff
ffff
c0c0
c3c3
cfcf
c0cf
ffff
ffff
ffff
ffff
cfc3
cfcc
0fcc
cfc3
ffff
ffff
ffff
aaaa
aaaa
aaaa
aaaa
aaaa
aaaa
aaaa
aaaa
aaaa
aaaa
aaaa
aaaa
aaaa
aaaa
aaaa
aaaa
ffff
0f03
33cf
0fcf
33cf
ffff
ffff
ffff
ffff
0303
3333
0333
3f03
ffff
ffff
ffff
ffff
3cc3
0ccf
30f3
3cc3
ffff
ffff
ffff
ffff
0f03
3333
0f03
3333
ffff
ffff
ffff
ffff
ff03
ffcf
ffcf
ffcf
ffff
ffff
ffff
aaaa
aaaa
aaaa
aaaa
aaaa
aaaa
aaaa
aaaa
aaaa
aaaa
aaaa
aaaa
aaaa
aaaa
aaaa
aaaa
aaaa
aaaa
aaaa
aaaa
aaaa
aaaa
aaaa
aaaa
aaaa
aaaa
aaaa
aaaa
aaaa
aaaa
aaaa
aaaa
0000
0800
2000
aa0a
aaa8
a800
0000
0000
0000
8000
2800
aaaa
0aaa
00aa
0008
0020
0000
0000
0000
0000
0000
0000
0000
0000
caaf
caaf
caaf
eaaf
eaaf
eaaf
ffff
ffff
ffff
c3ff
3cff
00bf
14bf
14bf
14bf
14bf
bbbb
c2ee
3cbb
00ae
14bb
14ae
14bb
14ae
bbbb
eeee
bbbb
eeee
bbbb
0000
ffff
aa6a
ffff
ffff
ffff
ffff
ffff
ffff
ffff
ffff
bbbb
eeee
bbbb
eeee
bbbb
2eee
3bbb
2eee
bbbb
eeee
bbbb
eeee
bbbb
0000
0000
0000
ffff
ffff
ffff
ffff
ffff
0000
0000
0000
ffff
ffff
ffff
ffff
ffff
fffc
fffc
fffc
ffff
feff
bfff
efff
bfff
efff
bbef
efff
bbbb
eeee
bbbb
eeee
bbbb
eeee
bbbb
eeee
aaaa
aaaa
aaaa
aaaa
aaaa
aaaa
aaaa
aaaa
ffff
ffff
ffff
ffff
ffff
ffff
ffff
ffff
aaaa
aaaa
aaaa
aaaa
aaaa
aaaa
aaaa
aaaa
ffff
dd5d
5ddd
dd5d
dddd
dddd
ffff
ffff
ffff
dd5f
dddf
5d5f
dddf
dddf
ffff
ffff
ffff
eaaa
eaaa
eaaa
eaaa
eaaa
eaaa
eaaa
aaaa
aaaa
aaaa
aaaa
aaaa
aaaa
aaaa
aaaa
aaaa
aaaa
aaaa
aaaa
aaaa
aaaa
aaaa
aaaa
aaaa
aaaa
aaaa
aaaa
aaaa
aaaa
aaaa
aaaa
aaaa
aaaa
aaaa
aaaa
aaaa
aaaa
aaaa
aaaa
aaaa
aaaa
aaaa
aaaa
aaaa
aaaa
aaaa
aaaa
aaaa
aaaa
aaaa
aaaa
aaaa
aaaa
aaaa
aaaa
aaaa
aaaa
aaaa
aaaa
aaaa
aaaa
aaaa
aaaa
aaaa
aaaa
aaaa
aaaa
aaaa
aaaa
aaaa
aaaa
aaaa
aaaa
aaaa
aaaa
aaaa
aaaa
aaaa
aaaa
aaaa
aaaa
aaaa
aaaa
aaaa
aaaa
aaaa
aaaa
aaaa
aaaa
aaaa
aaaa
aaaa
aaaa
aaaa
aaaa
aaaa
aaaa
aaaa
aaaa
aaaa
aaaa
aaaa
aaaa
5e22
5c88
5e22
5c88
5e22
5c88
5e22
5c88
aaaa
aaaa
aaaa
aaaa
aaaa
aaaa
aaaa
aaaa
aaaa
aaaa
aaaa
aaaa
aaaa
aaaa
aaaa
aaaa
aaaa
aaaa
aaaa
aaaa
aaaa
aaaa
aaaa
aaaa
aaaa
aaaa
aaaa
aaaa
aaaa
aaaa
aaaa
aaaa
aaaa
aaaa
aaaa
aaaa
aaaa
aaaa
aaaa
aaaa
aaaa
aaaa
aaaa
aaaa
aaaa
aaaa
aaaa
aaaa
aaaa
aaaa
aaaa
aaaa
aaaa
aaaa
aaaa
aaaa
aaaa
aaaa
aaaa
aaaa
aaaa
aaaa
aaaa
aaaa
5e22
5c88
5e22
5c88
5e22
5fff
5555
5555
ffff
df75
d777
dd75
df77
df75
ffff
ffff
ffff
dfdf
dfdf
dddf
d75f
dfdf
ffff
ffff
ffff
d5df
ddd7
dddd
dddf
d5df
ffff
ffff
5555
5555
5555
5555
5555
5555
5555
5555
5555
5555
5555
5555
5555
5555
5555
5555
5555
9555
a555
a955
aa55
aa95
aaa5
aaa9
5555
6565
69a5
5a95
5a95
69a5
6565
5555
5555
5aa9
6501
4941
4251
4095
4025
5555
0000
0000
0000
0000
5555
6aa9
4001
5555
aaaa
02aa
000a
0000
5555
6aa9
4001
5555
ffff
03ff
000f
0000
5555
6aa9
4001
5555
aaaa
aaaa
aaaa
aaaa
aaaa
aaaa
aaaa
aaaa
aaaa
aaaa
aaaa
aaaa
aaaa
aaaa
aaaa
aaaa
aaaa
aaaa
aaaa
aaaa
aaaa
aaaa
aaaa
aaaa
aaaa
aaaa
aaaa
aaaa
aaaa
aaaa
aaaa
aaaa
aaaa
aaaa
aaaa
aaaa
aaaa
aaaa
aaaa
aaaa
aaaa
aaaa
aaaa
aaaa
aaaa
aaaa
aaaa
aaaa
aaaa
aaaa
aaaa
aaaa
aaaa
aaaa
aaaa
aaaa
aaaa
aaaa
aaaa
aaaa
aaaa
aaaa
aaaa
aaaa
aaaa
aaaa
aaaa
aaaa
aaaa
aaaa
aaaa
aaaa
aaaa
aaaa
aaaa
aaaa
aaaa
aaaa
aaaa
aaaa
aaaa
aaaa
aaaa
aaaa
aaaa
aaaa
aaaa
aaaa
aaaa
aaaa
aaaa
aaaa
aaaa
aaaa
aaaa
aaaa
aaaa
aaaa
aaaa
aaaa
aaaa
aaaa
aaaa
aaaa
aaaa
aaaa
aaaa
aaaa
aaaa
aaaa
aaaa
aaaa
aaaa
aaaa
aaaa
aaaa
aaaa
aaaa
aaaa
aaaa
aaaa
aaaa
aaaa
aaaa
aaaa
aaaa
aaaa
aaaa
aaaa
fefe
eaea
fafa
eaea
feea
aaaa
aaaa
aaaa
bafb
baeb
bafb
baeb
befb
aaaa
aaaa
aaaa
efeb
abab
ebab
abab
abab
aaaa
aaaa
aaaa
cbbb
bbba
cbba
bbba
c8ca
aaaa
aaaa
aaaa
ff8c
eebb
eebb
eebb
ee8c
aaaa
aaaa
aaaa
baea
beea
b3ea
b8ea
baea
aaaa
aaaa
ffff
5fff
77ff
5fff
77ff
ffff
ffff
ffff
ffff
d5dd
dfdf
dfdf
d5df
ffff
ffff
ffff
aaaa
aaea
aaea
aaea
aaea
aafe
aaaa
aaaa
ffff
5ddf
7ddf
7d5f
7f7f
ffff
ffff
ffff
ffff
f7ff
77ff
d7ff
f7ff
ffff
ffff
ffff
aaaa
aaaa
aaaa
aaaa
aaaa
aaaa
aaaa
aaaa
aaaa
aaaa
aaaa
aaaa
aaaa
aaaa
aaaa
aaaa
aaaa
aaaa
aaaa
aaaa
aaaa
aaaa
aaaa
aaaa
aaaa
aaaa
aaaa
aaaa
aaaa
aaaa
aaaa
aaaa
aaaa
aaaa
aaaa
aaaa
aaaa
aaaa
aaaa
aaaa
aaaa
af2e
aeee
afae
aeee
aeee
aaaa
aaaa
aaaa
3eee
eaee
eefe
eeee
3eee
aaaa
aaaa
aaaa
febc
babb
babc
babb
babc
aaaa
aaaa
aaaa
bbbf
bbae
bbae
bbae
8cae
aaaa
aaaa
aaaa
f8cb
ebbb
ebbb
ebbb
e8cb
aaaa
aaaa
aaaa
aeaa
eeaa
beaa
aeaa
aeaa
aaaa
aaaa
aaaa
aaaa
aaaa
aaaa
aaaa
aaaa
aaaa
aaaa
aaaa
aaaa
aaaa
aaaa
aaaa
aaaa
aaaa
aaaa
aaaa
aaaa
aaaa
aaaa
aaaa
aaaa
aaaa
aaaa
aaaa
aaaa
aaaa
aaaa
aaaa
aaaa
aaaa
aaaa
aaaa
aaaa
aaaa
aaaa
aaaa
aaaa
aaaa
aaaa
aaaa
aaaa
aaaa
aaaa
aaaa
aaaa
aaaa
aaaa
aaaa
aaaa
aaaa
aaaa
aaaa
aaaa
aaaa
aaaa
aaaa
aaaa
aaaa
aaaa
aaaa
aaaa
aaaa
aaaa
aaaa
aaaa
aaaa
aaaa
aaaa
aaaa
aaaa
aaaa
aaaa
aaaa
aaaa
aaaa
aaaa
aaaa
aaaa
aaaa
aaaa
aaaa
aaaa
aaaa
aaaa
aaaa
aaaa
aaaa
aaaa
aaaa
aaaa
aaaa
aaaa
aaaa
aaaa
aaaa
aaaa
aaaa
aaaa
aaaa
aaaa
aaaa
aaaa
aaaa
aaaa
aaaa
aaaa
aaaa
aaaa
aaaa
aaaa
aaaa
aaaa
aaaa
aaaa
aaaa
aaaa
aaaa
aaaa
aaaa
aaaa
aaaa
aaaa
aaaa
aaaa
aaaa
aaaa
aaaa
aaaa
aaaa
aaaa
aaaa
aaaa
aaaa
aaaa
aaaa
aaaa
aaaa
aaaa
aaaa
aaaa
aaaa
aaaa
aaaa
aaaa
aaaa
aaaa
aaaa
aaaa
aaaa
aaaa
aaaa
aaaa
aaaa
aaaa
aaaa
aaaa
aaaa
aaaa
aaaa
aaaa
aaaa
aaaa
aaaa
aaaa
aaaa
aaaa
aaaa
aaaa
aaaa
aaaa
aaaa
aaaa
aaaa
aaaa
aaaa
aaaa
aaaa
aaaa
aaaa
aaaa
aaaa
aaaa
aaaa
aaaa
aaaa
aaaa
aaaa
aaaa
aaaa
aaaa
aaaa
aaaa
aaaa
aaaa
aaaa
aaaa
aaaa
aaaa
aaaa
aaaa
aaaa
aaaa
aaaa
aaaa
aaaa
aaaa
aaaa
aaaa
aaaa
aaaa
aaaa
aaaa
aaaa
aaaa
aaaa
aaaa
aaaa
aaaa
aaaa
aaaa
aaaa
aaaa
aaaa
aaaa
aaaa
aaaa
aaaa
aaaa
aaaa
aaaa
aaaa
0000
1554
1aa4
1aa4
1aa4
1aa4
1554
0000
aaaa
aaaa
aaaa
aaaa
aaaa
aaaa
aaaa
aaaa
aaaa
aaaa
aaaa
aaaa
aaaa
aaaa
aaaa
aaaa
aaaa
aaaa
aaaa
aaaa
aaaa
aaaa
aaaa
aaaa
0000
0000
0000
0000
0000
0000
0000
0000
0000
0000
0000
0000
0000
0000
0000
0000
0000
0000
0000
0000
0000
0000
0000
0000
ffff
ffff
aaaa
aaaa
aaaa
0000
0000
0000
2fff
afff
ffff
ffff
ffff
ffff
ffff
ffff
0000
0000
0000
0000
0000
0000
0000
0000
0000
0000
0000
0000
0000
0000
0000
0000
baa8
eea8
baa8
eea8
baa8
eea8
baa8
eea8
fea8
fea8
fea8
fea8
fea8
fea8
fea8
fea8
0020
00a0
0000
0000
0000
0000
0000
0000
0020
0020
0020
0020
0020
0020
0020
0020
0aa0
00a0
0020
0020
0020
0020
0020
0020
aaaa
aaaa
aaaa
aaaa
aaaa
aaaa
aaaa
aaaa
aaaa
aaaa
aaaa
aaaa
aaaa
aaaa
aaaa
aaaa
aaaa
aaaa
aaaa
aaaa
aaaa
aaaa
aaaa
aaaa
aaaa
aaaa
aaaa
aaaa
aaaa
aaaa
aaaa
aaaa
aaaa
aaaa
aaaa
aaaa
aaaa
aaaa
aaaa
aaaa
aaaa
aaaa
aaaa
aaaa
aaaa
aaaa
aaaa
aaaa
2222
8888
2222
8888
2222
ffff
5555
5555
aaaa
aaaa
aaaa
aaaa
aaaa
aaaa
aaaa
aaaa
aaaa
aaaa
aaaa
aaaa
aaaa
aaaa
aaaa
aaaa
aaaa
aaaa
aaaa
aaaa
aaaa
aaaa
aaaa
aaaa
aaaa
aaaa
aaaa
aaaa
aaaa
aaaa
aaaa
aaaa
aaaa
aaaa
aaaa
aaaa
aaaa
aaaa
aaaa
aaaa
aaaa
aaaa
aaaa
aaaa
aaaa
aaaa
aaaa
aaaa
0000
1554
1554
1554
1554
1554
1554
0000
0000
2aa0
2aa0
0000
3330
0000
3330
0000
0000
1550
1550
0000
3330
0000
3330
0000
aaaa
aaaa
aaaa
aaaa
aaaa
aaaa
aaaa
aaaa
2222
8888
2222
8888
2222
8888
2222
8888
0000
0000
0000
0000
0000
0000
0000
0000
0000
0000
0000
0000
0000
0000
0000
0000
0000
0000
0000
0000
0000
0000
0000
0000
0000
0000
0000
0000
0000
0000
0000
0000
0000
0000
0000
0000
0000
0000
0000
0000
0000
0000
0000
0000
0000
0000
0000
0000
0000
0000
0000
0000
0000
0000
0000
0000
0000
0000
0000
0000
0000
0000
0000
0000
0000
0000
0000
0000
0000
0000
0000
0000
0000
0000
0000
0000
0000
0000
0000
0000
0000
0000
0000
0000
0000
0000
0000
0000
0088
80aa
802a
a00a
a802
aa00
aa80
aaa0
2aa8
2aaa
0aaa
82aa
a02a
aa00
aaaa
aaaa
000a
0000
a800
a200
02a8
2aaa
aaaa
aaaa
8aaa
2aaa
0000
0000
0000
aaaa
8aaa
aaaa
888a
aaaa
aaaa
aaaa
aaaa
aaaa
2aa2
0282
802a
800a
802a
800a
802a
800a
8022
800a
802a
800a
802a
800a
802a
800a
802a
800a
aaaa
aaaa
aaaa
aaaa
aaaa
aaaa
aaaa
aaaa
aaaa
aaaa
aaaa
aaaa
aaaa
aaaa
aaaa
aaaa
aaaa
aaaa
aaaa
aaaa
aaaa
aaaa
aaaa
aaaa
8aaa
aaaa
8aaa
aaaa
8aaa
aaaa
8aaa
aaaa
222a
aa2a
aa8a
aa8a
aa82
aaa2
aaa0
aaa8
aaaa
0000
0000
aaaa
0008
aaa8
0008
aaaa
aaab
aaa0
aaab
aaa0
aaab
aaa0
aaab
aaa0
aa22
aa88
aa22
aa88
aa22
aa88
aa22
aa88
2222
8888
2222
8888
2222
8888
2222
8888
0a2a
862a
092a
862a
0a2e
802a
002a
aaaa
2aaa
802a
002a
862e
092a
8a2a
092a
862a
aaaa
0000
0000
aaaa
aaaa
aaaa
aaaa
aaaa
aaaa
0000
0000
aaaa
000a
aaaa
02aa
aaaa
aaaa
0000
0000
aaaa
0000
aaaa
0000
aaaa
aaaa
0000
0000
aaaa
0000
aaaa
802a
802a
aaaa
0000
0000
aaaa
0000
aaaa
0000
aaaa
aaaa
0000
0000
aaaa
0000
aaaa
0000
aaaa
aaaa
0000
0000
aaaa
0800
0aaa
0a00
02aa
aaa8
aaaa
aaaa
aaaa
aaaa
aaaa
aaaa
aaaa
aaaa
aaaa
aaaa
aaaa
aaaa
aaaa
aaaa
aaaa
aaaa
aaaa
aaaa
aaaa
aaaa
aaaa
aaaa
aaaa
aaaa
aaaa
aaaa
aaaa
22aa
888a
2222
8888
0000
0000
0140
1005
0055
0015
0001
0000
0000
0000
5500
5554
5555
5554
5540
0000
0000
0000
1004
0540
0155
0054
0000
0000
0000
0000
0000
0000
0000
0000
0000
0000
02aa
00aa
000a
0000
0000
0000
0000
0000
aaaa
aaaa
aaaa
0000
0000
0000
0000
0000
8aaa
aaaa
8aaa
aaaa
8aaa
aaaa
aaa2
8888
aaaa
aaaa
aaaa
aaaa
aaaa
aaaa
aaaa
aaaa
8022
800a
8022
800a
8022
800a
8022
aaa8
aaaa
aaaa
aaaa
aaaa
aaaa
aaaa
aaaa
8aaa
aaab
aaa3
aaab
aaa3
aaab
aaa3
aaab
aaa3
aaaa
aaaa
aaaa
aa8a
aa2a
a88a
a222
8888
aaaa
8002
8aa2
8aa2
8aa2
8aa2
8002
aaaa
2aa8
aaaa
2aa8
aaaa
2aa8
aaaa
2aa8
aaaa
aaaa
aaaa
8002
8fc2
8d42
8002
8002
aaaa
aaaa
aaaa
aaaa
aaaa
2222
8888
2222
8888
aaaa
aaaa
aaaa
aaaa
aaaa
aaaa
aaaa
aaaa
aaaa
aaaa
aaaa
aaaa
aaaa
aaaa
aaaa
aaaa
aaaa
aaaa
aaaa
aaaa
aaaa
aaaa
aaaa
aaaa
0000
0000
0000
0000
0000
0000
0000
0000
056a
006a
0000
0000
0000
0000
0000
0000
aaaa
aaaa
2222
0088
0002
0000
0000
0000
056a
056a
056a
056a
056a
056a
056a
056a
aaaa
0000
0000
aaaa
0000
aaaa
0000
aaaa
aaaa
0000
0000
aaaa
0000
aaaa
000a
aaa5
aaaa
0000
0000
aaaa
0a95
a556
556a
5aaa
8888
aaaa
aaaa
aaaa
aaaa
aaaa
aaaa
aaaa
0255
095a
056a
056a
056a
056a
056a
056a
aaaa
aaaa
aaaa
aaaa
aaaa
aaaa
aaaa
aaaa
aa95
0a95
a555
5555
5555
5555
5555
5555
5555
5555
5555
5555
5555
5555
5555
5555
5555
5555
5055
5c95
5c95
5c95
5095
5a95
aaaa
aaaa
aaaa
aaaa
aaaa
aaaa
aaaa
aaaa
aaaa
aaaa
aaaa
aaaa
aaaa
aaaa
aaaa
aaaa
aaaa
aaaa
8cbb
bbba
bfba
bbba
bbbe
aaaa
aaaa
aaaa
aaaa
aaaa
aaaa
aaaa
aaaa
aaaa
aaaa
aaaa
fbba
ebbb
ebfa
ebbb
ebba
aaaa
aaaa
aaaa
aaaa
aaaa
aaaa
aaaa
aaaa
aaaa
aaaa
aaaa
aaaa
aaaa
aaaa
aaaa
aaaa
aaaa
aaaa
aaaa
aeef
aeee
afef
aeee
aeef
aaaa
aaaa
aaaa
aaaa
aaaa
aaaa
aaaa
aaaa
aaaa
ffff
ffff
ffff
ffff
ffff
ffff
ffff
ffff
aaaa
aaaa
aaaa
aaaa
aaaa
aaaa
aaaa
aaaa
ffff
ffff
5777
775f
7777
5777
ffff
ffff
aaaa
aaaa
aaaa
aaaa
aaaa
aaaa
aaaa
aaaa
aaaa
aaaa
aaaa
aaaa
aaaa
aaaa
aaaa
aaaa
ffff
ffff
dd7d
dddd
dddf
dd7d
ffff
ffff
ffff
ffff
ffff
ffff
ffff
ffff
ffff
ffff
aaaa
a55a
9556
95d6
9556
9556
a55a
aaaa
aaaa
aaaa
aaaa
aaaa
aaaa
aaaa
aaaa
aaaa
aaaa
aaaa
aaaa
aaaa
aaaa
aaaa
aaaa
aaaa
aaaa
aaaa
aaaa
aaaa
aaaa
aaaa
aaaa
aaaa
aaaa
aaaa
aaaa
aaaa
aaaa
aaaa
aaaa
aaaa
aaaa
aaaa
aaaa
aaaa
aaaa
aaaa
aaaa
aaaa
aaaa
aaaa
aaaa
aaaa
aaaa
aaaa
aaaa
aaaa
aaaa
aaaa
aaaa
aaaa
aaaa
aaaa
aaaa
aaaa
aaaa
aaaa
aaaa
aaaa
aaaa
aaaa
aaaa
aaaa
6666
9999
6666
9999
6666
9999
6666
9999
0255
0958
0560
0560
0560
0560
0560
0560
aaaa
0000
0000
aaaa
0000
aaaa
000a
aaa5
8000
0000
0000
0000
0000
0000
0000
0000
aaaa
0000
0000
aaaa
0a95
a556
5560
5800
0000
0050
0550
5550
5550
5550
5550
5400
0000
0000
0000
0000
0000
0000
0000
0000
aaa0
aaa0
aaa0
aaa0
aaa0
aaa0
aaa0
aaa0
aaa0
aaa0
aaa0
aaa0
aaa0
aaa0
aaa0
aaa0
0000
0000
0000
0000
0000
0000
0000
0000
0000
0000
0000
0000
0000
0000
0000
0000
aaa0
aaa0
aaa0
aaa0
aaa0
aaa0
aaa0
aaa0
0560
0560
0560
0560
0560
0560
0560
0560
0560
0060
0000
0000
0000
0000
0000
0000
0000
0000
0000
0000
0000
0000
0000
0000
6a00
aa00
aa00
aa00
aa00
aa00
aa00
aa00
aa00
aa00
aa00
aa05
aa05
aa05
aa05
aa05
aa00
aa00
aa00
aa00
aa00
aa00
aa00
aa00
5555
5555
5555
5555
5555
5555
5555
5555
aa00
aa00
aa00
0a00
0200
0000
0000
0000
5555
6595
5996
5a99
6aa5
5aa9
5665
5595
5055
4c15
4305
60c5
5825
5695
5555
5555
6666
9999
6ffe
9ccd
6cce
9ffd
6aaa
9999
0000
0000
0000
0000
0000
0000
0000
0000
aaaa
aaaa
aaaa
aaaa
aaaa
aaaa
aaaa
aaaa
aaaa
aaaa
aaaa
aaaa
aaaa
aaaa
aaaa
aaaa
aaaa
aaaa
aaaa
aaaa
aaaa
aaaa
aaaa
aaaa
aaaa
aaaa
aaaa
aaaa
aaaa
aaaa
aaaa
aaaa
aaaa
aaaa
aaaa
aaaa
aaaa
aaaa
aaaa
aaaa
aaaa
aaaa
aaaa
aaaa
aaaa
aaaa
aaaa
aaaa
aaaa
aaaa
aaaa
aaaa
aaaa
aaaa
aaaa
aaaa
aaaa
aaaa
aaaa
aaaa
aaaa
aaaa
aaaa
aaaa
aaaa
aaaa
aaaa
aaaa
aaaa
aaaa
aaaa
aaaa
aaaa
aaaa
aaaa
aaaa
aaaa
aaaa
aaaa
aaaa
aaaa
aaaa
aaaa
aaaa
aaaa
aaaa
aaaa
aaaa
aaaa
aaaa
aaaa
aaaa
aaaa
aaaa
aaaa
aaaa
aaaa
aaaa
aaaa
aaaa
aaaa
aaaa
aaaa
aaaa
aaaa
aaaa
aaaa
aaaa
aaaa
aaaa
aaaa
aaaa
aaaa
aaaa
aaaa
aaaa
aaaa
aaaa
aaaa
aaaa
aaaa
aaaa
aaaa
aaaa
aaaa
aaaa
aaaa
aaaa
aaaa
aaaa
aaaa
aaaa
aaaa
aaaa
aaaa
aaaa
aaaa
aaaa
aaaa
aaaa
aaaa
aaaa
aaaa
aaaa
aaaa
aaaa
aaaa
aaaa
aaaa
aaaa
aaaa
aaaa
aaaa
aaaa
aaaa
aaaa
aaaa
aaaa
aaaa
aaaa
aaaa
aaaa
aaaa
aaaa
aaaa
aaaa
aaaa
aaaa
aaaa
aaaa
aaaa
aaaa
aaaa
aaaa
aaaa
aaaa
aaaa
aaaa
aaaa
aaaa
aaaa
aaaa
aaaa
aaaa
aaaa
aaaa
aaaa
aaaa
aaaa
aaaa
aaaa
aaaa
aaaa
aaaa
aaaa
aaaa
aaaa
aaaa
aaaa
aaaa
aaaa
aaaa
aaaa
aaaa
aaaa
aaaa
aaaa
aaaa
aaaa
aaaa
aaaa
aaaa
aaaa
aaaa
aaaa
aaaa
aaaa
aaaa
aaaa
aaaa
aaaa
aaaa
aaaa
aaaa
aaaa
aaaa
aaaa
aaaa
aaaa
aaaa
aaaa
aaaa
aaaa
aaaa
aaaa
aaaa
aaaa
aaaa
aaaa
aaaa
aaaa
aaaa
aaaa
aaaa
aaaa
aaaa
aaaa
aaaa
aaaa
aaaa
aaaa
aaaa
aaaa
aaaa
aaaa
aaaa
aaaa
aaaa
aaaa
aaaa
aaaa
aaaa
aaaa
aaaa
aaaa
aaaa
aaaa
aaaa
aaaa
aaaa
aaaa
aaaa
aaaa
aaaa
aaaa
aaaa
aaaa
aaaa
aaaa
aaaa
aaaa
aaaa
aaaa
aaaa
aaaa
aaaa
aaaa
aaaa
aaaa
aaaa
aaaa
aaaa
aaaa
aaaa
aaaa
aaaa
aaaa
aaaa
aaaa
aaaa
aaaa
aaaa
aaaa
aaaa
aaaa
aaaa
aaaa
aaaa
aaaa
aaaa
aaaa
aaaa
aaaa
aaaa
aaaa
aaaa
aaaa
aaaa
aaaa
aaaa
aaaa
aaaa
aaaa
aaaa
aaaa
aaaa
aaaa
aaaa
aaaa
aaaa
aaaa
aaaa
aaaa
aaaa
aaaa
aaaa
aaaa
aaaa
aaaa
aaaa
aaaa
aaaa
aaaa
aaaa
aaaa
aaaa
aaaa
aaaa
aaaa
aaaa
aaaa
aaaa
aaaa
aaaa
aaaa
aaaa
aaaa
aaaa
aaaa
aaaa
aaaa
aaaa
aaaa
aaaa
aaaa
aaaa
aaaa
aaaa
aaaa
aaaa
aaaa
aaaa
aaaa
aaaa
aaaa
aaaa
aaaa
aaaa
aaaa
aaaa
aaaa
aaaa
aaaa
aaaa
aaaa
aaaa
aaaa
aaaa
aaaa
aaaa
aaaa
aaaa
aaaa
aaaa
aaaa
aaaa
aaaa
aaaa
aaaa
aaaa
0000
0000
0000
0000
0000
0000
0000
0000
0000
0000
0000
0000
0000
0000
0000
0000
0000
0000
0000
0000
0000
0000
0000
0000
aaaa
aaaa
aaaa
aaaa
aaaa
aaaa
aaaa
aaaa
aaaa
aaaa
aaaa
aaaa
aaaa
aaaa
aaaa
aaaa
aaaa
aaaa
aaaa
aaaa
aaaa
aaaa
aaaa
aaaa
aaaa
aaaa
aaaa
aaaa
aaaa
aaaa
aaaa
aaaa
aaaa
aaaa
aaaa
aaaa
aaaa
aaaa
aaaa
aaaa
aaaa
aaaa
aaaa
aaaa
aaaa
aaaa
aaaa
aaaa
aaaa
aaaa
aaaa
aaaa
aaaa
aaaa
aaaa
aaaa
aaaa
aaaa
aaaa
aaaa
aaaa
aaaa
aaaa
aaaa
aaaa
aaaa
aaaa
aaaa
aaaa
aaaa
aaaa
aaaa
aaaa
aaaa
aaaa
aaaa
aaaa
aaaa
aaaa
aaaa
aaaa
aaaa
aaaa
aaaa
aaaa
aaaa
aaaa
aaaa
aaaa
aaaa
aaaa
aaaa
aaaa
aaaa
aaaa
aaaa
aaaa
aaaa
aaaa
aaaa
aaaa
aaaa
aaaa
aaaa
aaaa
aaaa
aaaa
aaaa
aaaa
aaaa
aaaa
aaaa
aaaa
aaaa
aaaa
aaaa
aaaa
aaaa
aaaa
aaaa
aaaa
aaaa
aaaa
aaaa
aaaa
aaaa
aaaa
aaaa
aaaa
aaaa
aaaa
aaaa
aaaa
aaaa
aaaa
aaaa
aaaa
aaaa
aaaa
aaaa
aaaa
aaaa
aaaa
aaaa
aaaa
aaaa
aaaa
aaaa
aaaa
aaaa
aaaa
aaaa
aaaa
aaaa
aaaa
aaaa
aaaa
aaaa
aaaa
aaaa
aaaa
aaaa
aaaa
aaaa
aaaa
aaaa
aaaa
aaaa
aaaa
aaaa
aaaa
aaaa
aaaa
aaaa
aaaa
aaaa
aaaa
aaaa
aaaa
aaaa
aaaa
aaaa
aaaa
aaaa
aaaa
aaaa
aaaa
aaaa
aaaa
aaaa
aaaa
aaaa
aaaa
aaaa
aaaa
aaaa
aaaa
aaaa
aaaa
aaaa
aaaa
aaaa
aaaa
aaaa
aaaa
aaaa
aaaa
aaaa
aaaa
aaaa
aaaa
aaaa
aaaa
aaaa
aaaa
aaaa
aaaa
aaaa
aaaa
aaaa
aaaa
aaaa
aaaa
aaaa
aaaa
aaaa
aaaa
aaaa
aaaa
aaaa
aaaa
aaaa
aaaa
aaaa
aaaa
aaaa
aaaa
aaaa
aaaa
aaaa
aaaa
aaaa
aaaa
aaaa
aaaa
aaaa
aaaa
aaaa
aaaa
aaaa
aaaa
aaaa
aaaa
aaaa
aaaa
aaaa
aaaa
aaaa
aaaa
aaaa
aaaa
aaaa
aaaa
aaaa
aaaa
aaaa
aaaa
aaaa
aaaa
aaaa
aaaa
aaaa
aaaa
aaaa
aaaa
aaaa
aaaa
aaaa
aaaa
aaaa
aaaa
aaaa
aaaa
aaaa
aaaa
aaaa
aaaa
aaaa
aaaa
aaaa
aaaa
aaaa
aaaa
aaaa
aaaa
aaaa
aaaa
aaaa
aaaa
aaaa
aaaa
aaaa
aaaa
aaaa
aaaa
aaaa
aaaa
aaaa
aaaa
aaaa
aaaa
aaaa
aaaa
aaaa
aaaa
aaaa
aaaa
aaaa
aaaa
aaaa
aaaa
aaaa
aaaa
aaaa
aaaa
aaaa
aaaa
aaaa
aaaa
aaaa
aaaa
aaaa
aaaa
aaaa
aaaa
aaaa
aaaa
aaaa
aaaa
aaaa
aaaa
aaaa
aaaa
aaaa
aaaa
aaaa
aaaa
aaaa
aaaa
aaaa
aaaa
aaaa
aaaa
aaaa
aaaa
aaaa
aaaa
aaaa
aaaa
aaaa
aaaa
aaaa
aaaa
aaaa
aaaa
aaaa
aaaa
aaaa
aaaa
aaaa
aaaa
aaaa
aaaa
aaaa
aaaa
aaaa
aaaa
aaaa
aaaa
aaaa
aaaa
aaaa
aaaa
aaaa
aaaa
aaaa
aaaa
aaaa
aaaa
aaaa
aaaa
aaaa
aaaa
aaaa
aaaa
aaaa
aaaa
aaaa
aaaa
aaaa
aaaa
aaaa
aaaa
aaaa
aaaa
aaaa
aaaa
aaaa
aaaa
aaaa
aaaa
aaaa
aaaa
aaaa
aaaa
aaaa
aaaa
aaaa
aaaa
aaaa
aaaa
aaaa
aaaa
aaaa
aaaa
aaaa
aaaa
aaaa
aaaa
aaaa
aaaa
aaaa
aaaa
aaaa
aaaa
aaaa
aaaa
aaaa
aaaa
aaaa
aaaa
aaaa
aaaa
aaaa
aaaa
aaaa
aaaa
aaaa
aaaa
aaaa
aaaa
aaaa
aaaa
aaaa
aaaa
aaaa
aaaa
aaaa
aaaa
aaaa
aaaa
aaaa
aaaa
aaaa
aaaa
aaaa
aaaa
aaaa
aaaa
aaaa
aaaa
aaaa
aaaa
aaaa
aaaa
aaaa
aaaa
aaaa
aaaa
aaaa
aaaa
aaaa
aaaa
aaaa
aaaa
aaaa
aaaa
aaaa
aaaa
aaaa
aaaa
aaaa
aaaa
aaaa
aaaa
aaaa
aaaa
aaaa
aaaa
aaaa
aaaa
aaaa
aaaa
aaaa
aaaa
aaaa
aaaa
aaaa
aaaa
aaaa
aaaa
aaaa
aaaa
aaaa
aaaa
aaaa
aaaa
aaaa
aaaa
aaaa
aaaa
aaaa
aaaa
aaaa
aaaa
aaaa
aaaa
aaaa
aaaa
aaaa
aaaa
aaaa
aaaa
aaaa
aaaa
aaaa
aaaa
aaaa
aaaa
aaaa
aaaa
aaaa
aaaa
aaaa
aaaa
aaaa
aaaa
aaaa
aaaa
aaaa
aaaa
aaaa
aaaa
aaaa
aaaa
aaaa
aaaa
aaaa
aaaa
aaaa
aaaa
aaaa
aaaa
aaaa
aaaa
aaaa
aaaa
aaaa
aaaa
aaaa
aaaa
aaaa
aaaa
aaaa
aaaa
aaaa
aaaa
aaaa
aaaa
aaaa
aaaa
aaaa
aaaa
aaaa
aaaa
aaaa
aaaa
aaaa
aaaa
aaaa
aaaa
aaaa
aaaa
aaaa
aaaa
aaaa
aaaa
aaaa
aaaa
aaaa
aaaa
aaaa
aaaa
aaaa
aaaa
aaaa
aaaa
aaaa
aaaa
aaaa
aaaa
aaaa
aaaa
aaaa
aaaa
aaaa
aaaa
aaaa
aaaa
aaaa
aaaa
aaaa
aaaa
aaaa
aaaa
aaaa
aaaa
aaaa
aaaa
aaaa
aaaa
aaaa
aaaa
aaaa
aaaa
aaaa
aaaa
aaaa
aaaa
aaaa
aaaa
aaaa
aaaa
aaaa
aaaa
aaaa
aaaa
aaaa
aaaa
aaaa
aaaa
aaaa
aaaa
aaaa
aaaa
aaaa
aaaa
aaaa
aaaa
aaaa
aaaa
aaaa
aaaa
aaaa
aaaa
aaaa
aaaa
aaaa
aaaa
aaaa
aaaa
aaaa
aaaa
aaaa
aaaa
aaaa
aaaa
aaaa
aaaa
aaaa
aaaa
aaaa
aaaa
aaaa
aaaa
aaaa
aaaa
aaaa
aaaa
aaaa
aaaa
aaaa
aaaa
aaaa
aaaa
aaaa
aaaa
aaaa
aaaa
aaaa
aaaa
aaaa
aaaa
aaaa
aaaa
aaaa
aaaa
aaaa
aaaa
aaaa
aaaa
aaaa
aaaa
aaaa
aaaa
aaaa
aaaa
aaaa
aaaa
aaaa
aaaa
aaaa
aaaa
aaaa
aaaa
aaaa
aaaa
aaaa
aaaa
aaaa
aaaa
aaaa
aaaa
aaaa
aaaa
aaaa
aaaa
aaaa
aaaa
aaaa
aaaa
aaaa
aaaa
aaaa
aaaa
aaaa
aaaa
aaaa
aaaa
aaaa
aaaa
aaaa
aaaa
aaaa
aaaa
aaaa
aaaa
aaaa
aaaa
aaaa
aaaa
aaaa
aaaa
aaaa
aaaa
aaaa
aaaa
aaaa
aaaa
aaaa
aaaa
aaaa
aaaa
aaaa
aaaa
aaaa
aaaa
aaaa
aaaa
aaaa
aaaa
aaaa
aaaa
aaaa
aaaa
aaaa
aaaa
aaaa
aaaa
aaaa
aaaa
aaaa
aaaa
aaaa
aaaa
aaaa
aaaa
aaaa
aaaa
aaaa
aaaa
aaaa
aaaa
aaaa
aaaa
aaaa
aaaa
aaaa
aaaa
aaaa
aaaa
aaaa
aaaa
aaaa
aaaa
aaaa
aaaa
aaaa
aaaa
aaaa
aaaa
aaaa
aaaa
aaaa
aaaa
aaaa
aaaa
aaaa
aaaa
aaaa
aaaa
aaaa
aaaa
aaaa
aaaa
aaaa
aaaa
aaaa
aaaa
aaaa
aaaa
aaaa
aaaa
aaaa
aaaa
aaaa
aaaa
aaaa
aaaa
aaaa
aaaa
aaaa
aaaa
aaaa
aaaa
aaaa
0255
095a
056a
056a
056a
056a
056a
056a
ffaa
ffab
ffaf
ffbf
ffff
ffff
ffff
ffff
aa00
fc3b
f0ee
c000
c000
f000
feaa
ffff
8888
aaaa
aaaa
ffff
ffff
ffff
ffff
ffff
0255
095a
0560
0560
0560
0560
0560
0560
056a
056a
056a
056a
056a
056a
056a
056a
0560
0560
0560
0560
0560
0560
0560
0560
ffff
ffff
ffff
ffff
ffff
ffff
aaaa
0000
8888
aaaa
2222
88aa
2aaa
aaaa
aaaa
aaaa
aaa8
aaa0
aa80
aa00
a800
a000
8000
0000
0000
0000
0000
0000
0000
0000
0000
0000
8888
aaaa
2222
8888
2222
bbbb
eeee
bbbb
8888
aaaa
aaaa
bfff
bfff
bfff
bfff
afff
0808
020a
800a
f00f
fc0f
ff03
fc54
fc54
a688
a6aa
a6aa
f6eb
56eb
aaeb
ffeb
ffeb
aaaa
0000
0000
aaaa
0000
aaaa
0000
aaaa
aaaa
0000
0000
aaaa
0000
aaaa
0000
aaaa
aaaa
0000
0000
aaaa
0a00
a6aa
2680
a6aa
8888
aaaa
aaaa
ffff
fd55
fdaa
fdbf
fdbf
ffea
fffa
ffff
ffff
ffff
ffff
ffff
ffff
bfff
ffff
ffff
ffff
ffff
ffff
ffff
ffff
aaab
aaab
ffff
ffff
ffff
ffff
bfff
bfff
fdba
fdba
fdba
fdba
f9aa
f82a
f9aa
feaa
ffff
ffff
ffff
ffff
ffff
ffff
ffff
ffff
fc54
ff02
fffa
fffe
ffff
ffff
ffff
ffff
abff
abff
abff
afff
ffff
ffff
ffff
ffff
0000
3000
0ff0
0d60
0d60
0ea0
0aa0
2aa8
0000
3000
0ff0
0d60
0d60
0ea0
0aa0
2aa8
0000
3000
0ff0
0ea0
0ea0
0ea0
0aa0
2aa8
0000
0000
0000
0000
0000
0000
0000
0000
0000
0000
0000
0000
0000
0000
0000
0000
8888
aaaa
aaaa
ffff
ffff
ffff
afff
abff
8888
aaaa
aaaa
ffff
ff03
fc54
fc74
fc74
0aa0
0aa0
0aa0
0aa0
0aa0
0aa0
0aa0
0aa0
0aa0
0aa0
0aa0
0aa0
0aa0
0aa0
0aa0
0aa0
0aa0
0aa0
0000
0000
0000
0000
0000
0000
0000
0000
0000
0000
0000
0000
0000
0000
ffff
ffff
ffaa
ffaa
ffaa
0000
0000
0000
aaaa
ffff
fffc
aaaa
fc00
aaaa
0000
aaaa
aaaa
003f
00ff
aaaa
3fff
aaaa
fffc
aaaa
aaaa
0000
0000
aaaa
0000
aaaa
0003
aaaa
aaaa
0000
0000
aaaa
0000
aaaa
0000
aaaa
aaaa
0000
0000
aaaa
0000
aaaa
0000
aaaa
aaaa
0000
0000
aaaa
0000
aaaa
0000
aaaa
3bbb
2eee
3bbb
2eee
3bbb
2eee
3bbb
2eee
3fff
3fff
3fff
3fff
3fff
3fff
3fff
3fff
ff0e
ff03
ff30
ff0c
ff33
ff0c
ff33
ff0c
ffff
efff
ffff
bfff
fbff
bfff
efbf
bfff
2fff
2fff
2fff
2fff
2fff
2fff
2fff
2fff
a888
6aaa
9aaa
e6bf
f9af
fdab
fdaa
fdba
8a88
a9aa
a9aa
fdba
fdba
fdba
fdba
fdba
8888
aaaa
aaaa
ffff
a28a
a28a
a28a
a28a
a6a6
aa9a
ffff
0000
0000
ffff
ffff
ffff
95aa
0540
f13f
0000
0000
fcff
cfff
ffff
ffff
ffff
ffff
ffff
0000
0000
0000
0000
3fff
ffff
ffff
fc3f
0110
2660
19a8
0000
ffff
ffff
ffff
ffff
ffff
0000
ffff
aa6a
ffff
ffff
ffff
ffff
ffff
fc00
fcff
fc38
0033
000c
0003
0000
0000
0000
0000
0000
14bb
00ae
aabb
eeee
bbbb
0000
ffff
aaaa
14bf
00bf
aabf
ffff
ffff
0000
ffff
8000
aaaa
0000
ffff
0000
0000
ffff
ffff
fffc
32aa
0caa
ff2a
002a
00aa
fcaa
3caa
fcaa
aaaa
aaaa
aaaa
aaaa
aaaa
aaaa
2aaa
caaa
fcaa
fcaa
3caa
fcaa
002a
000a
0002
0000
ffff
ffff
ffff
ffff
0000
4000
0000
0000
5555
5555
7fd5
7f95
7f95
6a95
6a95
5555
bbbb
eeee
bbbb
eeee
bbbb
ec00
b8ff
ec3a
bb0c
ee03
bb00
ee00
bb00
ee00
bb00
ee00
0000
0000
0000
0000
0000
0000
0000
0000
5555
5555
5555
5555
55aa
55aa
55aa
55aa
55aa
55aa
55aa
55aa
55aa
55aa
55aa
55aa
ffaa
ffaa
ffaa
ffaa
ffaa
ffaa
ffaa
ffaa
8888
aaaa
aaaa
ffff
ffff
ffbf
febf
ffff
ffff
f55f
ffff
f55f
ffff
f55f
ffff
ffff
ffff
f14f
ffff
f14f
ffff
f14f
ffff
ffff
ffff
ffff
ffff
ffff
a28a
a28a
a28a
a28a
ffff
ffff
f3ff
ffff
ff22
f388
ffa2
ffaa
ffff
ffff
ffff
ffff
2222
8888
2222
aaaa
aaaa
aaaa
aaaa
aaaa
aaaa
aaaa
aaaa
aaaa
ffff
d777
df57
f777
d777
ffff
ffff
ffff
0000
baba
ebab
0000
0000
0000
aaaa
ffff
aaaa
ffff
ffff
ffff
ffff
ffff
ffff
ffff
ffff
7755
77dd
77dd
57dd
ffff
ffff
ffff
ffff
77d5
f7d7
f7df
f5d5
ffff
ffff
ffff
aaaa
aaaa
aaaa
aaaa
aaaa
aaaa
aaaa
aaaa
aaaa
aaaa
aaaa
aaaa
aaaa
aaaa
aaaa
aaaa
fff1
fff1
fff1
fff1
fff2
fff1
fff2
fff2
c00f
eaaf
ffff
cccf
ffff
cccf
ffff
ffff
ffff
ffff
ffff
ffff
ffff
ffff
fff0
fff1
ffff
ffff
ffff
eaab
ffff
ffff
0000
599a
aaaa
aaaa
aaaa
aaaa
aaaa
aaaa
aaaa
aaaa
aaaa
0000
ffff
aaaa
aaaa
ffff
ffff
ffff
ffff
ffff
ffff
ffff
ffff
ffff
0fff
8fff
8ebf
8ebf
8ebf
8ebf
8ebf
8ebf
8ebf
8ebf
8ebf
0ebf
febf
aabf
aabf
ffff
ffff
ffff
aa6a
affa
aff6
aff6
aff6
aff6
aff6
a95a
aaaa
aaaa
affa
acf6
aff6
aff6
aff6
aff6
aaaa
aaaa
bffa
bcf6
bff6
bff6
bff6
bff6
bff6
bff6
bff6
bff6
bff6
a556
aaaa
aaaa
afda
a96a
aaaa
a95a
a956
a956
aa5a
aaaa
aaaa
aa9a
a6aa
aaaa
a6aa
aaaa
6aaa
aaaa
8888
aaaa
aaaa
ffff
ffff
ffff
fff0
fff1
8888
aaaa
aaaa
ffff
ffff
ffff
0000
599a
8888
aaaa
aaaa
ffff
ffff
ffff
0000
aaaa
0000
0002
0000
0000
0000
0000
0000
0000
a222
0888
0222
0088
0022
0008
0002
0000
aaaa
aaaa
aaaa
aaaa
aaaa
aaaa
aaaa
aaaa
aaaa
aaaa
aaaa
aaaa
aaaa
aaaa
aaaa
0000
aaff
aaff
aaff
aaff
aaff
aaff
aaaa
aa00
aaff
aaff
aaff
aaff
aaff
aaff
aaff
aaff
aaaa
aaaa
aaaa
aaaa
aaaa
aaaa
aaaa
aaaa
aaaa
8888
aaaa
ffff
afff
abff
aaff
aaff
aaaa
aaaa
aaaa
ffff
aaaa
aaaa
aaaa
aaaa
aaaa
0000
0000
aaaa
0280
aaaa
09a0
a9aa
aaaa
aaaa
aaaa
aaaa
aaaa
aaaa
aaaa
aaaa
89a8
a9aa
a9aa
a5aa
56aa
aaaa
aaaa
aaaa
8888
aaaa
aaaa
aaaa
5555
aaaa
aaaa
aaaa
8888
0aaa
82aa
a02a
5605
a98a
a982
a9a2
8888
aaaa
aaaa
aaaa
aa55
a96a
a9aa
a9aa
0180
0180
0280
0000
0000
0000
0000
0000
aaaa
aaaa
aaa8
aaa8
aaa0
aaa0
aa80
aa80
aa80
aa80
aa80
aa80
aa80
aa80
aa80
aa80
0000
0004
1144
0000
aaaa
aaaa
aaaa
aaaa
02aa
02aa
02aa
02aa
aaaa
aaaa
aaaa
aaaa
a9a0
a9a8
a66a
a56a
a9aa
aaaa
aaaa
aaaa
aaaa
0aaa
802a
aa00
aaaa
aaaa
aaaa
aaaa
aaaa
aaaa
aaaa
aaaa
aaaa
aaaa
aaaa
aaaa
ffff
c303
cfcf
f3cf
c3cf
ffff
ffff
ffff
ffff
0303
33cf
03cf
33cf
ffff
ffff
ffff
ffff
3033
3330
3333
3033
ffff
ffff
ffff
ffff
cfff
cfff
0fff
cfff
ffff
ffff
ffff
ffff
f57f
f5df
f5f7
f5dd
f5fd
ffff
ffff
ffff
d7ff
d7ff
d7ff
d7ff
d557
ffff
ffff
ffff
55fd
5f7d
5fdd
555d
5ffd
ffff
ffff
ffff
ff75
ff75
ff75
5575
ff75
ffff
ffff
ffff
7fff
dfff
f7ff
ddff
fdff
ffff
ffff
ffff
d57f
d77f
d757
d7f7
d557
ffff
ffff
ffff
555d
5fff
5d7f
5fff
555f
ffff
ffff
ffff
5575
d7f5
d7f5
d7f5
d7f5
ffff
ffff
ffff
cf03
cf0f
cf3f
c303
ffff
ffff
ffff
ffff
3303
330f
0f3f
3f03
ffff
ffff
ffff
ffff
3fff
3cff
3fff
0cff
ffff
ffff
ffff
ffff
f030
f3f0
f3f3
f030
ffff
ffff
ffff
ffff
3fff
cfff
3fff
cfff
ffff
ffff
ffff
ffff
0c0f
3c3f
3cff
0c0f
ffff
ffff
ffff
ffff
0303
3333
0303
3f33
ffff
ffff
ffff
ffff
ffc3
ffcf
fff3
ffc3
ffff
ffff
ffff
ffff
33cc
f0cf
f30f
33cf
ffff
ffff
ffff
ffff
f555
f5ff
f5dd
f5fd
f555
ffff
ffff
ffff
d5ff
d77f
d7d7
d777
d7f7
ffff
ffff
ffff
5fdd
5fdd
575d
5ddd
5fdd
ffff
ffff
ffff
7f75
7f75
5d75
7775
7f75
ffff
ffff
ffff
ffff
ffff
ffff
ffff
ffff
ffff
ffff
ffff
f557
fddf
fddf
f557
ffff
ffff
ffff
ffff
5575
d7f5
d7f5
d7f5
d7f5
ffff
ffff
ffff
d7fd
d7ff
d7ff
d7ff
d557
ffff
ffff
ffff
f555
f5ff
75d7
75ff
7555
ffff
ffff
ffff
fd57
fd7d
fd7f
fd7f
fd55
ffff
ffff
ffff
ddf7
dd77
ddd7
ddf7
ffff
ffff
ffff
ffff
5757
df5f
df7f
df57
ffff
ffff
ffff
ffff
5f5d
777f
5fdf
775f
ffff
ffff
ffff
ffff
5d5d
7d7d
7dfd
7d5d
ffff
ffff
ffff
ffff
f7d5
f7dd
f7d5
75dd
ffff
ffff
ffff
ffff
d7ff
ddff
d7ff
ddff
ffff
ffff
ffff
ffff
d7d5
dddd
d7dd
ddd5
ffff
ffff
ffff
ffff
d5d5
ddf7
ddf7
d5f7
ffff
ffff
ffff
ffff
fd5d
fdfd
fdfd
fd5d
ffff
ffff
ffff
ffff
5df7
7df7
fdf7
5d75
ffff
ffff
ffff
ffff
d5d7
dddd
d5d7
dddd
ffff
ffff
ffff
ffff
ffff
ffff
ffff
ffff
ffff
ffff
ffff
0200
0800
2aa8
aa80
a000
0000
0000
0000
0000
0000
00a0
0aaa
aaaa
aaaa
0ea8
0000
0000
8000
aa80
aaaa
aaaa
a0ea
0000
0000
0000
000a
2aaa
03aa
003a
0000
0002
0000
0000
0000
0000
0000
0000
0000
0000
0000
ffff
0c0c
3c3c
3cfc
3c0c
ffff
ffff
ffff
0888
aaaa
aaaa
aaaa
aaaa
aaaa
aaaa
aaaa
8888
aaaa
aaaa
aaaa
aaaa
aaaa
aaaa
aaaa
aaaa
aaaa
0000
0000
0000
0000
0000
0000
5555
5555
5555
5555
aaaa
aaaa
aaaa
aaaa
5555
7ffd
7aee
7ffe
7bbe
7ffe
5aaa
5555
ffff
ffff
ffff
ffff
ffff
ffff
ffff
ffff
ffff
ffff
ffff
ffff
ffff
ffff
ffff
ffff
ffff
ffff
ffff
ffff
ffff
ffff
ffff
ffff
ffff
03ff
0fff
3fff
03ff
ffff
ffff
ffff
ffff
0303
333f
033f
3303
ffff
ffff
ffff
ffff
0f03
330f
0f3f
333f
ffff
ffff
ffff
ffff
c333
cf33
f333
c303
ffff
ffff
ffff
ffff
03ff
30c3
0cff
00ff
ffff
ffff
ffff
ffff
feaf
feaf
feaf
feaf
fe6f
fe6f
fe6f
aaaa
aaaa
affe
beaf
baab
baab
beaf
affe
ffff
feaf
feaf
feaf
feaf
feaf
feaf
feaf
fe6f
fe6f
fe6f
fe6f
fe6f
fe6f
feaf
ffff
feaf
feaf
feaf
fe6f
fe6f
fe6f
feaf
ffff
abfa
5bf9
56e5
55d5
5595
5555
5555
5555
aaaa
55aa
556a
555a
5556
5555
5555
5555
5555
5555
5ff5
5ff5
5ff5
5aa5
5555
5555
2fff
2fff
2fff
2fff
2fff
2fff
2aaa
0000
ffff
c333
cf33
f333
c303
ffff
ffff
ffff
ffff
57ff
5fff
7fff
57ff
ffff
ffff
ffff
ffff
d5d7
dddf
d5f7
ddd7
ffff
ffff
ffff
ffff
f757
7775
d75d
f755
ffff
ffff
ffff
ffff
5d5d
dddd
dddd
5d5d
ffff
ffff
ffff
ffff
dfdd
d75d
dddd
dfdd
ffff
ffff
ffff
ffff
3fff
3fff
3fff
0fff
ffff
ffff
ffff
ffff
cfcc
cccc
c30c
cfcc
ffff
ffff
ffff
ffff
d5d5
dfdd
dfdd
d5d5
d5d5
ffff
ffff
ffff
df77
df75
df77
d777
d777
ffff
ffff
ffff
ddd7
dfdf
5fd7
dff7
dfd7
ffff
ffff
ffff
f5f5
f777
f5f7
f775
f775
ffff
ffff
ffff
75dd
77dd
77d7
75dd
75dd
ffff
ffff
ffff
c0c0
f3cc
f3cc
f3c0
ffff
ffff
ffff
ffff
cc0f
0c3f
ccff
cc0f
ffff
ffff
ffff
ffff
c0cf
ccc3
cccc
c0cf
ffff
ffff
ffff
ffff
0cf0
3cf3
fcf3
0c30
ffff
ffff
ffff
ffff
f5f7
f777
f577
f577
f7f5
ffff
ffff
ffff
57f7
5ff5
7ff7
57f7
ffff
ffff
ffff
ffff
dd5f
dddf
5ddf
dd5d
ffff
ffff
ffff
ffff
f75f
f7df
f77f
f75f
ffff
ffff
ffff
ffff
d5df
ddd7
d5dd
dddf
dddf
ffff
ffff
ffff
7575
77fd
75fd
77fd
757d
ffff
ffff
ffff
7fff
ffff
ffff
ffff
ffff
ffff
ffff
ffff
ffff
ffff
ffff
ffff
ffff
ffff
ffff
ffff
7577
f775
7777
7577
7577
ffff
ffff
ffff
f575
7777
f577
7775
7775
ffff
ffff
ffff
f5f5
f777
f775
f577
f5f7
ffff
ffff
aaaa
aaaa
aaaa
aaaa
aaaa
aaaa
aaaa
aaaa
ffff
5f57
7775
5f5d
7755
ffff
ffff
ffff
ffff
5757
df77
df57
df77
ffff
ffff
ffff
ffff
ffd7
ffdf
fff7
ffd7
ffff
ffff
ffff
ffff
f77f
f77f
f55f
ff7f
ffff
ffff
ffff
ffff
f57f
ff7f
fdff
fdff
ffff
ffff
ffff
aaaa
aaaa
aaaa
aaaa
aaaa
aaaa
a6aa
a6aa
aaaa
aaaa
aaaa
aaaa
aaaa
aaaa
aaaa
aaaa
aaaa
aaaa
aaaa
aaaa
aaaa
aaaa
aaaa
aaaa
aaaa
aaaa
aaaa
aaaa
aaaa
aaaa
aaaa
aaaa
aaaa
aaaa
aaaa
aaaa
aaaa
aaaa
aaaa
aaaa
aaaa
aaaa
99a6
9966
9966
9996
9996
99a6
aaaa
aaaa
5965
69a6
5965
69a9
6965
6965
aaaa
aaaa
9596
a69a
a696
a69a
a696
a696
aaaa
aaaa
5aaa
66aa
66aa
66aa
56aa
5aaa
aaaa
aaaa
aaaa
aaaa
aaaa
aaaa
aaaa
aaaa
aaaa
aaaa
aaaa
aaaa
aaaa
aaaa
aaaa
aaaa
aaaa
aaaa
aaaa
aaaa
aaaa
aaaa
aaaa
aaaa
aaaa
aaaa
aaaa
aaaa
aaaa
aaaa
aaaa
aaaa
aaaa
aaaa
95aa
a6aa
a6aa
a6aa
a6aa
a6aa
aaaa
aaaa
9596
9a99
9699
9a96
9599
9599
aaaa
aaaa
959a
999a
959a
999a
9995
9995
aaaa
aaaa
a6aa
66aa
66aa
96aa
96aa
a6aa
aaaa
aaaa
9959
99a9
9969
99a9
9959
9959
aaaa
aaaa
959a
999a
959a
999a
9995
9995
ffff
aaaa
aaaa
aaaa
aaaa
aa44
a111
a400
eaaa
eaaa
eaaa
eaaa
eaaa
eaaa
eaaa
eaaa
eaaa
eaaa
eaaa
eaa8
eaa8
eaa8
eaa8
eaa1
9aaa
a555
9000
6830
8000
0000
0000
0098
0020
00c0
0000
0002
0000
0000
202f
2000
ffff
aaaa
aaaa
aaaa
aaaa
aaaa
0aaa
02aa
82aa
52aa
04aa
00aa
00aa
00aa
02aa
1aaa
22aa
02aa
32aa
02aa
02aa
02aa
02aa
0a2a
ffff
aaaa
aaaa
aaaa
aaaa
aaa5
aa9e
aa0a
ffff
aaaa
aaaa
aaaa
9aaa
aaaa
aaaa
80aa
ffff
aaab
aaab
aaab
aaab
aaab
aaab
aaab
aaab
aaab
aaab
aaab
aaab
2aab
2aab
2aab
2aab
2aab
2aab
aaab
aaab
aaab
aaab
aaab
0000
0300
0000
8008
000a
a00a
082a
802a
00aa
002a
002a
002a
0a2a
a00a
2a08
0008
a80a
a80a
a802
a800
a880
a028
a0a8
a000
a800
a800
a800
a802
a802
aa08
aa20
aa00
002b
000b
0002
8002
e00a
e829
ea95
ffff
ebff
eaff
eafe
eaff
aaff
aaff
2aff
0aaf
ffff
ffff
febf
faff
baff
abff
abff
ebff
ea84
ea81
eaa0
eaaa
ebfa
bffa
fffe
ffff
aaaa
aaaa
aaaa
aaaa
aaaa
aaaa
aaaa
aaab
aaaf
aaab
aa82
aa02
aa00
a800
a000
a002
a02a
a02a
a00a
a00a
a802
aa00
aa80
aaa0
02aa
00be
02bf
0aff
abff
afff
ffff
ffff
ffea
ffea
ffea
ffea
bfaa
6a6a
556a
ffff
ffff
ffef
ffaf
aabb
ebee
fffe
fffa
fffa
fffe
fff0
fffe
ffff
ffff
ffff
ffff
ffff
955a
956b
55af
55bf
56be
5af9
6be6
6f99
aaaa
aaaa
aaaa
aaaa
aaaa
aaa9
aaa9
aaa9
aaaa
aaaa
aaab
aaaa
aaaa
aaaa
aaaa
aaaa
be66
f999
ea66
aeaa
ffff
bfff
afff
aaaa
6555
9556
556a
aaaa
ffff
ffff
fafa
aaaa
e955
fa95
ffa9
affe
aabf
99aa
6666
9955
aaaa
aaba
aaaa
aaaa
aaaa
aaaa
aaaa
aaaa
ffff
ffff
ffff
ffff
ffff
aaaa
ffff
aaaf
ffff
ffff
ffff
ffff
ffff
ffff
bfff
efff
efff
efff
efff
efff
efff
efff
efff
efff
aaab
555a
5556
5556
5556
5556
5556
5556
ffff
ffff
ffff
ffff
ffff
ffff
ffff
ffff
ffff
ffbf
ffff
ffef
fbff
efff
fffb
ffff
ffff
ffff
fffe
ffff
ffff
ffff
ffff
ffff
aaaa
aaaa
aaaa
aaaa
aaaa
aaaa
ffff
ffff
aaaa
aaaa
aaaa
aaaa
aaaa
ffaa
eabf
ffff
ffff
ffff
ffff
ffff
bfff
efff
ffef
fbff
aaaa
aaaa
aaaa
aaaa
aaaa
aaaa
eaab
feff
fffe
ffff
eeef
fbbb
ffee
ffff
ffff
ffff
efff
ffff
ffff
bfff
eeef
bbbb
eeee
ffba
bfff
ffff
ffff
ffff
ffff
ffff
ffbf
efff
ffff
ffff
ffff
ffff
ffff
ffef
fbff
ffff
aaaa
aaaa
aaaa
aaaa
aaaa
aaaa
aaaa
aaaa
aaaa
aaaa
aaaa
aaaa
aaaa
aaaa
aaaa
aaaa
5556
5556
5556
555b
aaaf
ffff
aaaa
aaaa
efff
efff
efff
effe
ebbf
affe
bfbe
fffa
feff
effa
ffaf
eefb
fbbf
eeff
afff
bfff
eeeb
fbaf
aabf
c2ff
abff
efff
bfff
bfff
ffff
feee
eaaa
8fff
aaaa
ffff
ffff
fffe
fffa
aabb
efbb
aaaa
aaae
aaaa
aaab
aaaa
ffff
ffff
bfff
efff
fbbf
aeee
abbb
aaaa
aaaa
aaaa
aaaa
aaaa
aaaa
aaaa
aaaa
aaaa
ffff
ffff
ffff
ffff
ffbe
eefb
baae
aaaa
aaaa
aaaa
aaaa
aaaa
aaaa
aaaa
aaaa
aaaa
beff
abef
aaaa
aaaa
aaaa
aaaa
aaaa
aaaa
ffff
ffff
bfff
aaab
aaaa
aaaa
aaaa
aaaa
ffff
ffff
fffb
ffff
aaaa
aaaa
aaaa
aaaa
ffff
ffff
ffff
fbfe
bfff
aaaa
aaaa
aaaa
feff
fffe
ffff
fefb
fffe
afff
aaaa
aaaa
feef
fbbf
eeff
bbff
efff
bfff
ffff
efff
ffee
fefe
fbef
ffbf
bbff
efff
ffff
ffff
ffff
ffff
ffff
ffff
ffff
ffff
ffee
ffbb
ffff
ffff
ffff
ffff
ffee
ffff
fefb
bbff
ffee
fffb
fffe
ffff
ffff
ffff
ffff
ffff
aa5a
a96a
a5aa
96aa
5aaa
6aaa
aaaa
aaaa
aaaa
aaaa
aaaa
aaaa
aaaa
aaa9
aaa5
aa96
aaaa
aaaa
aaaa
aaaa
aaaa
aaa9
aaa5
aa96
aa5a
a96a
a5aa
a6aa
a6aa
a6aa
a6aa
a6aa
a6aa
a6aa
a6aa
a6aa
a6aa
a6aa
a6aa
a6aa
aaa5
aaca
a5a2
caaa
aaa6
6a95
aa95
aa55
aa55
aa55
aa55
a955
a955
aa5a
ab82
aa40
5555
aaaa
5556
5555
9555
9555
5555
5555
5555
5555
5a95
6a55
a654
7651
9641
aa41
5555
aaaa
aaaa
aaaa
6aaa
5aaa
5aaa
56aa
56aa
56aa
56aa
56aa
56aa
56aa
5aaa
5aa0
aaaa
aaaa
aaaa
aaaa
aaaa
aaaa
aaaa
fc2a
55aa
a96a
aa5a
aa96
aaa5
aaa9
aaaa
aaaa
e0ca
8a32
a8a2
8022
0020
002b
002f
a02e
aaaa
aaaa
aaaa
aaaa
aaaa
aaaa
aaaa
aaaa
b80a
0028
0020
0000
0000
2002
080a
000a
6a83
aaaf
6a2e
6a0a
6a00
6a00
6800
6880
6a22
2a00
aa00
ba00
ea00
a62a
a600
9600
2801
0005
4066
1059
8069
0165
0685
5a01
a001
a801
aa01
9a01
9aaa
5bab
5afe
56aa
aa48
aa40
aa00
aaaa
aa46
aa01
aaa4
aa95
aaaa
faaa
ffaa
80ea
003a
000a
0002
002a
aaaa
aaaf
aa3f
aa3f
a83a
a020
a800
a280
a0ef
a3ef
afaa
aa82
ab8f
abeb
abff
aaff
a020
a00a
ab8a
aa0a
a00a
a002
a000
a0a8
0082
aa03
a00f
a03f
a0fc
8038
0030
0030
c00a
f00a
ffca
abaa
ffaa
feaa
fe2a
e8ae
aaef
aaaa
6a96
5a95
9695
a595
a96a
aa59
aaba
aae9
bfa9
aaa5
6a95
a955
9555
5557
555e
9559
6556
5955
9655
a595
a96a
aa55
d6a5
95a5
5665
55a5
5665
55a5
aaaa
5555
56a9
56a9
56aa
56a9
56aa
55a9
aaaa
5555
5955
5956
5a59
5666
5696
965a
a96a
55aa
98aa
582a
aa09
0009
000a
0002
0002
8002
956a
556a
55aa
55aa
56aa
5aaa
6aaa
6aaa
55aa
556a
556a
955a
a55a
a95a
a55a
a56a
5555
5555
5555
5655
5655
5695
5595
55a5
aa9a
6a9a
6a9a
5a9a
5a9a
565a
566a
55aa
aaaa
aaaa
aaaa
aaaa
aaaa
555a
5556
5555
aa9a
aa9a
aa9a
aa9a
aa9a
aa9a
aa9a
aa9a
000a
002a
002a
008a
020a
0a0a
a80a
a02e
5602
5580
5580
5d80
7b80
6680
59a0
56aa
556a
96a5
aa55
a555
a555
a955
a995
aa66
aa99
aa66
aa99
aaa6
96aa
556a
5556
5555
5555
5555
5655
5655
5655
5595
5595
5595
99a6
6696
9a56
6695
9a55
aa95
aa5a
aa99
80ba
eae9
bfa9
aaa5
6a95
a955
9555
5557
d569
5569
556a
5566
5596
565a
596a
6aaa
aa59
6a96
6a96
6a95
5aa5
5aa5
5aa9
56a5
555e
5555
5556
9555
9555
a555
6555
6555
aa96
aaa5
aaa9
aaaa
aaaa
aaaa
aaaa
aaaa
2800
2200
20a0
a02a
a00a
f80a
fea8
ffaa
082a
08a0
2880
aa80
8a00
a600
4200
9800
a000
4800
8800
e000
e000
bfff
baaa
baaa
bfff
e000
e000
e028
a000
a800
a808
a800
a800
aa00
aa80
aaa8
aafe
abff
afff
ffff
fc02
0002
0002
000b
002b
00ab
00ab
00ab
02b6
001b
00af
0021
0012
ffab
affa
afe2
aa80
aa80
2a82
2aaa
0a92
0a4a
012e
00bd
00aa
008a
828b
8a0b
a82f
80bf
aaff
3fff
bfff
ffff
ffff
0fff
bfff
ffff
ffff
ffff
ffff
ffff
ffff
ffff
ffff
ffff
ffff
ffff
ffff
afff
faff
feff
ffaa
ffe5
fff9
ffff
aaab
aaab
faab
ffab
ffeb
fffb
fffe
ffff
fffe
fbfa
eaf8
fae0
faa0
fea0
fea8
feaa
feab
feab
feab
feaa
feaa
fea8
faa0
fa00
f800
e000
e002
e002
a80b
6a2b
5aab
ffff
802a
802a
80aa
00aa
02aa
0aaa
0aaa
2aaa
aaaa
0aaa
0aaa
02aa
00aa
002a
002a
802a
aaa9
aaa5
aaa6
aa96
aa9a
aa5a
aa6a
aa6a
aaaa
aaaa
aaaa
aaaa
aaaa
aaaa
aaaa
aaa9
abe8
a9e0
aa88
ab80
ab80
9680
5a80
6a80
aaaa
aaab
aa8f
aa3f
aaff
aaff
a8ff
abfe
82aa
ffca
fff2
fff2
fbf2
e2fc
8cbf
03bf
002f
00a3
0a0b
000b
c308
00cb
800b
000b
95aa
295a
ea95
eaa9
eaaa
faaa
feaa
faaa
000b
000b
002a
002a
008a
020a
a00a
202b
aaa0
aae0
aae0
aac8
aaf8
aab2
aabc
aaac
fa0a
f832
f8cc
e830
8000
8000
8a80
8be0
332a
ccca
3338
0000
0000
0a80
a5a0
9f68
aaaa
aaaa
aaaa
6aaa
5aaa
96aa
aaaa
8c2a
aaaa
aaaa
aaaa
2aaa
caaa
32aa
0eaa
30aa
aa6a
a96a
a9aa
a9aa
a9aa
a9aa
a9aa
a9aa
a9aa
aaaa
aafa
aaff
aaff
aabf
a9bf
a96a
aa6f
aa6b
aa5a
aa9a
aa96
aaa6
aaa5
aaa9
6a9a
5a5e
965b
a59e
a96b
aa56
aaa5
aaaa
aaa8
eaaf
fffc
bf0a
aaaa
aaaa
aaa9
aa9a
aafa
aabb
aaab
fffa
fffe
ffff
ffff
bffe
aaaa
aaa9
aaa5
aa96
aaaa
aaaa
aaaa
aaea
aa2f
55ab
555a
9556
aa55
aa95
aa95
bea5
fe99
bea5
be99
fa66
aa99
bfa6
ffe9
0f26
032a
c32a
3faa
beaa
aaaa
aa81
9a8d
6af5
abf6
afb6
fed6
abd6
ffd6
bf56
6aaa
5555
0021
0008
0002
0002
0029
0295
a95a
55aa
aaa8
aa15
aa15
aa15
aa15
5204
6a11
8284
6000
60a0
6028
6000
6000
a800
a800
aaaa
8940
a200
a000
a088
a000
6000
6000
6000
2558
0a20
0000
0000
0000
0002
0002
0002
00aa
00aa
00aa
00aa
80aa
02aa
0aaa
aaaa
0002
000a
000a
08aa
0a82
2802
8a09
1ea9
4bf9
1ea9
4fe5
5fe6
5f96
5f9a
165a
466a
196a
25aa
96aa
5aaa
6aaa
aaaa
aaaa
aaaa
6aaa
6aaa
6aaa
6aaa
6aaa
6aaa
6aaa
aaaa
aaaa
aaaa
aaaa
aaaa
aaaa
aaaa
aaaa
aaaa
aaaa
aaaa
aaaa
aaaa
aaaa
aaaa
aaaa
aaaa
aaaa
aaaa
aaaa
aaaa
aaaa
aaaa
aaaa
aaaa
aaaa
aaaa
aaaa
aaaa
aaaa
aaaa
aaaa
aaaa
aaaa
aaaa
aaaa
aaaa
aaaa
aaaa
aaaa
aaaa
aaaa
aaaa
aaaa
aaaa
aaaa
aaaa
aaaa
aaaa
aaaa
aaaa
aaaa
aaaa
aaaa
aaaa
aaaa
aaaa
aaaa
aaaa
aaaa
aaaa
aaaa
aaaa
aaaa
aaaa
aaaa
aaaa
aaaa
aaaa
aaaa
aaaa
aaaa
aaaa
aaaa
aaaa
aaaa
aaaa
aaaa
aaaa
aaaa
aaaa
aaaa
aaaa
aaaa
aaaa
aaaa
aaaa
aaaa
aaaa
aaaa
aaaa
aaaa
aaaa
aaaa
aaaa
aaaa
aaaa
b555
b555
b555
b555
b555
b555
bfff
aaaa
b575
b55d
b557
b555
b555
b555
b555
b555
aaaa
bfff
b555
b555
b5d5
b575
b55d
b557
aaaa
ffff
5555
5555
5555
5555
5555
5555
aaaa
fffe
555e
559e
965e
995e
aa5e
aa9e
aa9e
aa5e
a95e
aa5e
aa9e
aa9e
a95e
aa9e
aaae
aaae
aaae
aaae
9a9e
565e
fffe
aaaa
aaaa
a6aa
a6aa
95aa
95a5
5555
ffff
aaaa
d555
7555
5d55
d755
5555
5555
5555
5555
aaaa
aaaa
aaaa
aaaa
aaaa
aaaa
aaaa
aaaa
aaaa
aaaa
aaaa
aaaa
aaaa
aaaa
aaaa
aaaa
ffff
5f5d
777d
5fdd
775d
ffff
ffff
ffff
ffff
ddd7
dddd
5dd5
dddf
ffff
ffff
ffff
ffff
0000
0000
0000
0000
0000
0000
0000
afff
ac00
ac00
ac00
ac00
ac00
ac00
ac00
ac00
ac00
ac00
ac00
ac00
ac00
ac00
ac00
aaaa
8000
8000
8000
8000
8000
8000
8000
aaaa
0000
0000
0000
0000
0000
0000
0000
8000
8000
8000
8000
8000
8000
8000
8000
aaaa
aaaa
aaaa
aaaa
aaaa
aaaa
aaaa
aaaa
aaa9
aaaa
aaaa
aaaa
aaaa
aaaa
aaaa
aaaa
ffff
ffff
ffff
cfaa
feaa
eaaa
aaaa
a2a8
ffff
ffff
ff3f
f3ff
bceb
afaa
aaaa
aaaa
ffff
ffff
ffff
ffff
cccf
aab3
aaac
aaaa
0000
8000
2800
aa80
8aa8
a8aa
aaaa
aaaa
ffff
bfff
a33f
aaff
aab3
aaa3
aaab
aaaa
0800
0002
2002
0808
20aa
00aa
0a8a
2aaa
0000
0000
0000
0000
0200
aaaa
aaaa
aaaa
0000
0000
0000
000a
022a
0aaa
aaaa
aaaa
0000
0000
0000
0000
0000
0000
0000
0000
0000
0000
0000
0000
0000
0000
0000
0000
0000
0000
0000
0000
0000
0000
0000
0000
0000
0000
0000
0000
0000
0000
0000
0000
aaaa
aaaa
aaaa
aaaa
aaaa
aaaa
aaaa
aaaa
0000
0000
0000
0000
0000
0000
0000
0000
0000
0000
0000
0000
0000
0000
0000
0000
0000
0000
0000
0000
0000
0000
0000
0000
0000
0000
0000
0000
0000
0000
0000
0000
0000
0000
0000
0000
0000
0000
0000
0000
0000
0000
0000
0000
0000
0000
0000
0000
0000
0000
0000
0000
0000
0000
0000
0000
0000
0000
0000
0000
0000
0000
0000
0000
0000
0000
0000
0000
0000
0000
0000
0000
0000
0000
0000
0000
0000
0000
0000
0000
aaaa
aaaa
aaaa
aaaa
aaab
aaae
aab9
a9b9
26e9
96ea
5ba9
9ba7
6ba6
47a5
47a5
66ea
0000
0000
0002
000a
0021
0027
009d
0099
0095
0086
0026
0029
0025
0096
009a
0096
aeea
eabf
aaaa
5565
5555
5555
a969
169a
695a
9556
5555
5555
5555
5555
6555
baab
0096
00a6
002a
0009
0025
0025
0095
0092
aaaa
aa55
a555
9555
9555
5555
5555
555a
55aa
aaab
56ae
d6ba
5aea
6baa
aeaa
babb
eaaa
a666
9555
5555
5555
5565
aaa6
a5a9
5d6a
aaa9
9555
6a55
5555
5599
5556
9559
9aaa
56aa
55a8
55a8
55a8
55a8
5aa0
9a80
ba54
ae52
6aaa
5aa9
5a95
5a96
5a96
5a9a
e955
a555
9555
96aa
6856
65f4
a595
e954
aaaa
5aaa
55aa
556a
56fe
5bab
6eaa
ba56
aaaa
aaaa
aaaa
aaaa
aaaa
aaaa
eaaa
baaa
a800
a800
a800
b800
a800
b800
b800
a800
a800
a800
a800
a800
a000
8000
8000
8000
8000
0000
0000
0000
0000
0000
0000
0000
0000
0000
0000
0002
000a
0028
0280
0000
0000
0000
a800
9aaa
a111
0aa8
0002
0000
0000
0000
0000
0000
800a
6aa4
0440
aaaa
02aa
00aa
0a82
2800
8400
4aa8
a08a
2222
0096
0095
0095
002a
0009
000a
0002
0000
5555
5555
aaa5
a669
999a
5665
9555
2aaa
2965
5a96
5a5a
556a
95aa
96aa
6aa9
aaa0
aa00
aa80
a540
95aa
96ae
5abb
ab2a
aaaa
aaaa
aaa8
aaa1
aaa4
aaa1
aaa0
aa81
0a80
aa84
aa90
aaaa
aaaa
0aaa
02aa
002a
8028
0088
0000
002a
0084
02a8
0802
0002
aaaa
888a
0228
88a0
2aaa
4aaa
1280
8480
a120
aaaa
aaaa
aaaa
aaaa
aaaa
aaaa
aaaa
aaaa
aaaa
aaa0
aa00
a802
a02a
aaaa
aaaa
aaaa
a84a
aa12
2a04
aa81
aaa0
aaa8
aaaa
aaaa
82a1
aa84
aa11
4844
1512
000a
82aa
aaaa
aaa0
0000
000a
a2aa
aaaa
2a0a
000a
00a8
2a81
aa04
aa11
a846
a11a
844a
112a
44aa
12a9
42a4
2aa0
aa00
aa0a
aaaa
aaaa
aaaa
1111
0044
2000
aaaa
aaaa
aaaa
aaaa
aaaa
0290
4a04
2a10
a446
9112
004a
a82a
46a8
8002
2009
0824
4292
02a6
422a
120a
4202
0080
0220
0008
800a
a002
a000
a000
8000
0800
0a00
0200
0288
aaa0
2aa0
2aa0
91aa
4868
2aa0
a280
8200
8280
0080
0020
0020
8088
a002
a800
0200
1080
0480
1080
44aa
10aa
02aa
aaaa
aaaa
aaaa
aaaa
aaaa
aaaa
aaaa
aaaa
aaaa
aaaa
aaaa
aaaa
aaaa
aaa9
aaaa
aaaa
aaaa
aa5b
a56d
95ba
aae9
5ba5
dba7
db9f
6b9f
9797
bf65
eb9a
aaef
96ba
0009
0027
0027
0025
002a
000a
000b
000a
000a
0009
0009
0002
0002
0002
000a
0009
0009
0025
0025
0026
0026
002a
002a
002e
5555
5555
aaa9
800a
1040
fada
fafa
fafa
55a9
5565
5555
a955
9a56
a5aa
5555
5555
aaaa
a555
5555
5555
5555
a955
6a55
5aa9
d6ab
5abe
6bea
aebe
baab
e56a
a556
5555
5555
5555
56a5
6955
aa56
55a5
a569
5955
5655
5555
5555
a565
2959
4a56
da56
f295
5aaa
56aa
56a8
56a8
9aa8
6aa8
aaa0
aa80
6a74
6a54
6a5a
6a0a
aaa6
aa9b
6aaa
5aaa
e556
9555
9aa5
655a
e9d6
bbf5
baf5
ae75
aaaa
55aa
555a
5556
5555
55fe
6fab
baaa
aaaa
aaaa
aaaa
aaaa
aaaa
aaaa
aaaa
eaaa
b800
ba00
aa00
aa00
aa00
aa00
aa00
aa00
aa00
aa00
b800
a800
e000
8000
8000
8000
0000
0000
0000
0000
0000
0002
0008
002a
0000
0000
0000
0000
0000
aa80
a060
0a18
0288
0092
0026
0021
0009
0008
0002
0000
0000
0000
0002
8002
a002
5aaa
044a
aaa9
002e
002e
000a
0002
0000
0002
0000
0000
fafa
eaba
eaba
a2ba
88aa
22aa
88aa
02aa
00aa
82aa
eaae
eaee
eeee
eeee
9eda
a9e9
6aa5
5555
9556
a95a
8aaa
2a88
802a
00a4
aaa8
aaa0
aa00
a802
a02a
aaaa
aaaa
aaaa
0889
0022
008a
0022
0008
0022
0008
aaaa
0080
0a8a
2a2a
aaaa
aaaa
aaaa
aaaa
aaaa
6aa0
a000
a00a
a2aa
aaaa
a9aa
46aa
11aa
ea95
ea95
ea56
ea56
a95a
a95a
296a
2568
aa80
aaa0
a95a
956a
65ab
96ae
6aea
2aaa
2aa9
2aa8
aaa1
aaa4
aaa1
aaa0
aaa1
0aa0
2aa0
aa81
aa84
aa81
aa04
aa10
a842
a812
a04a
a12a
84a8
10a2
42aa
2aaa
aaaa
aaaa
a5a1
a5a4
96aa
96aa
9aaa
5aaa
5a2a
6a28
806a
a01a
a806
a812
aa04
aa00
aa82
aaaa
4290
0a04
4a10
2846
a112
a04a
a82a
a6a8
0000
0940
0550
2558
2558
2558
2598
2560
aaaa
aaaa
aaaa
aaaa
a82a
a92a
a80a
a84a
8a12
2285
08a8
0222
0088
0022
0000
0000
0000
aaaa
5111
8000
aaaa
2222
8888
0000
00a9
aa94
1142
00aa
aa88
2222
8880
0000
aaaa
aaaa
aaaa
aaaa
aaaa
8aaa
02aa
4aaa
2880
a200
8800
2000
8000
0000
0000
0000
0000
0000
2aa0
009a
0021
0008
0002
0000
0000
0000
0002
0000
8000
2000
1800
820a
81a5
2050
080a
02a0
2002
0888
0220
0000
0a20
a880
a200
8800
2000
8000
0000
0000
00aa
02a6
8a1a
a86a
082a
2128
a4a2
5288
0000
0000
0000
0000
0000
0000
0282
00aa
0000
0000
0000
0000
0000
8000
2000
0000
0000
0000
8000
a000
0800
0000
0000
0000
0980
0980
0900
0900
0900
0900
0900
0200
0000
0000
0000
0000
0002
0002
000a
aaa9
0000
0000
0000
0000
0000
0151
0951
0559
2559
2556
a555
9555
9555
5555
5555
5595
5595
5655
5555
a555
aa55
aa96
aaaa
aaaa
aaa5
aa55
aa95
aaaa
aaaa
aaaa
aaaa
aaaa
5595
5965
56a9
99aa
6aaa
aaaa
aaaa
aaaa
5550
5554
6555
9955
5555
5555
5555
5555
0500
1500
5540
5540
5540
5550
5550
5550
0000
0000
5400
5400
5400
5400
5540
956a
656a
595a
666a
aaaa
aaaa
aaaa
aaaa
aaaa
aaa0
aaa0
aaaa
aaaa
aaaa
aaaa
aaaa
aaaa
6aaa
1aaa
0aaa
aaaa
aaaa
aaaa
aaaa
aaaa
0920
0820
0860
0208
0218
0202
0086
aa80
0084
0202
084a
0820
0882
0982
0880
0880
0000
0000
0002
000a
008a
002a
0008
00a0
0000
8000
a000
a800
0a00
0a00
4a00
2aa0
a880
a800
a800
a000
a800
0a80
0800
0000
00a5
0029
0089
0029
000a
0022
0008
0002
56a5
55a5
5555
5555
5555
a555
8955
2255
5555
5555
5555
5595
5555
5555
5656
5556
5580
55a0
5580
55a0
5580
5580
55a0
5580
5560
5560
9558
9554
9558
2556
a554
2556
8956
2955
8955
2955
0955
a955
a555
5555
5555
9555
5555
5555
955a
a9aa
aaaa
aaaa
9965
6a95
6aa5
aaaa
aaaa
aaaa
aaaa
aaaa
5555
5555
5555
5555
565a
a96a
aaaa
aaaa
aa95
9a95
a555
9555
aa55
aaaa
aaaa
aaaa
2555
1555
2555
a555
9555
5555
5555
5555
8a95
2295
0a95
0295
0255
0255
0155
0555
0000
0000
0000
0000
0002
0002
0009
aaa5
9558
5568
5560
5660
9560
59a0
956a
659a
5956
5556
5556
5558
5958
555a
5658
555a
aaa9
aaa5
aaa5
aaa5
aa95
aa55
aa55
a955
0155
0555
5555
5555
5955
6555
5555
5555
5500
5540
5550
5555
5555
5555
5566
5599
aaaa
aaaa
aaaa
6aaa
6aaa
5aaa
5aaa
56aa
aaa5
aa95
6955
5555
5555
5555
6655
9555
555a
9556
a555
a555
a555
a555
a556
a955
0955
0995
0955
0a59
0995
0a55
0955
0995
5955
5555
5555
5555
5555
5555
5555
5595
0255
0295
0255
0295
0255
0255
0255
0255
5595
55a5
5625
56a5
5a25
58a5
6229
6889
5555
5555
5555
5555
5955
5659
55a5
5555
5555
5555
6555
5556
9556
5556
5556
555a
9558
555a
5558
556a
5568
5562
5568
55a0
5555
5556
5599
5655
5565
5555
5555
5555
a029
8809
a029
8809
6009
5025
5825
56a5
0255
0255
0255
0095
0295
0095
02a5
00a5
e556
9555
9555
56a9
e956
b9d5
ba75
ae55
6a76
6a56
6aaa
6aaa
6aa6
6aab
5aaa
5aaa
5555
56a9
6a09
a549
5fd9
9759
8569
6a95
56ab
69be
abea
6ebe
aaab
956a
5556
5555
aaaa
a555
5555
5555
5555
5555
a955
da65
aaaa
aaaa
aaaa
aa5b
a5ad
95ba
5aea
5ba7
002a
00af
00b5
0095
00a6
00aa
002b
002a
abad
a795
6795
a7aa
beeb
eafe
aa65
a555
aaaa
aaaa
aaaa
aaaa
aaaa
aaaa
aaaa
aaa5
5565
5565
5a69
609a
9d96
a496
aa59
6956
000a
0009
0009
000a
0002
0002
000a
0009
000a
002a
0025
0025
0025
0026
0026
002e
a555
5555
5555
5555
aaa5
104a
fad0
fafa
9555
6a55
5555
5955
5695
9a95
6aa5
d295
5aaa
56aa
56a8
56a8
5aa8
6aa8
aaa0
aa80
0021
0084
025a
a96a
05a8
52a2
0888
a220
8000
6800
1600
a1aa
a851
2204
88a0
0222
0000
002a
0294
0841
26aa
2800
a000
8008
00a5
a850
110a
42a0
a802
0008
0222
8880
0000
0000
0002
0000
0000
0000
0000
000a
aaaa
aaaa
aaaa
aaaa
aaaf
aaff
afff
ffff
aaaf
aaff
afff
ffff
ffff
fff3
ffff
ffff
3fff
ffff
ffff
ffff
ffff
ffff
ffff
ffff
ffff
ffff
fcff
ffff
ffff
ffff
ffff
ffff
ffff
ffff
ffff
ffff
ffff
ffff
ffff
ffff
ffff
ffff
ffff
ffff
ffff
ffff
fcff
ffff
afff
aaff
aaaf
aaaa
aaaa
aaaa
aaaa
aaaa
3fff
ffff
ffcf
ffff
afff
aaff
aaaf
aaaa
ffff
ffff
ffff
ffff
ffff
ffff
ffff
ffff
aaaa
aaaa
aaaa
aaaa
aaaf
aaff
afff
ffff
aaaf
aaff
afff
ffff
ffff
ffff
ffff
ffff
ffff
ffff
ffff
ffff
ffff
ffff
ffff
ffff
fcff
ffff
ffff
abff
aaaf
aaaa
aaaa
aaaa
ffff
3fff
ffcf
ffff
ffff
bfff
aaff
aaab
aaaa
aaaa
aaaa
aaaa
aaaa
aaaa
aaaa
aaaa
aaaa
aaaa
aaaa
aaaa
aaaa
aaaa
aaaa
aaaa
0000
0000
0000
0000
0000
0000
0000
aaaa
aaaa
aaaa
aaaa
aaaa
aaaa
aaaa
aaaa
aaaa
ffff
ffff
fcff
ffff
fffa
feaa
aaaa
aaaa
aaaf
aaff
afff
ffff
ffff
fff3
ffff
ffff
3fff
fffe
ffaa
eaaa
aaaa
aaaa
aaaa
aaaa
8222
8088
8022
8008
8002
8000
8000
8000
2222
0888
0222
0088
0022
0008
0002
0000
ffff
ffff
ffff
fcff
ffff
ffff
aaaa
aaaa
ffff
ffff
ffff
cff3
ffff
ffff
aaaa
aaaa
aaaa
aaaa
aaaa
aaaa
aaaf
aaff
afff
ffff
aaaf
aaff
afff
ffff
ffff
ffff
ffff
ffff
0000
0003
003f
00ff
00ff
03fb
0bff
0bfa
0000
ffff
ffff
ffff
ffff
baef
ffff
bbaf
0000
ffff
ffff
ffff
ffff
ffff
faaa
eaaa
ffff
bffe
fffa
ffeb
ffaf
febf
faff
ebff
0bff
0bfb
0bff
0bff
0bff
0bff
0bff
0bff
0bff
0bff
0bff
0bff
0bff
0bff
0bff
0bff
ebff
eeff
efbf
efef
effa
effe
effe
effe
abff
beff
feff
ffbf
ffbf
ffef
ffea
ffaa
febf
faff
ebff
afff
bfff
ffff
ffff
ffff
ffff
bfff
afff
ebff
faff
febf
ffaf
ffeb
ffff
ffff
c000
cfc3
cccc
c000
ffff
ff3f
fff8
fff8
0038
0f38
cc38
0038
fff8
fff8
fff8
eeb8
fff8
abb8
fff8
aeb8
fff8
bbb8
0000
f000
ff00
ffc0
ffc0
fff0
fff8
fff8
0000
ffff
ffff
ffff
ffff
ffff
ffff
ffff
ffff
fc03
fff3
ffc3
ff03
fc0f
fc03
fc03
ffff
fc03
ffc3
ff0f
ffc3
fc03
fc03
fc03
ffff
ffc3
ff03
fc33
fcf3
fc03
ff03
ff03
ffff
fc03
fcff
fc03
fff3
fc03
fc03
fc03
0bff
0bff
0bff
0bff
0bff
0bff
0bff
0bff
0bff
0bff
0bff
0bff
0bff
0bff
0aff
02ff
02bf
00af
002a
0002
0000
0000
0000
aaaa
effe
effe
effe
effa
efef
efbf
eeff
ebff
ebff
faff
febf
ffaf
ffeb
fffa
fffe
ffff
ffaa
ffea
ffef
ffbf
ffbf
feff
beff
abff
ffff
ffff
ffff
bfff
afff
ebff
faff
febf
ffff
ffff
ffff
aaaa
0000
0000
0000
aaaa
eaaa
faaa
ffff
aaaa
0000
0000
0000
aaaa
ffff
ffff
fbba
ffff
ebbb
ffff
eeae
ffff
fc3f
f003
c003
f003
fc3f
ff3f
ffff
ffff
fff8
aeb8
fff8
bbb8
fff8
aef8
fff8
fff8
fff8
fff8
eff8
fff8
aff8
fff8
eff8
ffe8
ffe0
ffa0
fa80
a800
0000
0000
0000
aaaa
ffff
ffff
ffff
aaaa
0000
0000
0000
aaaa
5555
5555
5555
5555
5555
5555
5555
5dd5
aaaa
6eea
5ee5
5ee5
5ee5
5665
5555
5555
5555
5555
5555
5555
5555
5555
5555
d777
aaaa
ebbb
e7bb
e7bb
e7bb
6599
5555
5555
5555
5555
5555
5555
5555
5555
5555
5555
a955
aa55
9555
9555
9555
9555
5555
5555
5555
5d5d
aaaa
6eae
5e7f
5e7f
5e6e
565a
5555
5dd5
aaaa
aeea
9ee5
9ee5
9ee5
9665
5555
7555
a955
ba55
7955
7955
7955
5955
3bb2
3ff2
0002
0002
6aaa
5555
5555
5555
3ab2
3ff2
3bb2
3ef2
3bb2
3ef2
3bb2
3ef2
5555
5555
5555
5555
5555
5655
0001
0a81
aaaa
aaaa
aaaa
aaaa
aaaa
aaaa
aaaa
aaaa
aaaa
66aa
999a
6666
9999
6666
9999
6666
aaaa
aaaa
aaaa
aaaa
5555
5555
5555
5555
555f
55ab
56bf
5ad5
5b55
5baa
5b15
5b15
5555
5555
5555
5555
5555
5554
5550
5550
aaaa
aaaa
aaaa
aaaa
5555
5555
5555
5555
ffff
eeee
bbbb
ffff
ffff
aaaa
aaaa
aaaa
ffff
eeee
bbbb
ffff
ffff
aaaa
aaaa
aaaa
5556
555b
555b
556f
556f
556a
555a
5556
aa95
aaa5
aaa5
aaa5
aaa5
5555
5555
aaaa
6666
9999
6666
9999
6666
9999
6666
9999
6666
9999
6666
99aa
66aa
aaaa
aaaa
aaaa
5896
5896
a8aa
a8aa
a8aa
a8aa
a8aa
a8aa
6000
6aaa
58aa
589a
5896
5896
5896
5896
5555
5555
5555
5555
55aa
5600
5800
6aaa
5555
5555
5555
5555
aaaa
0000
0000
aaaa
0000
aaaa
aaaa
aaaa
aaaa
5555
5555
5555
5555
5555
aaaa
aaaa
aaaa
aaaa
aaaa
aaaa
5896
5896
5896
5896
5896
5896
5896
a8aa
a8aa
aaaa
aaaa
aaaa
aaaa
aaaa
aaaa
aaaa
0000
aaaa
aaaa
aaaa
aaaa
5555
5555
5555
5b15
5b15
5b15
5b05
aac0
02bf
00aa
aaaa
aaaa
aaaa
aaaa
aaaa
aaaa
aaaa
aaaa
aaaa
2aaa
00aa
0002
0000
0000
0000
0000
0000
0000
8888
0000
0000
0000
0000
0000
0000
0000
0000
0088
0800
0000
2000
0000
2000
aaaa
aaaa
aaaa
aaaa
aaaa
aaaa
aaaa
aaaa
aaaa
aaaa
aaaa
aaaa
aaaa
aaaa
aaaa
aaaa
0000
0000
aaa0
5568
5568
aaa8
aaa0
0000
0000
0000
0aaa
2bff
2bff
2aaa
0aaa
0000
aaaa
aaaa
aaaa
0000
0000
0000
0000
0000
aaaa
aaaa
aaaa
aaaa
aaaa
aaaa
aaaa
aaaa
aaaa
aaaa
aaaa
aaaa
aaaa
8002
aaaa
a82a
0aa0
0b20
0aa0
0be0
0280
0000
0000
0000
0ff0
0fe0
0fe0
0fe0
0fe0
0fe0
0fe0
0fe0
0fe0
0fe0
0fe0
0fe0
0fe0
0fe0
0ea0
0000
0000
2000
0000
2000
0000
2000
0000
2000
0000
0000
0000
0000
0000
0000
0000
0000
0000
0000
0002
002a
02aa
2aaa
aaaa
aaaa
aaaa
aaaa
aaaa
aaaa
aaaa
aaaa
aaaa
aaaa
aaaa
aaaa
aaaa
aaaa
aaaa
aaaa
aaaa
aaaa
aaaa
aaaa
aaaa
aaaa
aa22
a888
a222
aaaa
aaaa
aaaa
aaaa
aaaa
aaaa
aaaa
aaaa
aaaa
0000
0000
aaaa
aaaa
aaaa
aaaa
aaaa
aaaa
aaaa
aaaa
aaaa
aaaa
aaaa
aaaa
aaaa
aaaa
aaaa
aaaa
aaaa
aaaa
22aa
88aa
222a
aaaa
aaaa
aaaa
aaaa
aaaa
aaaa
aaaa
aaaa
aaaa
0000
0000
0000
0000
0000
0000
0000
aaaa
aaaa
aaaa
aaaa
aaaa
aaff
aaff
aaaa
aaaa
000f
000f
000f
000f
000c
000f
000c
000f
000f
000f
000f
0002
0000
0000
0000
0000
ffff
fc03
ff03
c00f
c000
c000
0000
0c00
03f0
c030
ffff
aaaa
0000
0000
0000
0000
ffff
fc0c
ffff
ffff
3fff
0fff
000f
0003
003f
3fff
ffff
aaaa
0000
0000
0000
0000
f800
3800
f800
f800
f800
f800
f800
f800
f800
f800
f800
a800
0000
0000
0000
0000
002a
00bf
02ff
0bff
2fff
bfff
bfff
bfef
bfbf
afef
abbf
2aaa
0222
0228
0222
0aa8
fe55
fa55
ff55
aaaa
2222
8888
2222
8888
aaaa
ffff
ffff
fffd
fff5
ffd5
ff55
ff55
a555
d555
5555
5555
5555
5555
5555
5555
5555
5555
5555
aaaa
2222
8888
2222
8888
5555
5555
5555
5555
5555
5555
5555
5555
5555
5555
5555
aaaa
2222
8a28
2222
8aa8
5550
5554
5556
5556
5556
5556
555a
5568
55a2
5688
5a22
a888
2222
8888
2220
8880
aaaa
aaaa
aaaa
aaaa
aaaa
aaaa
aaaa
aaaa
2fae
bfff
bfff
bfff
affe
2ffe
2bfa
0aa8
0000
0000
000a
002f
00be
02fa
0ae8
2eee
0000
0000
aa80
ffa0
abe8
0afa
02be
00ae
002e
802e
802e
802e
802e
002e
002e
002e
002e
002e
002e
002e
002e
002e
002e
002e
002e
002e
002e
002e
002e
002e
002e
002e
ffff
ff03
fc03
ff03
ff03
ff03
ff03
ff03
aaaa
aaaa
aaaa
aaaa
aaaa
aaaa
aaaa
aaaa
aaaa
aaaa
aaaa
aaaa
aaaa
aaaa
aaaa
aaaa
aaaa
aaaa
aaaa
aaaa
aaaa
aaaa
aaaa
aaaa
aaaa
aaaa
aaaa
aaaa
aaaa
aaaa
aaaa
aaaa
5555
5555
5555
5555
5555
5555
5555
aaaa
aaaa
aaaa
aaaa
aaaa
aaaa
aaaa
aaaa
aaaa
a295
82a5
82a5
aaa5
aaa5
5555
5555
aaaa
5554
5552
5549
5519
5519
5465
5465
5195
aaaa
aaaa
222a
226a
626a
666a
aaaa
aaaa
aaaa
aaaa
a226
a266
a666
a666
aaaa
aaaa
5555
5555
5555
5555
5555
5555
5555
aaaa
aaaa
aaaa
aaaa
aaaa
aaaa
aaaa
aaaa
aaaa
aaaa
aaaa
aaaa
aaaa
5555
5555
5555
5555
aaaa
aaaa
aaaa
aaaa
aaaa
aaaa
aaaa
aaaa
aaaa
aaaa
aaaa
aaaa
aaaa
aaaa
aaaa
aaaa
aaaa
aaaa
aaaa
aaaa
aaaa
aaaa
aaaa
aaaa
6666
5999
5666
5599
5555
5555
5555
5555
5555
5555
5555
5555
5555
5555
5555
aaaa
5d55
5d55
5d95
5d95
5d95
5d95
5d95
5d95
5eff
5d99
5da6
5d99
5d95
5d95
5d95
5d95
5555
9555
6555
9555
5555
5555
5555
5555
5d95
5d95
5d95
5d95
5d95
5d95
5d95
5d95
5555
5555
5555
5555
5555
5555
5555
5555
5d95
5d95
5d95
5d95
aeaa
0e00
0000
aaaa
0eaa
0faa
03aa
03ea
00fa
003f
0000
0000
0000
0000
003f
00fa
03ea
03aa
0faa
0eaa
0000
0fc0
0cc0
0dc0
0cc0
0fc0
0000
0000
0000
0000
0000
0000
0000
0000
0000
0000
0000
0000
0040
0000
0500
0000
1000
0000
0000
0000
0000
0000
0000
0000
0000
0000
0000
0000
0000
0000
0000
0000
0000
0000
0820
02a2
00aa
02aa
2aaa
2aaa
aaaa
a2aa
0288
0a08
2802
a200
8080
0200
0000
0000
8000
8000
0000
0000
0000
0000
0000
0000
0000
0000
0000
0000
0000
2000
2000
a000
0000
0000
8000
a000
0800
0000
0000
0000
0000
0000
0000
0000
0000
8000
2020
2008
0002
0028
0000
0000
0000
0000
0000
0000
aaaa
aaaa
aaaa
aaaa
aaaa
aaaa
aaaa
aaaa
aaaa
aaaa
aaaa
aaaa
aaaa
aaaa
aaaa
aaaa
aaaa
aaaa
aaaa
aaaa
aaaa
a1aa
a46a
a6aa
aaaa
aaaa
aaaa
aaaa
aaaa
a5aa
92aa
9aaa
aaaa
aaaa
aaaa
aaaa
aaaa
a1aa
aaaa
aaaa
2680
2600
9280
9a00
6080
a200
8800
0000
0000
0000
0000
0002
0021
0002
0008
0000
9800
6000
8000
0000
0000
0000
0000
0000
0000
0008
0002
0000
0000
0000
0000
0000
0000
0000
0fff
0fff
0ddd
0d7d
0fff
0eae
0000
0000
ff00
ff00
df00
f700
ff00
eb00
ff00
ab00
9b00
9b00
5b00
ab00
ab00
ff00
0fff
0eaa
0e96
0e96
0e6a
0eaa
0eaa
0fff
0eee
0fff
0fae
0fff
0000
0000
0000
0000
bb00
ff00
eb00
ff00
0000
0000
0000
0000
0004
0546
0566
0566
0566
0566
ffff
aaaa
0000
0000
0000
0000
0000
0000
0000
0000
0000
0000
0000
0000
0000
0000
0000
0000
0000
0000
0400
4500
4940
4250
ffff
aaaa
0000
0000
0000
0000
0000
0000
ffff
aaaa
aaaa
ffff
ff55
fd55
d555
d555
d555
d555
5555
5555
5105
5450
5545
5055
5155
5555
f555
b955
ee55
aa55
2256
8896
222a
888a
002a
00bf
02ff
0bff
2fff
bfff
bfff
bbbf
beef
affb
abff
2aaa
0222
0228
0222
0aa8
0000
0000
0000
0000
0000
00c0
0000
0000
5555
5555
1155
5555
5555
5555
5555
5555
aaaa
8c12
8c12
8c12
8c12
8c12
8c12
aaaa
9d76
9d76
9d76
9556
a55a
2aaa
0aaa
0000
0000
0000
0aa0
2558
9756
9d56
9d76
9d76
8000
8000
8000
8000
8000
8000
0000
0000
8000
8000
8000
8000
8000
8000
8000
8000
0000
0000
0000
0000
0000
8000
8000
8000
ffff
eaaa
eaaa
eaaa
eaaa
eaaa
eaaa
eaaa
eaaa
eaaa
eaaa
eaaa
eaaa
ffff
aaaa
0000
0000
0000
0000
0000
0000
0000
0000
0000
aaae
aaae
aaae
aaae
aaae
fffe
aaaa
0000
fffe
aaae
aaae
aaae
aaae
aaae
aaae
aaae
ffff
eaaa
eeaa
eaaa
eaaa
eaaa
eaaa
eaaa
fffe
aaae
aaee
aaae
aaae
aaae
aaae
aaae
aaae
aaae
aaae
aaae
aaee
aaae
fffe
aaaa
eaaa
eaaa
eaaa
eaaa
eeaa
eaaa
ffff
aaaa
bfff
aeaa
abaa
aaea
aaba
abae
aaab
aaaa
fffe
aaab
aaaa
aaaa
aaaa
aaaa
ffff
aaaa
aaaa
abaa
eaaa
baaa
aeae
abaa
ffea
aaaa
5555
6aa9
6ff9
6eb9
6fb9
6ff9
6aa9
5555
5555
5555
5555
aaaa
aaaa
aaaa
aaaa
5555
5555
6aa5
6e25
6a65
6e25
6aa5
5555
5555
aaaa
aaaa
aaaa
aaaa
aaaa
aaaa
aaaa
aaaa
aaaa
aaaa
aaaa
aaaa
aaaa
aaaa
aaaa
aaaa
8000
8000
8000
8000
8000
8000
8000
8000
aaaa
aaaa
aaaa
aaaa
aaaa
aaaa
aaaa
aaaa
0000
0000
0000
0000
0000
0000
0000
0000
20a0
20a0
20a0
20a0
20a0
20a0
20a0
20a0
0000
0000
0280
2aa0
28a0
20a0
20a0
20a0
0000
0000
0000
0000
0000
0000
0000
0000
6666
9999
6666
9999
5555
5555
5555
5555
aaaa
aaaa
aaaa
aaa8
aaa8
aaaa
aaaa
aaa9
aaaa
aaaa
aaaa
aaaa
aaaa
aaaa
aaaa
aaaa
0009
0027
0aa4
2564
2560
2560
2a80
000a
da48
0b08
2ca7
a22a
282a
0027
002f
a42e
aaaa
aaaa
aaaa
15aa
0019
aa25
aa25
5a95
aaaa
aaaa
aa9a
6af6
525d
0207
0280
0a83
aaaa
95a9
9565
a9a0
6a82
5aaa
15a9
5aa9
aaaa
aaaa
6aaa
95a5
956a
556a
6ffe
baab
e5aa
955a
6aaf
9555
a501
e402
c100
b140
e000
aa00
d600
5580
aa80
a800
0800
2800
2000
d800
3600
1d00
9580
aa80
0000
8400
a061
a858
a858
aa5a
aa58
aa52
a696
aa9d
65ab
a6aa
a5ba
a5aa
a5af
ea9a
ea5a
ffd6
1a9d
ba75
a9f6
a9d2
f852
f809
fa27
7ebf
582e
582e
68ae
a096
825f
016b
0aff
0bff
002a
a028
6000
6002
8002
0040
0000
8000
002a
00a6
00a5
0029
0002
0000
0280
08aa
0009
4209
0009
000a
0802
0000
0000
0028
2fff
2fff
2fbf
aebe
befa
bafa
baea
aaea
afff
affe
ebea
bfaa
ffea
efe6
abf5
fbfd
ffff
ffdf
f7d5
f7f6
f6f6
f5fa
b9ea
baea
fff6
abf6
aafe
aabe
eabe
aa9f
aa9f
555f
597f
ffff
ffff
fdf5
b575
a565
aa96
9aaa
aa9d
aaa7
6aa7
6a25
a829
a809
a80a
a000
a040
6000
6100
6000
6a80
6960
89a0
0880
0002
8009
8022
9082
aa8a
5588
5588
6560
5560
55a0
55aa
5555
5555
5555
5555
5555
0088
0002
a000
6800
6800
5a00
5680
55aa
556a
555a
555a
5566
56aa
aaaa
aaaa
aaaa
5555
5655
5655
5695
5aa5
aaaa
aaaa
aaaa
5599
55a9
5aa5
aa95
a955
aaa5
aaaa
aaaa
aa55
9555
9555
9555
56a5
5565
5569
5569
9aaa
9656
9555
5558
a565
a555
6a55
5655
0000
0000
0000
a800
9a00
5680
5580
69a0
a900
5a00
5580
d556
d555
9655
be55
7d55
000a
02e9
0aa9
9b57
7f7f
75f7
db7d
bffd
0000
0000
0000
000a
0029
0085
026b
02bf
02ba
08ea
0aea
02eb
0abf
02f6
09fa
9ffa
5dff
57ff
6eab
5faf
a7a7
9baf
aa9b
aa6a
0002
02aa
2a96
a556
9569
5555
a555
6a55
aa95
aa65
aa95
aa95
aaa5
aaaa
aaaa
aaaa
0000
0000
0000
0000
0002
000a
002a
aaa5
5555
5555
5555
5556
55a6
aaaa
aaaa
aaaa
a96a
5655
5a95
aa99
6aaa
aaaa
aaaa
aaaa
ffd7
fe9f
d67a
ea6a
6aa9
aaa9
6aa6
a56a
b7ff
beaf
beaf
76ab
faae
fa6e
bfde
fff7
7956
d996
55aa
ea55
ae56
b655
7e55
7955
e955
a555
9a55
6955
a656
a59a
a665
a555
6555
6a56
5a9a
965a
a669
aa9a
aaaa
aaaa
9669
96a5
55a6
5aaa
aa52
a50a
92aa
aaaa
8580
206a
0a84
00aa
000a
800a
0029
0025
0000
0000
aaa0
9558
9556
25aa
0a00
0000
0006
0092
0088
0028
0000
0000
0000
aaaa
0000
000a
00a9
0295
0a50
0a42
02aa
aaaa
0025
a009
5a8a
46aa
80aa
a02a
0a29
aa96
aaaa
9aaa
5aaa
4aaa
2aaa
aaaa
aaaa
aaaa
5955
6956
8955
a956
8a5a
4a64
4a80
2a0a
2fae
9f6e
a56e
957e
957f
555d
5555
5555
a8a2
028a
008a
02a2
0a8a
0b82
0b8a
0baa
baea
baea
aaab
aaa7
aa9f
e895
ea95
e955
95aa
5596
fea5
fe55
f955
e969
e5aa
65aa
8000
a220
6808
5a0a
5602
5580
a580
aa82
aa8a
6aa9
5200
1680
a540
2556
2955
4855
1655
1295
40aa
1280
0a14
a840
a116
a042
8088
a002
a800
8200
a080
8480
1080
44aa
a829
a6a8
6460
610a
802a
aaaa
aaaa
aaaa
a295
a195
1095
4295
0a95
aaaa
aaaa
aaaa
4a54
6aa8
6aa0
69a1
69a1
a968
a95a
aa56
55aa
55aa
556a
a55a
6956
a956
a954
4254
e555
d755
5755
5e55
5a55
6a55
6a95
6a95
a815
a805
a8a5
aaa5
49a5
16aa
81aa
a06a
a02a
a80a
a84a
a818
a801
aa00
aaaa
aaaa
aaaa
aaaa
aaaa
aaaa
aaaa
aaaa
a5aa
996a
a02a
a52a
942a
90aa
a2aa
a2aa
8aaa
8aaa
0000
0001
0025
0025
0814
2090
0842
024a
a658
2958
0a54
0254
a095
08a5
0a29
8889
5600
5480
4080
0200
0a00
a000
0000
0000
aaaa
aaaa
5aaa
9aaa
02aa
2aaa
aaaa
aaaa
aaaa
aaaa
aaa9
aaa5
aa95
aa90
aa52
a90a
0000
0000
0000
0000
0080
0540
1400
4000
0005
0154
0400
0000
0000
0800
0000
0000
0000
4405
1415
0415
8815
0004
0000
4000
0000
0000
0000
0000
0000
00a0
2a58
2568
2680
0a00
0000
0008
0808
000a
0008
02a8
0002
02a0
2558
2558
a558
aaa2
2000
2208
026a
0214
0215
02a5
2020
820a
2082
0200
0a88
a9a8
295a
4a56
1655
66aa
96aa
95aa
0089
008a
0a02
15a0
1560
a450
a55a
a558
255a
a409
a4a4
4aa4
6a9a
afab
bfff
ffff
2118
0090
1a92
aa62
a9a2
292a
5565
5555
a555
1a51
0655
0025
aa25
faa5
ffa5
ffe9
0200
1a15
6240
6a01
5652
5568
5580
5580
0000
0800
0000
a000
8800
2180
14a0
40a0
0000
0028
0025
0095
0096
0028
0000
0000
0000
a208
6200
a000
8080
0000
0000
2000
00ba
88ba
00ba
02fe
0bff
2ffe
2fff
bfff
fffe
afea
afaa
bbaa
ffaa
bfea
affe
ffff
fffa
aff2
affe
aff6
afda
afea
ff66
ffaa
5515
1555
5655
5694
556a
955a
9556
a556
5a55
5a56
5695
55a4
55aa
568a
5814
5845
1080
4220
5008
540a
5802
a800
a000
8000
0560
45a0
4188
4555
0a55
1955
2955
9956
56aa
6aaa
6aaa
2aaa
0aaa
00aa
a0aa
aaaa
0088
0002
a000
6800
6800
5800
5800
56aa
5a55
5a56
6268
4050
8100
8000
002a
aaaa
a001
5a40
9580
9560
96a0
9568
9568
9562
a956
a55a
9554
5550
5555
9644
a690
a5a0
fea5
aaa9
9aaa
aaa9
aaa5
aaa5
aaa5
955a
ffef
ffaa
ffaa
feaa
feaa
beaa
beaa
afa6
bfff
beff
beff
bebe
aebe
aebe
2abe
9aaf
0000
0000
02a0
0a56
0955
096a
0960
0aa0
0002
0002
02a2
0a56
096a
0aa1
a444
aaaa
5a55
5555
5555
9556
a556
aaaa
aaaa
aaaa
aaaa
aaaa
aa69
aaaa
aaaa
aaaa
aaaa
aaaa
5aab
5aaa
6aaa
aaae
0aaf
0bab
0a9a
aa6a
a96a
5655
5a95
aa99
aaaa
aaaa
aaaa
aaaa
abaa
aaaa
aaaa
aa6b
6baf
fafd
baa6
a56a
9668
96a9
55a5
5aa4
aa52
a50a
92aa
aaaa
5599
55a9
5aa5
aa95
a955
aaa5
aaaa
aaaa
654a
6a52
2a9a
aa5a
aa69
aa9a
aaaa
aaaa
aaaf
aabf
aabf
aaff
aaff
aaff
abff
abff
ffff
ffff
ffff
ffff
ffff
ffff
f0ff
c03f
ffff
ffff
ffff
ffff
ffff
ffff
ffff
ffff
ffff
ffff
ffff
ffff
ffff
ffff
ffff
ffff
ffff
ffff
ffff
ffff
ffff
ffff
ffff
ffff
ffff
ffff
ffff
ffff
ffff
ffff
ffff
ffff
0abf
0aaf
2aaf
2aab
2aab
2aab
aaab
aaab
abff
abff
affc
affc
affc
affc
aff0
bff0
bff0
bff0
bff0
bff0
bff0
fff0
fff0
fff0
fff0
fff0
fef0
faf0
eaf0
eaf0
e6f0
e6f0
aaaa
aa0a
aa82
aa80
aaa0
aaa8
aaaa
aaaa
aaaa
aaaa
aaaa
aaaa
2aaa
0aaa
02aa
02aa
aaaa
aaaa
aaaa
aaa0
aaa0
aa80
aa82
aa02
a802
a800
aa00
aa80
aaa0
aaaa
aaaa
aaaa
aaa8
aaa0
0aa0
0020
0000
0000
a000
aa80
0aaa
0aaa
2aaa
2aaa
2aaa
aaaa
aaaa
aaaa
0aaa
0aaa
02aa
00aa
00aa
002a
800a
802a
80aa
a2aa
aa02
a800
a800
a800
aa00
aa02
aaa0
aaa0
aaa8
aaa8
aaaa
aaaa
aaaa
aaaa
aaa0
aa00
a002
800a
82a8
aa80
a000
000a
e6f0
e6f0
eaf0
eaf0
fafc
fefc
fffc
fffc
fffc
ffff
ffff
bfff
bfff
bfff
bfff
bfff
bfff
af3f
afcf
2fff
2f3f
2f3f
2b3f
abcf
abcf
abc3
aac3
aac0
aac0
aab0
aabc
aaaf
fcf0
fffc
f0cf
f330
3cc3
00c0
0000
0000
aaab
aaab
eaab
eaab
eaab
eaaf
faaf
fabf
fcf0
f33f
fc3c
3330
c30c
f03c
f0c3
300c
ff33
cfff
ff33
f3f0
f0c0
fc3c
f3f0
fc03
ffff
ffcf
ffff
fffc
fccf
3ff3
ff3f
fffc
3f0f
0f0c
0c30
0c30
c0c0
0ccc
0003
0c00
0bff
0bff
2fff
2fff
2fff
2fff
bfff
bfff
bfff
bfff
bfff
bff3
b3ff
bfff
bfff
bfff
bfff
bfff
bfff
bfff
b3f3
bfff
bfff
bfff
bfff
bfff
bfff
bfff
bfff
bfff
bfff
bfff
bfff
bfff
bfff
bfff
bfff
bfff
bfff
bfff
bfff
bfff
efff
efff
efff
efff
fbff
fbff
82be
02ba
0aba
2aae
2aae
aaae
aaab
aaeb
aaaa
aaaa
aaaa
aaaa
aaaa
aaaa
aaaa
eaaa
aaaa
aaaa
aaaa
aaaa
aaaa
a8aa
a0aa
82aa
aaaa
aaaa
aaaa
aaaa
aaaa
aaaa
aaaa
aaaa
00ea
00ea
00ea
00ea
00ea
00ea
00ea
00fa
003f
0000
0000
0000
0000
0000
0000
aaaa
ffff
0000
0000
0000
0000
0000
0000
aaaa
ffff
ffff
0000
0000
0000
0000
0000
aaaa
ffff
0003
0000
0000
0000
0000
0000
aaaa
aaa5
aaa5
aaa9
aaa9
affd
bff9
fff8
fffc
aaaa
aaaa
aaaa
aaaa
aaaa
8aaa
aaaa
aaab
aa9a
aaaa
a96a
a55a
a55a
a96a
aaaa
aaaa
0000
0000
0000
0000
0000
0000
0000
0000
0000
0000
0000
0000
0000
0000
002a
0aaa
0000
0000
0000
0000
0000
0000
0000
a800
aaaa
aaaa
a6aa
aaaa
aa9a
aaaa
aaaa
aaaa
aaaa
aaaa
aaaa
a9aa
aaaa
aaaa
aaaa
aaaa
0000
0000
0000
0000
0000
0000
0000
aaaa
fbff
fbff
fbff
ffff
ffff
faaa
fbff
fbff
aaaa
aaaa
aaaa
aaaa
aaaa
aaaa
aaa6
aaaa
aaa5
aaa5
aaa9
aaa9
affd
bff9
fff8
fffc
aaab
aaaa
aaaa
aaaa
aaaa
aaaa
aaaa
aaa9
0000
0000
0000
0000
0000
0000
0000
0000
0000
0000
0000
0000
0002
0002
0000
0000
0000
0000
0000
0000
0000
0000
0000
0000
aaaa
aaaa
0aaa
02aa
02a0
0000
0000
0000
2aaa
2aaa
2aaa
aaaa
aaaa
aaaa
aaaa
2aaa
aa80
aa80
aa80
aa80
aaa0
aaa0
aaa0
aaa0
aa80
aa00
aa00
a800
8000
0000
0000
0000
0000
0000
0000
0000
0000
0000
0000
0000
0000
0000
0000
0000
0000
0000
0000
0000
0000
0000
0000
0000
0000
0000
0000
0000
0000
0000
0000
0000
0000
0000
0000
0000
0000
0000
0000
0000
0000
0000
0000
0000
0000
0000
0000
0000
0000
0000
0000
0000
0000
0000
0000
0000
0000
0000
0000
0000
0000
0000
0000
0000
0000
0000
0000
0000
0000
0000
0000
0000
0000
0000
0000
0000
0000
0000
0000
0000
0000
0000
0000
0000
0000
0000
0000
0000
0000
0000
0000
0000
0000
0000
0000
0000
0000
0000
0000
0000
0000
0000
0000
0000
0000
0000
0000
0000
0000
0000
0000
0000
0000
0000
0000
0000
0000
0000
0000
0000
0000
0000
0000
0000
0000
0000
0000
0000
0000
0000
0000
0000
0000
0000
0000
0000
0000
0000
0000
0000
0000
0000
0000
0000
0000
0000
0000
0000
8888
a222
aaaa
aaaa
aaaa
aaaa
aaaa
aaaa
0000
0000
0000
0000
0000
0000
0000
0000
0000
0000
0000
0000
0000
0000
0000
0000
0000
0000
0000
0000
0000
0000
0000
0000
0000
0000
0000
0000
0000
0000
0000
0000
a800
a000
8000
8000
0000
0000
0000
0002
0002
0002
0002
0002
0002
0002
0002
0002
aa80
aa80
aa00
aa00
aa00
aa00
aa00
a800
a800
a800
a800
a800
a800
a800
a000
a000
aaa8
aaa0
aaa0
aaa0
aa80
aa80
aa80
aa80
0002
0002
0002
0002
0002
0002
0002
0002
0002
0002
0002
0002
0002
0002
0002
0002
0000
0000
0000
000a
00af
0aff
afff
ffff
00af
0aff
afff
ffff
ffff
fff3
ffff
ffff
aaaa
aaaa
aaaa
aaaa
aaaa
faaa
beaa
aeaa
aaaa
aaaa
aaaa
aaaa
aaaa
aaa2
aa8a
aa0a
a800
a800
a800
a000
2000
8000
8000
8000
0002
0002
0002
0002
0002
0002
0002
0002
8000
8000
a000
0000
0000
0000
0000
8000
0002
0002
0002
0002
0002
0002
0002
0002
8000
a000
aa00
aaa0
aaaa
aaaa
aaaa
aaaa
0002
0002
0002
0002
0002
a002
aa02
aaa2
a82a
a82a
a2a2
8a2a
8a8a
200a
882a
2022
aeaa
eafa
aaaa
aaab
aaaa
aaaa
a00a
800a
aaaa
aaaa
aaaa
aaaa
b88a
af2a
aa80
aaaa
aaaa
eaaa
baaa
aeaa
aaaa
aaaa
02aa
a8aa
beaa
fffa
aaaa
aaaa
aaaa
aaaa
aaaa
aaaa
aaaa
aaaa
aaaa
022a
0002
a000
aa80
aaa8
aaaa
aaaa
aaaa
aaaa
eaaa
faea
2eaa
2ffa
0bfa
8abf
aaaa
a2aa
aaaa
aaaa
aaaa
aaaa
aa80
aaa8
aa00
aa2a
aaaa
aaaa
aaaa
aaaa
aa8a
a282
aaaa
aaaa
aaaa
aaa8
a802
aa20
8802
aaaa
aaaa
aba0
ae00
382a
baaa
2faa
a000
a000
a000
2000
0000
8000
a000
8000
a000
a000
8000
8000
0000
0000
0000
8000
0a8a
a8a8
8a8a
aaaa
aaa2
aaaa
aaaa
aaaa
0000
0000
0000
0000
0000
0000
0002
0228
0000
0000
0000
0000
0000
0000
0000
0000
0000
000a
02aa
aaa2
aaaa
aaaa
aaaa
aaaa
0ff0
0ff0
0ff0
0ff0
0ff0
0ff0
0ff0
03f0
aa00
a800
a000
a000
a800
aa00
8880
aaa0
a030
aa00
aaa8
aaaa
aaaa
aaaa
aaaa
aaaa
00af
0aff
afff
ffff
ffff
ffff
ffff
ffff
ffff
ffff
ffff
ffff
ffff
ffff
ffff
ffff
ffff
ffff
ffff
ffff
ffff
ffff
ffff
ffff
0000
0000
0000
000a
00af
0aff
afff
ffff
0800
0800
0800
0800
0800
0800
2800
a000
0000
0000
0000
0000
0000
0000
0000
0000
aaaa
aaaa
aaaa
aaaa
0aaa
02aa
000a
0000
aaaa
aaaa
aaaa
002a
0000
0000
0000
0000
aaaa
aaaa
a002
8000
0000
0000
0000
0000
aaaa
aaaa
aaaa
aaaa
aaa8
aaa0
aaa0
aaa0
aa80
aa80
aa80
aa80
aa80
aa00
aa00
aa00
0000
0000
0ff0
0ff0
0ff0
0ff0
0ff0
0ff0
0000
0000
0000
0000
0000
0000
0000
0000
aaaa
aaaa
00aa
83ea
ffba
aaaf
aaab
aaaa
aaaa
aaaa
b800
aeaa
aaae
00aa
a000
aa82
aaaa
aa00
a80a
aa02
a828
8082
aa00
8822
eaaa
aaaa
eaaa
faaa
afaa
aaea
aaa0
aa8a
aaaa
aaaa
aaab
aaaa
aaaa
aaaf
aaaa
aaaa
aaaa
aaaa
aaaa
a82a
82a0
aaaa
aa8a
2aaa
aaaa
aaaa
aaaa
aaa2
aa82
a820
828a
aaaa
aaaa
aaaa
aaaa
aaaa
abaa
baba
aaaa
aaaa
aa2a
a02a
8aaa
aaaa
aaaa
aaaa
aaaa
aaaa
aaa0
aa0a
aaaa
a802
2aaa
aaaa
aaaa
aaaa
aaaa
aaaa
a882
aaaa
aaaa
8aaa
aaaa
aaaa
8aaa
a8a0
8382
8eaa
22fa
802e
a000
aaaa
aaaa
00ba
a82e
a838
aaaa
aaaa
aaaa
aaaa
aaaa
aaaa
aaaa
aaaa
aaaa
8aaa
aa2a
aaaa
aaaa
aaba
aabf
a2aa
aaaa
2aaa
aaaa
aaaa
abea
aaea
babe
aaab
aaaa
a002
8a28
abf0
aaaa
aaaa
aaaa
aaaa
800a
ea80
abae
2aaa
0802
a2aa
eaea
beaa
aaaa
aaaa
aaaa
aaaa
aaa2
aa82
8000
aaaa
a82a
82aa
aaaa
aaaa
aaaa
aaaa
aaaa
aaaa
aaaa
aaaa
002a
8200
aa22
aaaa
aaaa
aa8a
a8aa
aaaa
aaaa
aaaa
aaaa
aaaa
aaaa
aaa0
aaa2
aa0a
a0a8
0aaa
aaaa
aaaa
aaaa
000a
abc0
aaee
aaaa
aaaa
aaaa
aaaa
aaaa
aaaa
2aaa
002a
aaaa
faaa
0000
0000
0000
0000
0000
0000
0000
003f
aaaa
aaaa
aaaa
a8aa
a12a
a8aa
aaaa
aaaa
00fa
00ea
00ea
00ea
00ea
00ea
00ea
00ea
aaaa
baaa
aaaa
aaaa
aaaa
aaaa
aaaa
aaaa
9aa6
aaaa
aaaa
aaaa
aaae
aaaa
aaba
aaaa
aaaa
aaae
abaa
aaaa
aaaa
baaa
aaaa
aaaa
aaaa
aaaa
aaaa
aaaa
abaa
aaaa
aaaa
aaaa
00ea
00ea
00ea
00ea
00ea
00ea
00ea
00ea
0000
0000
0000
0000
0000
0000
0000
ffff
0000
0000
0000
0000
0000
0000
0000
ffff
0002
0002
0002
0002
0002
0002
0002
fc02
af02
a302
a302
a302
a302
a302
a302
a302
a302
a302
a302
a302
a302
a302
a302
a302
00ea
00ea
00ea
00ea
00c2
00e0
00ca
00ea
00ea
00ea
00ea
00ea
00ea
00ea
00ea
00fa
003f
0000
0000
0000
0000
0000
0000
aaaa
ab02
ab02
ab02
ab02
ab02
ab02
ab02
af02
fc02
0002
0002
0002
0002
0002
0002
aaaa
a302
a302
a302
a302
ab02
ab02
ab02
ab02
aaaa
aaaa
aaaa
aaaa
a55a
9556
5555
5555
5ff5
5ff5
57d5
5555
5555
6559
5aa5
5555
5555
5555
5555
5555
5555
5d75
5ff5
5ff5
5555
5555
5555
5555
5555
5555
5555
5555
5555
5555
9556
a55a
aaaa
aaaa
aaaa
aaaa
7ffd
7aad
7aad
7ebd
6ff9
5aa5
5555
5555
5aa5
5695
5555
5555
5555
5555
5555
755d
0000
0000
0000
0000
0000
0000
0550
1694
5555
5555
5555
5555
5695
5695
5555
5555
5555
5555
7ffd
755d
775d
7fdd
7ffd
6aa9
5555
5555
5965
5695
5aa5
5695
5965
5555
5555
5555
aaaa
aaaa
aaaa
aaaa
aaaa
aaaa
aaaa
aaaa
aaaa
aaaa
aaaa
aaaa
aaaa
aaaa
0022
0008
0022
0008
0022
0008
0022
aaaa
0022
0008
0022
0008
0022
0008
0022
0008
0002
0008
0022
0008
0022
0008
0022
0008
2560
2560
2560
2560
2560
2560
2560
2560
aaaa
aaaa
a56a
a56a
a56a
a56a
a56a
a56a
a56a
a56a
a56a
a56a
a56a
a56a
a56a
a56a
aaaa
aaaa
aaaa
aaaa
aaaa
aaaa
aaaa
aaaa
8888
a222
a888
aa22
aa88
aaa2
aaa8
aaaa
8888
2222
8888
2222
8888
2222
8888
2222
8888
2222
8888
2222
8888
2222
8888
2222
aaaa
aa88
aa22
8888
2222
8888
2222
8888
aaaa
aaaa
aaaa
aaaa
2222
8888
2222
8888
aaaa
aaaa
aaaa
aaaa
aaaa
aaaa
aaaa
aaaa
2560
2560
2560
2560
2560
2560
2560
2560
0000
0000
0000
0fff
0c8e
0eee
0eae
0eee
0000
0000
0000
ffff
e8ef
eeef
ebef
eeef
0000
0000
0000
ffff
23ae
bbbe
bbbe
bbbe
0000
0000
0000
fc00
ec00
ec00
bc00
ec00
ec00
fc00
fc00
fc00
fc00
fc00
fc00
fc00
fc00
fc00
fc00
0000
0000
0000
0000
0000
003f
ffff
ffff
0000
0000
0000
0000
0000
23ae
ffff
ffff
003f
553f
a93f
a93f
553f
eeeb
ffff
ffff
0000
1555
1aaa
1aaa
1555
0eee
0fff
0fff
0fff
0fff
0fff
0fff
0fff
0fff
0fff
0fff
0000
0000
0000
0000
0000
0000
ffff
ffff
0000
0000
0000
0000
0000
eeeb
ffff
ffff
0000
1555
1555
1555
1555
23ae
ffff
ffff
003f
553f
553f
553f
553f
5565
5555
5555
5555
5555
5555
555a
565b
5aaa
56aa
556a
5569
5555
5555
5599
5556
a955
a555
9555
5555
5555
5555
9556
555a
5560
5660
55ba
66ee
5bab
aeab
eaaa
aaae
566e
5aaa
5aaa
5aaa
6aaa
aaaa
6aaa
aaaa
aaaa
aaaa
aaaa
aaaa
6aaa
9aaa
abaa
aefa
aaea
aabe
aaab
aaaa
aaaa
aaa8
aaa8
aaa8
aaaa
aaaa
aaba
aaaa
aaab
aaaa
ab96
aaaa
0002
0000
8000
a000
a000
aa00
aaa0
aaa8
aaaa
aaaa
aaaa
aaaa
aaaa
aaaa
baaa
aaaa
abba
aaae
aaab
8aaa
22aa
112a
474a
1552
aaa8
aaa8
aaa8
eaaa
baaa
baaa
aaa8
aaa8
0095
80a5
a02a
aa00
aa80
aaa0
aaa0
aaa0
5568
5da0
7680
5600
d600
5800
5800
5800
5555
9555
2555
2955
0955
0a55
0255
0295
6000
a000
8000
0000
0000
0000
0000
0000
5555
5555
5555
5555
5555
5555
5555
5555
5555
5555
5555
5555
5555
5555
555a
555a
5555
5555
5555
5555
a555
aa55
aaa5
aaa9
5556
555a
55aa
56aa
5aaa
aaaa
aaaa
aaaa
5556
9559
6666
5599
5966
5559
5556
6556
5555
5555
5555
5555
5565
6595
5a56
5555
0255
0a55
0255
0a55
0255
0256
0a55
0256
0956
095a
255a
156a
256a
956a
95aa
95aa
96aa
5aaa
56aa
59aa
566a
55aa
556a
555a
5556
5556
5555
9556
a95a
aaaa
aaaa
aaaa
aaba
aaaf
aaaa
aaaa
aaaa
aaaa
aaaa
aaaa
abaa
aeaa
aea8
aaa0
aaa1
aaa0
aba8
aaea
aaaa
aaaa
aaaa
aaaa
aaab
aaba
aaea
abaa
5956
665a
59aa
66aa
9aaa
6aaa
aaaa
aaaa
baab
aeaa
aaaa
abaa
aaaa
aaaa
aaea
aaaa
abaa
aa9b
ba6a
aaae
aaba
aaea
abaa
a2aa
88aa
042a
112a
574a
114a
446a
112e
00ba
aaaa
baaa
aaaa
aaaa
aaaa
aaaa
aaaa
aaaa
a9aa
a5aa
aaaa
aaaa
aaaa
aaaa
aaaa
aaaa
aaaa
aa5a
a96a
a9aa
a6a6
aaa6
aa96
aa5a
aaaa
aa6a
aa6a
aa6a
aa6b
a9aa
a5aa
96aa
aaa0
baa0
aeaa
abae
aaab
aaaa
aaaa
aaaa
454a
110a
000a
802a
aaaa
abaa
aaaa
aaaa
aaaa
aaaa
aaaa
aaaa
aaaa
eaaa
aeaa
aaab
aaba
aaaa
aaaa
aaab
aaaa
aaaa
aeaa
aaaa
aaea
aaaa
aaaa
aaab
aaaa
aaaa
aaaa
aaaa
aa9a
aa9a
aaaa
aaa6
aaa6
aaaa
aaaa
aaaa
aaea
abae
beab
eaaa
aa6a
aa6a
aa9a
aa9a
aabf
aaea
aaaa
abaa
aaaa
baaa
aaa8
aab8
aaa8
eaaa
aaaa
aaaa
aaaa
aaaa
aaaa
aaaa
0000
a800
aaa0
aaa8
aaa8
aaaa
affa
faae
aaab
aaaa
a82a
a102
0446
15d0
0554
1110
0444
011a
806f
a02a
e8ba
a2aa
a8aa
baaa
aaaa
baaa
aeaa
aeaa
abaa
aaaa
aaaa
aaaa
aaaa
aaaa
aaaa
aaaa
aaaa
aaaa
aaaa
aaaa
a000
e800
b800
ae00
aa00
aa00
9800
9aaa
a800
ea00
ba00
ae00
aa00
aa00
a800
a800
0000
0000
0000
0000
0000
8000
a000
a000
aaaa
aaaa
abea
abfa
abfa
affa
affa
abfa
abfa
2bfa
2afe
2afe
2afe
2abf
8abf
8abf
82bf
a2af
a2af
a2af
a2ab
a0ab
a8ab
282a
2a2a
2a2a
2a2a
0a2a
0a8a
0a8a
8a0a
0228
faba
fabe
baae
beae
aeae
aeaa
aba1
aa84
abea
abfa
eafa
eafa
eafa
eafa
faba
faba
bfeb
afeb
afeb
afea
afea
afea
afea
abea
aaaa
aaaa
afaa
bfea
bfea
bfeb
bfeb
bfeb
aaa9
aaaa
aaa5
faa5
fea5
fba5
ffa5
fea6
fea6
feaa
feaa
feaa
feaa
feab
feab
beab
beaa
beaa
aeaa
aeaa
afaa
abaa
aaaa
aaa8
8aaa
aa22
aaa8
88a2
aa88
0804
2040
8100
aafa
8afa
abea
2bea
8bea
2bea
2fea
afaa
bffe
abfe
abfe
aafe
abfe
2bfa
aafa
aafa
aaa9
abea
affa
affa
abfa
fbfe
fffe
fffe
6aaa
56aa
5566
5555
5555
5555
6a59
aa96
aaaa
aaaa
aaaa
6aaa
56aa
55aa
55aa
556a
556a
5569
6569
5565
9555
9556
a555
a955
a955
aa55
aa56
aa56
aa56
aa96
aa9a
aaaa
aaaa
aaea
aba8
afa8
aea0
bea0
baa8
aaa8
2829
0a09
8282
20aa
202a
280a
0802
0202
a956
aa55
aa95
aa95
aaa5
aaa5
aa25
a8a9
956a
556a
556a
656a
555a
955a
955b
a55a
aaaa
aaaa
aaa6
aa59
a955
a556
a556
955a
a5aa
96aa
56aa
aabe
aaaa
abaa
aaaa
aaaa
aaaa
aaab
aaff
aeaa
baaa
aaaa
aaa8
aa20
a88a
8a29
62a5
5955
5555
9555
6a95
6a95
68a5
6829
680a
5a01
5802
5a00
9602
9680
55a6
55a6
55aa
55ba
65ba
85ba
25bd
89bd
5560
5558
5558
5558
5558
5558
55aa
55a6
aaa2
ea88
aa80
aa0a
aa28
a000
0a00
a680
aaaa
aaaa
aaaa
aaaa
aaaa
aaaa
aaaa
aaaa
0000
0000
a000
a800
d600
d680
f920
be60
aa80
fdaa
6fde
9ddf
5f75
7ff9
ffff
fab7
002a
02a9
2afd
ad9f
965b
b967
9957
af55
0000
0000
0000
0002
0009
0009
002b
002d
0b82
0b8b
2f8b
2e8b
be8b
be0b
ba0b
ba0a
e000
e000
a002
a00b
a00b
a02e
e02e
e02e
0000
0000
0000
0000
0000
0800
2e00
b800
0025
0025
0029
800a
8002
800a
002a
002a
80a6
aa96
e950
fa02
feaa
ffea
bffe
aeff
e82e
f82f
faab
be9b
beaa
afaa
6fea
0bfa
ba0a
ba02
ba82
bea2
bea0
afaa
2fa8
abea
abfa
2afa
5abf
42af
00ab
aaaa
aaaa
aaaa
8afe
aabf
abeb
efaa
feaa
aaaa
aaaa
aaaa
abbb
eaee
ffaa
bea9
aa66
a99a
aaaa
aaaa
0000
000a
0020
0285
0810
22aa
280a
0000
666a
99aa
66aa
aaaa
aaaa
aaaa
aaaa
aaaa
af97
a7fe
abfa
a952
aaaa
aaaa
aaaa
aaaa
6aaa
6aaa
9aaa
aaaa
aaaa
aaaa
aaaa
aaaa
f760
ff58
ad58
be68
b560
e680
aa00
a800
aba0
aba0
ab80
eb80
fb80
7e80
be00
fd80
eabe
eabe
ea9d
d6bf
fffe
7ffa
6ffa
6bff
6ff7
ab77
a5f7
95de
a5fd
697d
9a9f
6667
8999
2a6a
029a
0a6a
aaaa
9aaa
a66b
99a9
65ff
aafa
aa7e
aaf6
69fa
5aa6
f969
7fe9
aaaf
afab
bfea
beea
bebf
aabf
abfe
aafa
abf8
a7e8
a7fa
26fa
aafe
0abf
2abf
8aae
9bd5
9b81
9f89
9faa
9eae
9fbf
9fbe
9ff8
02aa
002a
028a
0a26
2a95
a695
9655
9555
5602
5600
5600
5c00
6000
80a0
0af8
6be0
6f80
7e02
7806
a0af
82fe
8bea
2faa
2f82
be02
b802
f80b
f82b
f82f
f8ae
fabe
faae
eeaa
ffaa
bbaa
afe5
abb9
aafe
aaaa
aaaa
a56a
955a
5556
5555
5556
55aa
96aa
aa6a
fa10
ea10
e810
a820
a820
a000
8280
8960
96e4
5754
9b58
ab54
ad54
ad54
be98
ba18
216d
896d
216d
096d
21bd
09bd
05b9
25f6
aa80
aa00
a000
8000
8000
0000
0000
0000
aaaa
aaaa
abea
afea
afea
affa
affa
afea
6aaa
6aaa
6afa
abfe
abfe
abfe
abfe
ebfe
5555
5555
5555
5555
5955
5aa5
5ab5
96b5
aaa9
aa95
9955
5555
5555
5555
55a9
56aa
6aaa
6aaa
55aa
5569
9555
9555
a555
a955
0955
0a55
0255
0255
00a5
0025
0025
0025
5682
5a82
5a00
5800
580a
562a
56a0
56a0
96b6
a6bb
16bf
96bf
9abf
9abf
aabf
a2be
ebfe
ebfa
ebfa
abfa
abfa
abfa
abfa
abea
afe8
afea
bfa8
bfa8
bfa0
fea0
fe88
fe80
fea0
fa80
fa00
fa80
ea00
e800
e800
a000
2e2f
be2f
b82e
b8ae
a0ba
00b8
00a0
0080
abea
2fea
afab
2fab
af8b
2f8b
ae2f
2e2f
8000
8000
8000
0000
0000
0000
0000
0000
28be
22be
a0ba
a0ba
82f8
82e2
8288
8020
56a8
558a
568a
5622
5602
6a02
6880
6800
0025
0025
0025
0025
0009
0009
000a
0002
6800
aa00
2a00
8a00
0a00
2280
02a0
08a8
0002
0002
0000
0000
0000
0000
0000
0000
0820
28a8
2828
0228
08a8
0a08
0a88
0288
aa90
2a02
2a12
aa09
ae08
ae09
ae88
ae88
8442
110a
442a
42aa
6aab
2aab
2bab
2beb
beaa
beaa
feaa
faaa
faaa
eaaa
aaaa
aaaa
aaaa
aaa8
aaaa
aaa8
aaaa
aae8
aba8
aaa0
aaa2
aa88
aaa0
aa80
aa20
aa80
aa20
a882
aaaa
aaaa
abaa
aaaa
baaa
eaaa
aaaa
aaaa
abea
abea
abea
ebea
efea
afaa
afab
bfaa
afa8
bfaa
bfaa
beaa
feab
feaf
febe
faba
0282
0080
0088
008a
0222
0202
082a
00ab
0aaf
0aff
2bfb
2bef
2bef
2fef
abeb
6aaa
9aaa
aaa5
aa95
aaaa
aaaa
aaaa
aaaa
aaaa
a5af
55aa
aa6a
aa6a
aaaa
aaaa
aaaa
aaaa
faea
eaaa
faaa
faab
faaf
fabf
eabf
aabf
bfaa
feaa
feaa
faab
feaa
ffaa
bfaa
bfaa
bfa6
ae95
aa9a
aaa9
aaaa
aaaa
aaaa
aaaa
9956
655a
5556
9596
666a
aaaa
aaaa
aaaa
aaaa
abaa
baaa
aaaa
aaaa
aaaa
aaa6
aa56
aa00
8800
a200
8880
a000
a800
a200
8880
aaaa
aaaa
aaaa
aaaa
aaaa
aaaa
aaaa
aaaa
5556
556a
55aa
56aa
5aaa
aaaa
aaaa
aaaa
a955
9555
5555
5555
5555
5555
5556
556a
aaaa
aaaa
aa95
5555
5555
5555
5555
9555
55aa
56a8
5a8a
5aa0
5a88
5aa0
5680
5688
5555
a555
aa95
aaa5
88a5
a2a9
8229
88a9
8229
8089
8229
8089
802a
a08a
a022
a80a
aaaa
aaaa
a844
8400
9000
802a
82aa
aaaa
99aa
aaa0
0080
0000
000a
aaaa
aaaa
aaaa
5580
5580
5580
5680
55a0
5569
655a
655a
00aa
02aa
0aaa
aaaa
aaaa
aaaa
aaaa
aaaa
0000
0000
0000
0000
000a
82aa
aa82
a80a
0000
0000
00aa
2aaa
aaaa
aaaa
aaaa
aaaa
aaaa
aaaa
aaaa
aaaa
aaaa
aaaa
aaaa
aaaa
aaaa
aaaa
aaaa
aaaa
aaaa
aaaa
aaaa
aaaa
aaaa
aaaa
aaaa
aaaa
aaaa
aaaa
aaa2
aa88
aa22
a0aa
aa96
a555
5555
5566
55aa
56a9
0000
a000
5560
5568
9556
9555
a555
a955
22aa
08aa
000a
0000
a002
6800
5500
556a
aaaa
aaaa
aa22
a888
a222
8888
2002
8000
9999
a665
2555
a955
2955
8a55
2a55
8a96
aaaa
aaaa
aaaa
aaaa
a995
6656
996a
56a8
5aa0
6a00
6882
6800
a808
aa80
a000
a802
aaaa
aaaa
aaaa
aaaa
aaaa
aaaa
aaa9
aaa6
aaaa
aaaa
aaaa
aaaa
aaaa
aaaa
aaaa
aaaa
6aaa
aaaa
aaaa
aaaa
aaaa
aaaa
aaaa
aaaa
aaaa
aaaa
aaaa
aaaa
aaaa
aaaa
aaaa
aa80
aaaa
aa80
aa00
a000
a000
0000
0000
0000
280a
a028
80a0
0280
aa00
a800
a000
a800
2a00
aa00
aa82
aaaa
aaaa
aaaa
aaaa
aaaa
0000
0000
2028
282a
08a8
0880
0280
0a00
0000
0000
8000
0000
0000
0000
0200
2800
8000
2000
0800
0000
0000
0000
0000
0000
8000
0000
0000
0000
0000
0000
0000
a800
0000
0000
a800
8002
0002
0002
0002
000a
a080
8000
0008
2022
0000
2000
0000
aaaa
a959
aaaa
aaaa
aaaa
aaaa
aaaa
aaaa
aaaa
556a
59aa
5aaa
aaaa
aaaa
aaaa
aaaa
aaaa
8000
8000
0000
0220
2820
0000
2000
0a00
0055
0155
0555
5555
5555
5555
9955
6655
5540
5550
5555
5555
9565
9559
9555
9555
9555
9555
2559
a555
2556
a555
2555
a555
2556
a555
2555
8955
2955
8955
2955
0a55
6aaa
5aaa
5aaa
5aaa
56aa
55aa
55aa
556a
0000
0000
0080
0000
0800
0000
0000
0000
f800
f800
f800
ffff
ffff
f800
f800
f800
000c
0030
0030
00c0
00c0
0300
0300
0c00
0c00
0300
0300
00c0
00c0
0030
0030
000c
5009
5409
6509
6949
6259
6095
6025
6009
5aa9
56a9
65a9
6969
6a59
6a95
6aa5
6aa9
0946
0952
0946
0952
0946
0952
0946
0952
0946
0952
3f46
efd2
3f86
0a52
0946
0952
0000
0000
a000
9800
8800
a800
0000
aaaa
0000
0000
0000
0000
a000
a200
0020
0002
a002
6009
6822
aa82
aa82
a588
5588
2560
aaaa
aaaa
aaaa
aaaa
aaaa
aaaa
aaaa
aaa9
803f
8000
8000
8000
8000
8000
8000
aaaa
003f
0000
0000
0000
0000
0000
0000
aaaa
80ea
80ea
80ea
80eb
80ea
80ea
80ea
80fa
00ea
00ea
00ea
00ea
00ea
00ea
00ea
00fa
a56a
a8aa
aaaa
aaaa
aaaa
aaaa
aaaa
aaaa
aaaa
28aa
aaaa
a8aa
aaaa
aaaa
aaaa
aaaa
a8aa
aa8a
8aaa
aaaa
aaaa
aaaa
aaaa
aaaa
aaaa
aaaa
aaaa
aaa9
aaa9
aaa5
aa97
aa97
aaaa
aaaa
aaaa
aaaa
aaaa
aa9a
aa5b
a95b
aaaf
bfff
fbff
eeaa
ebaa
eaea
a6ba
95ae
956b
955a
5556
5555
5555
5555
5555
5555
a55b
975e
5d6e
75ae
d5ba
d5b9
56f9
56e5
aa5d
aa5d
a975
a975
a9d5
a555
a556
955a
5ae5
5b95
6b95
6e55
be55
b955
f955
e955
efe3
faf8
befe
afaf
6beb
5bfb
5bfb
5bfb
5bfb
5bfa
5bfe
5b4e
5b0e
5bae
5bfe
6bfe
ffef
ffee
bfee
ffee
ffee
ffee
ffee
feee
aaaa
9555
9555
9555
9555
9555
9555
9555
ffff
ffff
efff
ffff
ffff
aaaa
ffff
eaaa
f4ff
fd3f
000f
bbbf
eeff
fffa
ffeb
ffef
aaaa
5555
5555
5555
5555
5555
5555
5555
ffff
ffff
ffef
ffff
ffff
aaaa
ffff
aaaa
ffff
ffff
fbff
ffff
ffff
ffbf
ffff
ffff
aaaa
aaaa
aaaa
aaaa
eeaa
fffa
feaa
aaff
aaaa
aaaa
aaaa
ebab
aefa
eeee
ffff
fffe
aaaa
eaaa
eaaa
aaaa
aaaa
eeeb
aaaa
ffff
aaaa
ffff
ffff
ffff
ffff
ffff
ffff
bfff
ffee
aaaa
aeef
bbbf
ffff
fffb
ffff
03ff
ffff
fffe
aaaa
aaab
aaee
bbbb
eeff
bfc0
aaaa
aaab
aaaf
aabf
abfe
affe
bffa
aaab
aaae
aaaf
aaae
aaff
aaaa
afff
abff
abff
aaea
aaea
aaba
aabf
aaaa
aaaa
aaaa
aaaa
afaa
afaa
abff
fffe
aaaa
aaaa
aaaa
aaaa
baea
fbea
ebaa
aeaa
aaaa
aaaa
aaaa
aaaa
aaaf
aaeb
abfb
ffeb
ffef
efae
afbe
aebb
aaaa
faaa
efea
eaaa
aaff
ffff
ffff
ffea
faaa
fabb
eaef
abbf
affa
bfaa
faaa
aaaa
ffbf
feaa
feaa
eaaa
aaaa
aaaa
aaaa
aaaa
ffff
aaab
aaaa
bffa
abff
aaaa
aaaa
abab
eaaa
aaaa
aaaa
aaaa
aaaa
aaaa
aaaa
aaaa
aaaa
aaba
aaaa
aaaa
aaaa
aaaa
aaaa
aaaa
eaab
fffa
aaaa
aaaa
ffea
aaaa
aaaa
feaa
ffff
aaaa
aeee
aaaa
aaaa
aaaa
aaaa
aaaa
ffff
ffff
ffff
feee
aaaa
ffff
ffff
ffff
5555
5555
5555
5555
aaaa
ffff
aaaa
aaaa
9555
9555
9555
a555
eaaa
ffff
aaaa
eaaa
ffff
ffff
ffff
aaab
aaaa
bbaa
eeeb
bbaf
bfff
ffff
faab
aaaa
aaaa
bbbb
eeee
aaaa
ffee
ffee
bfee
ffef
bfef
fffb
bffe
ffff
9bfe
6bfe
abfe
affe
bffa
ffaa
ffab
ffba
febb
feae
feeb
faef
faea
ebea
afaa
bfaa
999a
66ab
aabf
ffff
ffff
ffff
aaaa
aaaa
5555
5556
5559
aaaa
feaa
afff
aaab
666a
