0000
0000
0000
0000
0000
0000
0000
0000
0000
0000
0000
0000
0000
0000
0000
0000
0000
0000
0000
0000
0000
0000
0000
0000
0000
0000
0000
0000
0000
0000
0000
0000
0000
0000
0000
0000
0000
0000
0000
0000
0000
0000
0000
0000
0000
0000
0000
0000
0000
0000
0000
0000
0000
0000
0000
0000
0000
0000
0000
0000
0000
0000
0000
0000
0000
0000
0000
0000
0000
9000
0009
3900
0093
d300
0099
3d00
0019
9900
0011
1900
0021
1900
0021
1900
0011
1900
0091
1900
0039
1300
0013
1900
0031
1900
0031
1200
0011
1300
0039
1200
0023
1200
0021
1300
0021
2300
0091
3900
0092
3900
0092
9300
0092
3100
0093
2100
0009
2200
0000
2900
0000
9000
0000
0000
0000
0000
0000
0000
0000
0000
0000
9000
0000
3900
0000
fd00
0000
d900
0000
9300
0000
9900
0000
1100
0009
1100
0009
1100
0009
2100
0009
9200
0009
9300
0092
2200
0092
1100
0092
1100
0092
1100
0092
1100
0091
1200
0091
2100
0091
1200
0091
2300
0092
3300
0009
9900
0009
3100
0000
2100
0000
2200
0000
2900
0000
9000
0000
0000
0000
0000
0000
0000
0000
0000
0000
0000
0000
0000
0099
0000
003d
0000
00f1
0000
0013
0000
0099
9000
0099
3900
0091
d900
0011
d900
0011
9900
0019
9900
0039
2900
0093
2900
0012
1200
0012
1300
0022
1300
0012
3900
0099
9900
0021
9900
0011
9000
0023
9000
0011
3900
0012
1900
0011
1100
0011
2300
0092
3900
0099
9000
0009
0000
0000
0000
0000
0000
0000
0000
0000
9900
0000
3300
0000
dd00
0000
3900
0009
9900
0009
9100
0009
1100
0009
1100
0009
1100
0092
1200
0092
2200
0093
9900
0093
3f00
0093
1300
0093
2100
0009
2100
0009
2300
0009
2200
0009
2200
0000
3200
0000
2200
0000
2100
0000
1200
0000
1200
0000
2300
0000
3900
0000
9900
0000
9000
0000
0000
0000
0000
0000
0000
0000
0000
0000
0000
0000
9900
0000
d300
0009
9d00
0009
3300
0009
9900
0009
1100
0092
1100
0092
1100
0099
2200
0092
2100
0092
2200
0023
3100
0021
2200
0023
1100
0021
1100
0021
1100
0013
1300
0019
1200
0019
2300
0019
3900
0011
3900
0023
9900
0021
1900
0091
1100
0092
2200
0009
2900
0000
9000
0000
0000
0000
0000
0000
0000
0000
0000
0000
9000
0000
3900
0000
3d00
0000
3300
0000
3300
0000
9300
0000
3300
0009
d300
0009
3300
0009
3d00
0009
3300
0009
3300
0091
3300
0091
3300
0091
3300
0091
3300
0091
3300
0091
3300
0091
9300
0091
9300
0091
9900
0091
2900
0009
1900
0009
1100
0000
1100
0000
1200
0000
2900
0000
9000
0000
0000
0000
0000
0000
0000
0000
0000
0000
0000
0000
0000
0000
0000
0000
0000
0099
0000
002c
9900
001c
c900
001c
1c00
001b
1100
0011
1100
0091
1900
0019
9100
0011
1200
0091
1200
0031
2c00
0031
cf00
0011
2f00
0011
2c00
0099
2c00
00ca
2300
00ca
3200
00a9
c200
0091
b900
00b1
b900
00cb
9900
00cc
2900
00cc
9900
00cb
9000
0099
0000
0000
0000
0000
0000
0000
0000
0000
0000
0000
0000
0000
0000
0000
0000
0009
9000
0099
c900
0091
1c00
0021
1100
0091
1100
0019
1100
0011
1100
0031
1100
00c9
1900
0093
9100
0023
1100
0031
1200
0031
2c00
0099
2f00
00ca
2c00
00ca
2c00
00a9
2300
00a1
3200
00b1
c200
00cb
b900
00cb
9900
00cc
2900
00bf
9900
009c
9000
0009
0000
0000
0000
0000
0000
0000
0000
0000
0000
0000
0000
0000
0000
0000
0000
0099
0000
00cc
0000
00ff
0000
00cb
0000
00b1
9000
0011
9000
0011
9000
0011
c900
0011
2c00
0099
cc00
0099
fc00
0099
c300
0099
9100
0019
3100
0011
1200
0019
3900
009c
2900
00ac
2900
00a9
9900
0091
9900
001c
2900
001b
2900
00cb
9900
00cc
9000
00cc
0000
00cb
0000
0099
0000
0000
0000
0000
0000
0000
0000
0000
0000
0000
0000
0000
9900
0009
cc00
0091
2100
0011
1100
0011
1100
00c9
1100
0022
1100
0021
1100
0023
9900
003c
9900
0012
9900
0021
9900
0011
1100
0011
1100
0022
1200
002b
2200
0022
c200
002c
cc00
00cb
bc00
0099
ac00
009b
cb00
009b
cb00
0009
b900
0009
9000
0000
0000
0000
0000
0000
0000
0000
0000
0000
0000
0000
0000
0009
0000
0099
9000
0091
c900
0021
1c00
0091
1100
0019
1100
0011
1100
0032
1100
00c9
1100
00f3
1900
0023
9100
0031
1100
0031
1200
0099
2c00
00ca
2f00
00ca
2c00
00a9
2c00
0099
2300
0099
3200
0039
c200
0013
b900
00a1
9900
00ca
2900
00cc
2900
00cc
9900
009c
9000
0099
0000
0000
0000
0000
0000
0000
0000
0000
0000
0000
0000
0000
0000
0000
0000
0009
9900
0099
1200
0091
1100
0021
2100
0011
2100
0011
2100
0011
1100
0012
1100
001b
1100
001c
2100
0012
2200
0011
cc00
0012
cc00
0012
cb00
0012
cc00
0022
ca00
0023
bb00
002b
ab00
00bc
aa00
00cb
9900
00bb
1900
00aa
1900
0099
9900
0000
9000
0000
0000
0000
0000
0000
0000
0000
0000
0000
0000
0009
0000
0996
9000
9d97
6900
0999
7700
0069
7700
0077
7700
0077
7700
0077
7700
0077
6700
0077
7600
0076
6600
0069
2700
0095
7600
009a
6700
0029
7600
0012
6600
0011
6900
0017
9600
0091
6600
0099
6700
0073
6600
0011
6700
0077
6600
0099
6700
0000
6300
0000
6900
0000
6900
0000
9000
0000
0000
0000
0000
0000
0000
0090
9900
0029
7700
0099
7700
0009
7700
0000
7700
0009
7700
0009
7790
0096
7790
0076
6690
0067
6690
0097
6690
0096
9790
0097
6600
0061
6600
0061
6100
0011
6100
0011
1100
0011
2600
0099
9600
0011
6900
0011
9900
0099
9600
0096
6600
0009
1600
0000
2600
0000
1600
0000
2600
0000
6900
0000
9000
0000
0000
0000
0000
0000
0000
0000
0000
0000
0000
0999
0000
9d67
0000
0977
0000
9077
9000
2977
6900
9977
6900
0077
7600
0077
6600
0077
7600
0077
6600
0076
6600
0069
6600
0999
6600
0995
7600
095f
6900
0095
6900
0029
9900
0011
6900
0017
6900
0091
7900
0099
6600
0013
6700
0011
6600
0077
6600
0099
1900
0000
1900
0000
9000
0000
0000
0000
0000
0000
0000
0090
0000
0029
9900
0092
7900
0009
9200
0096
7900
0096
7600
0097
7700
0076
7600
0067
6700
0066
7700
0077
7600
0099
6900
0095
9500
0095
9f00
0095
9500
0019
2900
0011
1200
0091
1700
0096
1100
0091
1100
0096
9100
0009
7100
0009
1100
0009
1600
0000
6900
0000
9600
0000
3600
0000
2900
0000
9000
0000
0000
0000
0000
0000
0000
0090
9900
0029
7700
0099
7700
0009
7700
0000
7700
0009
7700
0009
7790
0096
7790
0076
7790
0077
7690
0077
6690
0067
9990
0097
9600
0061
2200
0061
2100
0011
1100
0011
1100
0011
2600
0099
9600
0029
6900
0019
9900
0019
9600
0019
6600
0011
1600
0011
2600
0099
1600
0000
2600
0000
6900
0000
9000
0000
0000
0000
0000
0000
0000
0090
0000
0029
9900
0099
7700
0009
7700
0000
7700
0009
7700
0009
7790
0096
7790
0076
7790
0067
7790
0077
7790
0077
7790
0026
7600
0092
6700
0091
6600
0011
6600
0011
6600
0011
6600
0021
6600
0091
6600
0091
6600
0096
6600
0096
6600
0009
6600
0000
6600
0000
6600
0000
6600
0000
6900
0000
9000
0000
0000
0000
0000
0000
0000
0000
0000
0000
0000
0000
0000
0000
0000
0009
9000
0093
3900
0033
3300
0099
9300
0055
5900
0033
5500
0012
d300
0021
d300
0012
2200
0095
1200
0019
2200
0021
2200
001c
1200
0011
1300
0021
2300
0021
2300
0021
2900
0091
2900
0092
9900
0092
9900
0049
1900
0033
1900
0033
0900
0039
9000
0090
0000
0000
0000
0000
0000
0000
0000
0000
0000
0000
0000
0000
0000
0000
9900
0000
3400
0000
3300
0000
9300
0009
5900
0099
5500
0093
1300
0093
1100
0099
2300
0009
3100
0009
5200
0009
1100
0009
1100
0009
1c00
0009
1100
0009
2100
0009
2100
0009
1190
0009
1290
0009
2990
0009
9990
0009
3999
0009
2949
0009
1939
0000
9949
0000
0099
0000
0090
0000
0000
0000
0000
0000
0000
0000
0000
0000
0000
0099
0000
0034
0000
0043
0000
0033
0000
0033
9000
0039
9900
0095
3900
0055
3300
0033
3300
0031
9300
0011
3200
0031
3100
0022
3100
0012
1300
0011
3900
0012
3900
0011
3900
0011
3900
0021
3900
0021
9900
0091
3900
0092
1900
0039
1900
0039
1900
0039
9000
0090
0000
0090
0000
0000
0000
0000
0000
0000
0000
0000
0000
0000
0000
0000
9900
0000
3400
0009
4300
0009
3300
0093
9900
0093
5500
0095
3100
0099
1100
0093
1300
0093
3300
0099
3c00
0099
1200
0099
1100
0099
2100
0099
1200
0039
1200
0039
1200
0033
9100
0033
1100
0034
1200
0033
1290
0043
2390
0033
9939
0099
3399
0099
3990
0009
0000
0000
0000
0000
0000
0000
0000
0000
0000
0000
0000
0000
9900
0000
4300
0000
3300
0000
9900
0000
5500
0009
1500
0009
1100
0009
2200
0009
cf00
0000
f900
0000
cc00
0000
2200
0000
1100
0009
1100
0009
2193
0094
1249
0043
1199
0033
1190
0093
1149
0093
1234
0034
2999
0033
9390
0033
3900
0033
1990
0093
1930
0009
9093
0000
0000
0000
0000
0000
0000
0000
0000
0000
0000
0000
0000
0000
0000
0000
9900
0000
3400
0000
3300
0000
9300
0009
5900
0099
5500
0093
3300
0093
3300
0093
3300
0003
3300
0009
3300
0009
3300
0009
3300
0009
3300
0009
3300
0009
3400
0009
3300
0009
3390
0009
3390
0009
3390
0009
3390
0099
4339
0099
3339
0099
3339
0009
3939
0000
9939
0000
0090
0000
0000
0000
0000
0000
0000
0000
0000
0000
0000
0000
0000
0009
9000
0049
9000
0039
2400
0092
3300
0031
3900
0091
1200
0091
3300
0021
1100
0012
1100
00ff
cc00
0099
fc00
0099
fc00
00ff
c200
0033
2100
0013
1100
0011
1100
0021
1200
0092
2300
0092
2300
0092
2300
0092
3900
0009
2100
0000
1900
0000
9000
0000
0000
0000
0000
0000
0000
0000
0000
0000
0000
0000
0000
0000
0900
0000
9200
0000
9100
0000
1104
0000
1143
0000
1139
0000
1100
0000
1104
0000
1149
0000
2200
0000
fc34
0000
9c39
0000
9909
0000
c990
0009
af90
0009
2300
0009
1100
0000
1100
0009
1100
0009
1200
0009
1200
0009
2300
0000
3900
0000
2100
0000
1900
0000
9000
0000
0000
0000
0000
0000
0000
0000
0000
0000
0000
0000
0000
0000
0000
0090
0000
0029
0000
0019
0000
0011
9000
0011
0000
4313
0000
3911
0300
9011
4900
0411
9000
3312
9900
092f
9900
03f9
1900
3099
1100
0099
3100
00ff
3100
0032
1900
0011
3900
0012
3900
0029
3900
0011
9900
0011
9200
0021
2100
0091
1100
0093
1900
0009
9000
0000
0000
0000
0000
0000
0000
0000
0000
0000
0000
0000
9000
0000
2900
0000
1900
0043
1200
0009
1100
0043
1100
0094
1130
0009
1190
0043
1100
0093
1100
0009
2133
0009
2290
0099
ff00
0099
9900
0019
9900
0019
ff00
0099
3300
0099
2200
0099
3100
0009
1100
0000
2300
0000
3100
0000
1100
0000
1100
0000
1300
0000
3900
0000
9000
0000
0000
0000
0000
0000
0000
0000
0000
0000
0900
0009
9100
0004
2100
0000
1100
0090
1100
0044
1109
0004
1190
0000
1199
0044
1144
0009
1190
0009
2190
0009
c244
0009
cf99
0009
9990
0009
9990
0091
ff44
0011
3c99
0019
1200
009c
1100
009f
1200
0099
2900
00cf
1900
009c
1900
0019
9900
0011
9100
0099
9100
0000
1900
0000
9000
0000
0000
0000
0000
0000
0000
0000
0000
0000
0000
0000
0000
0000
0900
0000
9200
0009
9100
0000
1100
0000
1100
0099
1100
0003
1100
0000
3100
0000
3300
0009
3300
0000
4334
0000
3339
0000
4499
0000
4344
0009
3399
0009
3349
0009
3344
0009
3990
0009
3404
0009
3400
0009
9400
0009
9300
0000
9900
0000
2100
0000
1900
0000
9000
0000
0000
0000
0000
0000
0000
0000
0000
0000
0000
0000
0000
0099
9000
00aa
a900
00a5
aa00
0011
aa00
0011
aa00
0011
1a00
0011
1a00
0011
1a00
00a1
2a00
002a
1200
0099
2200
0033
2200
0011
1200
0011
1200
0011
1200
0011
1200
0021
2300
0021
2300
0029
3900
0032
3900
0092
9900
0092
9100
0093
9100
0009
2200
0000
2900
0000
9000
0000
0000
0000
0000
0000
0000
0000
0000
0000
9900
0000
a900
0000
aa00
0000
aa00
0009
1100
0009
1100
0092
1100
0099
1100
0091
2a00
0021
a100
0022
2a00
0032
9200
0031
3900
0031
1300
0031
1100
0091
1c00
0092
1100
0092
1100
0092
1200
0093
2200
0009
2300
0009
2300
0009
2900
0009
9100
0000
9100
0000
2200
0000
2900
0000
9000
0000
0000
0000
0000
0000
0000
0000
0000
0000
0000
0009
0000
0099
0000
00a5
0000
00aa
0000
00aa
0000
00aa
9000
00a1
9000
00a1
9000
0091
9900
0011
9100
0011
9100
00a1
9300
0091
9100
0031
1100
0021
3200
0011
1200
0011
9100
0019
9900
0021
3900
0019
9900
0091
9900
0091
2900
0022
1200
0021
1100
0021
2100
0093
2900
0009
9000
0000
0000
0000
0000
0000
0000
0000
0000
0000
0000
0000
0000
0099
9000
00aa
a900
00a5
aa00
0011
aa00
0011
aa00
0011
1a00
0011
1a00
0011
1a00
00a1
2a00
002a
1200
0099
2200
0033
2200
0011
1200
0011
1200
0011
1200
0011
1200
0021
2300
0021
2300
0029
3900
0032
3900
0092
9900
0092
9100
0093
9100
0009
2200
0000
2900
0000
9000
0000
0000
0000
0000
0000
0000
0000
0000
0000
9000
0000
9a00
0009
aa00
0009
aa00
0091
1a00
0091
1100
0021
1100
0029
9900
0012
1100
001c
2100
00c9
a200
002f
fa00
0012
ca00
0011
a200
0011
1100
0011
c100
0021
1200
0029
1200
0091
1300
0023
9300
0023
3900
0021
3900
0022
9200
0021
9100
0092
2200
0099
2100
0009
1900
0000
9000
0000
0000
0000
0000
0000
0000
0000
0000
0000
9900
0000
5900
0000
a500
0000
aa00
0009
aa00
0009
aa00
0091
aa00
0091
aa00
0091
aa00
0091
9a00
0092
9900
0092
9a00
0022
9a00
0022
9a00
0021
9900
0021
9900
0022
a900
0022
9900
0092
9900
0091
9900
0091
3300
0092
3200
0092
1100
0099
1100
0009
1100
0000
2200
0000
2900
0000
9000
0000
0000
0000
0000
0000
0000
0000
0000
0000
0000
0000
0000
0000
0000
0000
9900
0000
5500
0000
5500
0000
5500
0000
9900
0009
9900
0009
ba00
0009
cb00
0009
cb00
0909
fb00
0999
cb00
09dd
b900
09dd
9900
09dd
dd00
00ee
ee00
00dd
dd00
0099
3d00
0099
3d00
00dd
dd00
00dd
d900
0099
9900
0000
9900
0000
9900
0000
9000
0000
9000
0000
0000
0000
0000
0000
0000
0000
0000
0000
0000
0000
0000
0000
0000
0000
9900
0000
5500
0000
5500
0000
5500
0000
9900
0000
9990
0000
bb90
0000
cc90
0000
fc90
0099
ff90
00dd
fc90
00dd
cb90
00dd
9990
00ee
dd90
00dd
ee00
0099
dd00
0099
dd00
00dd
d300
00dd
d300
0099
9900
0000
9900
0000
9900
0000
9900
0000
9900
0000
9000
0000
0000
0000
0000
0000
0000
0000
0000
0000
0000
0000
0000
0000
0000
0000
0000
0099
0000
0055
9900
0055
5500
0059
5500
0099
5500
0099
5500
0099
9500
009b
9500
00b9
5900
00c9
9500
00c9
5900
0099
9500
00dd
9900
99dd
3900
dddd
3900
deee
3900
dddd
3900
9d99
9900
0999
9900
00dd
9000
00dd
9000
0099
9000
0000
9000
0000
9000
0000
0000
0000
0000
0000
0000
0000
0000
0000
0000
0000
0000
0000
0000
0000
0000
0000
9000
0009
5900
0009
5500
0095
5500
0095
9900
0059
9b00
0059
cc00
005a
fc00
005a
ff00
009b
9f00
009b
9f00
0099
9900
0099
e300
0099
dd00
0093
de00
00de
dd00
00dd
9900
0099
dd00
003d
2d00
009d
9900
0009
9900
0000
9000
0000
9000
0000
9000
0000
0000
0000
0000
0000
0000
0000
0000
0000
0000
0000
0000
0000
9900
0000
5500
0000
5500
0000
5500
0000
b900
0000
bb90
0000
cb90
0000
cc90
0000
fc90
0099
9f90
00dd
9f90
00dd
fc90
00dd
cc90
00ee
c990
00dd
9900
0099
9900
0099
d900
00d9
d300
0039
dd00
0094
dd00
0099
dd00
0099
d300
00dd
9900
00dd
9900
00dd
9900
0099
9000
0000
0000
0000
0000
0000
0000
0000
0000
0000
0000
0000
0000
0000
0000
0000
9900
0000
5500
0000
5500
0000
5500
0000
5500
0000
5590
0000
5590
0009
5590
0009
5590
0099
5590
00d9
5990
00d9
9590
00d9
5990
00dd
9990
00dd
9900
00dd
9900
0099
9900
00dd
9900
009d
9500
0099
9900
0000
9900
0000
9900
0000
9900
0000
9900
0000
9000
0000
0000
0000
0000
0000
0000
0000
0000
0000
0000
0000
0000
0000
0000
0000
0000
0000
0000
0099
9000
0019
9900
00c3
9100
0032
2200
0021
1200
0011
1100
0013
2100
0011
9200
0011
9200
0011
3300
0012
3200
0092
2100
0022
1200
0011
2900
0011
1900
0011
3900
0011
3900
0021
9900
0091
9000
0011
9900
0021
2900
0012
1900
0023
9000
0099
0000
0000
0000
0000
0000
0000
0000
0000
0000
0000
0000
0009
9000
0092
1900
0021
1200
001c
c100
001c
c200
0011
1c00
0011
1100
0093
2100
00d9
9200
0062
9900
0021
7900
0011
6900
0011
9300
0019
2300
0012
3200
0011
2100
0011
1200
0011
2100
0021
3900
0022
3900
0091
9900
0011
9900
0021
9900
0012
2900
0023
1900
0090
9000
0000
0000
0000
0000
0000
0000
0000
0000
0000
0000
0000
0000
0000
0000
0099
0000
0092
0000
002c
0000
00c1
9000
001c
1900
0011
c100
0011
2c00
0913
1200
0919
2100
0939
2100
0913
3100
0911
2100
0911
1100
0921
2900
0021
9200
0022
1900
0011
3900
0011
3900
0011
9900
0011
9000
0021
9000
0091
2900
0011
2900
0032
1900
0011
9000
0012
0000
0099
0000
0000
0000
0000
0000
0000
0000
0000
0000
0000
0000
0009
0900
0092
9200
0091
2200
0022
2100
0021
1200
0011
1100
0099
1100
0029
1390
0099
9990
0097
9719
0066
3919
0093
1219
0011
1219
0031
9190
0023
1190
0011
1190
0021
1190
0022
1100
0022
1100
0022
9900
0092
2100
0093
1100
0009
2100
0000
1100
0000
1200
0000
9900
0000
0000
0000
0000
0000
0000
0000
0000
0000
0000
0000
0000
0009
9900
0092
c100
0091
cc00
0011
1c00
0011
c100
00c1
1100
001c
1100
0091
1100
0039
1c90
0022
2190
0011
9990
0091
1290
0011
3390
0011
2290
0031
1190
0093
1190
00c9
2200
009c
1300
0099
3300
0099
2900
0031
3900
0011
9900
0031
1900
0012
2900
0019
9000
0090
0000
0000
0000
0000
0000
0000
0000
0000
0000
0000
0000
0009
9000
0092
1900
0021
cc00
001c
cc00
001c
cc00
0011
1c00
0011
9100
0011
c100
0011
c100
0011
cc00
0011
c100
0011
1100
0011
1100
0011
1100
0011
1100
0012
1200
0021
2200
0011
3200
0021
2300
0021
3900
0022
2900
0023
2900
0032
1900
0023
2900
0099
1900
0000
9000
0000
0000
0000
0000
0000
0000
0000
0000
0000
0000
0000
0000
0000
0000
0009
9000
0092
2900
002d
d200
00de
d200
00dd
e200
00ee
ef00
00dd
de00
00dd
de00
0099
9e00
0092
9300
0019
2900
0022
2900
0021
1900
0011
1900
0021
2900
0021
2900
0091
2900
0091
3900
0092
9900
0039
9900
00e9
3900
00e3
2900
00dd
1900
009d
9000
0009
9000
0000
0000
0000
0000
0000
0000
0000
0000
0000
0000
0000
0000
0000
9900
0000
2900
0000
ee00
0009
fd00
0009
dd00
0009
9d00
0092
2900
009e
d300
00dd
1900
006d
2900
0099
2200
00d9
b900
00d9
2100
0099
c200
0099
1100
0092
c100
0099
1200
00d9
1200
00e9
1200
00e3
1300
00de
3900
009e
3900
00dd
3900
009d
2900
0009
1900
0009
9000
0000
9000
0000
0000
0000
0000
0000
0000
0000
0000
0000
0000
0000
0000
0099
0000
0022
0000
00de
0000
00ef
0000
00fd
0000
00dd
9000
00d9
9000
0093
9000
0031
9900
0031
d200
0011
de00
00b1
dd00
0021
2e00
001c
e900
0011
dd00
0011
de00
0019
9d00
0011
9d00
0011
9900
0012
9900
0021
9900
0091
9900
0099
9000
00e3
9000
00dd
9000
009d
0000
0099
0000
0000
0000
0000
0000
0000
0000
0000
0000
0000
0000
0000
9900
0000
ed00
0009
dd00
0092
de00
009d
dd00
009d
9d00
002e
3900
00ed
1900
00dd
2200
00dd
2900
00d9
9c00
00d9
9900
00d9
c100
00d3
1c00
00d3
1100
00d3
2100
00dd
1100
00dd
1100
00dd
1300
00de
2300
00dd
3900
00dd
9900
00dd
9900
009d
9900
0099
9900
0000
0900
0000
0000
0000
0000
0000
0000
0000
0000
0000
0000
0000
9900
0000
2900
0000
ee00
0009
fd00
0009
dd00
0009
9d00
0092
2900
009e
d300
00dd
1900
006d
2900
0099
f290
00d9
f999
00d9
f1e9
0099
c2ee
00d9
11de
00d2
c1dd
00d9
129d
0099
1290
00d9
12d9
00d9
13d9
00d9
39ee
00d9
3990
00d9
9999
0090
2999
0000
19e9
0000
90e9
0000
0090
0000
0000
0000
0000
0000
0000
0000
0000
0000
0000
0000
0000
0009
9000
0092
2900
002d
d200
00de
d200
00dd
e200
00dd
ef00
00dd
ee00
00dd
ee00
00ed
ee00
009d
ee00
0019
ed00
0029
ed00
0021
ed00
0019
ed00
0029
de00
009e
ee00
009d
de00
00d1
dd00
00ed
dd00
00dd
ed00
00ed
ed00
00ed
de00
00dd
de00
009d
ed00
0009
9d00
0000
0000
0000
0000
0000
0000
0000
0000
00aa
9900
0099
5500
0099
5500
0099
5500
0099
5900
099c
5900
09cb
9500
09bb
9500
0999
9500
0955
5990
0955
5990
0955
5959
0955
5559
0955
5555
0955
5555
0055
5555
0055
5555
0055
5955
0055
5955
0055
9955
0055
1955
0055
1155
0055
9159
0095
1159
0095
1190
0059
2100
0059
1100
0055
2200
0055
1200
0055
9900
0099
9900
0000
0000
00aa
9900
0099
5500
0099
5500
0099
5500
0099
5900
099c
5900
09cb
9500
09bb
9590
0999
9559
0955
5955
0955
5955
0955
5555
0955
5955
0955
5555
0955
5559
0055
5595
0055
5555
0055
5995
0055
5955
0055
5955
0055
5955
0055
5955
0055
9355
0095
2155
0095
1159
0059
1159
0059
2190
0055
2200
0055
9900
0055
9900
0099
9900
0099
9900
0099
9900
0099
9900
0099
9900
0099
9900
0099
9900
0099
9900
0099
9900
0099
9900
0099
9900
0099
9900
0099
9900
0099
9900
0099
9900
0099
9900
0099
9900
0099
9900
0099
0900
0099
0900
0099
0900
0099
0000
0099
0000
0099
0000
0099
0090
0099
0090
0099
0090
0039
0090
0033
0099
0033
0039
0933
0033
9933
0033
9999
0099
0099
9900
0099
9900
0099
9900
0099
9900
0099
9900
0099
9900
0099
9900
0099
9900
0099
9900
0099
9900
0099
9900
0099
9900
0099
9900
0099
9900
0099
9900
0099
9900
0099
9900
0099
9900
0009
0000
0009
0090
0009
0099
0009
0099
0009
0099
0009
0099
0009
0099
0009
0099
0099
0093
0099
0033
0093
0033
0033
0033
0033
0033
0099
0099
0099
9000
0099
9000
0099
9000
0099
0000
0099
0000
0099
0000
0099
0000
0099
0000
0099
0000
0090
0000
0090
0000
0099
0000
0099
9900
0099
9900
0099
9900
0099
9300
0099
9300
0099
9300
0000
9300
0000
9300
0000
9900
0000
9900
0000
9900
0000
9900
0000
9900
0000
9900
0000
9900
0000
3300
0000
3300
0000
3300
0009
3300
0009
9900
0099
9900
0099
9900
0099
9000
0099
9000
0099
0000
0099
0000
0099
0000
0099
0000
0099
0000
0099
0000
0099
0000
0099
0000
0099
9000
0099
9900
0099
9900
0099
9900
0099
9900
0099
9900
0099
9900
0099
9900
0099
9900
0099
9900
0099
9900
0099
9900
9999
9900
3399
0900
3399
0900
9399
0900
9939
0900
0939
9300
0090
3300
0090
9900
0000
9999
0000
9999
0000
9999
0000
9999
0009
9999
0099
9999
0099
9999
0099
9990
0099
9900
0099
9900
0099
9900
0099
9900
0099
9900
0099
9900
0099
9900
0099
9900
0099
9900
0099
9900
0099
9900
9099
9900
3999
9900
3399
9900
3339
9900
9333
9900
0933
9900
0093
9900
0099
9900
0000
9900
0000
9000
0000
9000
0000
0000
0000
0000
0099
9000
0099
9000
0099
9000
0099
9000
0099
9900
0099
9900
0099
9900
0099
9900
0099
9900
0090
9900
0090
9900
0099
9900
0099
9900
0099
9900
0099
9900
0099
9900
0099
9900
0009
9900
0000
9399
0000
9393
0000
9993
0000
0933
0000
0933
0000
0093
0000
0093
0000
0009
0000
0009
0000
0009
0000
0000
0000
0000
0000
0000
0000
0000
0000
0000
0000
0000
0000
0000
0000
0000
0000
0000
0000
0000
0000
0000
0000
0000
0000
0000
0000
0000
0000
0000
0000
0000
0000
0000
0000
0000
0000
0000
0000
0000
0000
0000
0000
0000
0000
0000
0000
0000
0000
0000
0000
0000
0000
0000
0000
0000
0000
0000
0000
0000
0000
0000
0000
0000
0099
0000
0099
9900
0099
5500
0099
5500
0099
5500
0099
5500
00cc
5500
0055
5500
0059
5500
0095
5590
005a
5590
00a5
5590
005a
5559
00a5
5559
0099
5559
0099
5559
0099
5559
0999
5559
0999
5559
0999
5559
0999
5599
0999
5599
0099
5990
0095
9990
0055
9990
0055
9990
0055
9900
0099
9900
0099
9900
0012
9900
0912
9990
9123
9939
1923
0033
3923
0933
9399
9933
9399
9999
0099
5500
0099
5500
00cc
5500
0055
5500
0059
5500
0059
5590
009a
9590
0095
9590
005a
9590
00a5
9559
0059
5959
0095
a959
0099
5a59
0099
a559
0099
5a59
0099
9599
0099
5999
0099
9999
0099
9999
0099
9959
0099
9959
0099
9999
0099
9990
0099
9990
0099
9900
0099
9900
0099
1100
0009
1100
0099
2100
0033
1200
0033
2100
0099
3900
0099
0000
0055
9000
09b5
5900
99b5
5500
b9b5
5500
b9b5
5500
5ba5
5500
5b55
5500
5a55
5500
5555
5590
5555
9959
555e
8959
9949
8859
595e
9855
5959
9855
5555
9855
5555
9855
9555
9855
9555
9855
9555
9855
0955
9855
0955
9895
0055
9829
0055
9811
0055
9811
0055
9811
0095
9811
0095
9821
0059
9891
0055
9891
0055
9891
0099
9809
0000
0000
00aa
9000
0099
5900
0099
5500
0099
5500
0099
5500
0999
5500
0999
9500
0922
5900
0911
9500
0911
5900
0911
9900
0921
5900
0922
9900
0999
5900
0995
9900
0059
5900
0095
5500
0059
5500
0055
5500
0055
5500
0055
5500
0055
5500
0055
9900
0095
5900
0095
9500
0059
5900
0059
5900
0055
5900
0055
5900
0055
9900
0099
9900
0000
0000
00aa
9900
0099
5500
0099
5500
0099
5500
0099
5900
099c
5900
09cb
9500
09bb
9500
0999
9500
0955
5990
0955
5990
0955
5959
0955
5559
0955
5555
0955
5555
0055
5555
0055
5555
0055
5955
0055
5955
0055
9955
0055
1955
0055
1155
0055
9159
0095
9159
0099
2190
0059
1100
0059
1100
0055
1100
0055
1200
0055
9900
0099
9900
0000
0000
00aa
0000
0099
9900
0099
5500
0099
5500
0099
5500
099c
5500
09cb
5500
09bb
5500
0955
5500
0955
5500
0955
5500
0955
9900
0955
9500
0955
9500
0055
9500
0055
9500
0055
9500
0055
9500
0055
9500
0055
9900
0055
9500
9095
5900
1999
9500
1199
5500
2299
5500
1219
5500
9999
5500
0095
5900
0099
9900
0055
9900
0099
9900
0000
0000
0000
0000
0099
9900
005b
bb00
005b
bb90
005b
cb90
0055
b559
0055
5559
0055
5559
0955
5559
0955
5559
0955
4e55
0955
e955
0999
9455
0922
9955
0911
2259
0019
9255
0019
5955
0095
9955
0055
9955
0055
5555
0055
9959
0099
9999
0099
5990
0095
5500
0099
5500
0095
5500
0095
5500
0099
9900
0099
9900
0099
9900
0099
9900
0000
0000
0000
0000
0000
0000
0000
0000
0000
0000
0000
0000
0000
0000
0000
0000
0000
0000
0000
0000
0000
0900
0000
9900
0000
9900
0000
9900
0000
9990
0900
9999
9300
9999
9300
9999
9300
9999
9300
9999
9300
9999
9300
9999
9309
9999
9399
9999
9399
9999
9399
9999
9399
3999
9999
3399
9399
3309
9333
3390
0933
3309
0099
9900
0000
0000
0000
0000
0000
0000
0000
0000
0099
9000
999b
5900
9599
5500
5599
5500
559c
5500
55bc
5500
95cb
5590
55ba
5590
9955
5559
5555
9955
9555
9955
5555
9055
5555
0095
5555
0095
5555
0055
5555
0095
5555
0055
5555
0055
5559
0095
9599
0095
9599
0095
9599
0999
9990
9002
9909
0901
9990
0011
9900
0011
9900
0019
9000
0099
0000
0000
0000
0000
0000
0000
0000
0000
0000
0000
0000
0000
0000
0000
0000
0000
0000
0000
0000
0000
0000
0000
0000
0000
0900
0099
0999
9955
0929
5955
0919
9555
0919
5555
0029
5959
0099
9999
0099
9999
0000
0000
0000
0000
0000
0000
0000
0000
0000
0000
0000
0000
0000
0000
0000
0000
0000
0000
0000
0000
0000
0000
0000
0000
0000
0000
0000
0000
0000
0000
0000
0000
0099
0000
00c0
0000
002c
0000
0091
0000
0021
0000
0011
0000
0021
0000
0022
0000
0012
0000
0092
0000
0099
0000
0009
9000
0000
5900
0000
5500
0000
5500
0000
5500
0000
5500
0000
5900
0000
9590
0000
0959
0000
0955
0000
0055
0000
0055
0000
0055
0000
0059
0000
0099
0000
0000
0000
0000
0000
0000
0000
0000
0000
0000
0000
0099
0000
0055
0000
0055
0000
0055
0000
0095
0000
0955
0000
9559
0000
9590
0000
5500
0000
5500
0000
5500
0000
5500
0000
5900
0009
9000
0009
0000
0092
0000
00c1
0000
0012
0000
0022
0000
0933
0000
0999
0000
9191
0000
9292
0000
0999
0000
0000
0000
0000
0000
0000
0000
0000
0000
0000
0000
0000
0000
0000
0000
0000
0000
0000
0000
0000
0000
0000
0000
0000
0000
0000
0000
0000
0000
0000
0000
0000
0000
0000
0000
0090
0009
0029
0095
0011
0055
0011
0055
0021
0055
0011
0055
0022
9059
0099
5995
0000
5559
0000
5590
0000
5500
0000
5500
0000
9900
0000
0000
0000
0000
0000
0000
0000
0000
0000
0000
0000
0000
0000
0000
0009
0000
00a9
0000
009c
9900
00c9
5500
0099
5500
0055
5500
0055
5500
0055
5500
0095
5500
0095
5500
0059
5500
0059
5500
0059
5500
0059
5500
0059
5500
0059
5500
0059
5500
0055
5500
0055
5500
0055
5500
0055
5500
9955
5500
1355
5500
1155
5900
1155
5900
2155
5900
1155
5900
9959
5900
0059
5900
0099
9900
0055
9900
0099
9900
0000
b900
0099
9900
0055
5500
0055
5500
0055
5590
0055
5590
0055
5559
0055
5559
0055
5559
0055
5559
0055
5559
0055
5559
0055
5559
0055
5559
0055
5559
0055
5559
0055
5555
0055
5555
0055
5555
0055
5555
0055
5555
0055
5559
0095
5599
0095
5590
0095
5500
0095
5500
0095
5500
0095
5500
0099
9900
0099
9900
0099
9900
0099
9900
0000
b900
0099
9900
0055
5500
0055
5500
0055
5590
0055
5590
0055
5559
0055
5559
0055
5559
0055
5559
0055
5555
0055
5555
0055
5555
0055
5555
0055
5555
0955
5555
0955
5595
0955
5555
0955
5595
0955
5599
0955
5500
0955
5500
0095
5500
0095
5500
0095
5500
0095
5500
0095
5500
0095
5500
0095
9900
0099
9900
0099
9900
0099
9900
0000
b900
0099
9900
0055
5500
0055
5509
0055
5591
0055
5591
0055
5559
0055
5555
0055
5555
0055
5555
0055
5555
0055
5555
0055
5555
0055
5599
0055
5500
0955
5500
0955
5500
0955
5500
0955
5500
0955
5500
0955
5500
0955
5500
0095
5500
0095
5500
0095
5500
0095
5500
0095
5500
0095
5500
0095
9900
0099
9900
0099
9900
0099
9900
0000
b900
0099
9900
0055
5500
0055
5500
0055
5590
0055
5590
0055
5559
0055
5559
0055
5559
0955
5559
0955
5555
9555
5555
9555
5555
9555
5555
5555
5555
5555
5555
5555
5595
5555
5555
5555
5595
5555
5599
5555
5500
9555
5500
9595
5500
0995
5500
0995
5500
0095
5500
0095
5500
0095
5500
0095
9900
0099
9900
0099
9900
0099
9900
0099
9900
0099
9900
0099
9900
0099
9900
0099
9900
0099
9900
0099
9900
0099
9900
0099
9900
0099
9900
0099
9900
0099
9900
0099
0900
0099
0900
0099
0900
0099
0900
0099
0900
0099
0900
0099
0000
0099
0000
0099
0000
0099
0000
0099
0000
0099
0000
0099
0000
0099
0000
0099
0000
0033
0000
0033
0000
0033
0900
0033
0900
0099
0900
0000
0000
0000
0000
0000
0000
0000
0000
0000
0000
0000
0000
0000
0000
0000
0000
0000
0000
0000
0000
0000
0090
0000
0911
0000
9111
0000
9211
0000
0911
0000
0022
0000
0099
0000
0000
0000
0000
0000
0000
0000
0000
0000
0000
0000
0000
0000
0000
0000
0000
0000
0000
0000
0000
0000
0000
0000
0000
0000
0000
0000
0000
0000
0000
0099
0000
09b5
0000
999b
9000
959b
5900
55cb
5500
55b5
5500
5555
5500
5559
5500
9999
5500
9955
5a00
9955
a500
9555
9a00
5555
a590
5555
5590
5555
a590
5599
5590
5599
9590
9999
9990
9999
9990
9999
9990
9999
9900
0999
9900
0999
9900
0099
9900
0099
9900
0090
9900
0099
9990
0099
9959
0055
0055
0095
0955
0959
9555
9999
9999
0099
9900
0099
9900
0099
9900
0099
9900
0099
9900
0099
9900
0099
9900
0099
9900
0099
9900
0099
9900
0099
9900
0090
9900
0099
0900
0099
0900
0099
0900
0099
0900
0099
0900
0099
0900
0099
0000
0099
0000
0009
0000
0099
0000
0093
0000
0093
0000
0093
0000
0099
0000
0099
0000
0000
0000
0000
0000
0000
0900
0000
0900
0000
0900
0000
0000
0000
0000
0000
0000
0000
0000
00aa
9900
0099
e900
009a
fe00
00ae
ef00
00ee
ee00
00ee
ee00
00ee
ed00
00ee
9d00
09de
d990
09ee
d990
9def
d919
9def
d911
9dee
d921
9dee
d911
9dee
9911
99ee
9811
09aa
9812
00da
9829
00dd
9890
00ee
9900
00ed
9900
00de
1100
00ed
1100
00de
1100
00ed
1100
00dd
1100
0099
2900
0066
9900
0000
0000
0000
0000
0000
0000
0000
0000
00aa
9900
0099
ee00
009a
ee00
00ae
ee00
00ee
ee00
00ee
ed00
00ee
9d90
09de
9a90
09ee
d919
9def
9d11
9def
d922
9dee
d921
9dee
d911
9dee
d911
99ee
9911
09aa
9812
00da
9811
00dd
9819
00ee
9890
00ee
9890
00ed
9900
00de
9100
00ed
2100
00de
1100
00ed
2200
00dd
9200
0099
9900
0066
9900
006a
6900
0066
6900
0066
6600
0066
7600
0066
6600
0066
7600
0066
6600
0066
6600
0066
6700
0066
6600
0066
6700
0066
6600
0066
6600
0066
6600
0066
9600
0066
9600
0066
0900
0066
0900
0066
0900
0066
0000
0069
0000
0093
0000
0033
0000
0033
0000
0033
0090
0093
0090
0033
0090
0033
0039
0033
0039
0033
0023
0933
0033
0999
0099
0066
9900
0066
6900
0066
6900
0066
6900
0066
6900
0066
9900
0066
6900
0066
6900
0066
6900
0066
6900
0066
6900
0066
6600
0066
6600
0096
6600
0096
6600
0096
6600
0096
9600
0099
9900
0009
0000
0009
0090
0009
0039
0009
0039
0000
0033
0000
0033
0000
0033
0000
0033
0009
0033
0099
0033
0093
0033
0033
0033
0033
0033
0099
0099
0066
9000
0069
9000
0096
9000
0096
0000
0066
0000
0066
0000
0066
0000
0066
0000
0069
0000
0096
0000
0099
0000
0066
0000
0066
0000
0096
9900
0069
9900
0096
3300
0099
3300
0000
3300
0000
9300
0000
9300
0000
9900
0000
3900
0000
9900
0000
9900
0000
3900
0000
3900
0000
3300
0000
3300
0000
3300
0000
3300
0000
3300
0000
9900
0066
6900
0066
6900
0069
9000
0066
9000
0069
0000
0096
0000
0096
0000
0096
0000
0096
0000
0066
0000
0066
0000
0066
0000
0066
9000
0066
6900
0066
6900
0066
6600
0066
6600
0066
6600
0066
6600
0066
6600
0099
9900
0033
9300
0039
9900
0033
9300
9939
9900
3339
0900
3399
0900
9399
0900
0939
9900
0039
3300
0099
3300
0090
9900
0000
9666
0000
6666
0000
6666
0000
6666
0000
6966
0009
9666
0096
6669
0066
6690
0066
6600
0066
6600
0066
6600
0066
6900
0066
6900
0066
6900
0069
6900
0099
6900
0099
6900
0039
6900
0033
6900
9033
9900
3999
3900
3399
3300
3339
3300
9333
3900
0933
9900
0093
9000
0099
9000
0000
9000
0000
9000
0000
0000
0000
0000
0000
0000
0066
9000
0066
9000
0069
9000
0069
9000
0066
6900
0066
6900
0066
6900
0069
6900
0069
6600
0099
6600
0090
6600
0099
6600
0066
6600
0066
6600
0066
6600
0066
9600
0096
9990
0009
3990
0000
3399
0000
9333
0000
9933
0000
0933
0000
0933
0000
0093
0000
0093
0000
0009
0000
0009
0000
0009
0000
0000
0000
0000
0000
0000
0000
0000
0000
0000
0000
0000
0000
0000
0000
0000
0000
0000
0000
0000
0000
0000
0000
0000
0000
0000
0000
0000
0000
0000
0000
0000
0000
0000
0000
0000
0000
0000
0000
0000
0000
0000
0000
0000
0000
0000
0000
0000
0000
0000
0000
0000
0000
0000
0000
0000
0000
0000
0000
0000
0000
0000
0000
0000
0099
0000
0099
9900
0099
ee00
0099
ee00
0099
ee00
0099
ee00
00dd
ee00
00de
ee00
00ed
ee00
00de
ee90
00ea
ee90
00ad
ee90
00da
dde9
00ad
eee9
00da
eed9
009a
ddd9
0099
33d9
0999
13d9
0966
11d9
0969
12d9
0999
2299
0999
22a9
0099
2990
0093
9990
0033
9990
0032
9900
0031
9300
0021
9300
0011
9300
0011
3900
0912
9990
9123
9939
1923
0033
3929
0933
9399
9933
9399
9999
0099
ee00
0099
ee00
00dd
ee00
00de
ee00
00ed
ee00
00de
ae90
00ad
9e90
00da
9e90
00ad
9e90
00da
9a90
00ad
a990
00aa
d990
009a
ad90
0099
da99
0099
9d19
0096
d919
0066
9d19
0066
9919
0096
9919
0069
6919
0099
9639
0099
9999
0099
9990
0099
9990
0099
9900
0099
9100
0099
1100
0009
1100
0099
2100
0033
1200
0033
2100
0099
3900
0000
0000
0000
0000
0099
0000
09e9
0000
99de
9900
d9ee
ed00
edee
de00
edee
de00
99ee
de00
9dfe
dd00
deee
9990
defe
8939
eeee
8829
eefe
8813
eeee
8812
eeee
8812
eeee
8812
deee
8812
ddaa
8812
adad
8812
99dd
8812
09ee
8813
00ee
8823
00de
8811
00ed
8811
00ed
8811
00de
8811
00dd
8821
0099
8891
0066
8891
0066
9891
0066
9809
0000
0000
0000
0000
0000
0000
0000
0000
00aa
9000
0099
e900
0999
fe00
0999
ee00
0922
ee00
0911
ee00
0011
ee00
0011
de00
0921
9e00
0922
9d00
9d92
9900
9d93
9900
9dd9
9900
9dee
9900
9dee
1900
99ee
1100
09aa
1100
00da
1100
00dd
1100
00ee
3100
00ed
9300
00de
9900
00ed
9800
00de
9800
00ed
9800
00dd
9900
0099
6900
0066
6900
0000
0000
0000
0000
0000
0000
0000
0000
00aa
9900
0099
e900
009a
fe00
00ae
ef00
00ee
ee00
00ee
ee00
00ee
ed00
00ee
9d00
09de
d990
09ee
d990
9def
d919
9def
d911
9dee
d921
9dee
d911
9dee
9911
99ee
9811
09aa
9912
00da
1929
00dd
1190
00ee
9100
00ed
9100
00d9
2100
00e9
1100
00d9
1100
00ed
1100
00dd
1900
0099
9900
0066
9900
0000
0000
0000
0000
0000
0000
0000
0000
00aa
9900
0099
e900
009a
fe00
00ae
ef00
00ee
ee00
00ee
ee00
00ee
ee00
00ee
ee00
09de
ee00
09ee
ee00
9def
dd00
9def
9900
9dee
1100
9dee
1100
9dee
1100
99ee
1100
09aa
1100
00da
1100
909d
2100
1999
1100
1199
2200
2211
2200
1222
9900
9993
9900
0099
6900
00dd
6900
0099
6900
0066
6900
0000
0000
0000
0000
0099
9900
00ee
dd00
00ee
de90
00ee
de99
00ee
dee9
00ee
eee2
09ee
eeed
09ee
efed
09ee
eedd
09ee
ee33
09ee
ee13
0999
de13
0922
9913
0911
2213
0019
1213
0019
3913
0091
9913
0011
9913
0011
3133
0012
9939
0099
9990
009a
de00
009a
ed00
009e
de00
009d
ee00
009e
ee00
009d
dd00
0099
9900
0096
6600
0096
6600
0000
0000
0000
0000
0000
0000
0000
0000
0000
0000
0000
0000
0000
0000
0000
0000
0000
0000
0000
0900
0000
9900
0000
9600
0000
9600
0000
6690
0000
6669
0900
6666
9300
6666
9300
9666
9300
3966
9300
3366
9300
3366
9300
3366
9309
3369
9396
3396
9339
3396
9333
3399
9333
3399
9999
3399
9399
3309
9333
3390
9933
3309
0099
9900
0000
0000
0000
0000
0000
0000
0000
0000
0099
9000
999d
e900
ee99
ee00
ae99
fe00
ae9e
ee00
eede
ee00
eeed
de00
edde
de90
efed
9d99
eded
9913
eeed
0911
eddd
0011
dadd
0011
dada
0021
adaa
0091
daaa
0091
9dad
0091
a9dd
0092
aaaa
0092
9da9
0092
69a9
0022
6999
0911
6690
9011
6609
0911
6990
0011
9900
0011
9900
0019
9000
0099
0000
0000
0000
0000
0000
0000
0000
0000
0000
0000
0000
0000
0000
0000
0000
0000
0000
0000
0000
0000
0000
0000
0000
0000
0900
0999
0999
9312
0921
3211
0912
2111
0911
1322
0022
3323
0099
9999
0000
0000
0000
0000
0000
0000
0000
0000
0000
0000
0000
0000
0000
0000
0000
0000
0000
0000
0000
0000
0000
0000
0000
0000
0000
0000
0000
0000
0000
0000
0000
0000
0000
0000
0099
0000
00c0
0000
002c
0000
0091
0000
0021
0000
0011
0000
0021
0000
0022
0000
0012
0000
0092
0000
0099
0000
0000
9000
0000
2900
0000
1200
0000
1100
0000
2100
0000
2200
0000
9200
0000
0990
0000
0929
0000
0012
0000
0012
0000
0022
0000
0022
0000
0029
0000
0099
0000
0000
0000
0000
0000
0000
0000
0000
0000
0000
0000
0099
0000
0022
0000
0022
0000
0012
0000
0012
0000
0013
0000
0939
0000
9290
0000
2100
0000
1100
0000
1200
0000
1200
0000
2900
0000
9000
0009
0000
0092
0000
00c1
0000
0012
0000
0022
0000
0993
0000
0999
0000
9191
0000
9292
0000
0999
0000
0000
0000
0000
0000
0000
0000
0000
0000
0000
0000
0000
0000
0000
0000
0000
0000
0000
0000
0000
0000
0000
0000
0000
0000
0000
0000
0000
0000
0000
0000
0000
0000
0000
0000
0090
0000
0029
0093
0011
0022
0011
0021
0021
0021
0011
0011
0022
9012
0099
1929
0000
1190
0000
1100
0000
3100
0000
9300
0000
0900
0000
0000
0000
0000
0000
0000
0000
0000
0000
0000
0000
0000
0000
0000
0009
0000
00a9
0000
009e
9900
00ed
ee00
0099
ee00
00ee
ee00
00ee
ee00
00ee
ee00
00de
ee00
00de
ee00
00ed
ee00
00e9
ee00
00d9
ee00
00d9
ee00
00d9
ee00
00d9
ee00
0039
ee00
0029
ee00
0029
ee00
0029
ee00
0029
ee00
9929
ee00
1329
ed00
1129
e900
1129
e900
2129
e900
1139
e900
9999
e900
009d
e900
009d
9900
009d
9900
0099
6900
0000
d900
0099
9900
00ee
ee00
00ee
ee00
00ee
ee90
00ee
ee90
00ee
eee9
00ee
eee9
00ee
eed9
00ee
eee9
00ee
eee9
00ee
eed9
00ee
ee39
00ee
ee29
00ee
ee19
00ee
ee19
00ee
ee19
00ee
ee19
00ee
ee19
00ee
ee19
00ee
ee29
00ee
ee29
009e
ee39
009e
ee90
009e
ee00
009e
ee00
009e
ee00
009e
ee00
0099
9900
0096
6600
0096
6600
0096
6600
0000
d900
0099
9900
00ee
ee00
00ee
ee00
00ee
ee90
00ee
ee90
00ee
eee9
00ee
eee9
00ee
eeee
00ee
eeee
00ee
eeee
00ee
eed3
00ee
ee91
00ee
ee11
00ee
ee11
00ee
ee21
00ee
ee21
00ee
ee22
00ee
ee92
00ee
ee99
00ee
ee00
00ee
ee00
009e
ee00
009e
ee00
009e
ee00
009e
ee00
009e
ee00
009e
ee00
0099
9900
0096
6600
0096
6600
0096
6600
0000
d900
0099
9900
00ee
ee00
00ee
ee09
00ee
ee91
00ee
ee91
00ee
eed9
00ee
eeed
00ee
eeee
00ee
eeed
00ee
eed3
00ee
ee33
00ee
ee22
00ee
ee99
00ee
ee00
00ee
ee00
00ee
ee00
00ee
ee00
00ee
ee00
00ee
ee00
00ee
ee00
00ee
ee00
009e
ee00
009e
ee00
009e
ee00
009e
ee00
009e
ee00
009e
ee00
0099
9900
0096
6600
0096
6600
0096
6600
0000
d900
0099
9900
00ee
ee00
00ee
ee00
00ee
ee90
00ee
ee90
00ee
eee9
00ee
eee9
00ee
eed9
09ee
eeee
09ee
eeed
92ee
eed9
92ee
ee91
92ee
ee11
21ee
ee21
11ee
ee22
11ee
ee92
11ee
ee11
11ee
ee22
11ee
ee99
21ee
ee00
91ee
ee00
919e
ee00
099e
ee00
099e
ee00
009e
ee00
009e
ee00
009e
ee00
0099
9900
0096
6600
0096
6600
0096
6600
0096
6600
0096
6600
0096
6600
0096
6600
0096
6600
0096
6600
0096
6600
0096
9600
0096
9600
0096
9600
0096
9600
0066
9600
0066
0900
0066
0900
0066
0900
0066
0900
0066
0900
0066
0900
0066
0000
0066
0000
0099
0000
0033
0000
0033
0000
0033
0000
0033
0000
0039
0000
0099
0000
0033
0000
0033
0000
0033
0900
0033
0900
0099
0900
0000
0000
0000
0000
0000
0000
0000
0000
0000
0000
0000
0000
0000
0000
0000
0000
0000
0000
0000
0000
0000
0090
0000
0911
0000
9111
0000
9211
0000
0911
0000
0022
0000
0099
0000
0000
0000
0000
0000
0000
0000
0000
0000
0000
0000
0000
0000
0000
0000
0000
0000
0000
0000
0000
0000
0000
0000
0000
0000
0000
0000
0000
0000
0000
00d9
0000
099d
9900
999d
ed00
999e
ee00
eede
ee00
eeee
ee00
deed
ee00
ede9
ee00
9d9e
ee00
9dee
ee00
09ee
ee00
99ee
ee00
11ee
de00
11ee
ed90
11ee
de90
9999
9990
0999
6690
9996
6690
9666
6700
9676
6600
9666
9900
9666
9900
0966
9300
0099
9300
0099
9300
0099
9300
0069
9390
0066
9939
0099
9933
0093
0033
0033
0033
0099
0999
0096
6600
0096
6600
0096
6600
0066
6600
0066
6600
0066
6600
0066
6600
0066
9600
0069
9600
0069
9600
0090
9600
0090
9600
0069
0900
0066
0900
0066
0900
0069
0900
0093
0900
0093
0900
0009
0000
0009
0000
0009
0000
0099
0000
0093
0000
0093
0000
0093
0000
0099
0000
0000
0000
0000
0000
0000
0000
0000
0900
0000
0900
0000
0900
0000
0000
0000
0000
0099
0000
00dd
9000
00aa
e900
0099
fe00
009a
ef00
00ad
ee00
00de
ee00
00ee
ee00
00ee
ed00
00ee
9d00
00ee
9990
00ee
d990
00ee
d919
00ee
9d11
00ee
dd21
00ee
dd11
00ee
dd11
00ee
d911
00ee
e912
00ee
e929
00ee
d990
00ee
9900
00ee
9900
00ee
1100
00ed
1100
00de
1100
00ed
1100
00dd
1100
0099
2900
0066
9900
0000
0000
0000
0000
0099
0000
00dd
9900
00aa
ee00
0099
ef00
009a
ee00
00ad
ee00
00de
ee00
00ee
ed00
00ee
9d90
00ee
9a90
00ee
9919
00ee
d911
00ee
dd22
00de
dd21
00ee
dd11
00ee
dd11
00ee
ed11
00ee
e912
00ee
e911
00ee
e919
00ee
e990
00ee
9990
00ee
9900
00de
9100
00ed
2100
00de
1100
00dd
2200
00dd
9200
0099
9900
0066
9900
0000
0000
0999
0000
9dee
9000
d99e
d900
e9de
ee00
e9ee
ee00
edee
ee00
edee
ed00
eeed
de00
eeee
dd00
eeee
9d90
eeee
8990
deee
8839
deee
8823
deee
8812
9eee
8811
9dee
8811
9dee
8811
9dee
9811
9dee
9812
00ee
9812
00ee
9813
00ee
9819
00ee
9811
00ee
9811
00de
9811
00ed
9811
00dd
9821
00dd
9891
00d9
9891
0096
9891
0066
9809
0000
0000
0000
0000
0099
0000
00dd
9000
00aa
e900
0099
fe00
0999
ef00
0999
ee00
0922
ee00
0911
ee00
0011
ee00
0011
ed00
0021
de00
0022
dd00
0092
9d00
0093
9900
00d9
3900
00ed
9900
00ee
1900
00ee
1100
00ee
1100
00ee
1100
00ee
1100
00ee
3100
00ee
9300
00ee
e900
00ed
d900
00de
d900
00ed
9900
00dd
6900
0099
6900
0066
6900
0000
0000
0000
0000
0099
0000
00dd
9900
00aa
ee00
0099
ef00
009a
ee00
00ad
ee00
00de
ee00
00ee
ed00
00ee
9d90
00ee
9a90
00ee
9919
00ee
d911
00ee
dd22
00de
dd21
00ee
dd11
00ee
dd11
00ee
ed11
00ee
e912
00ee
9911
00ee
1919
00ee
1190
00ee
9190
00ee
9100
00d9
2100
00e9
1100
00d9
1100
00dd
1100
00dd
1200
0099
9900
0066
9900
0000
0000
0000
0000
0099
0000
00dd
9000
00aa
e900
0099
fe00
009a
ee00
00ad
ee00
00de
ee00
00ee
ee00
00ee
ee00
00ee
ee00
00ee
ee00
00ee
dd00
00ee
3300
00ee
1100
00ee
1100
00ee
1100
00ee
1100
00ee
1100
00ee
1100
00ee
1100
909e
2100
1999
1100
1199
2200
2211
2200
1222
9900
9993
9900
0099
9900
00dd
6900
0099
6900
0066
6900
0000
0000
0000
0000
0000
0000
0000
0000
0099
9000
999d
e900
9e99
ee00
de99
ee00
de9e
ee00
eede
ee00
eeee
de00
eeee
de90
eeee
9d99
deee
9913
deee
9911
adee
9011
aade
0011
daed
0021
adde
0091
daed
0091
addd
0091
aadd
0092
aada
0092
9aaa
0092
6aa9
0022
6999
0911
6690
9011
6609
0911
6990
0011
9900
0011
9900
0019
9000
0099
0000
0000
0000
0000
0000
0000
0099
0000
00aa
9900
0099
2900
0099
2100
009c
1100
00cc
1100
00bb
1100
00cc
1100
00cc
9100
00cc
9990
00cc
9990
00cc
9919
00cc
9411
00bc
4911
00bb
9411
00cb
4411
00cc
4a11
00cc
4912
00c4
4929
00c4
4990
00c4
9900
00c4
9900
0044
1100
0044
1100
0096
1100
00e9
1100
00de
1100
009d
2900
0069
9900
0000
0000
0000
0000
0000
0000
0099
0000
00aa
9900
0099
2200
0099
2100
009c
1100
00cc
1100
00bb
1100
00cc
1190
00cc
9290
00cc
9919
00cc
9911
00cc
9912
00bc
9421
00bc
4911
00cb
9411
00cc
4411
00cc
4a12
00cc
4911
00cc
4919
00c4
4990
00c4
a990
00c4
9900
0044
9100
0044
2100
0096
1100
00e9
2200
00de
9200
009d
9900
0069
9900
0000
0000
0000
0000
0000
0000
0000
0000
0000
0000
0000
0000
0000
0000
0000
0000
0000
0000
0000
0000
0000
0000
0000
0000
0000
0000
0000
0000
0000
0000
0000
0000
0000
0000
0000
0000
0000
0000
0000
0000
0000
0000
0000
0000
0000
0000
0000
0000
0000
0000
0000
0000
0000
0000
0000
0000
0099
0000
0099
9900
0099
4400
0099
4400
0099
4900
0099
9200
00cc
2200
00bb
2100
00cc
2100
00bc
2190
00bb
2190
00ab
2190
004a
2149
00a4
1149
004a
1149
009a
1149
0099
1149
0999
11a9
0966
1149
0969
1249
0999
2299
0999
23a9
0099
2990
0093
9990
0033
9990
0032
9900
0031
9300
0021
9300
0011
9300
0011
3900
0912
9990
9123
9939
1923
0033
3929
0933
9399
9933
9399
9999
0099
4400
0099
4400
00cc
4900
00bb
4900
00cc
9200
00bc
9290
00ab
9290
00ba
9290
00ab
9990
004a
9990
00a4
a990
00aa
4990
009a
a490
0099
4a99
0099
9419
0096
4919
0066
9419
0066
9919
0096
9919
0069
6919
0099
9639
0099
9999
0099
9990
0099
9990
0099
9900
0099
9100
0099
1100
0009
1100
0099
2100
0033
1200
0033
2100
0099
3900
0000
0000
0099
0000
09cc
9000
99c4
3900
49b4
1200
4944
1100
4b44
1100
4bc4
1100
44c4
1100
4444
3100
4444
9990
4444
8939
4444
8839
4444
8833
4444
8812
a449
8812
9949
8812
0944
8812
0044
8812
0044
8812
0044
8812
0044
8813
0044
8819
0044
8811
0044
8811
0044
8811
0044
8811
0099
9821
009e
9891
00ed
9891
00d9
9891
0096
9809
0000
0000
0000
0000
0000
0000
0099
0000
00aa
9900
0099
2200
0999
2200
0999
1100
0922
1100
0911
1100
0011
1100
0011
1100
0021
1100
0022
9100
0092
9100
0093
9100
00b9
3900
00bb
9900
00cb
1900
00cc
1100
00cc
1100
00c4
1100
00c4
1100
00c4
3100
00c4
9300
0044
a900
0044
a900
0096
9900
00e9
9900
00de
9900
009d
6900
0069
6900
0000
0000
0000
0000
0000
0000
0099
0000
00aa
9900
0099
2200
0099
2100
009c
1100
00cc
1100
00bb
1100
00cc
1190
00cc
9290
00cc
9919
00cc
9911
00cc
9912
00bc
9421
00bc
4911
00cb
9411
00cc
4411
00cc
4a12
00cc
9911
00cc
1919
00c4
1190
00c4
9190
00c4
9100
0049
2100
0049
1100
0099
1100
00e9
1100
00de
1200
009d
9900
0069
9900
0000
0000
0000
0000
0000
0000
0099
0000
00aa
9900
0099
2100
0099
2100
009c
1100
00cc
1100
00bb
1100
00cc
1100
00cc
1100
00cc
1100
00cc
1100
00cc
1100
00cc
1100
00bc
1100
00bb
1100
00cb
1100
00cc
1100
00cc
1100
00c4
1100
9094
2100
1999
1100
1199
2200
2211
2200
1222
9900
9993
9900
0099
9900
00de
9900
009d
6900
0069
6900
0000
0000
0000
0000
0099
9900
004c
bb00
004b
bc90
004b
cc90
0044
cc19
0044
c419
0044
c419
0944
c419
0944
c419
0944
c413
0944
4413
0999
4413
0922
9913
0911
2213
0019
1213
0019
3913
0091
9913
0011
9913
0011
3133
0012
9939
0099
9990
009a
4a00
009a
4400
0094
4400
0094
4400
009a
4400
0099
9900
0099
9900
0099
9900
0096
6600
0000
0000
0000
0000
0000
0000
0000
0000
0099
0000
999b
9000
9499
9900
4499
1300
449c
1100
44bc
1100
44cc
2100
44c4
2190
4444
9299
4444
9913
4444
9911
4444
9011
4b44
0011
4c44
0021
bc44
0091
cb44
0091
b444
0091
aa44
0092
9a4a
0092
99aa
0092
69a9
0022
6999
0911
6690
9011
6609
0911
6990
0011
9900
0011
9900
0019
9000
0099
0009
0000
00a9
0000
009c
9900
00cc
4400
0099
4400
0044
4400
0094
4400
0094
4400
0029
4400
0019
4400
0019
4400
0019
4400
0019
4400
0019
4400
0019
4400
0019
4400
0019
4400
0029
4400
0029
4400
0029
4400
0029
4400
9929
4400
1329
4a00
1129
4900
1129
4900
2129
4900
1139
4900
9999
4900
009a
4900
009a
9900
009a
9900
0099
6900
0000
c900
0099
9900
0044
4400
0044
4400
0044
4490
0044
4490
0044
4419
0044
4419
0044
4419
0044
4419
0044
4419
0044
4419
0044
4419
0044
4419
0044
4419
0044
4419
0044
4419
0044
4419
0044
4419
0044
4419
0044
4429
0044
4429
0094
4439
0094
4490
0094
4400
0094
4400
0094
4400
0094
4400
0099
9900
0096
6600
0096
6600
0096
6600
0000
c900
0099
9900
0044
4400
0044
4400
0044
4490
0044
4490
0044
4419
0044
4419
0044
4411
0044
4411
0044
4411
0044
4411
0044
4411
0044
4421
0044
4412
0044
4421
0044
4421
0044
4422
0044
4492
0044
4499
0044
4400
0044
4400
0094
4400
0094
4400
0094
4400
0094
4400
0094
4400
0094
4400
0099
9900
0096
6600
0096
6600
0096
6600
0000
c900
0099
9900
0044
4400
0044
4409
0044
4491
0044
4491
0044
4419
0044
4411
0044
4411
0044
4411
0044
4411
0044
4421
0044
4422
0044
4499
0044
4400
0044
4400
0044
4400
0044
4400
0044
4400
0044
4400
0044
4400
0044
4400
0094
4400
0094
4400
0094
4400
0094
4400
0094
4400
0094
4400
0099
9900
0096
6600
0096
6600
0096
6600
0000
c900
0099
9900
0044
4400
0044
4400
0044
4490
0044
4410
0044
4419
0044
4419
0044
4419
0944
4411
0944
4411
9144
4411
9144
4421
1144
4411
1144
4421
1144
4422
1144
4492
1144
4411
1144
4422
1144
4499
2144
4400
9144
4400
9194
4400
0994
4400
0994
4400
0094
4400
0094
4400
0094
4400
0099
9900
0096
6600
0096
6600
0096
6600
00b9
0000
099b
9900
949c
4400
949c
4400
44bc
4400
44c4
4400
44cb
4400
44c9
4400
9b91
4400
9b11
4400
0911
4400
9911
4400
1111
4400
1199
a490
11aa
4a90
9999
9990
0999
6690
9996
6690
9666
6700
9676
6600
9666
9900
9666
9900
0966
9300
0099
9300
0099
9300
0099
9300
0069
9390
0066
9939
0099
9933
0093
0033
0033
0033
0099
0999
0000
0000
0000
0000
0099
0000
0022
0000
0033
c900
0033
cc00
0032
cc00
0023
cc00
0022
aa00
0021
9100
0011
1190
0021
1290
0011
9919
0011
2911
0012
1212
0031
2111
0033
a211
0033
ca11
003c
cc11
00cc
ccb2
00cc
bbcc
00cc
cbcb
00cc
bbc9
0ccc
cbcc
0bcc
c9cb
09cc
91c9
00cb
21c0
00c4
11c0
00cc
4390
00cc
9300
00c9
9900
00c9
9900
0000
0000
0000
0000
0000
0000
0000
0000
0099
0000
0022
0000
9932
0000
cc23
b900
9c32
cc00
cc21
ca00
cc14
cc00
3c11
ac00
3c11
1b00
4c11
1100
cc1b
2100
cc1b
9990
cc13
9919
cc3c
9919
cc3c
0019
cccc
0019
cccc
0029
9ccc
0090
9cac
0a90
991a
a090
9911
0a90
99a1
999a
99ca
1190
9cc9
21ca
c999
1190
99a0
110a
990a
11a0
99a0
4400
8888
8888
8888
8888
8888
8888
8888
8888
8888
8888
8888
8888
8888
8888
8888
8888
8888
8888
8888
8888
8888
8888
8888
8888
8888
8888
8888
8888
8888
8888
8888
8888
8888
8888
8888
8888
8888
8888
8888
8888
8888
8888
8888
8888
8888
8888
8888
8888
8888
8888
8888
8888
8888
8888
8888
8888
8888
8888
8888
8888
8888
8888
8888
8888
0000
0000
0000
0000
0000
0000
0000
0000
0000
0000
0000
0000
0000
0000
0000
0000
0000
0000
0000
0000
0000
0000
0000
0000
0000
0000
0000
9000
0000
9000
0000
9000
0000
9000
0000
9000
0000
0000
0000
0000
0000
0000
0000
0000
0000
0000
0000
0000
0000
0000
0000
0000
0000
0000
0000
0000
0000
0000
0000
0000
0000
0000
0000
0000
0000
0000
0000
0000
0000
0000
0000
0000
0000
0000
0000
0000
0000
0000
0000
0000
0000
0000
00e0
0000
00ee
0000
00ee
0000
000e
e000
000e
ee00
000e
aa00
0000
a400
000e
4400
00ee
0e00
0044
ae00
004a
ae00
00e0
4e00
00e0
4400
000e
aa00
000e
ee00
000e
0000
0000
0000
0000
0000
0000
0000
0000
0000
0000
0000
0000
0000
0000
0000
3333
3333
3333
3333
3333
3333
3333
3333
3333
3333
3333
3333
3333
3333
3333
3333
3333
3333
3333
3333
3333
3333
3333
3333
3333
3333
3333
3333
3333
3333
3333
3333
3333
3333
3333
3333
3333
3333
3333
3333
3333
3333
3333
3333
3333
3333
3333
3333
3333
3333
3333
3333
3333
3333
3333
3333
3333
3333
3333
3333
3333
3333
3333
3333
0000
0000
0099
0000
00aa
0000
00aa
9900
09aa
b900
999a
ab00
99b9
aa00
99cc
aa00
bcbb
aa00
cbbb
aa00
bb99
aa00
bb99
9a99
b969
9ab9
b976
b9a9
9677
c99b
9976
bbbc
ac67
bbbb
cb76
6bb9
ba69
969b
9979
c9bb
999c
bc99
699b
bb9b
6b9b
99b9
99cb
99b9
9bbb
9a99
99cb
aa90
96b9
a900
99b9
9900
09b9
9b00
0999
bc00
0099
b900
00a9
9000
0000
9900
0099
7690
0067
67b9
0077
67bc
0077
66bb
0066
669b
0066
6699
0066
6669
0066
6679
0066
6669
0966
6679
0966
6679
0966
6666
0966
6666
9966
6666
9966
6666
ac66
6666
cb66
6666
ba69
6669
9999
c999
999c
bcbb
799c
bbb9
7b9b
9999
999b
aab9
9bcb
a999
99bb
9990
97bb
9900
99cb
9900
09bb
9900
09bb
cb00
00b9
b900
00a9
9000
0000
9900
0099
7690
9967
67b9
9676
67bc
9696
66bb
9966
669b
0966
6699
0977
6666
0976
6677
0977
6777
0966
6667
0966
6677
0966
7736
0966
6666
9966
9669
9966
6696
ac66
6669
cb66
6696
ba69
6669
9999
c999
999c
bcbb
799c
bbb9
7b9b
9999
999b
aab9
9bcb
a999
99bb
9990
97bb
9900
99cb
9900
09bb
9900
09bb
cb00
00b9
b900
00a9
9000
0000
0000
0000
9000
0000
c900
0000
bb00
0009
bb00
0009
9b00
009b
b990
00ba
b9b9
00aa
b9bb
00aa
bbbb
00aa
bb9b
00aa
b9a9
09aa
6999
09a9
9b9a
9b99
9c9a
9bbb
cb9a
9acb
b996
babb
a9a6
babb
bb66
bab9
9b79
aa99
9b69
aa99
999a
9a96
69a9
9a96
6996
9996
9996
9999
9c76
0999
cb69
00c9
bb99
00bc
bb99
00bb
b990
00bb
9900
0099
9900
0099
0000
0077
0000
0067
9900
0976
6999
9677
76c9
9677
67bc
9666
76bb
6676
67ab
6666
66ab
6667
669b
6766
679b
6766
6699
6766
6669
6666
6669
7666
6666
6666
6696
6666
6669
6666
669b
6666
66bc
6666
66bb
6966
66aa
9666
6699
9966
6699
9a96
6699
9966
9696
9c99
69a7
cb99
9c7b
bbc9
cba9
babc
bb9a
99bb
b966
99ab
9999
0099
9900
0099
0000
0077
0000
0067
9900
0966
6699
9666
66c9
9666
77bc
9666
67bb
6666
67ab
6666
3699
6666
669b
6766
639b
6763
6699
6766
3669
6663
6669
7666
6766
6666
6696
6666
7669
6936
669b
6663
66bc
6673
66bb
6937
66aa
9676
6699
9966
6699
9969
6699
9996
9696
9c99
69a7
cb99
9c7b
bbc9
cba9
babc
bb9a
99bb
b966
99ab
9999
0099
9900
0000
0000
0000
0000
0000
0000
0000
0000
0000
0000
0000
0000
0000
0000
0000
0000
0000
0000
0000
0000
0000
0000
0000
0000
0000
0000
0000
0000
0000
9909
0000
6699
0000
6666
0000
6766
0000
6666
0000
666b
0000
96c9
0000
9699
0000
9696
0000
6666
0099
6666
0096
6666
0066
6666
0066
7666
0066
6666
0066
6699
0066
669b
0096
6699
0000
0000
0000
0000
0000
0000
0000
0000
0000
0000
0000
0000
0000
0000
0000
0000
0000
0000
0000
0000
0000
0000
0000
0000
0060
0000
9060
0000
7990
0000
9996
0000
cc96
0000
b996
0000
9999
0000
96bb
0000
669a
0000
6699
0000
9999
0000
9999
0000
9999
9900
bbbc
7700
99cb
6600
66b9
6700
7799
7600
7699
6900
9999
9900
9996
0000
0096
7699
0066
6699
00cc
6696
00c6
6666
096c
6666
99fc
6666
06cc
6667
6bb9
6c66
9c99
cc66
9c99
6c66
0c99
c6a6
9c99
c666
9ccf
c666
99fc
6666
09cc
9966
96cc
6966
6cc7
9667
6cc9
6967
6669
9676
69c9
6966
66c6
9966
9999
9969
0966
6a99
09cf
a699
009c
6a94
00cf
a643
00cc
9933
0066
9699
0099
9996
0000
4499
0000
3909
0000
9900
9699
0000
6666
0000
7766
0000
6796
9000
7666
9000
7766
9000
9766
9000
9766
7900
4996
0700
4966
6600
4969
6600
3999
6600
3999
7700
9966
6700
9966
6600
6666
9900
7766
9900
6776
7600
6677
7700
6666
9700
6696
9660
6696
6600
9669
6900
9669
6600
9966
6600
6666
6600
6666
6600
6066
9600
9909
0900
9999
0000
0909
0000
0090
0000
0000
0099
0000
0096
0000
0096
0000
996c
0000
96cc
0000
666c
0000
bfc6
0000
ccf6
0000
b9cc
0000
99cc
0000
99cc
0000
9c9c
0000
cfc9
0000
69c9
0000
99cb
0009
996c
0009
cc6c
0009
cccc
0009
9c99
0079
cf99
0096
6c96
0066
cc96
0066
9c69
0069
9999
0977
9993
9966
7794
9666
7744
9969
9643
0969
9939
0099
9999
0099
9090
000a
090a
0000
0000
0000
0000
0000
0000
7900
0000
7700
0000
7700
0000
7600
0000
6600
0000
6999
0000
6979
0000
9967
0000
6690
0000
6977
0000
6676
0000
6666
0000
6766
0000
6766
0000
6766
0000
6766
9900
7676
7700
6977
6700
9966
6600
6696
6600
6696
7900
6696
7700
6996
7900
9966
9000
9977
6600
9666
9600
9966
a000
a099
0a00
0aa0
0000
0000
0000
0000
0000
0000
0000
0000
0000
0000
0000
0000
0000
0000
0000
0000
0000
0000
0000
0000
0090
0000
0069
0000
0976
0000
9767
0000
9766
0000
9996
0000
9996
0000
9ab9
0000
9ccb
0000
cbb6
0000
cc66
0009
9c77
0009
cc76
0096
c966
0099
9969
0093
9999
0093
9969
0033
9933
0099
9934
00a9
9943
000a
bb39
00a0
9999
000a
999a
0000
0000
0000
0000
0000
0000
0000
0000
0000
0000
0000
0000
0000
0000
0000
0000
0000
0000
0900
0000
9700
0000
6690
0000
aa99
0000
aa69
0000
7977
0000
7666
0000
66a6
0000
99aa
0000
666a
0000
966a
9900
9999
9900
6999
9900
6969
7900
696a
7900
696a
7900
6969
7900
9999
9600
9999
6000
9999
6900
9999
0000
9990
0000
9000
0000
0009
0000
0099
0000
0066
9099
0096
9999
0099
9790
09cc
7799
09c6
6677
0069
6666
0099
6666
0099
6699
0999
6696
9999
9679
9c99
9967
cc99
9666
cccc
c966
ccc9
9966
9cc9
6999
9fc9
9999
9ccc
9969
9b6c
9677
9b99
9639
0999
9943
0099
9939
0099
9999
009c
9666
09cc
6696
09c9
6699
0999
9669
0066
6990
0099
0990
0000
0000
0000
0000
0000
0000
0007
0000
09bb
6600
9999
7600
9799
9900
7766
0900
4677
6600
0966
b000
0469
9600
6499
6700
6499
7600
00cb
7900
a9bb
6600
9699
7666
6b66
6677
bc77
9966
bb76
9966
0967
b906
0066
7799
0077
6690
9077
6699
0466
999b
4366
99cc
3966
66bb
9966
76b9
9696
669a
7749
9676
6644
a667
6699
aa66
a69b
7696
a694
9999
b994
9990
9994
9967
9b69
9966
9966
6999
0966
6696
0966
6699
0996
4699
9966
4999
9996
9669
9c69
6696
9099
6669
0999
6966
0099
9696
0099
9699
0009
6944
00c9
6674
00c9
6969
00cc
9699
0000
9999
0000
9999
0090
6999
0090
6966
0090
6996
0000
6696
0000
0669
0000
c699
0000
0909
0000
0099
0000
0000
0000
0000
0000
0000
0000
0000
0000
0000
0000
0000
0000
0000
0000
0000
0000
0099
0000
9949
0090
9040
0990
0090
9990
0000
4900
0000
4499
0400
9943
0600
0939
0600
9096
0600
9906
0606
9990
6966
9669
6066
7666
6609
7699
9690
66d6
6990
6696
6900
6666
6690
6666
9699
6969
9960
6699
9700
b666
9999
96b9
9690
99bc
6600
b69c
0000
9999
9990
0009
0000
0000
9900
0000
0000
0000
0000
9900
9900
6600
9900
9700
9600
9600
6999
9609
9976
9699
6966
6696
9969
6669
9990
6696
9690
6699
6600
669d
6790
6649
6699
9649
9679
6649
6977
9699
7966
6999
6699
9666
7699
6776
679c
6776
6699
7766
6679
7699
6676
7667
7667
6667
7667
6967
6796
9996
6696
c967
9699
b996
99a9
b996
b99a
9999
b966
99a9
9999
0099
9900
0009
0000
0000
0000
9909
0090
6609
9090
6700
9000
9600
9099
9690
0069
9669
0060
9969
0066
0966
0906
0999
0999
0044
9600
0994
6700
0999
6700
9670
6609
6660
9996
6609
e067
6690
9e77
9999
d969
0090
9d90
9079
4999
0099
4460
0994
9477
9799
9466
6777
0966
6766
9966
7766
0996
6677
9096
6967
0996
9067
0999
0096
0000
9099
0090
0000
0000
0000
0000
0000
0000
0000
0000
0000
0000
0000
0000
0000
0000
0000
0000
0000
0000
0000
0000
0000
0000
0000
9900
0099
6999
0969
76b9
9766
67a9
6669
66a9
ac66
6690
cb76
6900
ba69
7699
9996
7679
9969
7676
7999
7766
799b
6799
999b
66b9
9699
6699
96b9
9696
97b9
9697
77c9
9699
76b9
9999
66bb
c999
66b9
b909
99a9
9000
0000
0000
0000
0000
0000
0000
0000
0000
0000
0000
0000
0000
0007
0000
0000
0000
0070
0000
0000
0000
0000
7000
0000
0700
0000
0c00
0000
0000
0090
0000
0099
0000
0067
6000
0067
7c00
0066
6600
0066
6690
0066
6699
0066
9676
9066
9976
a966
9966
ab69
7669
aa69
6666
9a99
6966
999a
996a
96aa
9b69
67ab
9999
669a
a999
9909
0009
0000
0000
0000
0000
0000
0000
0000
0000
0000
0000
0000
0000
0000
0000
0000
0000
00c0
0000
0070
0000
0070
0000
0070
0000
007c
0000
0007
0000
0000
7700
0000
0c00
0000
0000
0000
c000
000c
0000
0077
0000
0900
9090
0990
9099
0969
7090
0969
79ab
9966
70ba
9a99
69aa
aab9
99aa
aaab
9a9a
9a99
9b77
0909
9a67
9990
9a66
0900
0999
0000
0000
c000
0000
c700
0000
c700
0000
0c00
0000
0700
0000
0700
0000
0700
0000
7ccc
0000
070c
0000
00cc
0000
00cc
0000
00c7
0000
0000
7700
00c0
c700
0077
0000
007c
0000
0000
c000
0000
c000
0000
0c00
0000
0c00
0000
0000
0000
0000
0000
0000
007c
0700
00cc
7700
0070
0009
00c9
0000
0099
cc99
9999
9999
9999
9999
0099
0000
0000
0000
0000
0000
0000
0000
0000
0000
7000
0000
7c00
0000
0700
0000
0000
0000
0000
0000
0000
0000
0000
0000
0000
0000
0000
0000
0000
0000
000c
0000
0000
0000
0000
0000
0000
0000
0000
0000
0000
0000
0770
0000
0777
0c00
0007
0000
0000
0000
0000
0000
0000
7000
0000
7009
0009
0000
0099
0099
9999
9999
9999
9999
0099
0000
0c00
0000
0000
0000
0000
0000
0000
0000
0000
0000
0000
0000
0000
0000
0000
0000
0000
0000
0000
0000
0000
0000
0000
0000
0000
0000
0000
0000
0000
0000
0000
0000
0000
0000
000c
0000
0000
0000
0000
0000
0000
0000
0000
0000
0000
0000
0000
0000
0000
0000
0000
0000
0000
0000
0009
0000
0099
0099
9999
9999
0999
9909
0099
0000
0000
0000
0000
0000
0000
0000
0000
0000
0000
0000
0000
0000
0000
0000
0000
0000
0000
0000
0000
0000
0000
0000
0000
0000
0000
0000
0000
0000
0000
0000
0000
0000
0000
0000
0000
0000
0000
0000
0000
0000
0000
0000
0000
0000
0000
0000
0000
0000
0000
0000
0000
0000
0000
0000
0000
0000
0000
0000
0090
0000
0909
9000
0090
0000
0000
0000
0000
9900
0090
6600
0069
6600
0069
6699
0077
6676
0077
7766
0067
7769
0066
7690
0066
6a90
0066
6600
0066
a690
0677
6799
0966
6679
0977
6677
097a
aa66
96aa
7699
96a6
7600
9667
6700
0967
a699
0076
7a79
0067
6776
0077
7667
0069
7767
0099
6796
0090
6696
0060
9609
0060
0900
0000
0900
0000
0000
0000
0000
0000
0000
0000
9009
0000
7996
9900
6706
9600
6667
6600
0076
6700
9966
6600
0096
0600
0000
9600
0000
0900
0000
0000
0000
0000
0090
0000
0090
9900
0090
9600
0090
6777
0090
7676
0690
6696
0090
6666
6006
9909
0000
0000
0000
0000
0000
0090
0000
0000
0060
0900
0099
9900
6077
9700
9066
9700
9006
9600
9699
9600
6009
0900
0009
0000
0000
0099
0000
0076
0000
0067
0000
0966
0000
0096
0000
0099
0000
0000
0900
0000
0000
0000
0000
0000
0000
0000
0000
0000
0000
0009
0000
0000
0009
9000
0009
0000
0009
0000
0009
0000
0000
0090
0000
0000
0000
0000
0000
0900
0000
0000
0900
0000
0000
0090
0000
0000
0000
0000
0000
0000
0090
0000
0090
0000
0090
0000
0090
0000
0090
0000
0000
0000
0000
0000
0000
0000
0000
0000
0000
0000
0000
0000
0000
0000
0000
0000
0000
0000
0000
0000
0000
0099
0000
0077
0000
0066
0090
0099
9049
0999
7934
999a
d99a
949a
dd9b
499a
d69b
9039
d69a
0934
769b
9943
76ab
9396
67ba
9497
67bb
9396
a7bc
9499
77c9
9309
7990
9900
9a00
9000
aa00
9000
9900
0900
0000
0000
0000
0000
0000
0000
0000
0000
0000
0000
0000
0000
0000
0000
0000
0000
0000
0000
0000
0000
0000
0000
0000
0000
0000
0900
0000
9309
0000
9996
0009
909d
0094
0066
90b9
0099
90bb
00a9
d9bb
004a
d699
00aa
d6bb
00aa
d6bb
0049
76aa
0094
76ba
9943
76bb
4339
6abc
3999
a7bc
9099
77cc
9009
77c9
0000
6699
0090
9900
0049
9000
0099
0000
0000
0000
0000
0000
0090
9000
0049
d900
0094
dd00
0099
de00
0099
7d00
0094
7d00
0943
7d00
9993
7700
0033
7700
0039
7700
0043
7700
0099
7700
0909
6a00
9900
a700
0000
a700
0000
7700
0000
7900
0000
9600
0000
9700
0000
9900
0000
9900
0000
0900
0000
0900
0000
9900
0009
9900
0000
cb00
0000
bb00
0000
ab00
0000
aa00
0000
9900
0000
9000
0000
d900
0099
dd00
0044
de00
0099
7d00
0099
7d00
0093
7d00
0044
7700
0043
7700
0049
7700
0093
7700
0093
7700
0093
6a00
0034
a700
0043
a700
0099
7700
0090
7900
0000
9600
0000
9700
0000
9900
0000
c900
0000
bb00
0000
bb00
0000
ab00
0000
aa00
0000
9900
0099
9000
0009
9000
0000
0000
0000
0000
0000
0000
0000
0000
0000
9400
0009
0900
0094
0000
0049
0000
0090
9000
0000
d900
0000
9400
0000
4400
0009
4900
0009
9900
0096
9d00
0096
7700
0099
7700
0099
7700
0096
7700
0096
7700
0009
6a00
0009
a700
0000
a700
0000
7700
0009
7900
0094
9600
0049
9700
0090
9900
0000
ab00
0000
aa00
0000
ba09
0000
bb93
0000
a949
0000
ba90
0000
ab00
0000
9900
0000
0000
0000
0000
0000
0000
0000
0000
0000
0000
0000
0000
0000
0000
0000
0000
0000
0000
0000
0000
0000
7700
0000
7e00
0000
7777
0077
6666
0070
0700
0077
7700
0077
7700
0077
6600
00e7
6000
00ee
0000
0077
0000
0066
0000
0000
0000
0000
0000
0000
0000
0000
0000
0000
0000
0000
0000
0000
0000
0000
0000
0000
0000
0000
0000
0000
0000
0000
0000
0000
0000
0000
0000
0000
0000
0000
0000
0000
0000
0000
0007
0000
0077
0000
7766
0000
7700
0000
6600
0000
6760
0000
7600
0067
6700
0076
7700
0077
7600
0077
6600
00e7
6000
007f
0000
0077
0000
0066
0000
0000
0000
0000
0000
0000
0000
0000
0000
0000
0000
0000
0000
0000
0000
0000
0000
0000
0000
0000
0000
0000
0000
0000
0000
0000
0000
0000
0000
0000
0000
0000
0000
0000
6000
0000
6000
0006
6000
0000
6600
0000
6e00
0000
7700
0000
7600
0000
6700
0006
ed60
0006
7777
000a
667e
0006
6667
0000
76a6
0000
760a
0000
7700
0000
d700
0000
7700
0000
6a00
0000
6000
0000
a000
0000
0000
0000
0000
0000
0000
0000
0000
0000
0000
0000
0000
0000
0000
0000
0000
0000
0000
0000
0000
0000
0000
0000
0000
0000
0000
0006
6000
0066
6000
0077
6000
0077
6000
0066
6000
0000
6000
0006
6000
0066
6000
0067
6000
0067
6000
0077
6600
0066
6600
000a
7600
0000
7600
0000
7600
0000
7600
0000
7600
0066
6000
0066
6000
0006
6000
0000
6000
0006
6000
0006
a000
0000
0000
0000
0000
0000
0000
0000
0000
0000
000c
0000
00c0
0000
00bb
0000
00b0
0000
0000
0006
0000
0060
0000
0007
0000
0006
0000
0066
6000
0067
6000
0007
6000
0067
cc00
0066
6000
00aa
6b00
0077
6600
0067
e600
006a
7600
0066
e600
00a6
7600
006a
0b00
0067
bb00
0076
6000
0066
7000
0067
7700
0077
6600
0067
6600
0066
7600
0000
6a00
0000
a000
0000
0000
0000
0000
0000
0000
0000
0000
0000
0000
0000
0000
0000
0000
0000
0000
0000
0000
0000
6000
0000
6000
0000
6000
0000
7600
0000
7600
0000
7600
0007
6600
0000
6000
0000
cc00
0006
a600
0006
a600
000a
6600
000a
7700
0000
7600
0000
7600
0066
7600
0000
7600
0000
6600
0000
6600
0000
6a00
0000
a000
0000
0000
0000
0000
0000
00c0
0000
0000
0000
0000
0000
0000
0000
0000
0000
0000
0000
0000
0000
0000
0000
0000
0000
0000
0000
0000
0000
0000
0000
0000
0000
0000
0000
0c00
0000
0c00
0000
0c00
0000
0000
0000
0000
0000
0000
0000
0c00
0000
0c00
0000
c000
0000
c600
0000
c600
0000
6600
0000
7600
0000
7600
0000
6a00
0000
a000
0000
0000
0000
0000
0000
0000
0000
00c0
0000
0000
0000
0000
0000
0000
0000
0000
0000
0000
0000
0000
0000
0000
0000
0000
0000
0000
0000
0000
0000
0000
0000
0000
0000
0000
0000
0000
0000
0000
0000
0000
0000
c000
0000
0000
0000
0000
0000
0000
0000
0000
0000
0000
0000
0000
0000
0000
0000
0000
0000
0000
0000
0000
0000
0000
0000
0000
0000
0000
0000
0000
0000
0aa0
00aa
abba
00bb
bbba
00bc
cbba
00bb
bba0
00bb
bb00
00bb
bb00
00b9
bb00
00a7
aa00
009d
6700
0079
a600
0099
da00
0099
7d00
0949
6700
9434
6700
9493
a700
9999
a790
9039
a790
0099
7690
0099
6999
0093
99b9
0994
0099
0934
00b9
0943
00b9
0049
0090
0049
0090
0090
0090
0000
0000
0000
0000
0000
0000
0000
0000
0000
0000
0000
0000
0000
0000
0000
0000
0000
00a0
00a0
00ba
00ba
aabb
00bc
bcbb
00bb
cbbb
00b9
bbbb
00a7
aaba
009d
66aa
0079
a600
0099
6a00
0099
7d00
0949
6700
9434
6700
9493
a700
9999
a790
9039
a790
0099
7690
0099
6999
0093
99b9
0994
0099
0934
00b9
0943
00b9
0049
0090
0049
0090
0090
0090
0000
0000
0000
0000
0000
0000
0000
0000
0000
0000
0000
0000
0000
c000
0000
0c00
0000
c000
0000
0600
0000
0900
000c
0000
00cb
0000
00c0
0000
00cc
0000
0069
0000
0069
0000
0090
c000
0000
6900
0000
0600
0000
6700
0000
9600
0000
0900
00c9
0000
0067
c000
0066
0c00
0096
c900
0009
6600
0000
9600
0000
0900
0000
0000
0000
0000
0000
0000
0000
0000
0000
0000
0000
0000
0000
0000
0000
0000
0000
0000
0000
0c00
0000
c0c0
000c
c0c0
00c0
0c00
0000
0000
0090
0000
006c
0000
0076
0000
0066
0000
0099
0000
0000
cc00
0000
0900
0000
0600
00c0
c900
000c
0000
00c9
0000
0096
0c00
0096
c000
0009
0c00
0000
0900
0000
0900
0000
0000
0000
0000
0000
0000
0000
0000
0000
0000
0000
0000
0000
0000
0000
0000
0000
0000
0000
0000
0000
0000
0000
0000
0000
0000
0000
0000
0000
0000
0000
0000
0000
9990
0099
e9c9
09c9
e9e9
09e9
99e9
09e9
99e9
00e9
c9e9
0099
e9e9
0090
e9e9
0000
e9e9
0000
e9e9
0999
e9e9
09e9
e9e9
09e9
c9c9
0999
9990
0000
0000
0000
0000
0000
0000
0000
0000
0000
0000
0000
0000
0000
0000
0000
0000
0000
0000
0000
0000
0000
0000
0000
0000
0000
0000
0000
0000
0000
0000
0000
0000
0000
0000
0000
0000
0090
9090
00e9
c9c9
00e9
e9e9
0099
e9e9
0099
e9e9
00c9
e9e9
00e9
e9e9
00e9
e9e9
00e9
e9e9
00e9
e9e9
00e9
e9e9
00e9
e9e9
00c9
c9c9
0090
9090
0000
0000
0000
0000
0000
0000
0000
0000
0000
0000
0000
0000
0000
0000
0000
0000
0000
0000
0000
0000
0000
0000
0000
0000
0000
0000
0000
0000
0000
0000
0000
0000
0000
0000
0000
0000
9999
9999
9cee
eeee
ceee
eeee
9e9e
9e9e
9e9e
9e9e
9e9e
9e9e
9e9e
9e9e
9e9e
9e9e
9e9e
9e9e
9e9e
9e9e
9e9e
9e9e
9eee
eeee
9eee
eeee
9999
9999
0000
0000
0000
0000
0000
0000
0000
0000
0000
0000
0000
0000
0000
0000
0000
0000
0000
0000
0000
0000
0000
0000
0000
0000
0000
0000
9999
9999
9ee9
9999
9e99
9999
9e99
9999
9e99
9999
9e99
99ee
9e99
9999
9e99
9999
9e99
9999
9e99
9999
9ee9
ee99
9999
9999
0999
9999
09ee
e9ee
0999
e999
0999
e999
0999
e999
0999
e9e9
0999
e99e
0999
e99e
0999
e99e
0999
e99e
09ee
e9e9
0999
9999
0000
0000
0000
0000
0000
0000
0000
0000
0000
0000
0000
0000
0000
0000
0000
0000
0000
0000
0000
0000
0000
0000
0000
0000
0000
0000
0000
9990
0099
49c9
09c9
4949
0949
9949
0949
9949
0049
c949
0099
4949
0090
4949
0000
4949
0000
4949
0999
4949
0949
4949
0949
c9c9
0999
9990
0000
0000
0000
0000
0000
0000
0000
0000
0000
0000
0000
0000
0000
0000
0000
0000
0000
0000
0000
0000
0000
0000
0000
0000
0000
0000
0000
0000
0000
0000
0000
0000
0000
0000
0000
0000
0090
9090
0049
c9c9
0049
4949
0099
4949
0099
4949
00c9
4949
0049
4949
0049
4949
0049
4949
0049
4949
0049
4949
0049
4949
00c9
c9c9
0090
9090
0000
0000
0000
0000
0000
0000
0000
0000
0000
0000
0000
0000
0000
0000
0000
0000
0000
0000
0000
0000
0000
0000
0000
0000
0000
0000
0000
0000
0000
0000
0000
0000
0000
0000
0000
0000
9999
9999
9c44
4444
c444
4444
9494
9494
9494
9494
9494
9494
9494
9494
9494
9494
9494
9494
9494
9494
9494
9494
9444
4444
9444
4444
9999
9999
0000
0000
0000
0000
0000
0000
0000
0000
0000
0000
0000
0000
0000
0000
0000
0000
0000
0000
0000
0000
0000
0000
0000
0000
0000
0000
9999
9999
9449
9999
9499
9999
9499
9999
9499
9999
9499
9944
9499
9999
9499
9999
9499
9999
9499
9999
9449
4499
9999
9999
0999
9999
0944
4944
0999
4999
0999
4999
0999
4999
0999
4949
0999
4994
0999
4994
0999
4994
0999
4994
0944
4949
0999
9999
0000
0000
0000
0000
0000
0000
0000
0000
0000
0000
0000
0000
0000
0000
0000
0000
0000
0000
0000
0000
0000
0000
0000
0000
0000
0000
0000
9990
0099
59c9
09c9
5959
0959
9959
0959
9959
0059
c959
0099
5959
0090
5959
0000
5959
0000
5959
0999
5959
0959
5959
0959
c9c9
0999
9990
0000
0000
0000
0000
0000
0000
0000
0000
0000
0000
0000
0000
0000
0000
0000
0000
0000
0000
0000
0000
0000
0000
0000
0000
0000
0000
0000
0000
0000
0000
0000
0000
0000
0000
0000
0000
0090
9090
0059
c9c9
0059
5959
0099
5959
0099
5959
00c9
5959
0059
5959
0059
5959
0059
5959
0059
5959
0059
5959
0059
5959
00c9
c9c9
0090
9090
0000
0000
0000
0000
0000
0000
0000
0000
0000
0000
0000
0000
0000
0000
0000
0000
0000
0000
0000
0000
0000
0000
0000
0000
0000
0000
0000
0000
0000
0000
0000
0000
0000
0000
0000
0000
9999
9999
9c55
5555
c555
5555
9595
9595
9595
9595
9595
9595
9595
9595
9595
9595
9595
9595
9595
9595
9595
9595
9555
5555
9555
5555
9999
9999
0000
0000
0000
0000
0000
0000
0000
0000
0000
0000
0000
0000
0000
0000
0000
0000
0000
0000
0000
0000
0000
0000
0000
0000
0000
0000
9999
9999
9559
9999
9599
9999
9599
9999
9599
9999
9599
9955
9599
9999
9599
9999
9599
9999
9599
9999
9559
5599
9999
9999
0999
9999
0955
5955
0999
5999
0999
5999
0999
5999
0999
5959
0999
5995
0999
5995
0999
5995
0999
5995
0955
5959
0999
9999
0000
0000
0000
0000
0000
0000
0000
0000
0000
0000
0000
0000
0000
0000
0000
0000
0000
0000
0000
0000
0000
0000
0000
0000
0000
0000
0000
0000
0000
9000
0000
0000
0000
0000
0000
0000
0000
0000
0000
0000
0000
0000
0000
0000
0000
0000
0000
0000
0000
0000
0000
0000
0000
0000
0000
0000
0000
0000
0000
0000
0000
0000
0000
0000
0000
0000
0000
0000
0000
0000
0000
0000
0000
9900
0099
6600
0096
6600
00c6
6690
0066
6669
0066
66ba
0066
66cb
0066
6b9c
0066
cc99
0066
b969
0966
a96a
0966
9666
09cb
cc66
9cb9
9b66
cb66
9966
b976
696a
9667
66a6
6776
666a
6666
66ab
9699
66ab
9994
66ac
09a9
66c9
096a
6699
0096
6790
9969
7690
9676
6700
6667
7600
6676
6600
6967
6600
9399
6600
9f34
6900
9c9c
6900
9c9f
6900
9c9c
6900
9c9c
9990
099c
9999
0999
96cb
0099
99bc
0099
96bb
0099
33aa
0099
4300
0999
3300
0999
9900
9999
9b00
9939
bb00
9436
a900
9397
0000
7976
0000
6766
0000
9669
0000
9999
0000
0990
0000
0000
0000
0000
0000
0000
0000
0000
0000
0000
0000
0000
0000
0000
0000
0000
0000
0000
0000
0000
0000
0000
0000
0000
0000
0000
9900
0000
6600
0009
6600
009c
6600
00cb
6690
00b6
66c9
00b6
66ac
0066
6699
0066
6b69
0066
bc66
0066
cb66
0066
ba66
0066
aa66
0966
aa66
0966
cc6a
09cc
bb6a
09aa
9b6a
9966
696a
9766
676a
9667
666a
6666
666a
6969
666a
9999
69ac
6999
9669
9993
9699
9999
6699
6969
6799
0976
7690
0966
6790
9667
7690
9666
6600
6666
9600
6666
6600
9666
6600
9699
6690
99c3
6699
9cc9
66cb
9cc9
66bc
09c9
79bb
09b9
93aa
9694
9300
6769
9300
6676
9900
9667
9b00
9966
bb00
0099
a900
0099
0000
0000
0000
0000
0000
0000
0000
0000
0000
0000
0000
0000
0000
0000
0000
0000
0000
0000
0000
0000
0000
0000
0000
0000
0000
0000
0000
0000
0000
0000
0000
0000
0000
0000
0000
0000
9900
0000
6600
0000
6600
0009
6690
009c
66c9
00cb
66ac
00b6
6699
00b6
6669
0066
6b66
0066
bc66
0066
cb66
0066
ba66
0066
aa66
0066
aa6a
0066
996a
0966
bc6a
096b
9b6a
09cc
696a
09aa
766a
9666
676a
6676
666a
6966
66aa
9996
6969
6999
9699
6999
9999
6969
9699
9966
6690
9676
6690
6667
6790
6676
9690
6666
6900
399f
9600
6966
6600
7667
6900
6666
9990
9996
9999
9699
99cb
9966
99bc
0966
96bb
0099
33aa
0090
4300
0000
3300
0000
9900
0000
9b00
0000
bb00
0000
a900
0000
0000
0000
0000
0000
0000
0000
0000
0000
0000
0000
0000
0000
0000
0000
0000
0000
0000
0000
0000
0000
0000
0000
0000
0000
0000
0000
0000
0000
0000
0000
0000
0000
0000
0000
0000
0000
0000
0000
0000
0000
0000
0000
0000
0000
0000
0000
0000
0000
0000
0000
0000
0000
0000
0000
0000
0000
0000
0000
0000
0000
0009
0000
0096
0000
0099
0000
0009
0000
0099
0000
0066
0000
0099
0000
0067
0000
0066
0000
0066
0000
0066
0000
0066
0000
0066
0000
0096
0000
0096
0000
0067
0000
0076
0000
0066
0000
0099
0000
0099
0009
9900
0096
6600
0066
6600
0966
6690
9c66
6669
ca66
ccc9
a666
99ca
6666
66ac
6bcb
669b
ccab
6699
999a
666a
6669
666a
6766
666a
6666
66aa
6966
66ac
9766
66cb
9666
6ab9
9996
a699
6666
6a90
7666
a900
6766
9b90
7666
b999
6699
99cb
7669
99bc
6669
96bb
6669
33aa
6669
4399
6699
3300
9699
9900
6990
9b00
9900
bb00
9900
9900
0000
9900
0099
6600
0096
6600
00c6
6690
0066
6669
0066
66ba
0066
66cb
0066
6b9c
0066
cc99
0066
b969
0966
a96a
0966
9666
096b
cc66
9cbc
9b66
cbc9
9966
b996
696a
9667
66a6
7667
666a
6676
66ab
9966
66ab
9999
99ac
0996
69c9
9679
6699
7666
7690
6666
6790
6666
7600
6966
6600
9999
6600
9333
6900
9c94
9600
9f9c
9900
9c9c
6900
0099
9999
0033
7969
0093
96a9
0099
96bb
0099
99aa
0066
6799
0067
67bb
0079
69aa
0069
9999
0069
9699
0067
6669
0076
6679
0069
9969
0969
9979
0969
9769
0967
7776
0979
7966
0069
7977
0079
9967
0067
9966
0097
9996
0099
9b99
0099
9b39
0090
9b39
0000
bb49
0009
b939
0099
b990
0099
9990
0079
9039
00d7
9949
0077
9933
0077
6943
0033
7966
0093
96aa
0099
96bb
0099
999b
0066
679a
0067
67b9
0079
69bb
0069
99ab
0069
9699
0067
6669
0076
6669
0069
9969
0969
9969
0969
9769
0967
7769
0979
7969
0069
7969
0079
9976
0067
9966
0097
9b66
0099
bb66
0099
b999
0099
b999
0099
b990
0099
9990
0093
9990
0099
9090
0066
9090
00d7
9090
0076
9090
0066
9990
0099
6990
0099
6994
0099
7693
00d7
6794
0067
6933
0066
9943
0066
0033
0099
9033
0099
9039
00c9
9090
0099
0090
0999
0000
0999
0000
9797
0000
9697
0000
9696
0000
7996
0000
9b69
0000
9997
0000
9a67
0090
9c77
0009
9c67
0000
9a66
0000
6a66
0000
9999
0000
9c99
0000
9a67
9900
9b67
6900
9966
d990
6966
7990
6966
7969
9996
6969
9999
9999
0066
6900
0076
9900
0067
6900
0066
9900
0066
9000
0099
0000
0099
0000
00c9
0000
00b9
0000
00c9
0000
00c9
0000
00c9
0000
09b9
0000
0999
0000
09c9
0000
09b9
0000
0999
0090
9797
0090
9797
0000
9697
0000
09c9
9000
09b9
9000
0999
6900
00c9
7600
00c9
7900
00b9
9600
00b9
9799
00cc
9669
00bb
9676
00bb
a666
00bb
a66a
0099
9999
0000
0000
0000
0000
0000
0000
0000
0000
0000
0000
0000
0000
0000
0000
0000
0000
0000
0000
0000
0000
0000
0000
0000
0000
0000
0000
0009
0000
0094
0000
0043
0000
0099
0000
00a0
0000
000a
0000
00a0
0000
000a
0000
0000
0000
0000
0000
0000
0000
0000
0000
0000
0000
0000
0000
0000
0000
0000
0000
0000
0000
0000
0000
0000
0000
0000
0000
0000
0000
0000
0000
0000
0000
0000
0000
0000
0000
0000
9000
0000
c900
0000
bc00
0000
bc00
0000
6b00
0000
6b00
0000
6b00
0000
6b00
0000
6600
0000
6600
0000
6600
0000
6600
0000
6600
0000
cc00
0000
aa00
0000
6999
0000
7669
0000
6666
0000
9996
0000
9666
0000
9666
0000
6669
0000
6699
0000
7690
0000
6669
0000
7669
0000
6666
0000
9936
0000
6766
0000
6676
0000
6966
0000
9999
0000
9690
0000
6990
0000
6600
0000
9900
0000
9900
0000
7900
0000
6700
0000
6600
0000
9600
0099
c900
0044
bc00
0033
9b00
0099
c900
0009
9c00
00a0
9900
000a
6900
00a0
9900
000a
9000
0000
9000
0000
0000
0000
0000
0000
0000
0000
0000
0000
0000
0000
0000
0000
0000
6966
6600
7667
6900
6666
9990
9996
9999
9699
99cb
9966
99bc
0966
96bb
0099
33aa
0090
4367
000a
3366
00a0
9966
000a
9b99
00a0
bbbc
000a
996b
00a0
9999
0000
99bc
0000
7699
0000
6669
9900
9966
4300
9969
9300
9769
0900
9699
0000
9990
0090
9390
0099
3490
0039
4300
0a43
3400
a034
4300
0a33
3900
0093
9000
0009
0000
00a0
0000
9c9f
6900
9c9c
6900
9c9c
9990
a99c
9999
0999
96cb
a099
99bc
0a99
96bb
a099
33aa
0099
4367
0999
3366
0999
9966
9999
9b99
9939
bbbb
9436
a999
9397
999c
7976
9999
6766
7699
9669
6669
9999
9966
0990
9966
00a0
696a
0a09
996a
0094
996a
0a33
996a
0039
9966
0099
9969
0000
9990
000a
9300
00a0
3400
000a
3300
00a0
9900
0000
9000
0000
0000
0000
0000
0000
0000
0000
0000
0000
0000
0000
0000
0000
0000
0000
0000
0000
0000
0000
0000
0000
9000
0000
a900
0000
3400
0000
4300
0000
3300
0000
9900
0000
aa00
0000
aa00
0000
aa00
0000
b900
0000
9b00
0000
6900
0000
9900
0000
9900
0000
9000
0000
0000
0000
0000
0000
0000
0000
0000
0000
0000
0000
0000
0000
0000
0000
0000
0000
0000
0000
0099
0000
0944
0000
0943
0000
9b33
0000
ba99
0000
ba99
0000
bab9
0000
baab
0000
baab
0000
9bab
0000
9ab9
0000
999a
0000
09a9
0000
9999
0000
4390
0000
3400
0000
4300
0000
3900
0000
9000
0000
0000
0000
0000
0000
0000
0000
0000
0000
0000
0000
0000
0000
0000
0000
0000
0000
0000
0000
0000
0000
0000
0000
0000
0000
0000
0000
0000
0000
0000
9900
0000
3499
0000
9939
0000
0044
0000
0094
0000
0a09
0000
a000
9000
0000
9900
00a0
3900
000a
3900
00a0
3900
000a
9900
00a0
9000
000a
9000
0000
0000
0000
0000
0000
0000
0000
0000
0000
0000
0000
0000
0000
0000
0000
0000
0000
0000
0000
0000
0000
0000
0000
0000
0000
0000
0000
0000
0000
9900
0099
6300
0096
4300
00c6
3690
0063
6669
0063
33ba
0063
66cb
0066
6b9c
0066
cb39
0066
b949
096c
a96a
99cb
c966
9c99
bc36
cb67
9b34
9976
6966
6766
666a
9969
66a6
6994
666a
9494
66ab
9494
66ab
9494
66ac
9494
66c9
9994
6699
0999
6690
9969
7690
9666
6600
6676
7600
6666
6600
6967
6600
9399
6600
9f34
6900
9c9c
6900
0000
9900
0099
6300
0096
4300
00c6
3690
0063
6669
0063
33ba
0063
66cb
0066
6b9c
0066
cb39
0066
b949
096c
a96a
99cb
c966
9c99
bc36
cb67
9b34
9976
6966
6766
666a
9969
66a6
6999
666a
9999
66ab
9999
66ab
9999
66ac
9999
66c9
9999
6699
0999
6690
9969
7690
9666
6600
6676
7600
6666
6600
6967
6600
9399
6600
9f34
6900
9c9c
6900
0000
0000
0000
0000
0000
0000
0000
0000
0000
0000
0000
0000
0000
0000
0000
0000
0000
0000
0009
9000
009a
9900
00aa
b900
00aa
ab00
00aa
aa00
00ab
aa00
00b9
aa00
0096
aa00
0096
aa00
00a9
aa00
00aa
ab00
009a
b900
0099
9000
0009
9000
0000
0000
0000
0000
0000
0000
0000
0000
0000
0000
0000
0000
0000
0000
0000
0000
0000
0000
0000
0099
0000
0067
0000
0066
0000
9966
0000
9999
0000
96bb
0000
6699
0000
6699
0000
6996
0000
9c69
0099
bc49
00cb
ab79
00b9
999a
0096
69aa
0066
66aa
0066
96a9
0096
69a9
0977
6996
9766
996b
7676
76bc
6966
66bb
9969
67b9
9999
7699
9994
6799
0999
7699
0969
6793
9976
7643
9667
6939
9666
6699
6696
9699
66c9
69bb
96c4
69bb
0000
0000
9900
0000
6600
0000
9900
0000
bb00
0000
9990
0000
99b9
0000
69bb
0000
79bc
0000
699b
0000
999a
0000
9969
0000
9979
0000
cb66
0000
bb96
0000
9996
0000
9999
0000
9999
9000
66b9
9000
67b9
9900
66cb
9b00
77bc
cc00
779b
bb00
6699
ba00
9699
aa00
99cc
ab00
bbbb
bb00
9999
b900
99a9
9900
97aa
9000
9976
9000
ab99
0000
96f9
90cb
96c9
90bc
96c9
00cb
09b9
00cc
09b9
09b9
09c9
0996
09c9
9b99
0946
9b96
0996
9b69
0966
bc66
0976
bb66
0069
cb66
0090
bc99
0000
bb99
0000
cb69
0000
bc66
0000
cb66
0000
bc66
0000
bc66
0000
bb99
0000
cb99
0000
bc77
0099
ac77
0044
bb67
0099
9967
0000
9c66
0000
4999
0000
4499
0000
3333
0000
9934
0000
9933
0009
0999
99a9
0000
799b
0000
7799
0000
6699
0000
9996
0000
9966
0000
7766
0000
7666
0000
9966
0990
3466
99d9
9966
7766
7766
6777
6666
6666
9666
6666
9966
9666
3469
7966
4969
9766
3399
7966
4399
d766
3979
7699
396d
6700
3967
6600
3976
7600
3966
6600
9966
6600
9666
6600
9666
6900
9966
6900
9996
9900
bb99
9000
bcbb
0000
9999
0000
0000
0099
0000
0099
0000
0067
0000
0066
0000
0099
0000
00cb
0000
99b9
0000
9999
0000
9699
0000
6696
0000
6669
0000
6949
0000
9c79
0000
bc9a
0000
abaa
0099
99aa
009b
99a9
0099
76a9
0096
6996
0069
666b
0066
99bc
0066
69bb
0066
76b9
0076
6799
0966
6699
0966
9699
0066
9993
0099
3943
0076
9739
0067
6699
0076
6699
0067
67bb
9900
0000
6600
0000
9990
0000
bbb9
0000
99bb
0000
99bc
0000
699b
0000
799a
0000
6969
0000
9979
0000
9966
0000
9996
0000
cb96
9000
bb99
9000
9999
9900
99b9
9b00
99b9
cc00
66cb
bb00
67bc
ba00
669b
aa00
7799
ab00
7799
bb00
66cc
b900
96bb
9900
9999
9000
bba9
9000
99aa
0000
9976
0000
9799
0000
99a9
0000
ab9b
0000
9999
0000
0966
76bc
0966
66bb
0966
66cc
0999
66bc
00b3
99bb
00b9
69b9
0099
9999
0076
9969
0067
9966
0096
9b76
0066
9b66
0066
bc66
0099
bb99
0000
9b99
0000
bc66
0000
bb76
0000
bc66
0000
bb66
0000
bb66
0000
9b99
0000
bc99
0000
bb67
0000
9a67
0000
9b66
0000
9966
0000
9966
0000
44b9
0009
3399
0009
9933
0093
9933
0099
9933
0090
9999
7999
0000
7796
9900
6666
6600
9966
6600
9966
6600
7766
9900
7666
d600
9966
6700
3466
7600
9966
6600
7766
6600
6666
9900
9669
7900
9969
d700
3499
7600
4999
6700
3376
6600
436d
7600
3967
6600
3976
6600
3966
6600
3966
6900
3966
9900
9966
9900
9666
9000
9666
0000
9666
0000
9996
0000
9999
0000
bcbb
0000
bb99
0000
9999
0000
0000
0000
0000
0000
0000
0000
0000
0000
0000
0000
0000
0000
0000
0000
0000
0000
0000
0000
0000
0000
0000
0009
0000
0096
0000
0067
0000
0066
0000
0099
0000
009b
0000
09bc
0000
96b9
0000
a699
0000
6699
0000
6699
0000
6699
0000
6969
0000
6946
0000
9c96
0000
9b99
0000
cb99
0009
bb99
0009
cb99
009c
bb9b
009b
cbbb
00cb
bb9b
0000
0000
0000
0000
0000
0000
0000
0000
0000
0000
0000
0000
0000
0000
0000
0000
0000
0000
9900
0000
7600
0000
6699
0000
9999
0000
cb99
0000
b9c9
0000
99bb
0000
999b
9000
9999
9000
9669
c900
9669
b900
9679
b900
9999
9900
9999
9000
cb99
9000
bb99
0000
99cb
9000
67bc
9900
779b
9900
7799
9900
99b9
9900
9999
9000
cb66
9000
0096
bc99
0066
bb99
0066
9b99
0066
9999
0996
6633
0977
6934
0966
9633
9769
6999
9699
9699
9999
96bb
0999
6999
0944
76b9
0934
6799
0999
7697
0969
6677
9676
6676
6667
9966
6666
9999
6666
9b66
9966
9bd7
3c49
cb77
9999
bc76
0977
bb66
0996
bc99
0069
bb9d
0099
9c76
0000
bb99
0099
9a99
0099
9744
0000
9944
0009
4443
0093
9999
bb99
9000
9999
9000
9799
9900
7696
9900
9996
9900
3499
9900
9996
6900
6799
6600
9996
6600
4496
6600
9996
9900
7999
9900
6799
6900
6699
6900
9997
6600
4997
6600
996d
6900
39d7
6900
3976
6900
9966
9900
9766
9000
9666
9900
6666
9000
6966
0000
6666
0000
6666
0000
6666
0000
9696
0000
999b
0000
99bc
0000
cbb9
0000
9999
0000
0000
0099
0000
9999
0000
bb66
0099
9999
0097
69bc
0977
66ac
0966
999b
0069
9999
0099
6969
0094
6996
0944
6969
9799
9696
7667
6999
6666
9696
6666
6699
9996
6699
9c99
6999
9f69
6996
9c69
9699
9b66
6939
9b96
9939
f999
9943
c999
9939
9399
9699
6996
0999
7669
0096
7799
0009
6690
0000
9900
0000
0900
0000
0000
0000
0000
0000
9999
0000
bb99
0000
99bb
0000
9999
0000
9699
9000
6969
b900
4979
b900
7969
bc00
9a99
9b00
aa99
9a00
aa99
6900
a9cb
7900
a9bb
6600
9699
9600
6b99
9600
bc99
9900
bb66
9900
b967
b900
9966
b990
9977
cb90
9977
bc99
9366
9b9b
4396
99cc
3999
99bb
99bb
ccb9
9999
bb9a
bb99
99ab
bb97
a9bb
9999
aab9
abab
7690
aa99
9900
b999
3990
9c99
4367
9b69
9666
0969
6767
0999
7676
0099
6979
00b9
9969
00c9
9993
00cb
9643
00cc
9999
00cc
6966
00bc
7677
009c
6799
0009
9699
0000
9969
0000
cb79
0000
bb69
0000
cc69
0000
bc99
0000
9b99
0000
0999
0000
00bb
0000
00cb
0000
00cc
0000
00bb
0000
009b
0000
0009
0000
0000
0000
0000
0000
0000
0000
0000
0000
0000
0000
0000
0000
0000
0000
0000
0000
0000
0000
0000
0000
0000
0000
0000
0000
0000
9900
0000
4900
9900
3499
4400
9943
9900
0939
0000
9090
0000
9900
0000
d600
0000
7d99
0000
7799
0000
7779
0000
67d7
0000
6677
9900
9966
6900
b969
9900
bb69
9600
cb99
9700
bb99
9790
ccb9
6690
bbbc
9690
b6cc
9979
99bb
9979
0099
cb69
0000
cc90
0000
bb90
0096
bc99
0066
bb99
0066
9b99
0066
9999
0966
6633
0999
6934
0944
9633
9799
6999
9699
9699
9999
39bb
0966
4499
0999
34b9
0999
9399
0966
7997
0966
6677
9666
6696
6667
9949
6666
9944
6666
9b44
6966
9b34
6666
cb93
9996
bc79
0996
bb66
0996
bc99
0096
bb96
0067
9c66
0076
bb66
0066
9a66
0099
9b96
0000
9999
0000
99b9
0000
0099
0000
0000
0000
0000
0000
0000
0000
0000
0099
9900
0076
7600
0069
6700
0096
7600
0067
9700
0066
9900
0069
6600
0099
9600
0066
6600
0067
6600
0966
6600
0966
7690
0966
6690
0966
6690
0099
6690
00c9
6990
00c3
9999
00f9
6699
00c9
9999
09c9
9699
9993
99b9
9639
99c9
9699
99bc
9797
69bb
9976
669b
0966
9699
0969
9999
0099
9999
0043
9999
0043
9999
0033
b969
0034
c999
0034
bc96
0033
bc46
0033
bb69
0093
ab96
0093
aa97
0093
6966
0099
7699
0099
7799
0099
6796
0999
7699
9799
6799
7677
9699
6967
9999
6696
cb96
9999
bb99
9799
9999
7677
9999
6667
6997
6999
6966
9693
9999
9999
9999
9777
9999
9666
7999
9666
9999
9999
9999
99b9
999b
09bb
99bc
93cb
99b9
00bb
44c9
00cc
34c9
00bc
94bc
09bb
94bb
93cc
93bb
9499
939b
4944
9399
4933
9300
4999
9400
49cc
3400
49cb
4400
49b9
9900
949b
9900
94b9
0000
94b9
0000
9496
0000
9997
0000
b976
9000
bc67
9999
cc66
7797
cc66
d779
cc99
7d69
bc67
7669
ab76
6796
ab66
6666
9b66
6666
9a66
6699
9a66
66a9
0996
69ba
0999
999c
09cb
aa9b
0099
9909
00cc
99c9
0099
99b9
09bb
99b9
09c9
b9b9
9999
bb99
9999
9b90
9999
b900
9999
b900
9c99
9900
9c99
9900
9999
9900
c999
0000
cc99
0000
cc99
0000
cc99
9900
cc99
9000
cc90
0000
cc90
0000
cc90
0000
9990
0000
9999
0090
9900
0099
9900
0099
9900
0099
0999
0099
0999
0009
0999
9909
0909
9909
9990
9909
9999
9909
9990
9909
9999
9999
0000
0000
0000
0000
0000
0000
0000
0000
0000
0000
0000
0000
0099
0000
0096
9000
0066
6900
0967
6600
0966
6600
0999
6600
004e
6600
0999
6600
0969
6900
9766
6600
9667
9900
7666
9600
6667
9600
6666
9690
6666
9690
6966
6990
9966
9699
9966
6999
9996
99b9
7799
96c9
6669
99bc
9696
99bb
0966
669b
0069
6699
0099
9999
0099
9999
0000
0000
0000
0000
0000
0000
0000
0000
0000
0000
0000
0000
0099
9000
0069
6900
0096
7600
0066
6700
0066
7600
0066
6600
0099
6600
0066
6600
0067
6600
0966
6600
0966
7690
0966
6690
0966
6690
0066
6690
0096
6990
00c9
9999
00f9
6699
00c9
6999
09b9
96b9
0993
99c9
0949
99bc
0999
66bb
0067
969b
0076
9999
0066
9999
0099
9999
0000
0000
0009
0000
0096
9000
0096
6900
0066
9600
0067
6690
0066
6799
0066
7799
0067
9996
0069
9996
0099
9996
0076
7669
0067
6666
0076
6776
0066
6666
0067
6669
0066
9699
0066
3996
0066
f469
0069
ca96
0069
9a66
0066
9a99
0066
9969
0069
7769
0066
6696
0099
6699
0099
66bc
00a9
99bb
0099
999b
0099
9999
0099
9999
0099
9999
0000
0099
0000
0066
0000
0067
0000
0096
0000
0067
0000
9976
0000
4a66
0000
a466
0000
a996
0000
9b76
0000
bb67
0000
bc66
0000
c966
0000
9666
0000
9666
0000
6966
0000
9669
0000
9677
0000
9966
0000
6767
0000
6766
0000
7666
0000
6796
0000
7699
0000
6799
0000
7696
0000
6767
0000
9676
0000
6666
0000
6969
0000
969c
0000
964c
0000
0000
9000
0000
6900
0000
c900
0000
cb00
0000
cb00
0000
bc00
0000
9c00
0000
9c90
0000
9b90
0000
69a9
0000
66a9
0000
9699
0000
69b9
0000
96bb
0000
99cb
0000
77cb
0000
66cb
0000
66cb
0000
69cb
0000
999b
0000
999b
0000
949b
0000
449b
0000
4499
0000
499b
0000
9999
0000
6799
0000
7699
0000
67b9
0000
6699
0000
969b
0000
0000
999f
0000
999c
0000
999c
0000
999b
0000
999b
0000
939c
0000
939c
0000
9364
0000
9369
0000
9966
0000
9967
0000
7996
0000
7999
0000
77a9
0000
97aa
0000
99aa
0000
79aa
0000
77aa
0000
97bb
0000
99cb
0000
79bb
0000
979b
0000
9999
0000
99bc
0000
99cb
0009
00bc
0094
00bb
0033
9999
0033
9999
0043
99b9
0099
9999
0099
9999
9699
0000
9669
0000
9699
0000
6699
0000
6979
0000
6979
0000
9979
0000
9977
9900
9977
9d90
9977
7769
9979
7676
a999
6766
a999
6666
9997
6666
9977
9666
9979
7966
9999
9966
9b97
7969
9977
6790
9979
7600
9999
6600
9999
6600
9979
6600
9966
6900
b969
99a0
9699
990a
9999
90a0
9933
9a00
9943
a000
9333
0a00
4399
0000
9999
0000
0000
0099
0000
0096
0000
0067
0000
9976
0000
4a66
0000
a466
0000
a996
0000
9b76
0000
bb67
0000
bc66
0000
c966
0000
9696
0000
9676
0000
6967
0000
9966
0000
9666
0000
9666
0000
9766
0000
6666
0000
6799
0000
76d9
0000
6799
0000
6666
0000
6967
0000
9666
0000
9699
0000
9999
0000
69c4
0000
99c9
0000
99f9
0000
99c9
0000
99c9
9000
0000
c900
0000
cb00
0000
cb00
0000
bc00
0000
9c00
0000
9c90
0000
9b90
0000
69a9
0000
66a9
0000
9699
0000
99b9
0000
67bb
0000
66cb
0000
66cb
0000
669b
0000
669b
0000
699b
0000
999b
0000
999b
0000
dd69
0000
9969
0000
6699
0000
6699
0000
6799
0000
6699
0000
9699
0000
99b9
0000
9999
0000
999b
0000
9999
0000
9969
0000
0000
99c9
0000
9999
0000
9999
0000
9999
0000
9999
0000
9399
0000
9369
0000
9369
0000
9366
0000
9966
0000
9966
0000
7996
0000
7999
0000
77a9
0000
97aa
0000
99aa
0000
79aa
0000
77aa
0000
97bb
0000
99cb
0000
79bb
0000
979b
0000
9999
0000
99bc
0000
99cb
0009
00bc
0094
00bb
0033
9999
0033
9999
0043
99b9
0099
9999
0099
9999
9699
0000
9669
0000
9699
0000
9699
0000
6679
0000
6679
0000
6679
0000
6677
0000
6677
0000
6677
0000
6979
0000
9999
0000
9999
9900
aa97
9699
a977
9769
a979
d976
a999
76d7
9b97
7777
9977
7767
9979
7767
9999
6666
9999
6666
9979
6666
9966
6666
b969
6966
9699
6999
9999
690a
9933
99a0
9943
990a
9333
90a0
4399
0a00
9999
a000
0009
9000
0099
6900
0066
6600
0066
6690
0067
67b9
0076
76c9
0066
67b9
0099
76b9
00cb
67b9
09bb
6699
0999
6699
9999
6696
9943
9666
9933
9966
9934
9969
9999
9999
0977
9b96
0977
bb66
0999
bb66
0997
b966
0077
9966
0079
9999
0099
6999
0093
6699
0093
6690
0093
6690
0099
9600
0099
9900
0099
9300
0099
3400
0000
4900
0000
9000
0000
9900
0099
6600
009b
9900
00bb
cb00
0099
bc90
0097
bb90
0077
9b69
0099
9966
0079
9966
0977
9976
0977
9966
9997
9b76
9399
9b66
9399
bb76
9499
bb76
9499
bb66
9399
9976
9466
9666
9466
6666
9399
6676
9499
6666
9466
6666
0969
6666
0099
9666
0066
b669
0066
b999
0066
bb90
0066
bc90
0069
9b90
0099
9990
0099
6900
0000
9900
0000
0099
0000
0097
0000
0999
0000
99b9
0000
99bb
0099
bb9b
00bb
c999
00cb
999a
00b9
9999
0099
b979
0067
cb69
0076
9999
0067
9999
0066
6996
0966
6697
0999
6696
00c4
6967
00f9
9676
00c9
6669
00c9
6999
0099
9949
009c
9966
009f
9966
0099
9999
0077
0994
0066
0934
0966
0044
0999
9943
9493
3339
4944
4499
9039
939b
0099
0999
9900
0000
7900
0000
7700
0000
7600
0000
6790
0000
9990
0000
6990
0000
9999
0000
9679
0000
7679
0000
9977
0000
9667
0000
9767
0000
6666
0000
6966
0000
9966
0000
9666
0000
9967
0000
c977
0000
bc76
0000
bb6a
9000
99a9
9900
999b
a900
aabb
6a00
aabc
7600
99bb
6700
9999
6a00
9999
6900
bb93
9990
cb66
9699
b9aa
6669
9999
9999
0000
0000
0000
0099
0000
0999
0000
99b9
0099
bbbb
00bb
cb9b
00cb
9999
00b9
999a
0099
b999
0067
c979
0076
9b69
0067
9999
0966
6999
0966
6996
0099
6697
00c4
6696
00f9
9967
00c9
6676
00c9
6669
0099
9999
009c
9949
009f
9966
0099
9966
0077
0999
0066
0994
0066
0934
0099
0044
0900
0943
0900
9939
0999
4499
0994
439b
0999
9999
0000
0000
9900
0000
7900
0000
7700
0000
7600
0000
6700
0000
9990
0000
6990
0000
9990
0000
9699
0000
7679
0000
9979
0000
9677
0000
9767
0000
6667
0000
6966
0000
9966
0000
9666
0000
9966
0000
c967
0000
bc77
0000
bb76
0000
996a
0000
99a9
0000
aa9b
9900
aabb
6900
99bc
7600
99bb
6790
9999
6669
bb99
6a76
cb93
6966
b999
9999
0000
0099
0000
0099
0000
99bb
0099
9bbb
00bb
bc99
00cc
9999
009b
9999
0099
bb99
0066
bc67
0077
9976
0066
9979
0099
6669
0034
7669
009c
7799
009c
6799
009f
6646
009c
6667
0099
9676
0099
6669
0099
6694
0099
6696
0099
6966
009c
9969
009f
9999
004c
3399
0099
3399
0096
9999
0076
0944
0999
9433
9300
4399
4300
9999
9900
9000
9900
0000
7700
0000
7700
0000
6700
0000
7690
0000
9999
0000
7699
0000
6979
0000
9979
0000
6777
0000
6967
0000
9997
0000
9996
0000
9696
0900
9696
0900
b996
9600
c996
9700
b996
9600
bc96
9900
bb97
9700
bb67
7700
9976
7600
996a
6700
aa99
6600
aa9b
6600
a99b
6900
99bb
9900
99c9
9b00
bbb9
bb00
bc99
9900
bb96
6900
9999
9000
0000
0000
0000
0009
0000
0096
0000
0066
0000
0066
0000
0067
0000
0066
0000
0099
0000
00bc
0000
00bb
0000
00b9
0000
0999
0000
0999
0000
9696
0000
9666
0000
6669
0000
6669
0000
6669
0000
6969
0000
9999
0009
9b9b
0099
bb79
0099
bb77
0096
b997
0067
bb77
0066
bb77
0099
9b99
0096
9999
0096
6699
0099
6643
0000
6934
0000
9999
9900
0000
6600
0000
6600
0000
6699
0000
76bb
0000
67bc
0000
76bb
0000
67bb
0000
66cb
0000
66b9
00aa
66b9
0000
9699
0000
9966
0000
9966
0000
9966
0000
9969
0000
9969
0000
9b96
0000
9b66
0000
bb66
0000
bb66
0000
bb99
0000
b999
0000
9969
0000
9969
0000
9999
0000
9999
0000
9999
0000
9969
0000
9900
0000
0000
0000
9999
0000
0000
0000
0000
0000
0000
0000
0000
0000
0000
0000
0000
0000
0000
0000
0000
0000
0000
0000
0000
0000
0000
0000
0000
0000
0000
0000
0000
0000
0000
0000
0000
0000
0000
0000
0000
0000
0000
0000
0000
0000
0000
0000
0000
0000
0000
0000
0000
0000
0000
0000
0000
0000
0000
0900
00aa
9000
0000
a900
0099
aa00
0000
0000
0000
0000
0000
0000
0000
0000
0000
0000
0000
0000
0000
0000
0000
0000
0000
0000
0000
0000
0000
0000
0000
0000
0000
0000
0000
0000
0000
0000
0000
9000
0000
4900
0000
3900
0000
3400
0000
3400
0000
3400
0000
4400
0000
3400
0009
4300
009b
3400
0000
4300
0000
3900
009a
49aa
00aa
9999
00aa
9900
00a9
9000
00a0
0000
0000
0000
0000
0000
0000
0000
0000
0000
0000
0000
0000
0000
0000
0000
0000
0000
0000
0000
0000
0000
0000
9000
0000
9000
0000
3900
0000
4900
0000
3900
0000
4900
0000
3900
0000
4900
0000
3400
0000
9300
0000
9400
00a0
9300
000a
9400
0aa0
9300
000a
9400
00aa
9300
00a9
940a
0009
93aa
0000
9499
009a
9499
a999
3399
0900
990a
0000
99a0
0000
0000
0000
0000
0000
0000
0000
0000
0099
0000
0099
0000
0009
0000
0009
0000
0000
0000
0000
0000
0000
0000
0000
0000
0000
0000
0000
0000
0000
0000
0000
0000
0000
0000
0000
0000
0000
0000
0000
0000
0000
0000
0000
0000
0000
0000
0000
0000
0000
0000
0000
0000
0000
0000
0000
0000
0000
0000
0000
0000
0000
0000
0000
0000
0000
0000
0000
0000
0000
0000
0000
0000
0000
0000
0000
0000
0000
0000
0000
0000
0000
0000
0000
0000
0000
0000
0000
0000
0000
0000
0000
0000
0000
9999
0000
4399
0000
3900
0000
9000
0000
0000
0000
0000
0000
0000
0000
0000
0000
0000
0009
0000
0009
0000
0009
0000
0009
0000
0000
0000
0000
0000
0000
0000
0000
0000
0000
0000
0000
0000
0000
9000
0000
9000
0000
9000
0000
9000
0000
9000
0000
9000
0000
9000
0000
9000
0000
9900
0000
6600
0000
7600
0000
6600
0000
6900
0000
9900
0000
7900
0000
6900
0000
6900
0000
6900
0000
6900
0000
7900
0000
6600
0a00
6709
0000
6690
00aa
7600
00a9
6600
0009
66aa
0000
6999
009a
9699
a999
6999
0900
9900
0000
9900
0000
0000
0000
0000
0000
0000
0000
0000
9000
0000
3900
0000
4300
0000
3400
0000
3300
0000
9300
0000
9399
0000
0999
0000
0966
0000
0066
0000
0067
0000
0066
0000
0067
0000
0066
0000
0066
0000
0066
0000
0096
0000
0096
0000
0a99
0009
0009
9090
00aa
9900
00a9
9900
0009
69aa
0000
6999
009a
9699
a999
6999
0900
9900
0000
9900
0000
0000
0000
0000
0000
0000
9900
0000
3300
0000
4490
0000
4390
0000
3990
0000
9399
0000
3443
0000
3444
0000
9334
0000
0933
0000
0033
0000
0099
0000
0009
0000
0009
0000
0000
0000
0000
0000
0000
0000
0000
9000
0000
9000
0a00
9909
0000
3990
00aa
3900
00a9
4300
0009
43aa
0000
3399
009a
3699
a999
6699
0900
6900
0000
9900
0000
0000
0000
0000
0000
0000
0000
0000
0000
0000
0000
0000
0000
0000
0000
0000
0090
0000
0049
0000
0094
0000
0009
0000
0000
0000
0000
0000
0000
0000
0000
9000
0000
3900
0000
4300
0000
9400
0000
0900
0000
0000
0000
0000
0000
0000
0000
0090
0000
0039
0000
0034
0000
0033
0000
0093
0000
0009
0000
0000
0000
0000
0000
0000
0000
0000
0000
0000
0000
0000
0000
0000
0000
0000
0000
0000
0000
0000
9900
0000
3490
0000
4449
0000
3339
0000
3939
0000
9999
0000
9339
0000
3333
0000
3443
0000
3444
0000
9333
0000
9993
0000
0009
0000
0000
0000
0000
0000
0a00
9009
0000
9990
00aa
3900
00a9
4300
0009
43aa
0000
4399
009a
3399
a999
3399
0900
3900
0000
9900
0000
0000
0000
9000
0000
9000
0000
9000
0000
9000
0009
9000
00a9
9000
009a
9800
0044
9800
0034
9900
0033
3900
0099
3400
0043
9300
0033
3980
0039
3380
0099
4380
0099
3480
0049
3380
0044
9380
0034
9980
0033
3380
0093
9980
0099
3380
0049
4480
9034
3480
3933
3300
9433
9900
9393
4400
0939
3400
0099
9900
0000
9900
0000
0000
0000
0000
0000
0000
0000
0000
0030
0000
0033
0909
0030
0903
0330
0009
0000
0009
0000
0000
3000
0000
0000
0000
0000
0000
0000
9900
0000
9090
0000
9090
0000
0000
0099
0000
0943
0000
0093
9900
0004
3400
0099
3300
0349
3300
0034
3000
0099
9000
0000
0000
0000
0000
0009
0900
0094
9400
0043
4300
0099
3900
0000
9000
0000
9000
0000
0000
0000
0000
0000
0000
0000
0000
0000
0000
0000
0900
0099
0000
0043
0000
0034
3000
0099
3000
0000
0000
0000
0000
0000
0900
0099
9400
0099
4300
0009
3900
0009
9000
0000
0000
0000
9900
0000
6900
0000
6600
0009
6600
0a09
7609
0000
6690
00aa
6900
00a9
6600
0009
66aa
0000
7699
009a
6699
a999
6799
0900
6600
0000
9900
0000
0000
0000
0000
0000
0000
0000
0000
0000
0000
0000
0000
0000
0000
0000
0000
0000
0000
0000
0009
0000
0009
0000
0096
0000
0096
0000
9066
0000
9066
0009
9a96
0009
9999
0099
9a99
0096
9a90
0090
99aa
0099
90aa
0009
9a0a
0096
a000
0099
0000
0009
0000
000a
0000
00aa
0000
0000
0000
0000
0000
0000
0000
0000
0000
0000
0000
0000
0000
0000
0000
0000
0000
0000
0000
0000
0000
0000
0000
0000
0000
0000
0000
0000
0000
0000
0000
0000
0000
9000
0000
9000
0000
9000
0000
9000
0000
7990
0000
6769
0000
6660
0000
6799
0000
7663
0000
7666
0000
6799
0000
6699
0000
6669
0000
6669
0000
6669
0000
9669
0000
9699
0000
9999
0000
99a9
0000
a900
0000
a000
0000
0a00
0000
0000
0000
0000
0000
0000
0000
0000
0000
0000
0000
0000
0000
0000
0000
0000
0000
0000
0909
0000
9009
0000
6609
0000
6709
0000
6696
0009
6966
0096
6666
0096
7666
0066
7666
0067
9666
0067
6696
0066
6666
0096
6699
0096
6966
0096
9666
0096
7966
0096
6676
0067
6666
0067
6666
0066
6666
0066
6666
00aa
6696
0000
a909
0000
0000
0000
0000
0000
0000
0000
0000
0000
9000
0000
9900
0000
6900
0000
6600
9000
6700
9000
7700
9000
7700
0000
6700
a000
6600
a000
6600
aa00
6600
6a99
6600
6a66
6600
6666
6600
6667
6600
6666
6900
6666
6a00
6766
6a00
7676
0900
6667
9900
6667
0000
6666
0000
6666
0000
6666
0000
9969
0000
9966
0000
9966
0000
9900
0000
9000
0000
0000
0000
0000
0000
0000
0000
0000
0000
0000
0000
0000
0000
0000
0099
0000
0996
0000
9666
0000
9797
0000
7667
0000
6676
0000
6666
0009
7766
0096
7666
0096
6666
0066
6666
0066
6666
0067
6666
0067
6666
0066
6676
0066
6667
0066
6666
0067
6666
0076
9666
0066
6666
0066
6666
0066
6666
0066
6666
0066
6696
0066
6699
0096
9900
0000
0000
0000
0000
0000
0000
0000
9000
0000
9700
0000
7990
0000
6679
0000
6677
900a
6667
9aa0
6666
6a07
6696
7a76
66a6
7066
660a
7666
6600
7666
6600
6666
6600
6666
6690
6667
a660
6666
6690
6666
a669
6666
aa66
6666
aa66
7767
a966
6667
a096
6666
0066
6666
0996
6666
0009
6669
0000
66a6
0000
aaa6
0a00
999a
0000
900a
0000
0000
0000
0000
0000
0000
0000
0000
0900
0000
9999
0000
9790
0000
9699
0000
7697
0000
6666
0000
6666
0000
6666
0006
6676
0006
6666
0096
6666
0097
9666
aa66
6666
a666
6666
6666
6666
6666
6666
66a6
6666
7666
9966
6766
9a66
6666
6a66
66a6
9667
6666
a667
9666
6666
9966
6766
9a77
a666
966a
aa66
a3aa
6a96
aaa6
6699
0a96
99aa
0000
9000
aa96
9900
a666
6900
6667
6690
6666
6690
aa66
6669
6a96
6669
a69a
a679
aaaa
6679
6aaa
6679
6667
7669
6666
6666
6666
6666
6666
7666
6666
7777
6666
6766
6666
6666
6667
6766
a666
7666
a676
6666
6667
6666
6a67
6666
6a66
6666
aa66
9a67
a666
0a66
6666
aa66
6666
9067
6669
a96a
66a6
aa6a
aaa6
aaaa
99aa
99a9
90aa
aa99
6666
6667
7767
6776
7776
6766
6666
766a
a676
77aa
aa6a
aa00
00aa
0a00
0000
0000
0000
0000
0000
0000
0000
0000
0000
0000
0000
0000
0000
0000
0000
0000
0000
0000
0000
0000
0000
0000
0000
0000
0000
0000
0000
0000
0000
0000
0000
0000
0000
0000
0000
0000
0000
0000
0000
0000
0000
0000
0000
0000
0000
0000
0000
0000
0000
0000
6676
7767
7677
6776
7677
6776
6677
666a
a676
76aa
aa77
7700
0067
7600
0066
6600
00a6
6a00
00aa
aa00
000a
a000
0000
0000
0000
0000
0000
0000
0000
0000
0000
0000
0000
0000
0000
0000
0000
0000
0000
0000
0000
0000
0000
0000
0000
0000
0000
0000
0000
0000
0000
0000
0000
0000
0000
0000
0000
0000
0000
0000
0000
0000
0000
0000
6666
7666
7666
6666
7677
6676
6676
666a
6666
77aa
aa67
7700
0066
7700
0076
7600
0067
7600
0067
c600
0067
7a00
00a6
7a00
00a6
7a00
00aa
a000
000a
a000
000a
a000
0000
0000
0000
0000
0000
0000
0000
0000
0000
0000
0000
0000
0000
0000
0000
0000
0000
0000
0000
0000
0000
0000
0000
0000
0000
0000
0000
0000
0000
0000
0000
0000
6666
6667
7766
7777
7766
6666
6667
676a
a677
77aa
aa67
77a0
0066
6700
0077
7600
0067
6700
00a6
7600
000a
6700
0000
7600
0000
6600
0000
6a00
0000
aa00
0000
a000
0000
a000
0000
a000
0000
aa00
0000
6a00
0000
6a00
0000
6600
0000
7600
0000
6600
0000
7600
0000
6600
0000
6a00
0000
6a00
0000
a000
0000
0000
0000
0000
0000
0000
0000
0000
0000
0000
0000
0000
0000
0000
0000
0000
0000
0000
0000
0000
0000
0000
0000
0000
0000
6000
0000
6000
0000
6000
0000
6000
0000
6600
0000
7600
0000
7600
0000
7600
0000
7600
0000
6600
0000
6000
0000
a000
0000
0000
0000
0000
0000
0000
0000
0000
0000
0000
0000
0000
0000
0000
0000
0000
0000
0000
0000
0000
0000
0000
0000
0000
0000
0000
0000
0000
0000
0000
0000
0000
000c
0000
000c
c000
000c
f000
000c
c000
000c
ac00
0000
0c00
0000
0c00
0000
0c00
0000
0c00
0000
0c00
0000
ca00
0000
c000
0000
c000
0000
a000
0000
0000
0000
0000
0000
0000
000c
0000
000c
0000
00cf
0000
00cf
0000
00ff
0000
00cf
0000
00cc
0000
009c
0000
0009
0000
0000
0000
0000
0000
0000
0000
0000
0000
0000
0000
0000
0000
0000
0000
0000
0000
0000
ff00
0000
0f00
0000
0f00
0000
0f00
0099
9900
0022
22a0
0099
9900
0090
0f00
009a
4f00
0090
4f00
009a
4f00
0090
4f00
009a
4f00
0090
4f00
009a
4f00
0090
4fa0
0099
9900
0022
22a0
0099
9900
0000
0000
0000
0000
0000
0000
0000
0000
0000
0000
0000
0000
0000
0000
0000
0f00
0000
0000
0000
0000
00c0
0000
00cc
0000
00cc
0000
00cc
f000
00bb
b000
000b
00dd
00df
ffd0
d0df
0f00
dddf
4f00
0ddf
4f00
0099
99dd
0022
22dd
0d99
99dd
009c
4fdd
0d9f
4f00
0d9c
4fdd
dd9f
4fdd
009c
4f00
009f
4f00
0d9c
4fd0
009f
4fdd
009c
4fa0
0099
9900
d022
22a0
0099
9900
0000
0000
0000
0000
0000
0000
cc00
f000
cc00
b000
bc00
f000
0b00
b000
0000
0000
0000
0000
0000
f000
000b
b000
0000
0000
0000
0000
000f
ff00
000f
0f00
000f
4f00
000f
4f00
0099
9900
0022
22a0
0099
9900
009c
4f00
009f
4f00
009c
4f00
009f
4f00
009c
4f00
009f
4f00
009c
4f00
009f
4f00
009c
4fa0
0099
9900
0022
22a0
0099
9900
0000
0000
0000
0000
0000
0000
0000
0000
0000
0000
0000
0000
0000
0000
0000
0000
0000
9000
0099
b900
00bb
ab00
00aa
aa00
00a5
5500
0099
5900
00cb
9b00
00bc
cc00
00cb
cb00
00bc
bc00
00bb
cb00
00bc
bc00
009b
cb00
0099
bc00
009b
cb00
009b
bc00
009b
cb00
0009
b900
000a
9900
0000
a000
0000
0a00
0000
0000
0000
0000
0000
0000
0000
0000
0000
0000
0000
0000
0000
0000
0000
0000
0000
0000
0000
0000
0000
0000
0000
0000
0000
0000
0000
0000
0000
00aa
0000
00aa
0000
aaaa
0000
a43a
0000
4a3a
0000
aa3a
0000
aaa9
0000
aa99
00aa
aa0a
00cc
a9a0
0aaa
9a0a
aaa0
a0a0
cc0a
0000
aa00
0000
a000
0000
0090
0090
00a9
9990
009a
aa0a
0aaa
aaa0
00a9
9909
0a90
a099
000a
00a9
0000
0090
0000
00a0
0000
0000
0000
0000
0000
0000
0000
0000
0000
0000
0000
0000
0000
0000
0000
0000
0000
0000
0000
0000
0000
0000
0000
0000
0000
0000
0000
0000
0000
0000
0000
0000
0000
9000
0009
a900
009a
aa00
00cc
aa00
00cc
aa00
00ca
aa00
00aa
aa00
00aa
aa00
00aa
3a00
009a
a300
0009
a900
0000
9000
0000
0000
0000
0000
0000
0000
0000
0000
0000
0000
0000
0000
0000
0000
0000
0000
0000
0000
0000
0000
0000
0000
0000
0000
0000
0000
0000
0000
0000
0000
0000
0000
0000
9900
0000
aa00
0000
aa00
0000
aa00
0000
aa00
0000
aa00
0000
aa00
0090
9900
00c9
9900
009c
4300
0009
4400
0099
c900
0022
9c00
0092
cc00
0009
a900
0000
9a00
0000
a000
0000
0000
0000
0000
0000
0000
0000
0000
0000
0000
0000
0000
0000
0000
0000
0000
0000
0000
0000
0000
0000
0000
0000
0000
0000
0000
0000
0000
0000
0000
0000
0000
0000
0900
0000
9c00
0000
ca00
0000
cc00
00e0
cc00
00a0
4400
0000
ed90
0000
eec9
0000
aecc
0000
edc9
0000
ee90
00e0
e400
00a0
4c00
0000
9c00
0000
0900
0000
0000
0000
0000
0000
0000
0000
0000
0000
0000
0000
0000
0000
0000
0000
0000
0000
0000
0000
0000
0000
0000
0000
0000
0000
0000
0000
0000
0000
0000
0000
0000
0000
0000
0000
0000
0000
0000
0000
9900
0000
b900
0000
a900
0000
9000
0000
9000
0000
9000
0000
a900
0000
5900
0000
5900
0000
5900
0000
5900
0000
9000
0000
0a00
0000
0000
0000
0000
0000
0000
0000
0000
0000
0000
0000
0000
0000
0000
0000
0000
0000
0000
0000
0000
0000
0000
0000
0000
0000
0000
0000
0000
0000
0000
0000
0000
0000
f000
0000
f000
0000
0fa0
0000
0f00
000f
4000
000f
3300
00f0
4300
00f0
f300
00f0
f300
00f0
3000
00af
0000
000a
ff00
0000
a000
0000
0000
0000
0000
0000
0000
0000
0000
0000
0000
0000
0000
0000
0000
0000
0000
0000
0000
0000
0000
0000
0000
0000
0000
0000
0000
0000
0000
0000
0000
0000
0000
0000
0000
0000
0000
0000
0000
0000
f000
0000
f000
0000
0fa0
0000
0f00
000f
0000
000f
7000
00f6
7700
00f6
f600
00f6
f600
00f6
6600
00af
6600
000a
ff00
0000
a000
0000
0000
0000
0000
0000
0000
0000
0000
0000
0000
0000
0000
0000
0000
0000
0000
0000
0000
0000
0000
0000
0000
0000
0000
0000
0000
0000
0000
0000
0000
0000
0000
0000
9000
0000
9000
0000
d900
0000
d900
0099
d900
0077
d900
0077
9900
0077
3300
0066
3300
0066
3390
0069
3390
0099
399a
0093
9290
0093
210a
0099
12a0
0393
2200
0a09
3222
0000
23aa
0000
3200
0000
9900
0000
9000
0000
0000
0000
0000
0000
0000
0000
0000
0000
0000
0000
0000
0000
0000
0000
0000
0000
0000
0000
0000
0000
0000
0000
0000
0000
9900
0000
b900
0000
bb00
0099
ab00
00cc
ac00
00c9
ac00
0099
b900
0099
9900
00bb
9900
09bb
cc99
099c
ccbb
09ca
aaab
99ac
99aa
93ca
999a
9399
94c9
33c9
44ca
3394
44aa
9994
440a
9934
43a0
0099
990a
0000
9000
0000
0000
0000
0000
0000
0000
00aa
0000
00cc
0000
00bc
0000
0099
0000
009c
9000
0099
9900
0034
3400
0043
4300
0034
3400
00d3
4300
00dd
3400
00dd
4300
00dd
3400
003d
4300
0043
3400
0034
4300
0043
3400
0034
d300
0043
dd00
0034
dd00
0043
dd00
0034
3d00
0043
4300
0033
3300
0099
9900
0000
0000
0000
0000
0000
0000
0000
0000
0000
0000
0000
0000
0000
0000
0000
0000
0000
0000
0000
0000
0000
0000
0000
0000
0000
0000
0000
0000
0000
0000
0000
0000
0000
0000
0000
0000
0000
9000
0000
9000
0009
6900
0009
6900
0009
6900
0009
6900
0009
6900
0009
6900
0000
9000
0000
9a00
0000
a000
0000
0a00
0000
a000
0000
0000
0000
0000
0000
0000
0000
0000
0000
0000
0000
0000
0000
0000
0000
0000
0000
0000
0000
0000
0a00
0000
0900
0000
0900
0000
0000
0000
0000
0000
0000
0000
0000
0000
0000
0900
0090
6600
0099
9600
0969
6990
0969
6999
0969
699c
0939
6999
0969
6990
0039
69a0
0069
690a
00a9
99a0
009a
9a00
00a0
a000
000a
0a00
0000
a000
0000
0a00
0000
0000
0000
0000
0000
0000
0000
0000
0000
0000
0000
0000
0000
0000
0000
0000
0000
0000
0000
0000
0000
0000
0000
0000
0000
0000
0000
0000
0000
0000
0000
0000
0000
0000
0000
0000
0000
0000
0000
c000
00cc
2c00
00aa
aa00
00cc
cc00
00ca
aa00
00a0
00a0
0000
00ca
0000
00ac
0ca0
002c
0ccc
00ca
0cac
00ac
0caa
ccc2
0ccc
caa9
02a2
aa00
0a99
cc00
0000
9900
0000
0000
0000
0000
0000
0000
0000
0000
0000
0000
0000
0000
0000
0000
0000
0000
0000
0000
0000
0000
0000
0000
0000
0000
0000
0000
0000
9000
0000
b900
0000
9b00
0000
0900
0090
0000
00c9
9900
00b9
3400
00bc
4300
00bb
3400
00bb
3300
009b
3900
0099
9000
0099
0a00
0009
a000
00a9
0000
0000
0000
0000
0000
0000
0000
0000
0000
0000
0000
0000
0000
0000
0000
0000
0000
0000
0000
0000
0000
0000
0000
0000
0000
0000
0000
0000
0000
0000
0000
0000
0000
0000
0000
0000
0000
0000
9900
0009
b900
00a9
9b00
00c9
bb00
0099
cb00
0099
bb00
0099
db00
0099
bb00
0099
db00
0099
bb00
00c9
cb00
0099
bb00
0009
cb00
0000
b900
0000
9000
0000
0a00
0000
0000
0000
0000
0000
0000
0000
0000
0000
0000
0000
0000
0000
0000
0000
0000
0000
0000
0000
0000
0000
0000
0000
9000
0000
b900
0009
cb00
0009
0900
0009
9600
0009
6600
0009
6600
0009
6600
0009
6600
0009
6d00
0009
dd00
0009
dd00
0009
dd00
0009
d600
0009
6600
0009
6600
0009
6600
0009
6600
0000
6900
0000
9000
0000
0a00
0000
0000
0000
0000
0000
0000
0000
0000
0099
9900
00dd
dd00
0099
9900
0099
9900
0099
9900
0099
9900
0099
9900
00e9
9900
002e
ee00
00d2
2200
00dd
dd00
00dd
dd00
00cd
dd00
00ff
ff00
00cf
3f00
00ff
3f00
00c3
3300
00f3
f300
00c3
f300
00f3
f300
00c3
f300
00f3
f300
00c3
3300
00ff
3f00
00cf
3f00
00df
ff00
00dd
dd00
00dd
dd00
00dd
dd00
00dd
dd00
00dd
dd00
0099
9900
0000
0000
0000
0000
0000
0000
0000
0000
0000
0000
0009
0000
00ac
9900
00cc
c900
00ff
fc00
00ff
fc00
00ff
fc00
00ff
cf00
00ff
fc00
00ff
cc00
00fc
cc00
00f9
fc00
00fc
cc00
00ff
cc00
00af
ac00
00af
a900
00ff
9900
00fc
9900
009f
9a00
0099
9900
0009
9a00
0009
a900
0009
9a00
0000
a000
0000
9a00
0000
a000
0000
0000
0000
0000
0000
0000
0000
0000
0000
0000
0000
0000
0000
0000
0000
0000
0000
0000
0000
0000
0000
0000
0000
0000
0000
0900
0000
0900
0000
9900
0000
9c00
0000
9c00
0000
9c90
0000
9c99
9000
9cc9
fa00
9ccc
cc00
9ccc
cf00
cc9c
cc00
cc9b
cc00
cc99
cc00
ccb9
9c99
c9bc
9ccc
c9bb
9c99
cc99
9999
cb99
93cc
bb09
933b
bb90
09cc
cc09
0099
9900
0000
0000
0000
0000
0000
0000
0000
0000
0099
0000
0099
9900
0099
cc00
00b9
ff00
00bb
cc00
09b9
cc00
9c99
cb00
9ccc
bb00
9b99
ac00
99bb
aa90
9ccc
a993
9b99
90c9
9bbb
00b0
99cc
00cf
99bb
00cc
99bb
00cb
9999
009c
aa9a
009c
aa00
009c
9900
009c
cc96
009c
ff09
099c
cc90
909c
cc09
099c
cc90
09fc
cc09
09cc
bb90
0099
9900
0090
0000
0000
0000
0000
0000
0000
0000
0000
0000
0000
0000
0000
0000
0000
0000
0000
0000
0000
0000
0000
0000
0000
0000
0000
0000
0000
0000
0000
0000
0000
0000
0000
0000
0000
0000
0000
0009
0000
0096
0000
0067
0000
0096
0900
0009
9600
0000
6700
0000
7600
0000
6900
0000
9000
0000
0000
0000
0000
0000
0000
0000
0000
0000
0000
0000
0000
0000
0000
0000
0000
0000
0000
0000
0000
0000
0000
0000
0000
0000
0000
0009
0000
0009
0000
0009
9000
0000
9900
0000
6900
0099
9600
0097
0900
0079
0000
0090
0000
0000
0000
0000
0000
0000
0000
0009
0000
0096
0900
0097
9700
0099
7600
0000
6600
0000
9900
0000
9000
0000
0000
0000
0000
0000
0000
0000
0000
0000
0000
0099
0000
0069
0000
0066
9000
0096
9900
0076
7900
0067
9000
0066
0000
0099
9000
0000
7900
0099
6900
0076
6700
0066
9600
0069
9900
0099
0000
0090
0000
0000
0000
0000
0000
0009
0000
0096
0900
0097
9700
0066
7600
0099
6600
0000
9900
0000
9000
0000
0000
0000
0000
0000
0000
0000
0000
0000
0000
0000
0000
0000
9000
0000
9000
0000
0000
000c
0000
0009
0000
0099
0000
009e
0000
009e
0000
009d
0000
009d
0000
009e
0000
009e
0000
009d
0000
009d
0000
009e
0000
009e
0000
009d
0000
009d
0000
009e
0000
009e
0000
009d
0000
009d
0000
009e
0000
0069
9000
0069
6900
0069
7600
0069
7700
0069
6700
0069
6600
0066
9900
0066
0000
0066
0000
0066
0000
0069
0000
0000
0000
0000
0000
0000
0000
0000
0000
0000
0000
0000
0000
0000
0000
0000
0000
0000
0000
0000
0000
0000
0000
0000
0000
0099
9900
0055
5500
0055
5900
0099
9900
0000
9900
0000
5900
0000
5500
0000
5500
0000
5500
0000
9900
0000
9900
0000
a000
0000
0000
0000
0000
0000
0000
0000
0000
0000
0000
0000
0000
0000
0000
0000
0000
0000
0000
0000
0000
0000
0000
0000
0000
0000
0000
0000
0000
0000
0000
0000
0000
0099
9900
0055
5500
0055
5900
0099
9000
0000
9000
0000
0000
0000
0000
0000
0000
0000
0000
0000
0000
0000
0000
0000
0000
0000
0000
0000
0000
0000
0000
0000
0000
0000
0000
0000
0000
0000
0000
0000
0000
0000
0000
0000
0000
0000
0000
0000
0000
0000
0000
0000
0000
0000
0000
0000
0000
0000
0000
0099
0000
0095
0000
0095
0000
0009
0000
0009
0000
0000
0000
0000
0000
0000
9000
0000
5900
0000
5500
0000
9900
0000
9900
0000
0000
0000
0000
0000
0000
0000
0000
0000
0000
0000
0000
0000
0000
0000
0000
0000
0000
0000
0000
0000
0000
0000
0000
0000
0000
0000
0000
0000
0000
0000
0000
0000
0000
0000
0000
0000
0000
0000
0000
0000
0000
0000
0000
0000
0000
0000
0000
0000
0000
0000
0000
0000
0000
0000
0000
0000
0000
0009
0000
009c
0000
00cc
0000
004c
0000
00c9
0000
0090
0000
0000
0000
0000
0000
0000
0000
0000
0000
0000
0000
0000
0000
0000
0000
0000
0000
0000
0000
0000
0000
0000
0000
0000
0000
0000
0000
0000
0000
0000
0000
0000
0000
0000
0000
0000
0000
0000
0000
0000
0000
0000
0000
0000
0000
0000
0000
0000
9900
0099
6900
0039
9900
0099
9900
000a
9900
00a0
9900
0000
9900
0090
0900
0009
a900
0000
0900
0000
a0a0
0000
0000
0000
0aa0
0000
0000
0000
00a0
0000
0000
0000
0000
0000
0000
0000
0000
0000
0000
0000
0000
0000
0000
0000
0000
0000
0000
0000
0000
0000
0000
0000
0000
0000
0000
0000
9900
0999
9600
0993
9900
0999
9900
0000
0000
0000
0000
0000
0000
0000
0000
0090
0000
0009
0000
0000
0000
0000
0000
0000
0000
0000
0000
0000
0000
0000
0000
0000
0000
0000
0000
0000
0000
0000
0000
0000
0000
0000
0000
0000
0000
0000
0000
0000
0000
0000
0000
0000
0000
0000
0000
0000
0000
0090
0000
0039
0000
0099
0000
0009
0000
0000
0000
0000
0000
0090
0000
0090
9000
0009
6900
0009
9600
0000
9900
0000
9900
0000
0000
0000
0000
0000
0000
0000
0000
0000
0000
0000
0000
0000
0000
0000
0000
0000
0000
0000
0000
0000
0000
0000
9900
0000
0000
0000
0000
0000
0000
0000
0000
0000
0000
0000
0000
0000
0000
0000
0000
0000
0000
0000
0000
0000
0000
0000
0000
0000
0000
0000
0000
0000
0099
0000
0099
0000
0009
0009
0009
0096
0000
0096
9900
0099
0900
0099
9000
0000
0000
0000
0000
0000
0000
0099
0000
0900
0000
9400
0000
4900
0000
9000
0000
0000
0000
0000
0000
0000
0000
0000
0000
0000
0000
0000
0000
0000
0000
0000
0000
0000
0000
0000
0000
0000
0000
0000
0000
0000
0000
0000
0000
0000
0000
0000
0000
0099
0000
00dd
9900
99aa
aa99
dddd
ddde
9999
99ed
0999
99dd
a0b9
dd9d
0ac4
9d99
00b9
9da0
00a9
090a
009a
0900
00a0
0000
0000
0000
0000
0000
0000
0000
0000
0000
0000
0000
0000
0000
0000
0000
0000
0000
0000
0000
0000
0000
0000
0000
0000
0000
0000
0000
0000
0000
0000
0000
0000
0000
0099
9000
00dd
e900
99aa
aa99
dddd
dded
9999
99de
0099
00dd
00cb
0099
00fc
0009
00cb
0000
00ba
0000
0099
0000
0000
0000
0000
0000
0000
0000
0000
0000
0000
0000
0000
0000
0000
0000
0000
0000
0000
0000
0000
0000
0000
0000
0000
0000
0000
0000
0000
0000
0000
0000
0000
0000
0000
0000
0090
0000
00e9
0000
00de
0000
004d
0000
0099
0000
0094
0000
0009
9000
0009
d900
0000
ae00
0000
ea00
0000
de00
0000
9d00
0000
4900
0000
9900
0000
9990
0000
00d9
0000
00ed
0000
00de
0000
00dd
0000
00dd
0000
00dd
0000
00d9
0000
009d
0000
0099
0000
0009
0000
0000
0000
0000
0000
0000
0000
0000
0000
0000
0000
0000
0000
0000
0000
0990
0000
9d90
0000
de90
0000
ed00
0000
dd00
0000
dd00
0009
d900
009b
9000
009e
9000
00ed
0000
00ea
0000
00ae
0000
00ed
0000
00d9
0000
009c
0000
00bc
0000
00bb
0000
0099
0000
0900
0000
9e00
0000
ed00
0000
d900
0000
9000
0000
0000
0000
0000
0000
0000
0000
0000
0000
0000
0000
0000
0000
0000
0000
0000
0000
0000
0000
0000
0000
0000
0000
0000
0000
0000
0000
0000
aa00
0000
cc00
0000
cfa0
0099
ccca
00bb
ccca
00bb
99ca
09bb
bba0
096b
660a
00ba
b9a0
00aa
a90a
0099
99a0
00a9
930a
0009
09a0
00a0
a00a
0000
00a0
000a
000a
0000
00a0
0000
000a
0000
00a0
0000
000a
0000
90a0
0000
900a
0000
d9a0
0000
dd0a
0000
99a0
0000
0a00
0000
0000
0000
0000
0000
aa00
0000
cc00
0000
fc00
0999
cc00
99bb
cc00
99b6
9b00
33bb
b900
33b6
9900
99ab
9900
99aa
0000
0999
0000
0090
0000
0090
0000
00d9
0000
00d9
0000
009d
0000
009d
0000
0009
0000
0009
0000
0000
0000
0000
0000
0000
0900
0000
9d00
0000
dd00
0000
9900
0000
0000
0000
0000
0000
0000
0000
0000
0000
0000
0000
0000
0000
0000
0090
0000
00b9
0000
00bb
0000
00b6
0000
00bb
a000
00b6
ca00
00bb
cc00
00ab
fc00
009a
cc00
0099
cc00
00d0
9c00
00d9
b900
0099
bb00
009d
9b00
00ad
0900
0009
0000
0009
0000
000a
0000
0000
0000
0000
0000
0000
0000
0000
0000
0000
0000
0000
0000
0000
9900
0000
d900
0000
9000
0000
0000
0000
0000
0000
0000
0000
0000
0000
0000
0000
0000
0000
0000
0000
0000
0000
0000
0000
0000
0000
aa00
000a
aa00
00ac
9000
00cc
9000
00cf
0000
00cc
0000
00cc
0009
00c9
009d
009b
009d
00b6
00d3
00b6
0039
00bb
0090
00ba
0000
09a9
0000
9b99
3d00
9900
d900
9300
9900
3300
0000
0300
0000
0000
0000
0000
0000
0000
0000
0000
0000
0000
0000
0000
0000
0000
0000
0000
0000
0000
0000
0000
0000
0000
0000
0000
0000
0000
0000
0000
0000
0000
0000
0000
0000
0000
0000
0000
0000
0000
0000
0000
0000
0000
0000
4444
4444
3333
3333
0000
0000
0000
0000
0000
0000
0000
0000
0000
0000
0000
0000
0000
0000
0000
0000
0000
0000
0000
0000
0000
0000
0000
0000
0000
0000
0000
0000
0000
0000
0000
0000
4000
0000
4400
0000
3400
0000
0300
0000
0000
0000
0000
0000
0000
0000
0000
0000
0040
0000
0044
0000
0034
0000
0003
0000
0000
0000
0000
0000
0000
0000
0000
0000
0000
4000
0000
4400
0000
3400
0000
0300
0000
0000
0000
0000
0000
0000
0000
0000
0000
0040
0000
0044
0000
0034
0000
0003
0000
0000
0000
0000
0000
0000
0000
0000
0000
0000
0000
0000
0000
0000
0000
0000
0000
0000
0000
0000
0000
0000
0000
0000
0000
0000
0000
0000
0000
0000
0000
0000
0000
0400
0040
0000
0000
0000
0000
0000
0004
0400
0000
0000
0000
0000
0040
4000
0000
0000
0000
0000
0000
0000
0000
0000
0000
0000
0000
0000
0000
0000
0000
0000
0000
0000
0000
0000
0000
0000
0000
0000
0000
0000
0000
0000
0000
0000
0000
0004
0000
0000
0000
0000
0000
0000
0000
0000
0040
0000
0044
0000
0044
0400
0044
4400
0004
4000
0000
4400
0040
4400
0004
4400
0044
e400
0044
4400
00d4
4400
0404
0000
0004
0d00
0044
4000
0044
4000
0044
4000
0040
4000
0040
4400
0000
0400
0000
0000
0000
0000
0000
0000
0000
0000
0000
0400
0000
0400
0000
4000
0000
4004
0000
4444
0044
4444
0004
0400
0044
0400
04e4
ee00
004e
0e00
0040
0400
0090
9044
0000
0944
0009
0004
0449
0040
0490
0040
0090
0040
0004
0040
0090
0044
0009
00e4
00e0
0044
04e0
9040
04e0
0440
4040
ee40
444e
4e44
4404
4404
0004
4400
0040
4400
0040
0400
0040
0440
0040
0000
0000
0000
0000
0000
0000
0d00
000d
0000
0000
0900
00d0
d00d
00d0
00dd
00d0
0000
0000
0000
000a
4000
0000
000d
0000
00d0
0000
40d0
0000
0000
dd00
00a0
0000
000d
0000
0000
dd40
0000
0000
0000
0d00
0000
dd00
0490
0d00
0000
0000
040d
00a0
0000
0d00
0000
0000
0000
0000
a000
00a0
000d
0000
d000
00d0
0000
00d0
0000
0000
0000
0000
0000
0000
0000
0000
0000
0000
0000
0000
0000
0000
0000
0500
0000
05b0
0000
0a50
0000
0055
0500
5055
5500
5555
5500
5055
5550
0055
5555
0555
5555
55a5
aa55
aa55
55aa
0555
aa00
55aa
0000
5500
0000
aa05
0000
0055
0000
05b5
0000
555a
0000
5ba0
0000
5500
0000
aa00
0000
0000
0000
0000
0000
0000
0000
0000
0000
0000
0000
0000
0000
0000
0000
0000
0000
0000
0000
0000
0000
0000
0000
0000
0000
0000
0000
0000
0005
0000
5555
0055
5555
0055
00aa
0055
5500
0055
5500
0055
5500
0055
5500
555a
b500
55a0
5500
a005
0500
0505
0500
0055
aa00
5505
5000
5b05
a000
5550
a000
a500
0000
0a05
0000
0005
0000
0005
0000
000a
0000
5500
0000
5500
0000
5500
0000
aa00
0000
0000
0000
0000
0000
0000
0000
0000
0000
0000
0000
0500
0000
0000
0055
0000
5055
5000
5055
c050
5055
505c
505a
a055
50a0
0055
5000
005c
5500
0055
5500
5555
c555
5c55
555c
5555
55c5
5555
5555
5555
5555
aa55
55a5
0055
550a
555c
5500
5555
5500
aa55
5500
0055
5555
0055
55c5
0055
cc5c
5c0a
555c
5500
5555
aa00
5a55
0000
a0aa
0000
0000
0000
0000
ee00
0000
0e00
0000
0000
0000
0000
0000
0000
0000
0000
0000
e000
0000
e0e0
0000
00e0
0000
0000
e000
ee00
0e00
eeee
ee00
0e0e
0e00
0000
0e00
000e
ee04
e0e0
4e40
eeee
4400
044e
04ee
0e40
ee4e
000e
40e4
00ee
ee44
000e
ee44
0044
4400
0000
0000
0000
0000
0000
0000
0000
0000
0000
0000
0000
0000
0000
0000
0000
0000
0000
0000
0000
0000
0000
0000
0000
0000
0000
0000
0000
0000
0000
0000
0000
0000
0000
0000
0000
0000
0000
0000
0000
0000
0000
0000
0000
0000
0e00
0000
00e0
0000
444e
0000
4444
4eee
eeee
44ee
4eee
e444
440e
0000
4400
0000
0000
0000
0000
0000
0000
0000
0000
0000
0000
0000
0000
0000
0000
0000
0000
0000
0000
0000
0000
0000
0000
0000
0000
0000
0000
0000
0e00
0000
0e00
0000
0000
0000
0000
0000
0000
0000
0000
0000
0000
0000
00ee
0000
0e0e
0000
00ee
0e00
00ee
0e00
004e
0400
0044
0400
00ee
0040
00ee
444e
00ee
ee44
0040
4444
00e4
e4ee
000e
4ee4
0000
44ee
0000
0000
0000
0e00
0000
0000
0000
0000
0000
0000
0000
0000
0000
0000
0000
0000
0000
0000
0000
0000
0000
0000
0000
0000
0000
0000
0000
0000
0000
0000
0000
0000
0000
0000
0000
0000
0000
0000
0000
0000
0000
0000
0000
0000
0000
0000
0000
0000
4000
0000
4444
0000
eeee
eeee
44ee
eeee
4044
4444
4400
0000
ee00
0000
0000
0000
0000
0000
0000
0000
0000
0000
0000
0000
0000
0000
0000
0000
0000
0000
0000
0000
0000
0000
0000
e000
0000
ee00
0000
0e00
0000
0e00
0000
0e00
0000
0000
0e00
0000
0ee0
0000
eeee
0000
ee0e
0000
ee0e
0000
0e0e
e000
eee0
ee00
ee00
ee00
eeee
ee00
eeee
ee00
eeee
ee00
0ee0
ee00
eee4
eee0
0ee4
eeee
4ee4
4e4e
4e04
4e4e
4ee4
4e4e
4ee4
ee4e
44e4
e44e
44e4
e44e
44e4
e44e
e4e4
4444
eeee
ee4e
00ee
ee4e
000e
eee4
0000
0000
0000
0000
0000
0000
0000
0000
0000
0000
0000
0000
0000
0000
0000
0000
0000
0000
0000
0000
0000
0000
0000
0000
0000
0000
0000
0000
0000
0000
0000
0000
0000
00e0
0000
00e0
0000
004e
0040
004e
0044
4e44
e0ee
0444
e0ee
ee44
e04e
ee44
eeee
4ee4
4e4e
eee4
4ee4
eee4
4ee4
4ee4
e4e4
44ee
e4ee
e444
0e44
4e44
00ee
ee44
0000
0000
0000
0000
0000
0000
0000
0000
0000
0000
0000
0000
0000
0000
0000
0000
0000
0000
0000
0000
0000
e000
0000
e000
0000
e000
00e0
e000
00e0
e000
00e0
0000
00e0
0000
00ee
0000
004e
0000
00e4
e000
004e
e000
00e4
e000
00ed
e000
00dd
e000
00dd
d000
000d
0000
000d
0000
0000
0000
0000
0000
0000
0000
0000
0000
0000
0000
0000
0000
0000
0000
0000
0000
0000
0000
000e
0000
000e
0000
000e
0000
000e
e000
000e
e000
00e4
e000
00ee
e000
004e
0000
00ee
0000
00e4
0000
00ee
0000
00e4
0000
004e
e000
00e4
e000
0044
e000
00e4
e000
00e4
e000
00e4
e000
00ee
e000
00e4
e000
000e
0000
0000
0000
0000
0000
0000
0000
0000
0000
0000
0000
0000
0000
0000
0000
0000
0000
0000
0000
000f
ccc0
0cff
ccc0
0cff
cff0
0cff
ffc0
0cff
fcc0
0cff
ff00
0cfc
cf00
00cf
bfc0
00cf
ccfc
00cf
bcfc
0cfc
fcfb
0cff
ffc0
0cff
cc0c
0cff
cbcc
00ff
cc0f
00ff
ffff
00cf
ffff
cccc
fffc
cfcc
ffff
ffcf
ffcc
fcff
cf00
ccff
fff0
c0cf
cff0
00bc
fffc
000b
ffcc
0000
cfcc
0000
ccc0
0000
c000
0000
0000
0000
0000
0000
0000
0000
0000
0000
0000
0000
0000
0000
0000
0000
0000
0000
0000
0000
0b00
0000
bc00
000c
0c00
00cc
ff00
00cf
ff00
00fc
cf00
00fc
ff00
00fc
ff00
00ff
ffcb
00cc
fffc
00cf
fccc
00cc
ffc0
00c0
ff00
00bc
cf00
00bb
f000
00bb
0c00
0000
cc00
0000
0b00
0000
bb00
0000
0000
0000
0000
0000
0000
0000
0000
0000
0000
0000
0000
0000
0000
0000
0000
0000
0000
0000
0000
0000
0000
00fb
bb00
00ff
cb00
00ff
fc00
00ff
cf00
00ff
ff00
00ff
0f00
00fc
cc00
00ff
bb00
00cc
cc00
00ff
ff00
00ff
cf00
00ff
fc00
000c
cf00
00cf
ff00
00bb
fc00
00fc
ff00
00fc
cf00
00fc
cc00
00cf
cc00
00bc
cbc0
00cc
bbc0
000b
b0ff
0000
00cc
0000
0000
0000
0000
0000
0000
0000
0000
1111
1111
eeee
eeee
ffff
ffff
1111
1111
1111
1111
eeee
eeee
1fff
ffff
1111
1111
1111
1111
cccc
cccc
c1cc
ccc1
cccc
cccc
1111
1111
1b1b
1b1b
bbbb
bbbb
bbbb
bbbb
bbbb
bbbb
bbbb
bbbb
bbbb
bbbb
bbbb
bbbb
b1bb
bb1b
1b1b
bbb1
b1bb
bb9b
1b1b
bbb9
b1bb
bb9b
1b1b
bbb1
b1bb
bb1b
bbbb
bbbb
bbbb
bbbb
bbbb
bbbb
bbbb
bbbb
bbbb
bbbb
bbbb
bbbb
bbbb
bbbb
bbbb
bbbb
bbbb
bbbb
bbbb
bbbb
bbbb
bbbb
bbbb
bbbb
bbbb
bbbb
bbbb
bbbb
bbbb
bbbb
bbbb
bbbb
bbbb
bbbb
bbbb
bbbb
bbbb
bbbb
bbbb
bbbb
bbbb
bbbb
bbbb
bbbb
bbbb
bbbb
bbbb
bbbb
bbbb
bbbb
bbbb
bbbb
bbbb
bbbb
bbbb
beee
bbbb
bedd
bbbb
beed
bbbb
beed
bbbb
beed
bbbb
beed
bbbb
beed
bbbb
beed
bbbb
beed
bbbb
beed
bbbb
beed
bbbb
beed
bbbb
beed
bbbb
beed
bbbb
beed
bbbb
beed
bbbb
beed
bbbb
beed
bbbb
beed
bbbb
beed
bbbb
beed
bbbb
beed
bbbb
beed
bbbb
beed
bbbb
beed
bbbb
beed
bbbb
beed
bbbb
beed
bbbb
beed
bbbb
beed
bbbb
bedd
bbbb
bb11
bbbb
bbbb
bbbb
bbbb
bbbb
bbbb
bbbb
bbbb
bbbb
bbbb
bbbb
bbbb
bbbb
bbbb
bbbb
bbbb
bbbb
bbbb
bbbb
bbbb
bbbb
bbbb
bbbb
bbbb
bbbb
bbbb
bbbb
bbbb
bbbb
bbbb
bbbb
bbbb
bbbb
bbbb
bbbb
bbbb
bbbb
bbbb
bbbb
bbbb
bbbb
bbbb
bbbb
bbbb
bbbb
bbbb
bbbb
bbbb
bbbb
bbbb
bbbb
bbbb
1111
1111
1212
2222
2222
2121
2222
2222
1222
2222
2222
2222
2222
2222
2222
2222
2222
2222
2222
2222
2222
2222
2222
2222
2222
2222
2222
2222
2222
2222
2222
2222
0000
0000
0000
0000
0000
0000
0000
0000
0000
0000
0000
0000
0000
0000
0000
0000
0000
0000
0000
0000
0000
0000
0000
0000
0000
0000
0000
0000
0000
0000
0000
0000
0000
0000
0000
0000
0000
0000
0000
0000
0000
0000
0099
9900
00cc
cc99
99c9
9cc9
9ccc
cccc
9999
9999
9dee
eede
9dee
eeed
9999
9999
cccc
cccc
cccc
cccc
9999
9999
0000
0000
0000
0000
0000
0000
0000
0000
0000
0000
0000
0000
0000
0000
0000
0000
0000
0000
0000
0000
0000
0000
0000
0000
0000
0000
0000
0000
0000
0000
0000
0000
0000
0000
0000
0000
0000
0000
0000
0000
0000
0000
0099
9900
00cc
cc99
99c9
9cc9
9ccc
cccc
9999
9999
9dee
eeed
9dee
eede
9999
9999
cccc
cccc
cccc
cccc
9999
9999
0000
0000
0000
0000
0000
0000
0000
0000
0000
0000
0000
0000
0000
0000
0000
0000
0000
0000
0000
0000
0000
0000
0000
0000
0000
0000
0000
0000
0000
0000
0000
0000
0000
0000
0000
0000
0000
0000
0000
0000
0000
0000
0099
9900
00cc
cc99
99c9
9cc9
9ccc
cccc
9999
9999
9de4
eeed
9d4e
eede
9999
9999
cccc
cccc
cccc
cccc
9999
9999
0000
0000
0000
0000
0000
0000
0000
0000
0000
0000
0000
0000
0000
0000
0000
0000
0000
0000
0000
0000
0000
0000
0000
0000
0000
0000
0000
0000
0000
0000
0000
0000
0000
0000
0000
0000
0000
0000
0000
0000
0000
0000
0000
0000
0000
0000
0000
0000
0009
9900
0099
cc00
00cc
cc90
0099
9990
00de
ee90
0099
9999
00cc
ccc9
00cc
ccc9
0000
0000
0000
0000
0000
0000
0000
0000
0000
0000
0000
0000
0000
0000
0000
0000
0000
0000
0000
0000
0000
0000
0000
0000
0000
0000
0000
0000
0000
0000
0000
0000
0000
0000
0000
0000
0000
0000
0000
0000
0000
0000
0000
0000
0000
0000
0000
0000
0000
0000
0000
9000
0099
c900
00cc
cc00
00dd
ee00
0099
9900
00cc
cc00
0099
9900
0000
0000
0000
0000
0000
0000
0000
0000
0000
0000
0000
0000
0000
0000
0000
0000
0000
0000
0000
0000
0000
0000
0000
0000
0000
0000
0000
0000
0000
0000
0000
0000
0000
0000
0000
0000
0000
0000
0000
0000
0000
0000
0000
0000
0000
0000
0000
0000
0000
0000
0000
0000
0000
0000
0000
0000
0000
9000
0000
cc00
0000
ee00
0000
cc00
0000
0000
0000
e040
f0e0
0000
0000
0000
00f0
0004
0000
0e00
000e
0000
0000
0000
0000
00f0
00e0
0000
0000
0000
0000
0e00
0000
0000
0000
0000
0000
0000
0000
e000
0000
0000
e00f
0000
0000
4040
0000
0000
0000
0000
0000
0e00
0000
0e0e
f000
0000
0000
0000
0040
0f00
0000
000f
0000
0000
00e0
0000
0000
e000
0000
0000
0000
0000
0800
0000
0080
0080
0808
0800
8800
8008
4080
0f80
0008
0080
8000
8800
0840
8808
0000
0000
8808
e000
0e88
088f
8008
8800
8880
8808
8008
0888
0800
0ef0
000e
0080
8008
8800
0880
8f88
e008
8000
00e0
80e8
0f08
f000
0080
0888
0008
8000
08e8
000f
0088
0000
0088
8008
0800
0088
0000
0884
0080
0080
8880
0088
8804
0000
8800
0480
0000
0000
0000
0000
0000
0000
0000
0000
0000
0000
0000
0000
0000
0000
0000
0000
0000
0000
0000
0000
0000
0000
0000
0000
0000
0000
0000
0000
0000
0000
0000
0000
0000
0000
0000
0000
0000
0000
0000
0000
0000
0000
0000
9000
0009
5900
0099
5500
0095
5500
0099
5500
0099
5500
0099
9900
0099
9900
00cc
cc00
00cc
cc00
00cc
cc00
0000
0000
0000
0000
0000
0000
0000
0000
0000
0000
0000
0000
0000
0000
0000
0000
0000
0000
0000
0000
0000
0000
0000
0000
0000
0000
0000
0000
0000
9000
0009
5900
0095
9500
0095
9900
0055
9900
0055
9900
0099
9900
0099
9900
009b
bb00
0009
9900
009a
bb00
0009
9900
0090
b000
0009
9900
0099
9900
00cc
cc00
00cc
cc00
00cc
cc00
0000
0000
0000
0000
0000
0000
0000
0000
0000
0000
0000
0000
0000
0000
0000
0000
0000
9000
0009
5900
0095
5500
0099
5500
0059
5500
0099
5500
0099
9900
0099
9900
009b
bb00
0009
9900
009a
bb00
0009
9900
0090
b000
0009
9900
0000
0000
0000
0000
0000
0000
0099
9900
0099
9900
00b9
9900
0099
9900
00cc
cc00
00cc
cc00
00cc
cc00
0000
0000
0000
0000
0000
9000
0009
5900
0095
5500
0095
9500
0055
9900
0055
9900
0099
9900
0099
9900
009b
bb00
0009
9900
009a
bb00
0009
9900
0090
b000
0009
9900
0000
0000
0000
0000
0000
0000
0000
0000
0000
9000
0000
9900
0000
9000
0000
0000
0000
0000
0099
9900
0099
9900
0009
9900
0099
9900
00cc
cc00
00cc
cc00
00cc
cc00
00cc
aa90
00c4
ba90
00c3
ba90
00cc
cb90
09cc
ccb9
09ac
ccc9
09fa
aab9
09ba
cbc9
09ba
ccb9
09aa
ccc9
09ba
ccb9
09ba
ccc9
09ba
ccb9
09ac
ccc9
09cc
ccb9
9acc
ccaa
9caa
ccac
9ccc
aacb
9ccc
cccc
9ccc
cccb
9cbc
cccc
9ccc
cccb
9cbc
cccc
9ccc
cccb
9cbc
cccc
9ccc
cccb
9cbc
cccc
9ccc
cccb
99cc
ccc9
00cc
cc90
0099
9900
0000
0000
0000
0000
0000
0000
0000
9000
0009
5900
0095
5500
0095
a500
0055
a900
005a
a900
009a
6900
0097
a900
0077
ab00
0077
9900
0077
bb00
0066
9900
0066
b000
0066
9900
0066
0000
006a
0000
006a
0000
006a
0000
0067
9000
00a7
9900
00a6
9000
00a6
0000
00a6
0000
009a
9900
0099
9900
0009
9900
0099
9900
00cc
cc00
00cc
cc00
00cc
cc00
00cc
aa90
00c9
ba90
00c9
ba90
00cc
cb90
09cc
ccb9
09ac
ccc9
099a
aab9
093a
cbc9
094a
ccb9
0934
ccc9
0943
ccb9
0994
ccc9
0999
ccb9
09ac
ccc9
09cb
ccb9
9acc
ccaa
9caa
ccac
9ccc
aacb
9ccc
cccc
9ccc
cccb
9cbc
cccc
9ccc
cccb
9cbc
cccc
9ccc
ccab
9caa
aa77
9a66
6666
a777
7766
7776
7666
6666
6699
6667
6690
9966
9900
0099
0000
00cc
aa90
00c9
ba90
00c9
ba90
00cc
cb90
09cc
ccb9
09ac
ccc9
099a
aab9
093a
cbc9
094a
ccb9
0934
ccc9
0943
ccb9
0994
99c9
0999
34b9
09ac
99c9
09cb
ccb9
9acc
ccaa
9caa
ccac
9ccc
aacb
9ccc
cccc
9ccc
cccb
9cbc
cccc
9ccc
cccb
9cbc
cccc
9ccc
cccb
99cc
ccc7
96c9
9c96
7799
9977
6697
6666
6677
7699
9666
6790
9966
6700
0099
9700
0000
0000
0000
0000
0000
9000
0009
5900
0095
5500
0095
9500
0055
9900
0055
9900
0099
9900
0e99
9900
0e9b
bb00
00e9
9900
009a
bb00
00e9
990e
0090
b0ee
00e9
99e0
e0ee
eee0
eefe
ee00
0eff
ee0e
00ff
ff00
0eef
ff00
00fe
ff0e
00ef
f0e0
eeff
fe00
00ff
fe00
00ef
fe00
00ee
ff00
00ee
ff00
0099
9900
00cc
cc00
00cc
cc00
00cc
cc00
0000
0000
0000
0000
0000
0000
000b
bb00
00bb
fb00
00bb
cf00
00bf
ff00
00bf
ff00
000b
fc00
0000
cc00
000a
bb00
00ff
ff00
00cf
ff00
00cf
fa00
00fc
b000
00bb
b000
00aa
ba00
000a
0a09
00af
0a00
09bc
a000
00ac
0000
00ab
0000
000b
0000
000a
a000
000a
a000
00aa
aa00
09a9
aa00
0099
9900
0099
9900
00cc
cc00
00cc
cc00
00cc
cc00
0000
bb00
0000
fb00
0000
fc00
000f
cf00
0000
fc00
0000
cc00
0000
cc00
0000
9900
0000
bb00
0000
cb00
0000
9b00
0000
bb00
0000
0000
0000
0000
0000
0000
0000
0000
0000
0000
0000
0000
0000
0000
0000
b000
0000
0000
0000
0000
0000
0000
0000
0000
0000
0000
0099
9900
00aa
aa00
0099
9900
0099
9900
00cc
cc00
00cc
cc00
00cc
cc00
0000
0000
0000
0000
0000
0000
0000
0000
0000
0000
0000
0000
0000
0000
0000
0000
0000
0000
0000
0000
0000
0000
0000
0000
0000
0000
0000
0000
0000
0000
0000
0000
0000
0000
0000
0000
0000
0000
0000
0000
0000
0000
0000
0000
0000
0000
0000
0000
0000
0000
0099
9900
00aa
aa00
0099
9900
0099
9900
00cc
cc00
00cc
cc00
00cc
cc00
0000
0000
0000
0000
e000
0000
ee00
0000
ae00
0000
ae00
0000
ae00
0000
0a00
0000
0000
0000
0000
0000
0000
0000
00e0
0e00
00ae
ee0e
eeee
ea0e
aeaa
e0ea
0a00
e0a0
0000
ae00
0000
0000
0000
0000
000e
0000
00ea
00ee
00a0
e0ea
0000
eeaa
0000
aa0a
0000
0000
ee00
0e00
0000
0e00
0000
0000
0e00
0000
ea00
0e00
a000
0e00
0000
0e00
0000
0000
e000
0000
ee00
0000
0e00
0000
0000
0000
0000
0000
0000
0000
000e
0000
000e
0000
00ee
0000
00ee
0000
00ee
0000
00ee
0000
00ee
0000
00ee
e000
000e
e000
0000
ee00
0000
ee00
0000
ee00
0000
0e00
0000
0000
0000
00e0
0000
00e0
0000
00ee
0000
00ee
0000
000e
0000
000e
0000
0000
0000
0000
0000
0000
0000
0000
0000
0000
0000
0000
0000
0000
0000
0000
0000
0000
0000
0000
0000
0000
0000
0000
0000
0000
0000
0000
0000
0000
00e0
0e00
00e0
ee0e
0000
eeee
0000
0ee0
0e0e
eee0
eeee
ee00
00e0
eeee
0000
00e0
0000
0000
0000
0000
0000
0000
0000
0000
0000
0000
0000
0000
0000
0000
0000
0000
0000
0000
0000
0000
0000
0000
0000
0000
0000
0000
0000
0000
0000
0000
0000
0000
0000
0000
0000
0000
0000
0000
0000
0000
0000
0000
0000
0000
0000
9900
0009
bb00
009a
bb00
009b
bb00
00ab
bb00
00bb
bb00
00bb
bb00
00bb
bb00
00bb
ba00
00bb
ab00
00aa
ba00
009b
ab00
009a
ba00
0009
aa00
0009
aa00
0000
9900
0000
0000
0000
0000
0000
0000
0000
0000
0000
0000
0000
0000
0000
0000
0000
0000
0000
0000
0000
0000
0000
0000
0000
0000
0000
0000
0000
0000
0000
0000
0000
0000
0000
9900
0009
bb00
009a
bb00
009b
bb00
00ab
bb00
00bb
bb00
00bb
bb00
00bb
bb00
00bb
bb00
00bb
bb00
00aa
ba00
009b
ab00
009a
ba00
0009
aa00
0009
aa00
0000
9900
0000
0000
0000
0000
0000
0000
0000
0000
0000
0000
0000
0000
0000
0000
0000
0000
0000
0000
0000
0000
0000
0000
0000
0000
0000
0000
0000
0000
0000
0000
0000
0000
0000
9900
0009
bb00
009a
bb00
009b
bb00
00ab
bb00
00bb
bb00
00bb
bb00
00bb
bb00
00bb
ba00
00bb
ab00
00aa
ba00
009b
ab00
009a
ba00
0009
aa00
0009
aa00
0000
9900
0000
0000
0000
0000
0000
0000
0000
0000
0000
0000
0000
0000
0000
0000
0000
0000
0000
0000
0000
0000
0000
0000
0000
0000
0000
0000
0000
0000
0000
0000
0000
0000
0000
9900
0009
bb00
009a
bb00
009b
bb00
00ab
ba00
00bb
bb00
00bc
ba00
00bb
bb00
00bb
ba00
00bb
ab00
00ab
ba00
009b
ab00
009a
ba00
00a9
aa00
00a9
aa00
009a
9900
0000
0000
0000
0000
0000
0000
0000
0000
0000
0000
0000
0000
0000
0000
0000
0000
0000
0000
0000
0000
0000
0000
0000
0000
0000
0000
0000
0000
0000
0000
0000
0000
009a
9900
00c9
bb00
00a9
cb00
009b
bb00
009b
bb00
00bb
bb00
00ba
bb00
00bb
bb00
00ba
bb00
00bb
bb00
00ba
ba00
009b
ab00
009a
ba00
0009
aa00
0009
aa00
0000
9900
0000
0000
0000
0000
0000
0000
0000
0000
0000
0000
0000
0000
0000
0000
0000
0000
0000
0000
0000
0000
00a0
0000
00aa
9900
00ee
bc00
000e
bb00
000e
bb00
000a
bb00
0090
bb0e
0099
bb0e
00b9
bbee
00b9
b9ee
00bb
9bae
00a9
e000
0099
ee00
00e0
e000
00ee
0000
ee00
bb90
e0a0
99a9
0a00
abba
aa0a
0bbb
0099
00cb
0ebb
00ba
eebb
0aa9
e0cc
0a99
00cb
e000
00bb
0e00
009a
0e00
0009
0e00
0000
0000
0000
0000
0000
0000
0000
0000
0000
0000
0000
0000
0000
0000
0000
0000
0000
0000
0000
0000
0000
0000
0000
0000
0000
0000
0000
0000
0000
0000
0000
0000
0000
0000
0000
0000
0000
0000
0000
0000
0000
0000
0000
0000
0000
0000
0000
0000
0000
0000
0000
0000
0000
0000
0000
a000
000a
0a00
00a0
a000
000a
0a00
00a0
a000
000a
0a00
0000
a000
0000
0000
0000
0000
0000
0000
0000
0000
0000
0000
0000
0000
0000
0000
0000
0000
0000
0000
0099
9900
0066
6600
0077
6600
0066
6600
0066
6600
0077
7700
0066
6600
0066
6600
0066
6600
0066
6600
0077
7700
0066
6600
0066
6600
0066
6600
0066
6600
0099
9900
0000
0000
0000
0000
0000
0000
0000
0000
0000
0000
0000
0000
0000
0000
0000
0000
0000
0000
0000
0000
0000
0000
0000
0000
0000
0000
0000
0000
0000
0000
0000
0000
0099
9900
0066
6600
0077
6600
0066
6600
0066
6600
0077
7700
0066
6600
0066
6600
0067
6600
0077
6600
0076
7700
0066
6600
0066
6600
0066
6600
0066
6600
0099
9900
0000
0000
0000
0000
0000
0000
0000
0000
0000
0000
0000
0000
0000
0000
0000
0000
0000
0000
0000
0000
0000
0000
0000
0000
0000
0000
0000
0000
0000
0000
0000
0000
0099
9900
0066
6600
0077
6600
0066
6600
0066
6600
0077
7700
0066
6600
0066
6600
0066
6600
0066
6600
0077
7700
0066
7600
0066
6600
0066
6600
0066
6600
0099
9900
0000
0000
0000
0000
0000
0000
0000
0000
0000
0000
0000
0000
0000
0000
0000
0000
0000
0000
0000
0000
0000
0000
0000
0000
0000
0000
0000
0000
0000
0000
0000
0000
0099
9900
0066
6600
0077
6600
0066
6600
0066
6600
0077
7700
0066
6600
0066
6600
0066
6600
0066
6700
0077
7700
0066
6600
0066
6600
0066
6600
0066
6600
0099
9900
0000
0000
0000
0000
0000
0000
0000
0000
0000
0000
0000
0000
0000
0000
0000
0000
0000
0000
0000
0040
0000
0044
0000
0094
0000
0004
0090
0000
0004
0000
0004
0000
0000
0000
0009
0000
0000
0000
0000
0090
0000
9009
0000
4949
0000
0444
0000
04e4
0000
40ee
0000
904e
0000
940e
0000
444e
0000
444e
0000
44a4
0000
0444
0000
9444
0000
9900
0099
09ee
0004
44ee
0044
40ef
0004
e4ee
0090
44ee
0099
00ee
0000
04ef
0400
0000
0900
0000
0900
0900
0900
0000
4400
9000
1900
9000
4400
0000
4449
0000
4404
0000
4444
0000
440e
0000
44ee
0000
44e9
0000
a409
0000
0409
0090
ea4a
4400
ee40
4400
ee44
4000
ee04
0400
ee04
4400
ee44
9000
ee44
9000
fe44
0000
fe0e
9000
fee4
0000
fe04
0000
fe44
0000
fee4
0044
feee
4904
ff44
0049
ffee
0000
ffee
4e00
0000
44ef
0000
eeef
0000
eeff
0004
44ee
0049
44ee
0094
44ee
0040
44ee
0044
44ee
0000
440e
0909
444e
0000
444e
0000
4040
0000
0e04
0000
e444
0009
4444
0090
9494
0004
4444
0044
4040
0090
4440
0099
0940
0000
9040
0004
904e
0044
494e
0099
9944
0099
9000
0090
9044
0000
0049
0000
0049
0000
0040
0000
0000
0000
0000
0000
0000
ffee
4400
ffee
4400
ffe0
0400
ffee
0400
eeee
4400
eee4
4400
eee4
4000
eeee
4000
eeee
4400
eeee
0400
feee
0000
eeee
4000
ee0e
4000
ee44
4440
ee44
4400
0e40
0490
0e44
0490
4404
4000
0000
4400
4004
4400
0444
0900
4404
0944
0404
0040
4404
0000
4440
0099
0499
0000
4409
0000
4400
0000
4400
0000
9400
0000
0400
4000
0900
9000
0000
0099
0000
00cc
0000
00cc
0000
99cc
0000
cccc
0000
ff99
0000
cc00
0000
cc00
0000
c909
0009
9099
009c
009c
009c
00cc
00cc
99cb
00cc
bcbc
00cc
cbbb
00cc
bbbc
00cc
bbbb
00cc
b9ab
00cc
90bb
00cc
00ab
00cc
00ba
00cc
99bb
00cc
bcba
00cc
cbcb
009c
bb9c
009c
9b99
00b9
c909
00bb
cc99
00bb
ccbb
00cc
cc99
00cc
cccc
00bc
cccc
9900
0000
cc00
0000
cc99
0000
cccc
0000
99cc
0000
00cc
0000
00cc
0000
9099
9000
9900
c900
cc00
cc00
cf00
cc00
fc99
cc00
ffcb
bc00
ffbc
cb00
fcbb
bc00
ccbb
cb00
cb99
bc00
bc00
cc00
cb00
bc00
bc00
cc00
cb99
cf00
bccb
cc00
cbbc
cf00
bbbb
ff00
bbbb
fc00
cc99
cf00
9900
fc00
9999
c900
bbcc
9b00
99cc
bb00
cccf
bc00
cccc
cc00
00cc
bbcc
009c
99cc
009c
9bcc
00b9
c9bb
00bb
cc99
00bb
cc00
00bc
cc99
00cc
cccc
00cc
cccc
00bc
bbcc
009c
99cc
009b
90cc
00b9
b9bb
00bb
cc99
00bb
cc00
00bb
cc99
00bb
cccc
00bc
cccc
00bc
bbcc
009b
99cc
009b
90cc
0009
b9bb
0000
cc99
0000
cc00
0000
cc99
0000
cccc
0000
cccc
0000
bbcc
0000
99cc
0000
00cc
0000
00bb
0000
0099
cccc
cc00
ccbb
cc00
cc99
cc00
bb00
cc00
9999
c900
00cc
9b00
99cc
bb00
cccc
bc00
cccc
cc00
cccc
cc00
ccbb
cc00
cc99
cc00
bb00
cc00
9999
c900
00cc
9b00
99cc
bb00
cccc
bc00
cccc
cb00
cccc
bc00
ccbb
cc00
cc99
cc00
bb00
cb00
9999
c900
00cc
9000
99cc
0000
cccc
0000
cccc
0000
cccc
0000
ccbb
0000
cc99
0000
bb00
0000
9900
0000
0000
0099
0000
00cc
0000
00cc
0000
99cc
0000
cccc
0000
ff99
0000
cc00
0000
cc00
0000
c909
0009
9099
009c
009c
009c
00cc
00cc
99cb
00cc
bcbc
00cc
cbbb
00cc
bbbc
00cc
bbbb
00cc
b9ab
00cc
90bb
00cc
00ab
00cc
00ba
00cc
99bb
00cc
bcba
00cc
cbcb
009c
bb9c
009c
9b99
00b9
c909
00ba
cc99
00ba
ccbb
00ca
cc99
00ca
cccc
00ba
cccc
9900
0000
cc00
0000
cc99
0000
cccc
0000
99cc
0000
00cc
0000
00cc
0000
9099
9000
9900
c900
cc00
cc00
cf00
cc00
fc99
cc00
ffcb
bc00
ffbc
cb00
fcbb
bc00
ccbb
cb00
cb99
bc00
bc00
cc00
cb00
bc00
bc00
cc00
cb99
cf00
bccb
cc00
cbbc
cf00
bbbb
ff00
bbbb
fc00
cc99
cf00
9900
fc00
9999
c900
bbcc
9900
99cc
a400
cccf
a400
cccc
a400
00cc
bbcc
009c
99cc
009c
9acc
00b9
babb
00bb
ba99
00bb
ca00
00bc
bb99
00cc
cbcc
00cc
cccc
00bc
bbcc
009c
99cc
009b
9acc
00b9
babb
00bb
ba99
00bb
ca00
00bb
bb99
00bb
cbcc
00bc
cccc
00bc
bbcc
009b
99cc
009b
9acc
0009
babb
0000
ba99
0000
ca00
0000
bb99
0000
cbcc
0000
cccc
0000
bbcc
0000
99cc
0000
00cc
0000
00bb
0000
0099
00cc
bbcc
009c
99cc
009c
9bcc
00b9
c9bb
00bb
cc99
00bb
cc00
00bc
cc99
00cc
cccc
00cc
cccc
00bc
bbcc
009c
99cc
009b
90cc
00b9
b9bb
00bb
cc99
00bb
cc00
00bb
cc99
00bb
cccc
00bc
cccc
00bc
bbcc
009b
99cc
009b
90cc
0009
b9bb
0000
cc99
0000
cc00
0000
cc99
0000
cccc
0000
cccc
0000
bbcc
0000
99cc
0000
00cc
0000
00bb
0000
0099
00cb
bbcc
009c
99cc
009c
9bcc
00b9
c9bb
00ba
cc99
00ba
cc00
00ba
cc99
00ca
cccc
00cb
cccc
00bc
bbcc
009c
99cc
009b
90cc
00b9
b9bb
00ba
cc99
00ba
cc00
00ba
cc99
00ba
cccc
00bc
cccc
00bc
bbcc
009b
99cc
009b
90cc
0009
b9bb
0000
cc99
0000
cc00
0000
cc99
0000
cccc
0000
cccc
0000
bbcc
0000
99cc
0000
00cc
0000
00bb
0000
0099
0000
0000
0000
0000
0000
0000
0000
0000
0000
0000
0000
0000
0000
0000
0000
0000
0000
0000
0000
0000
0099
0000
00c9
0000
09cc
0009
99cc
009b
9cff
99bb
ccff
bbbb
cbff
bcb9
cbff
bb90
bbcc
bb00
bbbc
9900
bacb
9000
bbbc
0000
bacb
0000
bbbc
0000
bbcb
0000
bbbc
0000
9cbb
0000
99bb
0000
09bc
0000
00c9
0000
0099
0000
0000
0000
0000
0000
0000
0000
0000
0000
0000
0000
0000
0000
0000
9900
0009
bb00
009b
bb00
99bb
cb00
bbbb
bc00
bbcb
bb00
99bc
bb00
a9bb
bb00
babb
bb00
aabb
9900
aabb
0000
aa99
0000
9900
0000
0000
0000
0000
0000
0000
0000
0000
0000
0000
0000
0000
0000
0000
0000
0000
0000
0000
0000
0000
0000
0000
0000
0000
0000
0000
0000
0000
0000
0000
0000
0000
0000
0000
0000
0000
0000
0000
0000
0000
0000
0000
0000
0000
0000
0000
0099
0000
00bb
0000
00bb
0000
00bb
0000
00cb
0000
09bc
0000
9bbb
0000
bbbc
0000
bbbb
0000
bbbb
0000
bbbb
0000
bbcb
0000
babc
0000
bbbb
0000
abbb
0000
abba
0000
bbcb
0000
bacb
0000
babb
0000
bbba
0000
bbab
0000
bbcb
0000
bbbb
0000
bbab
0000
0000
0000
0000
0000
0000
0000
0000
0000
0000
0000
0000
0000
0000
9900
0000
bb00
0000
bc00
0000
bb00
0000
cb90
0000
bbb9
0000
bbcb
0000
bcbb
0000
bccb
0000
bbcb
0000
cbbb
0000
cccc
0000
bbcb
0000
bbcc
0000
cbbc
0000
bcbc
9000
bcbc
9000
bccc
9000
bcbb
9000
bbcc
b900
cccb
b900
abcb
b900
cbcb
b900
cabb
b900
bbbb
b900
0000
bbbc
0000
bbbb
0000
aabb
0000
aacb
0000
bbbb
0000
bbba
0000
bbab
0000
aaab
0000
aaba
0000
baaa
0000
aaaa
0000
bbaa
0000
aaba
0000
aabb
0000
baaa
0000
bbba
0000
bbba
0000
9baa
0000
09ab
0000
00ab
0000
00bb
0000
00bb
0000
00ba
0000
0099
0000
0000
0000
0000
0000
0000
0000
0000
0000
0000
0000
0000
0000
0000
0000
0000
cbbb
b900
abbb
b900
bbbb
b900
bacb
b900
ccbb
b900
cbbb
b900
bbcb
9000
cbca
9000
cbba
9000
cbbb
9000
abbb
0000
bbbb
0000
aabb
0000
bbbb
0000
abab
0000
bbbb
0000
aabb
0000
abbb
0000
bbbb
0000
bbb9
0000
ba90
0000
bb00
0000
bb00
0000
bb00
0000
9900
0000
0000
0000
0000
0000
0000
0000
0000
0000
0000
0000
0000
0000
0000
0000
0000
0000
0000
0000
0000
0000
0000
0000
0000
0000
0000
0000
0000
0000
9900
0000
bb00
0000
bc00
0000
bb00
0000
5590
0000
55b9
0000
5acb
0000
aabb
0000
bccb
0000
b5cb
0000
c55b
0000
a55c
0000
a55a
0000
a55a
0000
a55a
0000
ba5a
9000
bcac
9000
bccc
9000
bcbb
9000
bbcc
b900
cc5b
b900
ab5b
b900
cbab
b900
cabb
b900
bbbb
b900
0000
0000
0000
0000
0000
0000
0000
0000
0000
0000
0000
0000
0000
0000
0000
0000
0000
0000
0000
0000
0000
0000
0000
0000
0000
0000
0000
0000
0000
b000
0000
cc00
000b
cccc
00bc
cccc
00cc
bccc
00cb
cccc
00bc
cccc
00cc
cccc
00ab
bccc
0055
bbcc
0bab
bbbb
0bcc
abbb
0bcc
bbcc
0acc
bbbb
00cc
bbaa
00bb
ba00
00ab
a000
000a
0000
0000
0000
00cc
c000
0ccc
cccc
cccc
cccc
cc5c
5ccc
cc5c
5cbb
cccc
cccc
bccc
ccbc
abbb
aaaa
cccc
bbba
cccc
cccb
c555
ccc0
c555
ccb0
c555
bbb0
cccc
cca0
cccc
cba0
bbcc
bc00
bbbb
bb00
aaaa
aa00
cccc
cc00
cccc
cc00
c555
cc00
c555
cc00
c555
cc00
cccc
cc00
bbbb
bb00
bbbb
bb00
cccc
cc00
bbbb
bb00
aaaa
aa00
0000
0000
0000
0000
0000
0000
0000
0000
0000
0000
0000
cb00
0000
cb00
0000
cc00
0000
cc00
0000
cc00
0000
cc0c
0000
bc0c
000c
bb00
000b
0000
0000
aa00
0000
c00c
0000
cc0c
0000
cc0a
0000
cc0a
0000
ccba
0000
ccba
0000
c00a
0000
c0cc
0000
c0cc
0000
c0cc
0000
c0cc
0000
baba
0000
baab
0000
ba5a
0000
baa5
0000
ba5a
0000
baa5
0000
ca5a
000a
caa5
0000
0000
0000
0000
0000
0000
0000
0000
0000
0000
0000
0000
0000
0000
0000
0000
ccc0
0000
cccc
0000
cccc
0000
000c
0000
cc00
0000
5ccc
0000
cccc
0000
cccc
0000
0000
0000
cccc
0000
55cc
0000
cccc
0000
cccc
0000
0000
0000
0000
0000
5555
0000
5555
0000
5555
0000
5555
0000
5555
0000
5555
0000
5555
0000
5555
0000
5555
0000
000c
ca55
00ba
cb55
000c
ba55
00cb
aa55
00aa
0a55
00bc
0a5a
00cb
aaa5
00bb
aa5a
00ba
a0a5
00b0
b05a
00ba
b0a5
000c
b050
00cc
a00c
00cc
a0cc
00bc
0bca
00ac
0ba5
000c
a0b5
000c
cbbb
000c
0000
00cc
0000
00bc
0000
000a
0000
0000
0000
0000
0000
0000
0000
0000
0000
0000
0000
0000
0000
0000
0000
0000
0000
0000
0000
0000
0000
555b
0000
555b
0000
55bb
0000
55b0
0000
55b0
0000
5500
0000
0500
0000
c5c0
0000
b5bc
0000
05bb
0000
550b
0000
550b
0000
550b
0000
5b0b
0000
5b0b
0000
b000
0000
0000
0000
0000
0000
0000
0000
0000
0000
0000
0000
0000
0000
0000
0000
0000
0000
0000
0000
0000
0000
0000
0000
0000
0000
0000
0000
0000
0000
0000
0000
0000
0000
0000
0000
0000
0000
0000
0000
0000
0000
0000
0000
0000
0000
0000
0000
0000
0000
0000
0000
0000
0000
0000
0000
0000
0000
0000
0000
0000
0000
0000
0000
0000
0000
0000
0000
0000
0000
0000
0000
0000
0000
0000
0000
0000
0000
0000
0000
0000
0000
0000
0000
0000
0000
0000
0000
0000
0000
0000
0000
0000
0000
0000
0000
0000
0000
0000
0000
0000
00b0
0000
00cb
0000
00b0
0000
0000
0000
0000
0000
0000
0000
0000
0000
0000
00b0
0000
0000
0000
0000
0000
0000
0000
0000
0000
0000
0000
0000
0000
0000
0000
0000
0000
0000
0000
0000
0000
0000
0000
0000
0000
00c0
0000
00fc
0000
00c0
0000
0000
0000
0000
0000
0000
0000
0000
0000
0000
0000
0000
0000
0000
0000
0000
0000
0000
0000
0000
0000
0000
0000
00ed
0000
00ee
0000
00ed
0000
0000
0000
0000
0000
0000
0000
0000
0000
0000
0000
0000
0000
0000
0000
0000
0000
0000
0000
0000
0000
0000
0000
0000
0000
0000
0000
0000
0000
0000
0000
0000
0000
0000
0000
0000
0000
0000
0000
0000
0000
0000
0000
0000
0000
0000
0000
0000
0000
0000
0000
0000
0400
0000
4300
0000
3400
0000
4300
0000
3400
0000
4300
0000
3400
0000
4300
0000
3300
0003
bb00
0004
cc00
0003
cc00
0004
cc00
0043
cc33
0034
cb43
0043
bc33
003b
cb33
00bc
ba30
00cc
a330
00cc
3400
00c5
3300
00cc
3300
005b
3300
00bc
3300
00cb
0000
0bba
0000
bca0
0000
bc00
0000
cc00
0000
cc00
0000
cb00
0000
aa00
0000
0000
0000
0000
0900
0000
99b9
0000
bbbb
0000
bbbb
0000
bbbb
0000
babb
0009
bbbb
0009
aabc
009b
bbbc
00bb
eecc
00bb
bbcc
00bb
bbcc
aaaa
aaac
bbbb
bbac
bbbb
bbac
bbee
eeac
bbfe
eeac
bbfe
eeac
bbee
eeac
bbee
eea0
bbbb
bba0
bbbb
bba9
aaaa
aaa0
0000
0000
00aa
00aa
00aa
00ba
00ba
000b
0000
0000
0000
0000
0000
0000
0000
0000
0000
0000
0000
0000
0000
0000
0000
0000
0000
0000
00cc
0000
00cc
0000
00cb
0000
00bb
0000
00bb
0000
c000
0000
c000
0000
c000
0000
cc00
0000
cc00
00b0
ccbb
00bb
ccaa
00b0
cc00
bb00
cf00
aa00
cc00
0b00
cc00
bb00
cc00
0b00
99c0
0000
aa99
0000
aa00
0000
aa00
0000
a000
0000
0000
0000
0000
0000
0000
0000
0000
0000
0000
0000
0000
0000
0000
0000
0000
0000
0000
0000
0000
0000
0000
0000
0099
0000
00cc
0000
00cc
0099
09cc
00bb
99cc
00bb
9ccc
99cb
9ccc
bbbb
cccc
ab99
cccb
bbaa
ccbc
abaa
cbcb
bb99
ccbc
ab00
cbcb
bb00
cbbb
ab00
9cbb
bb00
9cab
ab00
99ba
bb99
09ab
bbbb
00bb
99cb
00cc
00bb
0099
00bb
0000
0099
0000
0000
0000
0000
0000
0000
0000
0000
0000
0000
0900
0000
9c00
0000
9c00
0000
9ccc
0000
9ccf
0000
99cc
0000
b9ac
0000
bb5a
cc00
bb55
cc00
bb55
cc00
bbc5
cc00
99bc
ac90
aacb
5ac9
a9cc
ccc9
90cc
bbc9
00cc
ccc9
00bc
ccc9
00bb
ccc9
00bb
ccb9
009b
cc99
099b
cb90
9b09
bc00
bb09
bb00
bb09
a900
b99b
b900
9aba
9000
99a9
0000
0090
0000
0000
0000
0000
0000
0000
0000
0000
0000
0000
0000
0000
0000
0000
0000
0000
a000
0000
aa00
000a
ba00
000a
aa00
0000
a000
0000
a000
0000
a000
0000
a000
0000
a004
0000
a00a
0000
a004
0000
a00a
0000
a004
0000
a0aa
00aa
a0aa
00cc
aaba
00cc
a9aa
00ff
aaaa
00cc
a9aa
0acc
aaaa
0acc
a9aa
0acc
aaaa
0acc
aaaa
aacc
aaca
33cc
aa3a
33ac
aa33
a3aa
3333
a333
3333
aa33
3333
0a33
3333
0a33
3333
0aa3
3a33
0aa3
3a33
0aa3
3a33
003a
3a3a
0033
3a3a
0033
a03a
003a
a0aa
003a
a0a0
003a
a0a0
003a
00a0
003a
0000
003a
0000
003a
0000
003a
0000
003a
0000
003a
0000
003a
0000
003a
0000
00a0
0000
00a0
0000
0000
0000
0000
0000
0000
0000
0000
0000
0000
0000
0000
0000
0000
0000
0000
0000
0000
0000
0000
0000
0000
0000
0000
0000
0000
0000
00e0
0000
0000
0000
0000
e000
0000
0000
0000
0f00
00e0
e000
000e
0e00
00fe
ef00
00ef
ff00
00ef
ff00
000e
ff00
000e
ff00
00e0
fe00
0000
fe00
000f
e000
0000
e000
0000
e000
0000
0e00
0000
0000
00e0
0000
0000
0000
0000
0000
0000
0000
0000
0000
0000
0000
0000
0000
0000
0000
0000
0000
0000
0000
0000
0000
0000
e000
0000
0000
0000
0000
0000
0000
0000
0e00
0000
0000
0000
e000
0000
f000
0000
e000
000f
fe00
0000
fe00
000e
ff00
0000
ff00
000e
ff00
00ef
ff00
00ff
ff00
00ef
ff00
000e
fe00
0000
e000
00f0
0000
0e00
0f00
00e0
0000
0000
0000
0000
0000
0000
0000
0000
0000
0000
0000
0000
0000
0000
0000
0000
0000
0000
0000
0000
0000
0000
0000
0000
0000
000e
0000
0000
0000
0000
0000
0000
0000
00e0
0000
0000
0e00
0000
0000
000e
0f00
0000
0000
0000
e000
00f0
fe00
0000
fe00
0000
fe00
0000
fe00
000f
fe00
0000
fe00
000e
e000
0000
0000
0000
0f00
0000
0000
000f
f000
0000
0000
0000
0e00
0000
0000
0000
0000
0000
0000
0000
0000
0000
0000
0000
0000
0000
0000
0000
0000
0000
0000
0000
0000
0000
0000
0000
0000
0000
0000
0000
0000
0000
0000
0000
0000
5555
5555
5555
5555
5555
5555
5555
5555
5555
5555
5555
5555
ffff
cfff
fccf
fcfc
f55f
f5f5
f55f
f5f5
ff5f
ffff
cc5f
fcfc
555f
f5f5
555f
f5f5
ff5f
f5f5
ff5f
f5f5
cc5c
c5c5
5555
5555
5555
5555
5555
5555
5555
5555
0000
0000
0000
0000
0000
0000
0000
0000
0000
0000
0000
0000
0000
0000
0000
0000
0000
0000
0000
0000
0000
0000
5555
5555
5555
5555
5555
5555
5555
5555
5555
5555
5555
5555
ffcf
ffff
fcfc
fcfc
f5f5
f5f5
f5f5
f5f5
ffff
ffff
fcfc
ccfc
f5f5
55f5
f5f5
55f5
f5f5
55f5
fff5
ffff
ccc5
cccc
5555
5555
5555
5555
5555
5555
5555
5555
5555
5555
5555
5555
5555
5555
5555
5555
5555
5555
5555
5555
5555
5555
5555
5555
4455
4444
4455
3333
4455
5555
4455
5555
4445
4444
4444
3333
4434
5555
4453
5555
4455
5555
4455
5544
3355
5533
5555
5555
5555
5555
5555
5555
5555
5555
5555
5555
0000
0000
0000
0000
0000
0000
0000
0000
0000
0000
0000
0000
0000
0000
0000
0000
5555
5555
5555
5555
5555
5555
5555
5555
5555
5555
5555
5555
5555
5555
5555
5555
4444
4444
3344
3333
5544
5555
5544
5555
4444
4455
3344
3355
5544
5555
5544
5555
5544
5555
4444
4444
3333
3333
5555
5555
5555
5555
5555
5555
5555
5555
5555
5555
0000
0000
0000
0000
0000
0000
0000
0000
0000
0000
0000
0000
0000
0000
0000
0000
0000
0000
0000
0000
0000
0000
0000
0000
0000
0000
0000
0000
0000
0000
0000
0000
0000
0000
0000
0000
0000
0000
5555
5555
5555
5555
5555
5555
5555
5555
5555
5555
5555
5555
fff5
ffff
fcf5
ffcf
f5f5
ff5f
f5f5
ff5f
ffff
ffff
ccfc
ffcc
55f5
ff55
55f5
ff55
fff5
ff55
fff5
ff55
ccc5
cc55
5555
5555
5555
5555
5555
5555
5555
5555
0000
0000
0000
0000
0000
0000
0000
0000
0000
0000
0000
0000
0000
0000
0000
0000
0000
0000
0000
0000
0000
0000
5555
5555
5555
5555
5555
5555
5555
5555
5555
5555
5555
5555
fff5
cf55
fff5
fff5
fff5
fff5
fff5
ffff
fff5
ffcf
fff5
ff5f
fff5
ff5c
fff5
ff55
fff5
ff55
fff5
cf55
ccc5
cc55
5555
5555
5555
5555
5555
5555
5555
5555
0000
0000
0000
0000
0000
0000
0000
0000
0000
0000
0000
0000
0000
0000
0000
0000
0000
0000
0000
0000
0000
0000
5555
5555
5555
5555
5555
5555
5555
5555
5555
5555
5555
5555
eeee
dee5
deed
edee
5ee5
e5ee
5ee5
e5ed
5eee
eee5
5eee
ede5
5eed
e5e5
5ee5
e5e5
5ee5
e5e5
5ee5
e5e5
5dd5
d5d5
5555
5555
5555
5555
5555
5555
5555
5555
0000
0000
0000
0000
0000
0000
0000
0000
0000
0000
0000
0000
0000
0000
0000
0000
0000
0000
0000
0000
0000
0000
5555
5555
5555
5555
5555
5555
5555
5555
5555
5555
5555
5555
eeee
eeee
eded
eded
e5e5
e5e5
e5e5
e5e5
eeee
eeee
dded
edee
55e5
e5ed
55e5
e5e5
eee5
e5e5
eee5
eee5
ddd5
ddd5
5555
5555
5555
5555
5555
5555
5555
5555
5555
5555
5555
5555
5555
5555
5555
5555
5555
5555
5555
5555
5555
5555
5555
5555
5555
eeee
5555
eedd
5555
ee55
5555
ee55
5555
eeee
5555
eeee
5555
eeee
5555
eeee
5555
eeee
5555
eeed
5555
dddd
5555
5555
5555
5555
5555
5555
5555
5555
5555
5555
0000
0000
0000
0000
0000
0000
0000
0000
0000
0000
0000
0000
0000
0000
0000
0000
5555
5555
5555
5555
5555
5555
5555
5555
5555
5555
5555
5555
5555
5555
5555
5555
e5ee
ee55
eedd
dde5
ee55
55ee
ee55
55ee
eeee
55ee
eeee
55ee
eeee
55ee
eeee
55ee
eeee
55ed
eeed
eee5
dddd
ddd5
5555
5555
5555
5555
5555
5555
5555
5555
5555
5555
0000
0000
0000
0000
0000
0000
0000
0000
0000
0000
0000
0000
0000
0000
0000
0000
0000
0000
0000
0000
0000
0000
0000
0000
0000
0000
0000
0000
0000
0000
0000
0000
0000
0000
0000
0000
0000
0000
5555
5555
5555
5555
5555
5555
5555
5555
5555
5555
5555
5555
5555
ffc5
5555
ccfc
5555
55ff
5555
55ff
5555
55ff
5555
55ff
5555
55ff
5555
55ff
5555
55ff
55ff
ffff
55cc
cccc
5555
5555
5555
5555
5555
5555
5555
5555
0000
0000
0000
0000
0000
0000
0000
0000
0000
0000
0000
0000
0000
0000
0000
0000
0000
0000
0000
0000
0000
0000
5555
5555
5555
5555
5555
5555
5555
5555
5555
5555
5555
5555
ffff
5555
ffff
5555
ffff
5555
ffff
5555
fcff
5555
f5ff
55f5
f5ff
55c5
c5ff
5555
55ff
5555
55ff
5555
55cc
5555
5555
5555
5555
5555
5555
5555
5555
5555
5555
5555
5555
5555
5555
5555
5555
5555
5555
5555
5555
5555
5555
5555
5555
5555
5555
ffff
5555
cfcf
5555
5f5f
5555
5f5f
5555
5ffc
5555
5ff5
5555
5fff
5555
5fcf
5555
5f5f
5555
ff5f
5555
cc5c
5555
5555
5555
5555
5555
5555
5555
5555
5555
5555
0000
0000
0000
0000
0000
0000
0000
0000
0000
0000
0000
0000
0000
0000
0000
0000
5555
5555
5555
5555
5555
5555
5555
5555
5555
5555
5555
5555
5555
5555
5555
5555
ff5f
5555
cf5c
5555
5f55
5555
5f55
5555
fc55
5555
cf55
5555
5f55
5555
5f55
5555
5f55
5555
ff55
5555
cc55
5555
5555
5555
5555
5555
5555
5555
5555
5555
5555
5555
0000
0000
0000
0000
0000
0000
0000
0000
0000
0000
0000
0000
0000
0000
0000
0000
0000
0000
0000
0000
0000
0000
0000
0000
0000
0000
0000
0000
0000
0000
0000
0000
0000
0000
0000
0000
0000
0000
5555
5555
5555
5555
5555
5555
5555
5555
5555
5555
5555
5555
5f5f
ff5f
5f5f
fc5f
5f5f
f55f
5f5f
f55f
5f5f
f55f
5f5f
f5ff
5f5f
f5fc
5f5f
f5f5
5f5f
f5f5
5f5f
f5f5
5c5c
c5c5
5555
5555
5555
5555
5555
5555
5555
5555
0000
0000
0000
0000
0000
0000
0000
0000
0000
0000
0000
0000
0000
0000
0000
0000
0000
0000
0000
0000
0000
0000
5555
5555
5555
5555
5555
5555
5555
5555
5555
5555
5555
5555
ffcf
ffff
fcfc
fccf
f5f5
f55f
f5f5
f55f
fff5
ff5f
fcf5
cc5f
f5f5
555f
f5f5
555f
f5f5
555f
f5ff
ff5f
c5cc
cc5c
5555
5555
5555
5555
5555
5555
5555
5555
0000
0000
0000
0000
0000
0000
0000
0000
0000
0000
0000
0000
0000
0000
0000
0000
0000
0000
0000
0000
0000
0000
5555
5555
5555
5555
5555
5555
5555
5555
5555
5555
5555
5555
ffcf
ffff
fcfc
fccf
f5f5
f55f
f5f5
f55f
fff5
ff5f
fcf5
fc5f
f5f5
f55f
f5f5
f55f
f5f5
f55f
f5ff
f55f
c5cc
c55c
5555
5555
5555
5555
5555
5555
5555
5555
0000
0000
0000
0000
0000
0000
0000
0000
0000
0000
0000
0000
0000
0000
0000
0000
0000
0000
0000
0000
0000
0000
5555
5555
5555
5555
5555
5555
5555
5555
5555
5555
5555
5555
55f5
ffff
55c5
ffff
5555
ffff
5555
ffff
5555
ffff
55f5
ffff
55f5
ffff
55f5
ffff
55f5
ffff
55c5
fffc
5555
ccc5
5555
5555
5555
5555
5555
5555
5555
5555
0000
0000
0000
0000
0000
0000
0000
0000
0000
0000
0000
0000
0000
0000
0000
0000
0000
0000
0000
0000
0000
0000
5555
5555
5555
5555
5555
5555
5555
5555
5555
5555
5555
5555
ffff
55f5
cccc
55c5
5555
5555
5555
5555
5555
5555
5555
5555
5555
5555
5555
5555
5555
5555
5555
f5f5
5555
c5c5
5555
5555
5555
5555
5555
5555
5555
5555
0400
0000
9099
9000
0999
0000
9999
9490
9999
9900
99bb
cc00
99a9
9b00
9c99
c909
9999
bc99
c9cc
9b40
ccf9
9999
999c
0999
99cf
90c9
9cc9
99fc
9b99
40bc
9b9c
909c
9ccf
999c
9999
90c9
999a
40cb
94cc
90cb
09ca
99cb
0999
90cb
009c
49cb
999c
99cc
9999
909c
9c99
94cc
cbbb
90c9
9c99
c0cc
c9cc
c99c
99cc
c99c
90cc
c999
40cc
c909
00cc
b900
40cc
b900
00cc
9900
00c9
c900
00cb
c900
49b9
c900
00b9
c900
0999
c900
9099
cc00
0990
cc04
0090
cc00
0999
cc04
0099
9c00
04cc
9c00
00cc
cc90
04bb
cc40
0099
9c09
0409
9994
0094
cc99
0099
9cc3
0000
99cc
0000
99cf
0004
993c
0000
409c
0000
099c
0000
0999
0000
0009
0000
0009
0000
4940
0000
0000
0000
0000
0000
0000
0004
0000
0000
4400
0000
0000
0004
9900
0000
cb00
009a
ff00
009b
ff04
009c
ff00
009c
ff00
00cc
fc40
00c9
ff00
00c9
cf09
00b9
9c00
00cb
9c04
00cb
cf00
00bc
fc90
00bc
bb00
00cc
bb04
009f
9b00
00c9
b990
00c9
b900
0099
9a00
00cc
a000
00cc
9a00
00bc
a000
009b
9a00
0099
0400
0099
0000
0009
0000
0000
9000
0000
0000
0000
0000
7007
0000
7677
7700
7777
7777
7777
7777
7777
7777
7777
7777
7777
7766
7777
7766
7776
7700
7776
7700
0776
7700
0766
7700
0760
7700
0060
7700
4464
7774
0060
7777
0070
7777
0777
7766
0777
7760
0777
7700
7777
7700
7777
7700
7777
7700
7777
7700
7777
7700
7777
7777
7767
7777
7767
7777
7766
7777
7606
6777
6606
6666
6006
6600
0077
7707
0077
7777
0077
7767
0077
7707
7077
6606
7077
6606
7070
0006
7070
0000
7070
0000
7770
0000
7770
0000
7770
0070
7770
0070
7770
0070
7770
4474
6770
0070
6770
0070
0670
0070
0670
0070
0670
0000
0670
0000
0070
0000
0070
0000
0070
0000
7070
7000
7070
7700
7070
7700
7070
7700
7770
6700
7670
7700
6677
7600
6077
6700
7777
0077
7777
7677
7777
7677
6777
7677
6677
7676
0677
7666
0677
7666
0777
7600
0777
7600
0776
7600
0776
7600
7776
7600
7776
7600
7776
7600
7776
7600
7777
7644
7777
7600
6677
7600
6677
7600
0077
7600
0077
7600
0077
7600
0076
7600
0076
7600
0076
7770
0076
7777
7076
7777
7076
7777
7076
7777
7060
7777
7060
7777
0060
7666
0777
0777
0777
0777
0777
0777
0067
0777
0066
0777
0066
0766
0000
0666
0000
0666
7000
0600
7000
0600
7000
0600
7007
0600
7077
0600
7077
0677
7777
0677
7777
4477
7777
0677
7777
0666
7767
0606
7766
7000
7766
7700
7760
7700
7060
7700
7060
7700
7060
7700
7060
7700
6066
7766
6066
7667
0077
7677
0077
7677
0077
6677
0077
0077
0000
0000
0000
0000
0000
0000
000d
0000
00ee
ee00
00ee
ee00
00ee
ee00
00ee
ee00
00ee
ee00
00ee
ee00
00ee
ee00
00ee
ee00
00ee
ee00
00ee
ee00
0eee
eee0
00ee
ee00
00ee
eed0
0eee
eee0
00ee
eed0
00ee
ee00
00ee
ee00
00ee
ee00
00ee
ee00
00ee
ee00
00ee
ee00
00ee
ee00
00ee
ee00
00ee
ee00
000d
d000
0000
d000
0000
0000
0000
0000
0099
9900
00aa
ee00
0099
dd00
0099
9900
0099
9b00
0999
bc00
0999
cc00
9997
cc00
9999
cc90
9999
bc90
9a9c
bc99
9bcc
9c90
9acb
9b99
9ab9
9bc9
9a9c
99c9
99cc
99cf
09ca
99cc
09cc
99c9
09cb
9999
09ca
c99b
09cc
ccbb
00cc
cc99
00cc
99cc
00cc
49cf
00cc
34fc
0099
4dcc
0099
44cb
00d9
43bc
00d9
44b9
00d9
4390
00d9
4400
0099
3300
0099
9900
00aa
ee00
0099
dd00
0099
9900
0099
9b00
0999
bc00
0999
cc00
9997
cc00
9999
cc00
9999
cc90
9a9c
cc90
9bcc
bc90
9acb
9c90
9ab9
9cc9
9a9c
9bc9
99cc
99fc
09ca
99cc
09cc
99cc
09cb
9999
09ca
c99b
09cc
ccbb
00cc
ccb9
00cc
9c9b
00cc
39c9
00cc
49fc
0099
44cc
0099
44bc
00d9
43c9
00d9
3499
00d9
4990
00d9
3300
0099
9900
00aa
9900
00ab
9b00
00ba
bb00
00ab
bb00
00aa
bb00
00aa
cb00
0099
bc00
00b9
cb00
00bc
cc00
00cb
cc00
00bb
cc00
00bc
cc00
00c9
bc00
00b9
c900
0090
9990
09b9
9b90
09a9
9b99
0999
99c9
0090
09cc
0090
00cc
0099
00cc
00c9
00bb
00bb
00bc
00cc
00cc
00cb
00cc
00cb
00bb
09bc
00cc
9bcc
099c
bcb9
9b99
cc99
bc99
cc9c
ccc9
9999
9999
00aa
9900
00ab
bb00
00ba
bb00
00ab
cb00
00aa
bc00
00aa
cb00
0099
bc00
00b9
cc00
00bc
bc00
00cb
cc00
00bc
cc00
00cb
cc00
00cc
c000
009a
9c00
00a9
ba00
00ab
b900
00bb
b900
00bc
b990
00bb
a9c9
009b
9bcc
0099
9bbc
0009
99bc
0000
90cc
0000
99cc
0000
a9a9
0009
babb
0099
cbcc
00cc
accc
00cc
c9c9
00cc
9c99
00cc
cb90
0099
9900
00aa
9a00
00ab
b900
00b9
bb00
00a9
cb00
00a9
bc00
009b
cc00
009b
cc00
009b
cb00
00bc
bc00
00bc
9b00
00cc
b900
00cc
9900
009b
9900
0099
9900
00f9
9900
00b9
b900
009b
9900
0099
b900
00ac
bb00
00cc
9c00
00cc
cc00
99cc
cc00
ccbc
cc00
cccb
bc00
9ccc
9c00
99bb
cb00
09bc
bc00
00cc
bb00
00ca
bc00
009a
9c00
0099
c900
0099
9900
00aa
9900
00ab
bb00
00ba
bb00
00ab
cb00
00aa
bc00
00aa
cb00
0099
bc00
00b9
cc00
00b9
cc00
00cb
cc00
00cb
cc00
00bb
cc00
00cb
c000
00bb
cc00
00ba
cc00
0099
c900
00a9
c900
00a9
9900
00a9
b900
009b
9900
0099
9900
0099
b900
0000
c900
0000
c900
0000
cc00
0000
cc00
0099
cc00
00bb
cc00
00cc
c900
00cc
9900
00cc
9c00
0099
9900
0000
aa99
0000
abbb
0000
9abc
0009
9acb
009b
99bc
009b
99cc
009c
99cc
00cc
9bcc
009b
9bcc
00b9
9ccc
00bb
bcb9
00bb
9999
00b9
bb90
0099
bf00
00bb
bb00
00bc
b900
00cb
9900
00bc
9b00
009b
cc00
99bc
cb00
9cbb
bc00
cc9b
9b00
9c99
cc00
99b9
b000
099c
9c00
00cc
bb00
00cc
cc00
009b
cb00
0099
c900
0000
9c00
0000
b900
0000
9900
00aa
9900
00ab
bb00
00ba
bb00
00ab
cb00
00aa
bc00
00aa
cb00
0099
bc00
00c9
cc00
00b9
bc00
00cb
cc00
00bb
cc00
00bb
cc00
00b9
c000
0090
9c00
00b9
ba00
0099
b900
009c
b999
0099
b99c
009c
a999
009c
9b99
0099
9bbc
0000
99bc
0000
bbcc
0000
cbcc
0000
cc99
0000
cc9c
0000
cc9c
0000
cc9b
0000
cc09
0000
9909
0000
0000
0000
0000
0000
0000
0000
0000
0000
0000
0000
0000
0000
0000
0000
0000
0000
0000
0000
0000
0000
0000
0000
0000
9900
0099
4490
90bb
4999
b9cb
4344
cbcc
3933
fccb
4333
cccc
3433
cccb
9333
bbcc
9999
babb
0999
aaaa
0000
99a9
0000
0099
0000
0000
0000
0000
0000
0000
0000
0000
0000
0000
0000
0000
0000
0000
0000
0000
0000
0000
0000
0000
0000
0000
0000
0000
0900
0000
9900
0000
9300
0000
4990
0000
3490
0000
9990
0000
9949
0000
3444
0000
9334
0000
9933
0000
0933
0000
0033
0000
0033
9000
0033
c900
0093
ca00
0033
ca00
0033
aa90
0099
ac99
0000
abab
0000
abba
0000
aabb
0000
aaba
0000
9abb
0000
99bb
0000
00bb
0000
00ba
0000
00ab
0000
00aa
0000
0099
0000
0000
0000
0099
0000
00ab
0000
00ba
0000
00ab
0000
09ba
0000
09bb
0000
9bba
0000
bbab
0000
bcbb
0000
ccb9
0000
bc99
0000
cb90
0000
ac00
0000
aa00
0000
ba00
0099
bb00
0094
bb00
0094
bb00
0033
ba00
0033
b900
0033
9900
0033
9000
0033
9000
0939
0000
9999
0000
4439
0000
4399
0000
3399
0000
9399
0000
9399
0000
9990
0000
0000
0000
0000
0000
0000
0000
0000
0000
0000
0000
0000
0000
0000
0000
0000
0000
0000
0000
0077
7700
0077
7777
0077
7777
0077
7777
0777
7777
0777
7777
7777
7777
7777
7777
7777
7777
7777
7777
7777
7777
7777
7777
7777
7777
7777
7777
6777
7777
6777
77cc
6777
7777
0677
7777
0077
cc77
0077
7766
0077
7700
0067
7700
0006
6600
0000
0000
0000
0000
0000
0000
0000
0000
0000
0000
0000
0000
0777
0700
0077
0000
0077
0077
0066
77c7
7700
7777
7700
7776
7777
6660
7777
7607
7777
6000
7777
7000
7777
7700
7777
7700
7777
7700
7777
7700
7777
7c00
7777
c700
7777
7700
7777
7700
7766
6600
7760
0077
6600
0077
0000
0077
0000
7777
0000
7777
0000
7766
0000
7700
0000
6600
0000
0000
0700
0000
6777
c000
6777
7000
0677
0600
0067
0600
0066
0600
0706
6000
7000
6060
6707
7666
0677
7776
0077
7777
0076
6677
0076
6677
0077
6677
0066
6767
6677
6766
7777
6677
7c76
7677
c767
777c
7767
7777
7767
7777
6667
6777
6666
7677
6766
6777
6776
7777
7767
7777
7777
7777
7677
7677
6677
6676
6676
6666
6066
6060
0000
7600
0077
7700
07c7
7c00
7770
7767
7700
00c7
7700
07cc
c700
6677
7770
6777
7666
7707
6667
7766
6777
6766
7767
7676
6777
677c
7776
7777
7766
6677
7767
6767
7777
7776
7777
7c67
7777
7776
67c7
7766
7776
7766
7767
7766
7767
7767
cc77
6707
7777
7777
7767
cc66
6677
7600
6677
6700
7666
6660
7706
6660
0700
6060
0000
6660
0000
0000
0000
0000
0000
0000
0000
0000
0000
0000
0000
0000
0000
0000
0000
0000
0000
0000
0000
0000
0000
0000
0000
0000
0000
d000
00dd
dd00
00df
dd00
00ff
d400
00ff
4d00
00ff
dd00
00dd
da00
00dd
a000
00ad
0000
000a
0000
0000
0000
0000
0000
0000
0000
0000
0000
0000
0000
0000
0000
0000
0000
0000
0000
0000
0000
0000
0000
0000
0000
0000
0000
0000
0000
0000
0000
0000
0000
0000
0000
0000
0000
0000
0000
00dd
dd00
00dd
dd00
00ff
dd00
00ff
3d00
00ff
4300
00ff
dd00
00ff
dd00
00dd
3400
00dd
d300
00dd
dd00
00dd
dd00
00aa
aa00
0000
0000
0000
0000
0000
0000
0000
0000
0000
0000
0000
0000
0000
0000
0000
0000
0000
0000
0000
0000
0000
0000
0000
0000
0000
0000
0000
0000
0000
0000
0000
0000
0000
0000
0000
0000
0000
0000
0000
0000
000c
0000
00cf
a000
cfff
fa00
0fff
ff00
0cfc
ff00
a0cf
9f00
0aff
ffaa
0099
ffff
00ff
f9fa
00ff
ffa0
00f9
ff0a
00ff
ffa0
00ff
fc0a
00ff
cfa0
00af
ff00
00aa
fa00
000a
aa00
0000
a000
0000
0000
0000
0000
0000
0000
0000
0000
0000
0000
0000
0000
0000
0000
0099
0000
9979
0000
77c9
9909
9764
7669
9644
6700
9949
66cb
0949
6b9c
0096
cc99
9966
b999
9766
a99a
6666
969a
60cb
cc9a
99b9
ab9a
07cc
aaaa
09cc
aaaa
9cbc
aa99
9cbb
9a7a
9c99
9977
9c99
99a7
9c94
99a6
9999
c967
09c9
c649
09cc
cc44
09cc
c677
99cc
cc67
9bcc
6c66
9bcc
c766
9ccc
7690
bccc
6699
bc9c
6600
9c9c
9600
9c9f
9600
9c9c
9940
9c9c
9990
a99c
9499
0999
94cb
a099
94cc
0a99
96bb
a099
94aa
0099
9467
0999
3366
0999
9966
0999
9b99
963c
bcbb
96cc
cc99
96cc
999c
96c6
9999
0996
cc99
0969
6669
0999
9966
0990
9966
09a0
c96a
0309
c96a
0994
946a
0933
946a
0039
9966
0099
9969
0000
9990
000a
9300
00a0
3400
000a
3300
00a0
9900
0000
9000
0000
0000
0000
0000
0000
0000
0000
0000
0000
0009
0000
0000
0000
0000
0000
0900
0000
9900
0066
9600
0099
7600
0079
9900
0077
9600
0007
6600
0044
9990
0046
4969
0047
6a69
0976
6690
0976
6690
0966
c600
09bc
c690
09bc
cc79
09bc
9c79
09bc
9c74
96cc
9974
97cc
9c77
0799
9c07
67c9
cc99
67c9
cc90
90cc
c690
99cc
c690
99c9
6990
09c4
6696
00cc
6636
004c
9669
004c
9679
009c
9669
009c
9699
0099
9999
0099
9990
0090
9969
0000
9669
0000
9669
0000
9999
0000
9700
0000
6600
0000
9600
0099
c900
0044
bc00
0033
9b00
0099
c900
0009
9c00
00a0
9900
000a
6900
00a0
9900
000a
9000
0000
9000
0000
0000
0000
0000
0000
0000
0000
0000
0000
0000
0000
0000
0000
0000
0000
0000
0000
0000
0000
0000
0000
0000
0000
0000
0000
0000
0000
0000
0000
0000
0000
9000
0009
7900
0097
7700
00cc
ac00
00a7
ca90
009a
cc79
0009
77a9
0000
7790
0000
a700
000a
9a00
00ab
0900
00bc
0000
00ab
0000
000a
0000
0000
0000
0000
0000
0a00
0000
0000
0000
0000
0000
0000
0000
0000
0000
0000
0000
0000
0000
0000
0000
0000
0000
0000
0000
0000
0000
0000
0000
0000
0000
0000
0000
0000
0000
0000
0000
0000
00a0
0000
090a
0000
9b90
0000
bc9a
0000
cba0
0099
bb0a
0044
bba0
0044
bb00
0034
ba00
0033
a900
00c3
9000
00fc
0a00
00fc
a000
00fc
0a00
00aa
a000
0033
0000
0099
0000
000a
0000
0000
0000
0000
0000
0000
0000
0000
0000
0000
0000
0000
0000
0000
0000
0000
0000
0000
0000
0000
0000
0000
0000
0000
0000
0000
0000
0000
0000
0000
0000
0000
0000
0000
0000
0000
0000
0000
0000
0000
0000
0009
9000
0009
9000
0009
9000
0009
9000
0009
9000
0009
9a00
0009
900a
0009
9a00
0009
9000
0009
9a00
0009
90fa
0009
9aa0
0000
a000
0000
0000
0000
0000
0000
0000
0000
0000
0000
0000
0000
0000
0000
0000
0000
0000
0000
0000
0000
0000
0000
0000
0000
0000
0000
0000
0000
a900
0000
9f00
0000
ff00
0000
ff00
0000
ff00
0000
ff00
0000
ff00
0000
fc00
0300
c900
0009
9a00
009c
a034
00ff
0a03
00ff
a300
00ff
0000
00ff
0000
00ff
0000
00ff
4300
00cf
3300
0099
aa00
000a
0000
00a0
0000
0000
0000
0000
0000
0000
0000
0000
0000
0000
0000
0000
9900
0000
ed00
0000
dd00
0000
9d00
0009
d900
0009
d900
0009
d900
0009
d900
0009
d900
0009
d900
0099
9900
0099
b900
00c9
b900
00c9
b900
00c9
9900
00b9
d900
0099
d900
0099
d900
0099
d9a0
0009
d900
0099
d9a0
0099
d900
0099
a9a0
00a9
9900
000a
9000
00a0
0a00
0000
a000
0000
0000
0000
0000
0000
0000
0000
0000
0099
0000
0099
0a00
0009
ad00
0000
d900
0000
9000
0000
0000
0000
9000
0000
3900
0000
3900
0090
3900
0090
3900
0090
3900
0099
b900
0099
b900
0099
b900
0099
b900
0059
3900
0059
39a0
0059
3900
0059
3900
0059
3900
0059
3900
0099
3900
0099
3900
0099
3900
0090
3900
0000
3900
0000
9000
0000
0a00
0000
a000
0000
0000
0000
0000
0000
0000
0000
0000
0000
0000
0000
0000
0000
0000
0000
0000
0000
0000
0000
0000
0000
0000
0000
0000
0000
0000
0000
0000
0000
0000
0000
0000
0000
0000
0000
0000
0000
0000
0000
0000
0000
0000
0000
0000
0000
0000
0000
0000
0000
0000
0000
0000
0000
0000
0000
0000
0000
0000
0000
0000
0000
0000
0000
0000
0000
0000
ffff
ffff
ffff
ffff
ffff
ffff
ffff
ffff
ffff
ffff
ffff
ffff
ffff
ffff
ffff
ffff
ffff
ffff
ffff
ffff
ffff
ffff
ffff
ffff
ffff
ffff
ffff
ffff
ffff
ffff
ffff
ffff
ffff
ffff
ffff
ffff
ffff
ffff
ffff
ffff
ffff
ffff
ffff
ffff
ffff
ffff
ffff
ffff
ffff
ffff
ffff
ffff
ffff
ffff
ffff
ffff
ffff
ffff
ffff
ffff
ffff
ffff
ffff
ffff
ffff
ffff
ffff
ffff
ffff
ffff
ffff
ffff
ffff
ffff
ffff
ffff
ffff
ffff
ffff
ffff
ffff
ffff
ffff
ffff
ffff
ffff
ffff
ffff
ffff
ffff
ffff
ffff
ffff
ffff
ffff
ffff
ffff
ffff
ffff
ffff
ffff
ffff
ffff
ffff
ffff
ffff
ffff
ffff
ffff
ffff
ffff
ffff
ffff
ffff
ffff
ffff
ffff
ffff
ffff
ffff
ffff
ffff
ffff
ffff
ffff
ffff
ffff
ffff
ffff
ffff
ffff
ffff
ffff
ffff
ffff
ffff
ffff
ffff
ffff
ffff
ffff
ffff
ffff
ffff
ffff
ffff
ffff
ffff
ffff
ffff
ffff
ffff
ffff
ffff
ffff
ffff
ffff
ffff
ffff
ffff
ffff
ffff
ffff
ffff
ffff
ffff
ffff
ffff
ffff
ffff
ffff
ffff
ffff
ffff
ffff
ffff
ffff
ffff
ffff
ffff
ffff
ffff
ffff
ffff
ffff
ffff
ffff
ffff
ffff
ffff
ffff
ffff
ffff
ffff
ffff
ffff
ffff
ffff
ffff
ffff
ffff
ffff
ffff
ffff
ffff
ffff
ffff
ffff
ffff
ffff
ffff
ffff
ffff
ffff
ffff
ffff
ffff
ffff
ffff
ffff
ffff
ffff
ffff
ffff
ffff
ffff
ffff
ffff
ffff
ffff
ffff
ffff
ffff
ffff
ffff
ffff
ffff
ffff
ffff
ffff
ffff
ffff
ffff
ffff
ffff
ffff
ffff
ffff
ffff
ffff
ffff
ffff
ffff
ffff
ffff
ffff
ffff
ffff
ffff
ffff
ffff
ffff
ffff
ffff
ffff
ffff
ffff
ffff
ffff
ffff
ffff
ffff
ffff
ffff
ffff
ffff
ffff
ffff
ffff
ffff
ffff
ffff
ffff
ffff
ffff
ffff
ffff
ffff
ffff
ffff
ffff
ffff
ffff
ffff
ffff
ffff
ffff
ffff
ffff
ffff
ffff
ffff
ffff
ffff
ffff
ffff
ffff
ffff
ffff
ffff
ffff
ffff
ffff
ffff
ffff
ffff
ffff
ffff
ffff
ffff
ffff
ffff
ffff
ffff
ffff
ffff
ffff
ffff
ffff
ffff
ffff
ffff
ffff
ffff
ffff
ffff
ffff
ffff
ffff
ffff
ffff
ffff
ffff
ffff
ffff
ffff
ffff
ffff
ffff
ffff
ffff
ffff
ffff
ffff
ffff
ffff
ffff
ffff
ffff
ffff
ffff
ffff
ffff
ffff
ffff
ffff
ffff
ffff
ffff
ffff
ffff
ffff
ffff
ffff
ffff
ffff
ffff
ffff
ffff
ffff
ffff
ffff
ffff
ffff
ffff
ffff
ffff
ffff
ffff
ffff
ffff
ffff
ffff
ffff
ffff
ffff
ffff
ffff
ffff
ffff
ffff
ffff
ffff
ffff
ffff
ffff
ffff
ffff
ffff
ffff
ffff
ffff
ffff
ffff
ffff
ffff
ffff
ffff
ffff
ffff
ffff
ffff
ffff
ffff
ffff
ffff
ffff
ffff
ffff
ffff
ffff
ffff
ffff
ffff
ffff
ffff
ffff
ffff
ffff
ffff
ffff
ffff
ffff
ffff
ffff
ffff
ffff
ffff
ffff
ffff
ffff
ffff
ffff
ffff
ffff
ffff
ffff
ffff
ffff
ffff
ffff
ffff
ffff
ffff
ffff
ffff
ffff
ffff
ffff
ffff
ffff
ffff
ffff
ffff
ffff
ffff
ffff
ffff
ffff
ffff
ffff
ffff
ffff
ffff
ffff
ffff
ffff
ffff
ffff
ffff
ffff
ffff
ffff
ffff
ffff
ffff
ffff
ffff
ffff
ffff
ffff
ffff
ffff
ffff
ffff
ffff
ffff
ffff
ffff
ffff
ffff
ffff
ffff
ffff
ffff
ffff
ffff
ffff
ffff
ffff
ffff
ffff
ffff
ffff
ffff
ffff
ffff
ffff
ffff
ffff
ffff
ffff
ffff
ffff
ffff
ffff
ffff
ffff
ffff
ffff
ffff
ffff
ffff
ffff
ffff
ffff
ffff
ffff
ffff
ffff
ffff
ffff
ffff
ffff
ffff
ffff
ffff
ffff
ffff
ffff
ffff
ffff
ffff
ffff
ffff
ffff
ffff
ffff
ffff
ffff
ffff
ffff
ffff
ffff
ffff
ffff
ffff
ffff
ffff
ffff
ffff
ffff
ffff
ffff
ffff
ffff
ffff
ffff
ffff
ffff
ffff
ffff
ffff
ffff
ffff
ffff
ffff
ffff
ffff
ffff
ffff
ffff
ffff
ffff
ffff
ffff
ffff
ffff
ffff
ffff
ffff
ffff
ffff
ffff
ffff
ffff
ffff
ffff
ffff
ffff
ffff
ffff
ffff
ffff
ffff
ffff
ffff
ffff
ffff
ffff
ffff
ffff
ffff
ffff
ffff
ffff
ffff
ffff
ffff
ffff
ffff
ffff
ffff
ffff
ffff
ffff
ffff
ffff
ffff
ffff
ffff
ffff
ffff
ffff
ffff
ffff
ffff
ffff
ffff
ffff
ffff
ffff
ffff
ffff
ffff
ffff
ffff
ffff
ffff
ffff
ffff
ffff
ffff
ffff
ffff
ffff
ffff
ffff
ffff
ffff
ffff
ffff
ffff
ffff
ffff
ffff
ffff
ffff
ffff
ffff
ffff
ffff
ffff
ffff
ffff
ffff
ffff
ffff
ffff
ffff
ffff
ffff
ffff
ffff
ffff
ffff
ffff
ffff
ffff
ffff
ffff
ffff
ffff
ffff
ffff
ffff
ffff
ffff
ffff
ffff
ffff
ffff
ffff
ffff
ffff
ffff
ffff
ffff
ffff
ffff
ffff
ffff
ffff
ffff
ffff
ffff
ffff
ffff
ffff
ffff
ffff
ffff
ffff
ffff
ffff
ffff
ffff
ffff
ffff
ffff
ffff
ffff
ffff
ffff
ffff
ffff
ffff
ffff
ffff
ffff
ffff
ffff
ffff
ffff
ffff
ffff
ffff
ffff
ffff
ffff
ffff
ffff
ffff
ffff
ffff
ffff
ffff
ffff
ffff
ffff
ffff
ffff
ffff
ffff
ffff
ffff
ffff
ffff
ffff
ffff
ffff
ffff
ffff
ffff
ffff
ffff
ffff
ffff
ffff
ffff
ffff
ffff
ffff
ffff
ffff
ffff
ffff
ffff
ffff
ffff
ffff
ffff
ffff
ffff
ffff
ffff
ffff
ffff
ffff
ffff
ffff
ffff
ffff
ffff
ffff
ffff
ffff
ffff
ffff
ffff
ffff
ffff
ffff
ffff
ffff
ffff
ffff
ffff
ffff
ffff
ffff
ffff
ffff
ffff
ffff
ffff
ffff
ffff
ffff
ffff
ffff
ffff
ffff
ffff
ffff
ffff
ffff
ffff
ffff
ffff
ffff
ffff
ffff
ffff
ffff
ffff
ffff
ffff
ffff
ffff
ffff
ffff
ffff
ffff
ffff
ffff
ffff
ffff
ffff
ffff
ffff
ffff
ffff
ffff
ffff
ffff
ffff
ffff
ffff
ffff
ffff
ffff
ffff
ffff
ffff
ffff
ffff
ffff
ffff
ffff
ffff
ffff
ffff
ffff
ffff
ffff
ffff
ffff
ffff
ffff
ffff
ffff
ffff
ffff
ffff
ffff
ffff
ffff
ffff
ffff
ffff
ffff
ffff
ffff
ffff
ffff
ffff
ffff
ffff
ffff
ffff
ffff
ffff
ffff
ffff
ffff
ffff
ffff
ffff
ffff
ffff
ffff
ffff
ffff
ffff
ffff
ffff
ffff
ffff
ffff
ffff
ffff
ffff
ffff
ffff
ffff
ffff
ffff
ffff
ffff
