0000
0000
0000
0000
0000
0000
0000
0000
0000
0000
0000
0000
0000
0000
0000
0000
0000
0000
0000
0000
0000
0000
0000
0000
0000
0000
0000
0000
0000
0000
0000
0000
0000
0000
0000
0000
0000
0000
0000
0000
0000
0000
0000
0000
0000
0000
0000
0000
0000
0000
0000
0000
0000
0000
0000
0000
0000
0000
0000
0000
0000
0000
0000
0000
0000
0000
0000
0000
0099
0000
00fd
0000
00d9
0000
0093
0000
0099
0000
0091
9000
0011
9000
0011
9000
0012
9000
0099
9000
009f
9000
0033
9000
0012
9000
0011
9000
0032
9000
0019
9000
0012
9000
0011
0000
0032
0000
0011
0000
0011
0000
0011
0000
0012
0000
0023
0000
0099
0000
0099
0000
0092
0000
0009
0000
0000
0000
0000
0000
0000
0000
0000
0000
0099
0000
0033
9000
0099
3900
0019
d300
0019
3d00
0011
9300
0011
9300
0011
9300
0021
9300
0093
9900
0012
9d00
0011
9d00
0022
d900
0012
9200
0039
1200
0011
1200
0011
1300
0031
9900
0013
9900
0011
9000
0011
0000
0012
0000
0023
0000
0099
0000
0099
0000
0099
0000
0092
0000
0009
0000
0000
0000
0000
0000
0000
0000
0000
0000
0000
0000
0099
0000
0033
0000
09dd
0000
9339
0000
9999
0000
9111
0000
9111
0000
2111
0000
2121
0000
2121
0000
2931
0000
9321
0000
9211
0000
9211
0000
9211
0000
0921
0000
0992
0000
0912
0000
0922
0000
0011
0000
0012
0000
0012
0000
0023
0000
0039
0000
0093
0000
0033
0000
0099
0000
0000
0000
0000
0000
0000
0000
0000
0000
0099
0000
00d3
0000
0033
9000
0099
3900
0019
3900
0011
3900
0011
9d00
0011
9300
0011
9d00
0022
9300
0099
9900
00f3
9100
0032
2100
0011
3100
0021
2200
0022
3200
0021
3900
0011
3900
0013
9000
0011
9000
0011
0000
0021
0000
0021
0000
0092
0000
0099
0000
0091
0000
0091
0000
0009
0000
0000
0000
0000
0000
0000
0000
0009
0000
0093
0000
0033
0000
009d
9000
009d
3900
0099
d900
0011
3900
0011
3900
0011
3900
0011
3300
0031
9d00
0019
dd00
0011
d900
0011
9900
0021
2900
0092
2900
0013
2900
0012
3900
0011
9000
0031
9000
0091
0000
0091
0000
0031
0000
0011
0000
0012
0000
0029
0000
0093
0000
0092
0000
0009
0000
0000
0000
0000
0000
0000
0000
0000
0000
0099
0000
0033
9000
0099
3900
0011
d300
0019
3300
0019
d300
0019
3300
009d
3300
0093
3300
0099
3300
0011
3300
0031
3300
0011
3300
0019
3300
0099
3300
0011
3900
0011
9300
0013
9900
0013
9900
0033
9000
0032
0000
0022
0000
0022
0000
0022
0000
0092
0000
0092
0000
0092
0000
0009
0000
0000
0000
0000
0000
0000
0000
0000
0000
0000
0000
0000
0000
0099
0000
00cc
0000
00fc
0000
00b1
0000
0911
0000
0911
0000
0911
0000
0911
0000
0922
0000
0999
9000
0999
9000
0099
9000
0999
9000
0991
9000
0911
9000
0921
9000
09c2
0000
09fc
0000
09cc
0000
09aa
0000
09cc
0000
00cc
0000
00fc
0000
00cb
0000
00ba
0000
0099
0000
0000
0000
0000
0000
0000
0000
0000
0000
0000
0000
0000
0000
0099
0000
00cc
0000
00cf
0000
00fc
0000
00bb
9000
0011
9000
0011
9000
0011
9000
0012
9000
0099
9000
0099
c000
0099
c900
0099
c900
0099
3900
0911
9000
0921
9000
09c2
9000
09fc
9000
09cc
0000
09aa
0000
00ca
0000
09cc
0000
09cc
0000
00b9
0000
00a9
0000
0099
0000
0000
0000
0000
0000
0000
0000
0000
0000
0000
0000
0000
0000
0000
0000
0090
0000
00c9
0000
091c
0000
9211
0000
9111
0000
1111
0000
1111
0000
1119
0000
9919
0000
1191
0000
3311
0000
9c22
0000
9911
0000
2211
0000
2311
0000
9111
0000
9121
0000
91c2
0000
93cf
0000
9cab
0000
99cc
0000
9bcc
0000
09fc
0000
00cb
0000
00ba
0000
0099
0000
0000
0000
0000
0000
0000
0000
0000
0000
0000
0000
0099
0000
00cc
0000
00cf
0000
00cc
0000
002c
9000
0012
9000
0011
9000
0011
c900
0099
c900
0022
b900
0031
c900
0011
c900
0021
c900
0011
1900
0011
1900
0092
3900
002c
9000
00bc
9000
0099
9000
0012
0000
00cc
0000
00bb
0000
00cc
0000
00cc
0000
00cc
0000
0099
0000
0000
0000
0000
0000
0000
0000
0000
0000
0099
0000
00cc
0000
00cf
0000
00fc
0000
00bb
0000
0011
9000
0022
9000
0011
9000
0011
9000
0099
9000
0099
9000
0099
c000
0099
c900
0999
c900
0911
3900
0921
9000
09c2
9000
09fc
9000
09cc
9000
09af
0000
09ac
0000
09ab
0000
00bc
0000
00cc
0000
00cc
0000
00c9
0000
0099
0000
0099
0000
0000
0000
0000
0000
0000
0000
0000
0000
0000
0000
0090
0000
00c9
0000
00cc
0000
00cc
0000
00bc
0000
0022
9000
0012
9000
0011
9000
0011
9000
0011
9000
0021
9000
00b2
9000
09cc
9000
09cc
c900
09cc
b900
09bc
9000
09cb
9000
09bb
9000
09bc
9000
09ab
0000
09aa
0000
09aa
0000
09bb
0000
009a
0000
0031
0000
0011
0000
0099
0000
0000
0000
0000
0000
0000
0000
0900
0000
9d99
0000
0977
0000
0077
0000
9077
0000
9977
0000
0977
0000
9677
9000
9677
9000
9766
9000
9699
9000
6696
9000
7796
9000
9696
9000
c996
0000
9696
0000
9621
0000
9611
0000
9116
0000
9917
0000
9617
0000
9176
0000
9999
0000
0993
0000
0032
0000
0011
0000
0091
0000
0092
0000
0009
0000
0000
0000
0000
0000
0090
0000
0029
0000
0092
0000
0099
9900
0069
7600
0076
7700
0067
7700
0077
7700
0077
7700
0077
7700
0069
6700
0095
7600
005f
6600
0055
7600
00a9
6600
0099
7600
0029
6600
0012
6600
0011
9900
0071
9000
0011
9000
0031
9000
0017
9000
0076
0000
0099
0000
0093
0000
0091
0000
0092
0000
0092
0000
0009
0000
0000
0000
0000
0000
0000
0000
0000
0000
0000
0000
0090
0000
9069
0000
2976
0000
9977
0000
9977
0000
7677
0000
7677
0000
6677
0000
6767
0000
6766
0000
7766
0000
7766
0000
6766
0000
7761
0000
9161
0000
9111
0000
6112
0000
6166
0000
9117
0000
9117
0000
9976
0000
9199
0000
9993
0000
0932
0000
0022
0000
0092
0000
0009
0000
0000
0000
0000
0000
0000
9900
0900
2d00
0099
9900
0077
0000
0077
0000
0067
9000
0067
6900
0067
7900
0077
7900
0067
6900
0077
7600
0067
7600
0077
6600
0067
9600
0097
9600
0021
6600
0011
1900
0091
1900
0011
2900
0011
9000
0029
9000
0061
9000
0011
0000
0069
0000
0017
0000
0066
0000
0099
0000
0093
0000
0092
0000
0009
0000
0000
0000
0000
0000
0090
0000
0029
0000
0092
0000
0099
9900
0069
7600
0076
7700
0067
7700
0077
7700
0077
7700
0077
7700
0077
6700
0077
7600
0066
6600
0099
7600
0029
6600
0022
7600
0011
6600
0071
6600
0011
9900
0017
9000
0021
9000
0091
9000
0017
9000
0076
0000
0099
0000
0093
0000
0091
0000
0092
0000
0092
0000
0009
0000
0000
0000
0000
0000
0090
0000
0029
0000
0092
0000
0099
9900
0067
7600
0077
7700
0077
7700
0077
7700
0077
7700
0077
6700
0077
7700
0077
6700
0067
6600
0076
7600
0067
6600
0066
6600
0076
6600
0067
6600
0076
9900
0066
9000
0077
9000
0066
9000
0066
9000
0066
0000
0096
0000
0099
0000
0092
0000
0091
0000
0091
0000
0009
0000
0000
0000
0000
0000
0000
0000
0000
0000
0000
0000
0000
0000
0099
0000
0043
0000
0034
0000
0043
0000
0099
0000
0055
0000
0033
0000
0011
9000
0011
9000
0023
9000
0095
9000
0019
9000
0011
9000
0011
3900
0012
3900
0012
3900
0011
3900
00c9
4900
0011
3300
0031
4300
0011
3300
0019
3400
0099
4300
0092
3400
0091
3300
0009
3900
0000
9900
0000
0000
0000
0000
0000
0000
0000
0000
0000
0000
0099
0000
0034
0000
0033
9000
0055
4900
0095
3900
0033
3300
0033
9300
0013
5900
0021
9500
0031
3900
0011
3300
0021
3300
0011
9300
0029
1300
0022
1300
0011
1300
0033
9300
0011
3300
0013
3300
0011
3300
0011
3300
0022
3300
0099
3300
0092
3300
0091
3900
0009
9900
0000
0000
0000
0000
0000
0000
0000
0000
0000
0000
0000
0000
0090
0000
0039
0000
0043
0000
0999
0000
0955
0000
0953
0000
0912
0000
9311
0000
9332
0000
9931
0000
9559
9000
0991
9000
0911
9000
0011
9000
0021
4900
0022
3900
0011
3900
0012
3300
00a1
4300
0021
3300
0011
3300
0911
3900
0929
3900
0999
9900
0099
9000
0009
0000
0000
0000
0000
0000
0000
0000
0000
0000
0000
0000
0000
0000
0099
0000
0033
0000
0034
0000
0033
9000
0099
9000
0055
9000
0033
9000
0012
3900
0031
3900
0023
3900
0059
3900
0022
3900
0011
3900
0011
3900
0011
3900
0011
9900
0011
9900
0013
3400
0011
3300
0011
3400
0021
3300
0092
3300
0099
3300
0091
3300
0091
9300
0009
0900
0000
0000
0000
0000
0000
0000
0000
0000
0000
0000
0009
0000
0093
9000
0033
4900
0055
3400
0099
3300
0033
9300
0021
5900
0022
9500
00cf
2900
00f9
2300
0022
2300
0011
2300
0012
2900
0012
2100
0011
1100
0013
9100
0011
9900
0019
9300
0912
3300
0021
9300
0021
3300
0092
9300
0999
3300
0993
9300
0091
0900
0091
0000
0009
0000
0000
0000
0000
0000
0000
0000
0000
0000
0000
0000
0000
0000
0099
0000
0033
0000
0033
9000
0055
4900
0095
3900
0033
3400
0033
9300
0033
5900
0033
9500
0033
3900
0033
4300
0033
3300
0033
3300
0093
4300
0093
3300
0093
4300
0093
3300
0093
3300
0033
3300
0033
3300
0033
3300
0033
3300
0033
3300
0033
3300
0033
9400
0039
9900
0099
0000
0000
0000
0000
0000
0099
0000
0012
0000
0011
0000
0011
0000
0011
3000
0011
9000
0311
0000
0911
0400
0011
4900
3311
9000
0911
0000
0011
3400
0022
3900
00ff
9000
0099
9900
0099
2900
00ff
2900
0023
2900
0013
3900
0092
9000
0031
0000
0011
0000
0093
0000
0022
0000
0011
0000
0011
0000
0033
0000
0092
0000
0009
0000
0000
0000
0000
0000
0000
0000
0000
9900
0000
1100
0000
1200
0030
1100
0094
1100
0094
1100
0009
1100
0043
1200
0039
3300
0092
2100
0091
1300
00ff
2200
0099
1200
0099
1200
00fc
a100
003a
ca00
0021
2c00
0091
2200
0029
2100
0011
2100
0091
1900
0039
9000
0022
0000
0011
0000
0011
0000
0022
0000
0099
0000
0092
0000
0009
0000
0000
0000
0000
0000
0000
0000
0000
0000
0900
0000
9200
0000
2143
0000
1139
0000
2190
0000
1190
0000
2190
0000
1134
0000
2129
0000
1133
0000
1213
0000
912c
0000
22cc
0000
22fc
0000
cf9f
0000
f9f3
0000
f932
0000
9f11
0000
9921
0000
0911
0000
0912
0000
0091
0000
0031
0000
0011
0000
0012
0000
0029
0000
0099
0000
0009
0000
0000
0000
0000
0000
0000
0000
0000
0000
0009
0000
0092
0000
0091
0000
0021
0400
0011
4300
0011
3900
0031
9000
0011
9000
0011
3400
0011
9900
0012
3900
0022
2400
00ff
bb00
0099
c900
0099
c900
00ff
a900
0032
2300
0011
2300
0012
2900
0011
3900
0011
9000
0013
9000
0011
0000
0011
0000
0021
0000
0093
0000
0099
0000
0009
0000
0000
0000
0000
0000
0000
9000
0000
2900
0000
1900
0000
2900
0003
2900
0049
2900
0043
2900
0039
2300
0091
2900
0021
2200
0022
2300
00fc
2200
009c
2200
0099
2300
00fc
2900
0021
a900
0091
c900
0019
2900
0011
1200
0992
1300
09f9
9900
09cc
9000
099c
0000
0999
0000
0091
0000
0011
0000
0011
0000
0099
0000
0091
0000
0009
0000
0000
0000
0000
0000
0000
0000
0000
9900
0000
1200
0000
1100
0000
1100
0040
1100
0049
1100
0034
1100
0044
1100
0094
1100
0033
1100
0093
1100
0034
1200
0033
2300
00c3
3400
0033
3300
0033
3400
0023
4400
0091
4300
0021
3400
0023
3900
0093
3300
0022
9300
0029
9300
0099
0900
0099
0000
0022
0000
0099
0000
0092
0000
0009
0000
0000
0000
0000
0000
0000
0000
0000
0000
0099
0000
00a5
0000
00aa
0000
00aa
0000
00a1
0000
0011
0000
0011
0000
0011
0000
0011
0000
0011
9000
09aa
1900
0919
1900
0923
1900
0912
2900
0912
2900
0912
2900
0092
9000
0021
0000
0099
0000
0011
0000
0091
0000
0012
0000
0031
0000
0091
0000
0092
0000
0099
0000
0092
0000
0009
0000
0000
0000
0000
0000
0000
0000
0009
0000
00aa
0000
0055
0000
002c
9000
002a
a900
001a
a900
001a
aa00
0011
aa00
0011
aa00
0011
a900
00a1
a900
0091
a900
0031
9300
0021
9100
0011
1100
0099
3200
0092
2200
0099
1200
0011
9900
0032
9000
0013
0000
0011
0000
0021
0000
0091
0000
0092
0000
0099
0000
0092
0000
0099
0000
0009
0000
0000
0000
0000
0000
0000
0000
0000
0000
0000
0000
0099
0000
09a9
0000
99aa
0000
9a1a
0000
9a1a
0000
9111
0000
1111
0000
1111
0000
11a2
0000
1121
0000
9229
0000
2193
0000
2231
0000
3211
0000
9111
0000
9111
0000
9111
0000
0921
0000
0992
0000
0019
0000
0011
0000
0031
0000
0011
0000
0011
0000
0092
0000
0099
0000
0099
0000
0000
0000
0000
0000
0000
0000
0000
0000
0099
0000
00a5
0000
00aa
0000
00aa
0000
00a1
0000
0011
0000
0011
0000
0011
0000
0011
0000
0011
9000
09aa
1900
0919
1900
0923
1900
0912
2900
0912
2900
0912
2900
0092
9000
0021
0000
0099
0000
0011
0000
0091
0000
0012
0000
0031
0000
0091
0000
0092
0000
0099
0000
0092
0000
0009
0000
0000
0000
0000
0000
0000
0000
0099
0000
00aa
0000
0055
0000
00ca
0000
00aa
9000
00aa
9000
00aa
a900
0019
a900
0011
a900
0011
9900
001a
9900
0012
9900
0012
3100
0011
1100
0011
1100
0092
2200
0091
2900
0099
2900
0011
9000
0091
0000
00c9
0000
0099
0000
0099
0000
0011
0000
0011
0000
0019
0000
0099
0000
0092
0000
0009
0000
0000
0000
0000
0000
0000
0000
0009
0000
0099
0000
009a
0000
002a
9000
0012
c900
0019
5900
0029
a500
0099
a500
0099
aa00
0099
a500
0031
a900
0011
aa00
0091
9a00
0091
aa00
0021
a900
0023
9900
0039
9900
0029
9000
0039
0000
0099
0000
0099
0000
0099
0000
0093
0000
0093
0000
0093
0000
0093
0000
0099
0000
0099
0000
0009
0000
0000
0000
0000
0000
0000
0000
0000
0000
0000
0000
0000
0000
0009
0000
0095
0000
0055
9000
0059
5900
0099
5500
0099
5500
0099
5500
009b
5500
009b
9500
009c
5500
999c
9500
dd99
5900
eed9
9500
dded
5900
dddd
9500
99d9
5900
dd93
9900
9ddd
9900
99d3
9000
0999
0000
0099
0000
0099
0000
0095
0000
0099
0000
0099
0000
0009
0000
0000
0000
0000
0000
0000
0000
0000
0000
0000
0000
0000
0000
0000
0000
0009
9000
0095
5900
0099
5500
009b
5500
00cb
5500
00fb
9500
90c9
5500
d9c9
9500
ed99
5900
ded9
9500
ddd9
5900
ddd9
5900
99ed
9500
d9dd
5900
dd99
9500
9d93
5900
9ddd
9900
0933
9900
0099
0000
0099
0000
0099
0000
0095
0000
0099
0000
0099
0000
0009
0000
0000
0000
0000
0000
0000
0000
0000
0000
0000
0000
0000
0000
0099
0000
0055
0000
0055
0000
0055
0000
0099
0000
0099
0000
09ba
0000
09cb
9000
09fc
9000
09ff
9000
09fc
9000
09cb
9000
0099
9000
999d
9000
dddd
9000
dd33
0000
dd99
0000
eedd
0000
ddd3
0000
9999
0000
d399
0000
dd99
0000
9999
0000
0095
0000
0099
0000
0009
0000
0000
0000
0000
0000
0000
0000
0000
0000
0000
0000
0000
0000
0000
0000
0099
0000
0055
0000
0055
0000
0095
0000
0059
0000
0095
9000
0099
9000
0099
9000
00c9
9000
00c9
9000
0099
9000
003d
9000
00dd
9000
00dd
9000
00ed
d900
00dd
dd00
00dd
9900
0099
3900
00dd
9900
00dd
9000
0039
0000
0099
0000
0095
0000
0099
0000
0009
0000
0000
0000
0000
0000
0000
0000
0000
0000
0000
0000
0000
0000
0009
9000
0095
5900
0099
5500
009b
5500
00cb
5500
00fb
9500
9099
5500
d9f9
9500
ed99
5900
ded9
9500
ddd9
5900
ddd9
5900
99ed
9500
09dd
5900
00dd
9500
0099
5900
0039
9900
9933
9900
9d99
9000
9ddd
0000
9dd9
0000
0999
0000
0099
0000
0099
0000
0099
0000
0009
0000
0000
0000
0000
0000
0000
0000
0000
0000
0000
0000
0000
0000
0000
0000
0009
9000
0095
5900
0055
5500
0055
5500
0055
5500
0055
5500
0095
5500
9059
5900
d995
9500
dd59
5900
dd95
9500
dd99
5900
9999
9500
d999
9500
dd99
5500
9d99
5900
9399
9900
0999
9900
0099
0000
0099
0000
0099
0000
0095
0000
0099
0000
0099
0000
0009
0000
0000
0000
0000
0000
0000
0000
0000
0000
0000
0000
0000
0000
0099
0000
00c1
0000
091c
0000
92c1
0000
911c
0000
9111
9000
1122
9000
2299
2900
9977
c900
9efe
1200
9777
2200
2999
1200
2322
1200
3111
2200
3223
1200
2212
2900
2111
9900
2121
9000
1112
0000
1332
0000
2133
0000
2392
0000
2299
0000
9193
0000
9399
0000
0909
0000
0000
0000
0000
0000
0000
0000
0000
0000
0000
0000
0000
0000
0009
0000
0092
0000
009c
0000
091c
0000
9211
9000
9111
9000
9213
1900
9299
c100
9297
2c00
0939
1200
0929
c100
9312
1200
9311
1100
9212
2100
9211
1200
9111
2100
9122
1200
1311
9900
2132
0000
2332
0000
2293
0000
9192
0000
9399
0000
0993
0000
0092
0000
0009
0000
0000
0000
0000
0000
0000
0000
0000
0000
0000
0000
0000
0000
0090
0000
0029
0000
9912
0000
21cc
0000
1c11
0000
c111
0000
1c22
0000
1199
9000
2179
2900
99e7
2900
ed76
2900
7693
2900
9221
2900
3112
9900
1933
9000
3212
9000
3211
0000
2121
0000
2112
0000
2132
0000
1333
0000
1192
0000
9239
0000
9299
0000
9299
0000
0909
0000
0000
0000
0000
0000
0000
0000
0000
0000
0000
0000
0000
0000
0090
9000
0029
2900
00c2
1900
001c
c200
00c1
1c00
0011
1100
0011
2100
0911
9200
0991
9900
9179
7900
9193
6600
9122
3900
9121
1100
0919
1300
0921
3200
0921
1100
0011
1200
0011
2100
0011
1300
0012
3200
0029
9300
0021
9900
0012
0000
0011
0000
0021
0000
0099
0000
0000
0000
0000
0000
0000
0000
0000
0000
0000
0000
0000
0000
0090
0000
0029
0000
0019
0000
0091
9000
0021
1900
0911
2900
0911
2100
091c
1c00
0991
1200
0019
1100
0011
1c00
0912
1100
0921
1100
0912
1200
0911
1100
0912
9200
0911
2100
9113
2900
1111
9000
1313
0000
1139
0000
3139
0000
3399
0000
9392
0000
0993
0000
0009
0000
0000
0000
0000
0000
0000
0000
0000
0000
0000
0000
0000
0000
0009
0000
0092
0000
0099
0000
09c9
0000
921c
9000
91c1
9000
921c
c900
9211
c100
9211
cc00
0911
c200
0911
cc00
9311
cc00
9311
1100
9221
2200
9222
2200
9113
2300
9111
3200
1121
9900
2122
0000
2123
0000
2193
0000
9193
0000
9392
0000
0993
0000
0092
0000
0009
0000
0000
0000
0000
0000
0000
0000
0000
0000
0000
0000
0099
0000
0022
0000
00ee
0000
00ff
0000
00dd
0000
00d9
0000
0092
0000
093d
0000
0911
0000
0911
0000
0922
9000
0929
9000
0912
9000
0911
9000
0011
9000
0012
9000
0011
d900
0011
f900
0033
ed00
0011
ef00
0021
ee00
0011
de00
0022
de00
0093
de00
0092
e900
0091
9900
0009
0000
0000
0000
0000
0000
0000
0000
0000
0000
0000
0000
0009
0000
0029
0000
00dd
0000
00ee
9000
00ee
2900
00ee
e900
00de
e900
00dd
f200
0093
ee00
0031
ee00
0021
ee00
00b1
d200
0021
de00
001c
dd00
0011
2e00
0091
ee00
0012
ef00
0011
ee00
0023
ee00
0011
de00
0012
de00
0011
de00
0022
ee00
0093
de00
0092
de00
0091
de00
0009
e900
0000
9900
0000
0000
0000
0000
0000
0000
0000
0000
0000
0000
0090
0000
0029
0000
00dd
0000
09ed
0000
92de
0000
2dde
0000
dd9d
0000
de9d
0000
ed29
0000
ed29
0000
dd21
0000
ddb2
0000
9911
0000
29cc
0000
2911
0000
2911
0000
d922
d900
d321
f900
dd21
ed00
dd11
ed00
9d12
e300
9d13
e900
9d29
9900
9d93
0000
0992
0000
0099
0000
0000
0000
0000
0000
0000
0000
0000
0000
0000
0000
0000
0000
0099
0000
00dd
0000
00ee
9000
00df
9000
00ed
9000
00ed
2900
00dd
d900
00dd
d900
0099
e900
0011
d200
0033
de00
0021
dd00
001c
2e00
0011
e900
0023
dd00
0012
de00
0011
dd00
0022
dd00
0011
dd00
0012
dd00
0011
dd00
0092
dd00
0099
d900
0099
d000
0091
9000
0009
0000
0000
0000
0000
0000
0000
0000
0000
0000
0000
0000
0009
0000
0029
0000
00dd
0000
00ee
9000
00ee
2900
00ee
e900
00de
e900
00dd
f200
0093
ee00
0031
ee00
0021
ee00
00b1
d200
0021
de00
001c
de00
9911
2e00
9e92
ee00
9e11
ef90
9933
ed90
9efc
ed00
0999
dd00
9999
de00
9992
9e00
9911
9900
0022
0900
0011
0900
0099
0000
0009
0000
0000
0000
0000
0000
0000
0000
0000
0000
0000
0000
0099
0000
0022
0000
00ee
0000
00fe
0000
00ee
0000
00ee
0000
09ee
0000
09ee
0000
09ee
0000
00ee
0000
00ee
9000
00de
9000
00de
9000
00ed
9000
00ed
9000
00dd
9000
00dd
d900
00dd
f900
00dd
ed00
00dd
ef00
00dd
ee00
00de
dd00
00de
dd00
00dd
de00
00de
e900
00dd
9900
0009
0000
0000
0000
0000
0000
0000
0000
00b9
0000
99b5
0000
5bb5
9000
b9b5
5900
b955
5900
bc55
5500
ab55
5500
5a55
5500
5555
5500
5955
5500
9955
5500
55e4
5500
559e
5500
9549
5500
9595
9500
5955
9900
5955
9900
5955
8900
5555
8900
5555
9500
5555
9900
5555
9500
9559
5500
9593
5500
9591
9500
0991
9500
0992
9500
0959
9500
0959
9900
0055
0000
0099
0000
0000
0000
00b9
0000
99b5
0000
5bb5
9900
b9b5
5500
b955
5500
bc55
5500
ab55
5500
5a55
5500
5555
5500
5955
5500
9955
5500
55e4
9500
559e
9590
9549
8990
9595
8890
5955
8890
5955
8890
5955
8890
5555
8890
5555
8800
5555
8900
5555
9900
9555
1900
9555
1200
9555
1100
0955
2100
0955
1100
0955
1200
0955
2900
0055
9000
0099
0000
0999
0000
0999
0000
0999
0000
0909
0000
0909
0000
0909
0000
0900
0000
0900
0000
0900
0000
0900
0000
0900
0000
0000
9000
0000
9000
0000
9000
0000
9900
0000
9900
0000
9900
0000
9900
0000
9900
0000
9900
0000
9900
0000
9900
0000
9900
0000
9900
0090
9900
0090
9900
0090
9900
0990
9300
9990
9300
9390
3300
3390
3300
9990
9900
0099
0000
0099
0000
0099
0000
0099
0000
0099
0000
0099
0000
0099
0000
0009
0000
0009
0000
0009
0000
0000
0000
0000
0000
0000
0000
0090
0000
0090
9000
0090
9900
0090
9900
0099
9900
0099
9900
0099
9900
0099
9900
0099
9900
0099
9900
0099
0900
0099
0990
0099
0090
0099
0090
0039
0090
0033
0900
9933
0900
9333
9300
9993
9900
0999
0000
0999
0000
0999
0000
0999
0000
0999
0000
9999
0000
9999
0000
9999
0000
9999
0000
9999
0000
9999
0000
9999
0000
9999
0000
9999
9900
9999
3900
9999
3900
0999
3900
0099
3900
0099
3900
0099
3900
0099
3900
0099
3900
0099
3900
0099
3900
0099
3900
0099
3900
0009
3900
0009
9900
0099
9000
0033
9000
0033
9000
0099
9000
0099
0000
0099
0000
0099
0000
0099
0000
0099
0000
0099
0000
0099
0000
0099
0000
0099
0000
0099
0000
0099
0000
0099
0000
0099
0000
0099
0000
0009
0000
0009
0000
0000
0000
0000
0000
0000
0000
0900
0000
0000
0000
0900
9000
0900
9000
0900
9900
9900
9900
9900
9900
9900
9900
3300
3300
3300
3300
3300
3300
3300
9900
9900
9000
0000
9900
0000
9900
0099
9900
0099
9900
0099
9900
0099
9900
0099
9900
0099
9900
0099
9900
0000
9900
0009
9000
0009
0000
0009
0000
0009
0000
0009
0000
0009
0000
0009
0000
0909
0000
0999
0000
9999
0000
9999
0000
3999
0000
3999
0000
3999
0000
3339
0000
3333
0000
9333
0000
9933
0000
0933
0000
0093
0000
0009
0000
0000
0000
0099
0000
0099
0000
0999
0000
0999
0000
0999
0000
9999
0000
9999
0000
9999
0000
9909
0000
9909
0000
9909
0000
9900
0000
9900
0000
9990
0000
9999
9000
9999
9900
0999
9900
0099
9900
0099
9900
0000
9900
0000
9990
0000
3990
0000
3990
0000
3990
0000
3999
0000
3939
0000
3939
0000
9939
0000
9039
0000
0039
0000
0039
0000
0099
0000
0000
0000
0000
0000
0000
0000
0000
0000
0000
0000
0000
0000
0000
0000
0000
0000
0000
0000
0000
0000
0000
0000
0000
0000
0000
0000
0000
0000
0000
0000
0000
0000
0000
0000
0000
0000
0000
0000
0000
0000
0000
0000
0000
0000
0000
0000
0000
0000
0000
0000
0000
0000
0000
0000
0000
0099
0000
99b5
0000
99b5
0000
99b5
9000
5cb5
5500
5b55
5500
5555
5500
5555
5500
5555
5500
9555
5900
9955
5900
99a5
5900
995a
5900
09ae
5900
00e9
9900
9959
9500
9999
9500
9955
9500
9955
9900
9955
9900
9955
9900
9955
9900
9955
9900
9955
9900
9955
9900
9955
9900
9959
9900
0959
9900
0999
9900
9999
9900
2299
9900
1139
9300
1199
3900
1139
9300
1293
3300
2199
9900
5cb5
5900
5b55
5500
5555
9900
5555
5900
5555
5500
a555
5500
5a55
5500
95a5
5500
995a
5500
09a5
5500
005e
5500
00a9
5500
005a
5500
0095
5500
0099
5500
0999
5500
9999
5500
9999
5500
9999
5500
9999
5500
9999
5500
9999
5500
9999
5500
9999
5500
9999
5500
0099
5500
0099
9900
0099
1900
0092
2900
0091
3900
0021
9300
0931
9900
9999
0000
9955
0000
9955
0000
9955
0000
9955
9000
9955
5900
9b55
5500
cc55
5500
bb59
5500
a955
5500
9555
5500
5555
5500
5555
5500
5555
9900
5555
8900
5555
8900
5555
8900
5555
8900
5555
8900
9555
8800
9555
8800
5955
8800
5555
8900
5555
9200
5555
2100
5555
1190
5555
1919
9555
9999
9555
0090
0955
0090
0959
0090
0099
0000
0000
0000
00b9
0000
99b5
0000
5bb5
9000
b9b5
5900
9995
5900
2995
5500
1295
5500
1195
5500
9195
5500
1295
5500
9195
5500
2299
5500
9959
5500
9555
5500
9955
5500
5955
5500
5955
5500
5955
5500
5595
5500
5559
5500
5595
5500
5559
5500
9555
5900
9555
9900
9555
9800
0955
8800
0955
8800
0955
8800
0955
8000
0055
8000
0099
0000
0000
0000
00b9
0000
99b5
0000
5bb5
9000
b9b5
5900
b955
5900
bc55
5500
ab55
5500
5a55
5500
5555
5500
5955
5500
9955
5500
55e4
5500
559e
5500
9549
5500
9595
9500
5955
9900
5955
9900
5955
8900
5555
8900
5555
9500
5555
9900
5555
9500
9555
5500
9555
5500
9599
9500
0999
9500
0911
9500
0912
9500
0991
9900
0099
0000
0099
0000
0000
0000
00b9
0000
99b5
0000
5bb5
0000
b9b5
0000
b955
9000
bc55
9000
ab55
5900
5a55
5900
5555
5900
5955
5900
9555
5500
5545
5500
55e5
5500
9595
5500
9555
5500
9555
5500
5955
5500
5955
5500
5955
5500
9155
5900
9155
5900
9155
5900
2199
5900
1155
5900
1155
9800
2255
9800
2295
8800
9955
8800
0999
8800
0099
8000
0099
0000
0000
0000
0000
0000
0999
9900
9599
5500
5599
5500
5599
5500
5599
5500
55cc
5500
5995
5500
5955
5500
5955
5900
5555
5900
5555
9900
5555
5900
5995
9900
5999
9900
9155
1900
9155
2100
9255
9900
5955
9900
5599
5500
5599
5500
5595
5500
9955
9900
9955
9a00
0055
0000
0055
0000
0055
0000
0099
0000
0099
0000
0099
0000
0099
0000
0000
0000
0000
0000
0000
0000
0000
0000
0000
0000
0000
0000
0000
0000
0000
0000
0000
0000
0000
0009
0000
0009
0000
9909
0000
9995
0000
9995
0000
9959
0000
9995
0000
9959
0000
9995
0000
9995
0000
9999
0000
9999
0009
9999
9099
9999
9999
9999
3999
9999
3399
9999
3399
9999
3333
9999
3933
0999
3933
9099
9933
0909
0099
0090
0000
0000
0000
0000
0000
0000
0000
0000
9999
0000
9b55
0000
b955
0000
9955
9900
9955
5500
9959
5500
9955
5500
bc55
5500
bb55
5500
a555
5500
5559
5500
5555
9500
5555
0900
5559
0090
5599
0090
5599
0090
5590
0090
5590
0090
5900
0090
5500
0090
5590
0090
9509
0090
5990
0090
9509
9990
5990
9090
9900
0990
0000
0990
0000
0000
0000
0000
0000
0000
0000
0000
0000
0000
0000
0000
0000
0000
0000
0000
0000
0000
0000
0000
0000
0000
9900
0000
9100
0000
1100
9900
1199
5590
1955
5599
1955
5559
3955
9599
9355
5999
1995
9990
9999
9900
0000
0000
0000
0000
0000
0000
0000
0000
0000
0000
0000
0000
0000
0000
0000
0000
0000
0000
0000
0000
0000
0000
0000
0000
0000
0000
0000
0000
9900
0000
1100
0000
2900
0000
9900
0000
9100
0000
9100
0000
9900
0000
1200
0000
9900
0000
2190
0000
9999
0000
0055
0000
0055
0000
0055
0000
0055
0000
0055
0000
0095
0000
0009
9000
0000
5900
0000
5500
0000
5500
0000
5500
0000
5500
0000
9500
0000
5900
0000
9500
0000
0900
0000
0000
0000
0000
0000
0000
0000
0000
0000
0000
0000
0000
0000
0000
0000
0900
0000
9500
0000
5500
0000
5500
0000
5500
0000
5500
0000
5900
0000
5500
0009
9900
0095
0000
0055
0000
0055
0000
0055
0000
0055
0000
9955
0000
2159
0000
1190
0000
2990
0000
2900
0000
1900
0000
1100
0000
9900
0000
1200
0000
9900
0000
0000
0000
0000
0000
0000
0000
0000
0000
0000
0000
0000
0000
0000
0000
0000
0000
0000
0000
0000
0000
0000
0000
0000
0000
0000
0000
0000
0000
0090
0000
0019
0000
0919
0000
9919
0090
9119
0099
0919
0059
9919
0999
9222
9990
0922
5500
0099
5500
0095
5500
0095
5500
0009
5500
0000
5500
0000
5900
0000
9000
0000
0000
0000
0000
0000
0000
0000
0000
0000
0000
0000
0000
0099
0000
00c9
0000
0099
0000
0b55
0000
0955
9000
9555
9000
5555
9900
5555
9900
5555
9900
5555
9900
5555
9900
5555
9500
5555
5500
5555
5500
5555
5500
5555
5500
5555
5500
9555
5500
9555
5500
9555
5500
9555
5900
9555
5900
9955
5900
9555
5900
9555
9000
5555
9000
5555
0000
5555
0000
5555
0000
5955
0000
9999
0000
0099
0000
00cc
0000
0099
9900
0955
5500
9555
5500
5555
5500
5555
5500
5555
5500
5555
5500
5955
5500
5955
5500
5955
5900
5555
5900
5555
9900
5555
5900
5555
5900
5555
5900
5555
5900
5555
5900
5555
9900
5955
9900
5555
9900
5955
9500
5555
9900
9955
a900
0a55
0a00
0055
0000
0055
0000
0055
0000
0099
0000
0099
0000
0099
0000
0099
0000
00cc
0000
0099
9900
0955
5500
9555
5500
5555
5500
5555
5500
5555
5500
5555
5500
5955
5500
5955
5500
5955
5900
5555
5900
5955
5900
5555
5990
5555
5990
5555
5990
5955
5990
5955
5990
5955
9000
5555
9000
9555
9000
5955
9000
9555
9000
9955
0000
aa55
0000
0055
0000
0055
0000
0055
0000
0099
0000
0099
0000
0099
0000
0099
0000
00cc
0000
0099
9900
0955
5500
9555
5500
5555
5500
5555
5500
5555
5500
5555
5590
5955
5590
5955
5559
5955
5959
5555
5959
5955
5990
5555
5900
5555
5900
5555
5900
5955
5900
5955
5900
5955
9000
5555
9000
9555
9000
5955
9000
9555
9000
9955
0000
aa55
0000
0055
0000
0055
0000
0055
0000
0099
0000
0099
0000
0099
0000
0099
0000
00cc
0000
0099
9900
0955
5500
9555
5500
5555
5500
5555
5500
5555
5500
5555
5500
5955
5500
5955
5500
5955
5900
5555
5900
5555
5900
5955
5990
9955
5990
9055
5990
0055
5990
0055
5990
0055
9000
0055
9000
9055
9000
9955
9000
5555
9000
5555
0000
5555
0000
5955
0000
9955
0000
9255
0000
9999
0000
0999
0000
0099
0000
0099
0000
0099
0000
0099
0000
0099
0000
0099
0000
0099
0000
0090
0000
0090
0000
0090
0000
0090
9000
0090
9000
0090
9000
0000
9000
0000
9000
0000
9000
0000
9000
0000
9000
0000
9000
0000
9900
0000
9900
0000
9900
0000
9900
0000
9900
0000
9900
0000
9900
0000
9900
0000
9900
0000
9900
0000
3900
0000
3300
0090
3300
0090
3300
0090
9900
0000
0000
0000
0000
0000
0000
0000
0000
0000
0000
0000
0000
0000
0000
0000
0000
0000
0000
0000
0900
0000
9100
0000
0999
0000
9995
0000
2255
0000
1155
0000
2195
0000
9995
0000
0099
0000
0000
0000
0000
0000
0000
0000
0000
0000
0000
0000
0000
0000
0000
0000
0000
0000
0000
0000
0000
0000
0000
0000
0000
0000
0000
0000
0000
9990
0000
9959
0000
9955
0000
9955
0000
9955
0000
9955
0000
cc55
9000
5555
5900
5555
5500
5955
5500
9955
5500
5555
5500
5559
5500
5599
5500
5595
5500
555a
5500
9995
9900
9959
9900
9999
9900
9999
9900
9999
9900
9999
9900
9999
9900
9999
9000
9999
9900
9999
9900
9909
9900
0900
9900
9900
9500
5500
5500
5900
5500
9900
9900
0099
0000
0099
0000
0099
0000
0099
0000
0099
0000
0000
0000
0000
0000
0000
0000
0900
9000
0900
9000
0900
9000
9900
9000
9900
9000
0900
9000
0900
9000
0090
9000
0090
9000
0099
9900
0099
9900
0033
9900
0033
9900
0039
9900
0099
9900
0090
9900
0000
9900
0000
9900
0000
9900
0000
3900
0000
3300
0000
3300
0000
3300
0000
9900
0000
0000
0000
0000
0000
0000
0000
0000
0999
0000
99e9
0000
de9e
0000
edee
9000
deee
e900
9eee
ee00
dee9
ea00
eeee
a200
eeee
a200
eeee
2100
eeee
2100
eeee
3200
eeee
9300
eeed
8900
eded
8800
ddad
8900
dade
9900
adde
9100
9aee
1100
99ee
1100
09ee
1200
09e9
2900
00e9
9000
0091
9000
0091
0000
0099
0000
0069
0000
0066
0000
0000
0000
0000
0000
0000
0000
0000
0000
0999
0000
99ee
0000
9eee
9000
edee
e900
deee
ee00
9eed
ea00
deee
a900
eeee
a200
eeee
2100
eeee
9200
eeee
9300
eeee
8900
eeed
8800
eded
8800
ddad
8800
dade
8800
adde
8900
9aee
8900
99ee
9200
09ee
2100
09ee
1100
00ee
1200
00ee
1200
00ee
2900
00dd
2900
0099
9000
0066
9000
0066
0000
0066
0000
0066
0000
0066
0000
0066
0000
0096
0000
0096
0000
0096
0000
0099
0000
0099
0000
0009
0000
0000
0000
0000
0000
0000
0000
0000
9000
0000
6900
0000
6900
0000
7600
0000
6600
0090
6700
0090
6600
0090
6600
0090
9900
0090
3300
0090
3300
0090
9300
0000
9300
0000
9900
0000
9300
9990
9300
3390
3300
3390
3300
9990
9900
0066
0000
0066
0000
0066
0000
0066
0000
0066
0000
0066
0000
0066
0000
0066
0000
0096
0000
0096
0000
0099
0000
0099
0000
0090
0000
0090
9000
0090
6900
0090
6900
0090
6600
0069
6600
0069
6600
0069
9600
0099
9900
0033
9300
0039
9900
0033
0900
0033
0990
0033
0090
0033
0090
0033
0090
0033
0900
0933
0900
0933
9300
0993
9900
0066
0000
0066
0000
0066
0000
0066
0000
0069
0000
0096
0000
0069
0000
0999
0000
0969
0000
9699
0000
9699
0000
9699
0000
9669
0000
9969
9000
9993
3900
0993
3900
0033
3900
0039
3900
0093
3900
0099
3900
0033
3900
0099
3900
0093
3900
0099
3900
0009
3900
0009
3900
0000
3900
0000
9000
0099
0000
0093
9000
0033
9000
0099
9000
0066
0000
0066
0000
0066
0000
0066
0000
0066
0000
0066
0000
0066
0000
0066
0000
0069
0000
0069
0000
0096
0000
0069
0000
0096
0000
0096
0000
0009
0000
0009
0000
0000
0000
0000
0000
0000
0000
0000
9000
0000
9000
0900
9000
0900
3900
0900
3900
9900
3300
9900
3300
9300
3300
3300
3300
3300
3300
3300
3300
9900
9900
0900
9000
0000
6600
0000
9600
0099
6700
0066
6600
0066
6600
0066
6600
0066
6600
0066
6600
0099
6600
0099
9900
0009
9000
0009
0000
0009
0000
0009
0000
0009
0000
0909
0000
0909
0000
0909
0000
0999
0000
0993
0000
9993
0000
3393
0000
3393
0000
3999
0000
3339
0000
3333
0000
9333
0000
9933
0000
0933
0000
0093
0000
0009
0000
0000
0000
0066
0000
0066
0000
0966
0000
0966
0000
0966
0000
9666
0000
9666
0000
9696
0000
9696
0000
9609
0000
6609
0000
6600
0000
6690
9000
6699
7900
6669
6700
9969
6300
0966
6300
0099
3300
0099
9300
0000
9900
0000
9990
0000
3990
0000
3990
0000
3990
0000
3999
0000
3939
0000
3939
0000
9939
0000
9039
0000
0039
0000
0039
0000
0099
0000
0000
0000
0000
0000
0000
0000
0000
0000
0000
0000
0000
0000
0000
0000
0000
0000
0000
0000
0000
0000
0000
0000
0000
0000
0000
0000
0000
0000
0000
0000
0000
0000
0000
0000
0000
0000
0000
0000
0000
0000
0000
0000
0000
0000
0000
0000
0000
0000
0000
0000
0000
0000
0000
0000
0000
0099
0000
99de
0000
99de
0000
99de
9000
edde
ee00
edee
ee00
eeee
ed00
deee
ed00
edee
ed00
ddee
e900
ddee
e900
9ded
e900
99de
e900
99ad
e900
09da
d900
99a9
9a00
99a9
9d00
6993
9a00
6693
9d00
6932
9900
9921
9900
9911
9600
6911
6600
6911
6600
9611
9900
9612
9900
9922
3900
0929
3300
0999
3300
9999
9300
2299
9900
1139
9300
1199
3900
1139
9300
1293
3300
2199
9900
edde
e900
edee
ee00
eeee
a900
eeee
ea00
ddee
ee00
deee
ee00
ddee
ee00
9dee
ed00
9ded
de00
99de
ee00
09ad
ed00
09da
d900
00ad
9100
009d
3100
0099
3200
0999
3300
9969
3200
9996
3200
9669
3200
9696
3300
9999
3100
6999
3100
9699
1100
9999
1100
9993
1100
0033
1300
0099
1900
0099
1900
0092
2900
0091
3900
0021
9300
0931
9900
0000
0000
0000
0000
aa90
0000
99e9
0000
99ee
0000
99ee
0000
9dee
9000
eeee
3900
eedd
1300
eed9
1100
eddd
1100
eed9
1100
dedd
9100
deed
9900
eeed
8900
eeed
8800
eede
8800
aeee
8800
aaee
8800
daee
8800
adee
8800
edee
8800
eeee
8900
dede
9200
9eed
2100
09d9
1190
0996
1919
0966
9999
0966
0090
0966
0090
0066
0090
0066
0000
0000
0000
0000
0000
0000
0000
0000
0000
0999
0000
9999
0000
299e
0000
129e
0000
119e
0000
919e
9000
12ed
9000
91ee
d900
22ee
9900
999e
2900
ed29
2900
ee12
1900
ee11
1900
ed11
1900
ed31
1900
dd91
1900
da99
1900
addd
1900
9aed
1900
99de
2900
09ed
2900
09ee
9000
00ee
8000
00dd
8000
0099
8000
0096
0000
0066
0000
0066
0000
0000
0000
0000
0000
0000
0000
0000
0000
0999
0000
99e9
0000
de9e
0000
edee
9000
deee
e900
9eee
ee00
dee9
ea00
eeee
a200
eeee
a200
eeee
2100
eeee
2100
eeee
3200
eeee
9300
eeed
8900
eded
8800
ddad
8900
dade
9900
adde
9100
9aee
1100
99ee
1100
09ee
1200
0999
9900
0099
9000
0011
0000
0012
0000
0091
0000
0099
0000
0066
0000
0000
0000
0000
0000
0000
0000
0000
0000
0999
0000
99e9
0000
de9e
0000
edee
0000
deee
0000
9eee
0000
dee9
0000
eeee
0000
eeee
0000
eeea
0000
eeea
0000
eeea
0000
eeea
0000
eeed
8000
edda
8000
99ad
8000
91de
8000
91de
8000
91e9
8000
2192
8000
1111
8000
1111
8000
2222
8000
2239
8000
9999
0000
0096
0000
0066
0000
0066
0000
0000
0000
0000
0000
0999
9900
9d99
ed00
de99
ee00
ee99
ee00
ee99
e900
e9dd
e900
d9dd
e900
d9ed
e900
ddee
d900
33dd
d900
13dd
d900
13dd
d900
19dd
d900
3999
9900
9133
1900
9111
2100
9211
9900
3912
9900
1199
1100
1199
3300
32ed
3300
99de
9900
00ee
0000
00ee
0000
00ee
0000
00ee
0000
00ee
0000
00dd
0000
0099
0000
0066
0000
0000
0000
0000
0000
0000
0000
0000
0000
0000
0000
0000
0000
0000
0000
0000
0000
0000
0000
0000
9009
0000
7909
0000
6709
0000
6699
0000
6699
0000
9699
0000
9699
0000
9699
0000
9999
0000
999a
0000
9969
0000
9976
0099
9966
9066
3967
9969
3966
3969
3966
3399
9966
3399
9966
3333
9996
3933
0999
3933
9099
9933
0909
0099
0090
0000
0000
0000
0000
0000
0000
0000
0000
9999
0000
9dee
0000
d9ef
0000
99ee
9900
99ee
e900
99de
9900
99dd
1100
dda9
1100
deaa
1100
eeaa
1100
eeda
2200
eeda
9200
eed9
0900
eda9
0090
de90
0090
ad90
0090
aa00
0090
dd00
0090
dd00
0090
ed00
0090
ae90
0090
aa09
0090
da90
0090
da09
9990
9990
9090
9900
0990
0000
0990
0000
0000
0000
0000
0000
0000
0000
0000
0000
0000
0000
0000
0000
0000
0000
0000
0000
0000
0000
0000
0000
0000
9900
0000
9100
0000
1100
9900
1199
2190
191c
1c29
1911
1129
3911
1133
9322
2239
1999
9990
9900
0000
0000
0000
0000
0000
0000
0000
0000
0000
0000
0000
0000
0000
0000
0000
0000
0000
0000
0000
0000
0000
0000
0000
0000
0000
0000
0000
0000
0000
9900
0000
1100
0000
2900
0000
9900
0000
9100
0000
9100
0000
9900
0000
1200
0000
9900
0000
2190
0000
9929
0000
0011
0000
0011
0000
0011
0000
0011
0000
0091
0000
0009
0000
0000
9000
0000
2900
0000
1200
0000
1100
0000
1100
0000
1100
0000
1100
0000
3100
0000
9300
0000
0900
0000
0000
0000
0000
0000
0000
0000
0000
0000
0000
0000
0000
0000
0000
0000
0900
0000
9200
0000
2c00
0000
1100
0000
1100
0000
1100
0000
1100
0000
2300
0000
9900
0009
0000
0091
0000
0011
0000
0011
0000
0011
0000
9912
0000
2129
0000
1190
0000
2990
0000
2900
0000
1900
0000
1100
0000
9900
0000
1200
0000
9900
0000
0000
0000
0000
0000
0000
0000
0000
0000
0000
0000
0000
0000
0000
0000
0000
0000
0000
0000
0000
0000
0000
0000
0000
0000
0000
0000
0000
0000
0090
0000
0019
0000
0919
0000
9919
0000
9119
0090
0919
0030
9912
0090
9212
0900
0921
9300
0091
3200
0009
2100
0000
1100
0000
1300
0000
3900
0000
9000
0000
0000
0000
0000
0000
0000
0000
0000
0000
0000
0000
0000
0000
0000
0099
0000
00ed
0000
0099
0000
0dee
0000
09ee
9000
9eee
9000
eeee
9900
eeee
9900
eeee
9900
eeee
9900
eeee
9900
eeee
9e00
edee
de00
eeee
dd00
eeee
dd00
ddee
dd00
33ed
2200
91ee
1200
91ee
1200
91ee
1200
91ee
1900
91ee
1900
91ee
1900
91ee
2900
91ee
9000
11ee
9000
11ee
0000
11ed
0000
11de
0000
31ed
0000
9999
0000
0099
0000
00ee
0000
0099
9900
09ee
ee00
9eee
ee00
eeee
ee00
eeee
ee00
eeee
ee00
eeee
ee00
e9ee
ee00
d9ee
ee00
e9ee
e900
edee
e900
ddee
9900
33ee
e900
12ee
e900
11ee
e900
11ee
e900
11ee
e900
11ee
9900
11ee
9900
12ee
9900
19ee
9200
22ee
9300
99ee
a900
0aee
0a00
00ee
0000
00ee
0000
00ee
0000
0099
0000
0066
0000
0066
0000
0066
0000
00ee
0000
0099
9900
09ee
ee00
9eee
ee00
eeee
ee00
eeee
ee00
eeee
ee00
eeee
ee00
e9ee
ee00
e9ee
ee00
ddee
e900
edee
e900
ddee
e900
33ee
e990
11ee
e990
11ee
e990
19ee
e990
19ee
e990
19ee
9000
12ee
9000
12ee
9000
12ee
9000
22ee
9000
92ee
0000
aaee
0000
00ee
0000
00ee
0000
00ee
0000
0099
0000
0066
0000
0066
0000
0066
0000
00ee
0000
0099
9900
09ee
ee00
9eee
ee00
eeee
ee00
eeee
ee00
eeee
ee90
eeee
ee90
e9ee
ee90
e9ee
ee19
e9ee
e919
edee
e919
edee
e990
d1ee
e900
33ee
e900
11ee
e900
12ee
e900
12ee
e900
11ee
9000
11ee
9000
32ee
9000
13ee
9000
31ee
9000
99ee
0000
aaee
0000
00ee
0000
00ee
0000
00ee
0000
0099
0000
0066
0000
0066
0000
0066
0000
00ee
0000
0099
9900
09ee
ee00
9eee
ee00
eeee
ee00
eeee
ee00
eeee
ee00
eeee
ee00
e9ee
ee00
d9ee
ee00
e9ee
e900
edee
e900
ddee
e900
99ee
e990
99ee
e990
90ee
e990
90ee
e990
00ee
e990
00ee
9000
00ee
9000
00ee
9000
90ee
9000
29ee
9000
12ee
0000
11ee
0000
11ee
0000
91ee
0000
92ee
0000
9999
0000
0966
0000
0066
0000
0066
0000
0066
0000
0066
0000
0066
9000
0066
9000
0069
9000
0069
9000
0069
9000
0090
9000
0090
9000
0090
9000
0090
9000
0090
9000
0090
9000
0000
9000
0000
9900
0000
6900
0000
6900
0000
6900
0000
6900
0000
6900
0000
9900
0090
3300
0090
3300
0090
3900
0090
3900
0000
9900
0000
9900
0000
3900
0000
3300
0090
3300
0090
3300
0090
9900
0000
0000
0000
0000
0000
0000
0000
0000
0000
0000
0000
0000
0000
0000
0000
0000
0000
0000
0000
0900
0000
9100
0000
0900
0000
9999
0000
2211
0000
1111
0000
2199
0000
9900
0000
0000
0000
0000
0000
0000
0000
0000
0000
0000
0000
0000
0000
0000
0000
0000
0000
0000
0000
0000
0000
0000
0000
0000
0000
0000
0000
0000
0000
0000
9999
0000
99ee
0000
99ee
0000
99ee
0000
99ee
9000
99ee
9000
edee
e900
deee
e900
deee
ed00
d9ee
ee00
99ed
ed00
299d
ee00
129e
ee00
11dd
ed00
22dd
de00
99aa
9900
9999
6900
9967
6600
6966
6600
9699
6600
9699
6600
9976
9900
6966
9900
6666
9900
9696
3300
9699
3300
0909
9300
0090
9900
0990
9300
9939
3900
9999
9300
9999
3300
0066
0000
0066
0000
0066
9000
0066
9000
0099
9000
0090
9000
0900
9000
0900
9000
9600
9000
9600
9000
6600
9000
6600
9000
6600
9000
9690
9000
0990
9900
0039
6900
0099
6900
0099
6900
0039
6900
0039
6900
0099
9900
0099
3300
0090
3300
0000
3900
0000
3900
0000
9900
0000
9900
0000
3900
0000
3300
0000
3300
0000
3300
0000
9900
0000
0000
0000
0000
0999
0000
9eee
0000
eeee
0000
edee
0000
edee
0000
edee
9000
eeee
e900
eeee
ee00
eeed
ea00
eeee
a200
eeee
a200
eeee
2100
eeee
2100
eeee
2200
edee
9200
deee
9900
deee
8900
deee
8900
deee
9900
9eee
9100
9eee
1100
9eee
1100
9eee
1200
09ed
2900
09d9
9000
0991
9000
0991
0000
0099
0000
0069
0000
0066
0000
0000
0000
0000
0000
0999
0000
9eee
0000
eeee
0000
edee
0000
edee
9000
edee
e900
eeee
ee00
eeed
ea00
eeee
a900
eeee
a200
eeee
2100
eeed
2200
eeee
3200
edee
9300
deee
8900
deee
8800
deee
8800
deee
8800
deee
8900
9eee
8900
9eee
9200
9eee
2100
9dee
1100
09ee
1200
09ed
1200
09de
2900
09dd
2900
0099
9000
0066
9000
0066
0000
0000
0000
9999
0000
dded
0000
99ef
0000
99ee
0000
99ee
3000
9dee
9300
deee
e900
eee9
3200
ee93
1100
ee99
1100
ee9d
1100
eed9
3100
eed9
9900
eeed
8900
eedd
8800
eeed
8800
eeed
8800
eeee
8800
eeee
8800
eeee
8800
eeee
8800
eeee
8900
eeed
9200
eeee
2100
eddd
1190
dedd
1919
9ddd
9999
9d99
0090
0996
0090
0966
0090
0066
0099
0000
0000
0000
0000
0999
0000
9eee
0000
eeee
0000
9d9e
0000
299e
0000
129e
9000
119e
e900
919e
e900
12ed
d900
91ee
ed00
22ee
ed00
999e
3300
ee29
d200
ee12
1100
ed11
1100
de11
1100
de31
1100
de91
1100
ded9
1200
9eed
1200
9ede
1200
9eed
2900
9ede
2900
09ed
9800
09ed
8800
09de
8800
09dd
8800
0099
8000
0066
0000
0066
0000
0000
0000
0000
0000
0999
0000
9eee
0000
eeee
0000
edee
0000
edee
9000
edee
e900
eeee
ee00
eeed
ea00
eeee
a900
eeee
a200
eeee
2100
eeed
2200
eeee
3200
edee
9300
deee
8900
deee
8800
deee
8800
deee
8800
deee
8900
9eee
8900
9eee
9200
9eee
2100
9dee
1100
0999
1200
0999
2200
0911
2900
0912
9000
0091
0000
0099
0000
0069
0000
0000
0000
0000
0000
0999
0000
9eee
0000
eeee
0000
edee
0000
edee
0000
edee
0000
ee9d
9000
eed9
9000
eee9
9000
eee9
9000
eeed
9000
eeed
9000
eeed
8000
eeed
8000
eded
8000
deed
8000
deed
8000
99dd
8000
91ed
8000
91dd
8800
91d9
8800
2192
8800
1111
8800
1111
8800
2222
8800
2239
8000
9999
8000
0099
0000
0066
0000
0066
0000
0000
0000
0000
0000
0000
0000
0000
0000
9999
0000
9dee
0000
d9ee
0000
99ee
9900
99ee
e900
99de
9900
99dd
1100
dea9
1100
eeea
1100
eeed
1100
deda
2200
eeed
9200
deda
0900
edaa
0090
deaa
0090
ddd9
0090
dd90
0090
dd90
0090
ad00
0090
da00
0090
ad90
0090
aa09
0090
aa90
0090
aa09
9990
aa90
9090
9900
0990
0000
0990
0000
0000
0000
0000
0000
0000
0000
0000
0099
0000
99cc
0000
4ac4
0000
4ac4
0000
4c44
9000
4b44
2900
4c44
1200
4c44
1100
4c44
1100
4c44
1100
4c44
1100
4444
2100
4444
3100
4444
9300
a499
8900
4494
8800
9444
8900
9444
9900
9444
9100
9a44
1100
9a44
1100
0944
1200
0949
2900
0999
9000
0991
9000
0091
0000
0099
0000
0069
0000
0066
0000
0000
0000
0000
0000
0000
0000
0099
0000
99bc
0000
4ac4
0000
4ac4
9000
4cc4
2900
4b44
1200
4c44
1100
4c44
1100
4c44
1100
4c44
1100
4c44
9200
4444
9300
4444
8900
4444
8800
a494
8800
4449
8800
9444
8800
9444
8900
9444
8900
9a44
9200
9a44
2100
0944
1100
0944
1200
0944
1200
0999
2900
0099
2900
0099
9000
0066
9000
0066
0000
0000
0000
0000
0000
0000
0000
0000
0000
0000
0000
0000
0000
0000
0000
0000
0000
0000
0000
0000
0000
0000
0000
0000
0000
0000
0000
0000
0000
0000
0000
0000
0000
0000
0000
0000
0000
0000
0000
0000
0000
0000
0000
0000
0000
0000
0000
0000
0000
0000
0000
0000
0000
0000
0000
0000
0000
0099
0000
99b4
0000
99bc
0000
99bc
9000
4bcc
4400
4bc4
9400
4bc4
3900
4444
3900
4444
3900
a444
3900
4a44
3900
a4a4
3900
9a4a
3900
94a4
3900
094a
3900
99a9
9a00
99a9
9a00
6993
9a00
6693
9a00
6932
9900
9921
9900
9911
9600
6911
6600
6911
6600
9611
9900
9612
9900
9922
3900
0929
3300
0999
3300
9999
9300
2299
9900
1139
9300
1199
3900
1139
9300
1293
3300
2199
9900
4bcc
4900
4bc4
4400
44c4
a900
4444
9900
4444
1900
4444
1100
a444
1100
9a44
1100
9444
1100
994a
1100
09a4
1100
094a
1100
00a4
2100
0099
3100
0099
3200
0999
3300
9969
3200
9996
3200
9669
3200
9696
3300
9999
3100
6999
3100
9699
1100
9999
1100
9993
1100
0033
1300
0099
1900
0099
1900
0092
2900
0091
3900
0021
9300
0931
9900
0000
0000
0999
0000
9999
0000
9932
0000
9921
0000
9921
0000
9b21
9000
cc32
1900
bb39
1100
cc93
1100
cc99
1100
cc99
1100
cc99
3100
cc49
9900
bc44
8900
cb49
8800
4c44
8800
4c44
8800
4c44
8800
4c44
8800
4444
8800
4444
8800
4444
8900
4444
9200
4444
2100
9449
1190
9999
1919
0999
9999
0999
0090
0966
0090
0966
0090
0066
0000
0000
0000
0000
0000
0000
0000
0099
0000
99cc
0000
9a94
0000
2994
0000
1294
0000
1194
0000
9194
9000
1244
9000
9144
9000
2244
2900
9993
2900
4429
2900
4412
2900
4411
2200
a411
1200
4431
1200
9491
1200
9449
1200
94a4
1200
9a4a
1200
9a44
2900
094a
2900
0944
9800
0944
8800
0999
8800
0099
8800
0099
8000
0066
0000
0066
0000
0000
0000
0000
0000
0000
0000
0099
0000
99bc
0000
4ac4
0000
4ac4
9000
4cc4
2900
4b44
1200
4c44
1100
4c44
1100
4c44
1100
4c44
1100
4c44
9200
4444
9300
4444
8900
4444
8800
a494
8800
4449
8800
9444
8800
9444
8900
9444
8900
9a44
9200
9a44
2100
0944
1100
0999
1200
0999
3300
0911
3900
0012
9000
0091
0000
0099
0000
0099
0000
0000
0000
0000
0000
0000
0000
0099
0000
99cc
0000
4ac4
0000
4ac4
0000
4c44
0000
4b44
0000
4c44
0000
4c44
0000
4c44
0000
4c44
0000
4c4a
0000
444a
0000
444a
0000
44aa
0000
a499
0000
4494
0000
994a
8000
91a4
8000
914a
8000
91a9
8000
2192
8000
1111
8000
1111
8000
2222
8000
2239
8000
9999
8000
0099
8000
0066
0000
0066
0000
0000
0000
0000
0000
0999
9900
9499
4400
3999
4900
1999
4900
1999
4900
19cc
4900
19bb
4900
19cc
4900
19cc
4900
13cc
4900
13cc
4900
13cc
4900
199c
4900
3999
9900
9133
1900
9111
2100
9211
9900
3912
9900
1199
1100
1199
3300
324c
3300
9944
9900
0044
0000
0044
0000
0044
0000
0044
0000
009e
0000
009d
0000
0099
0000
0066
0000
0000
0000
0000
0000
0000
0000
0000
0000
9999
0000
9b44
0000
b944
0000
9949
0000
9949
9000
99a9
1900
99a9
1100
bba9
1100
bcaa
1100
cc4a
1100
bca4
2200
cb4a
9200
b44a
0900
44aa
0090
44aa
0090
4499
0090
4499
0090
4490
0090
4a00
0090
a400
0090
4a90
0090
a409
0090
4a90
0090
a909
9990
9a90
9090
9900
0990
0000
0990
0000
0000
0099
0000
00cc
0000
0099
0000
0b44
0000
0944
9000
9444
9000
9444
9900
9944
9900
9244
9900
9144
9900
9144
9900
9144
9200
9144
1200
9144
1200
9144
1200
9144
1200
914a
1200
9144
1200
9144
1200
9144
1200
9144
1900
9144
1900
9144
1900
9144
2900
9144
9000
1144
9000
1144
0000
114a
0000
11a4
0000
314a
0000
9999
0000
0099
0000
00cc
0000
0099
9900
0944
4900
9144
4900
1344
4900
1244
4900
1244
4900
1244
4900
1244
4900
1244
4900
1244
4900
1244
4900
1244
9900
1244
4900
1244
4900
1144
4900
1144
4900
1144
4900
1144
9900
1144
9900
1244
9900
1944
9200
2244
9300
9944
a900
0a44
0a00
0044
0000
0044
0000
0044
0000
0099
0000
0066
0000
0066
0000
0066
0000
00cc
0000
0099
9900
0944
4400
9144
4900
1244
4900
1244
4900
1244
4900
1244
4900
1244
4900
1244
4900
1244
4900
1244
4900
1244
4900
1244
4990
1244
4990
1244
4990
1944
4990
1944
4990
1944
9000
1244
9000
1244
9000
1244
9000
2244
9000
9244
0000
aa44
0000
0044
0000
0044
0000
0044
0000
0099
0000
0066
0000
0066
0000
0066
0000
00cc
0000
0099
9900
0944
4400
9144
4900
1144
4900
1244
4900
1244
4990
1244
4990
1244
4990
1244
4919
1244
4919
1244
4919
1244
4990
1244
4900
1244
4900
1244
4900
1244
4900
1244
4900
1144
9000
1144
9000
3244
9000
1344
9000
3144
9000
9944
0000
aa44
0000
0044
0000
0044
0000
0044
0000
0099
0000
0066
0000
0066
0000
0066
0000
00cc
0000
0099
9900
0944
4400
9144
4900
1144
4900
1144
4900
1144
4900
1144
4900
1144
4900
1244
4900
1244
4900
2244
4900
2244
4900
2944
4990
9944
4990
9044
4990
9044
4990
0044
4990
0044
9000
0044
9000
0044
9000
9044
9000
2944
9000
1244
0000
1144
0000
1144
0000
9144
0000
9244
0000
9999
0000
0966
0000
0066
0000
0066
0000
9999
0000
9944
0000
9944
0000
99aa
0000
9911
9000
9911
9000
cb11
4900
cc11
4900
bc11
4400
4919
4400
999a
4400
21a4
4400
114a
4400
11a4
4400
224a
4400
99aa
9900
9999
6900
9967
6600
6966
6600
9699
6600
9699
6600
9976
9900
6966
9900
6666
9900
9696
3300
9699
3300
0909
9300
0090
9900
0990
9300
9939
3900
9999
9300
9999
3300
0000
0000
0000
0000
0099
0000
0922
0000
9b11
0000
9c21
0000
c312
9000
c34b
2900
324b
4200
914b
1400
91b4
1300
91bc
1100
92cc
1100
91c4
1100
93c4
9100
b344
9900
c944
8800
c94c
8800
c94c
8800
bbcc
8800
cbcc
8900
bccc
8900
94a4
9900
9b11
2100
0911
1100
09ac
1200
09cb
1400
09cc
2900
0cbc
4900
cc9c
9000
999c
9000
099b
0000
0000
0000
0000
0000
0000
0000
0000
0000
9900
0000
b299
0000
3316
0000
33bc
0000
33bc
0000
33cc
0000
12cc
9000
21ca
4900
12ca
4400
21ca
4300
12ca
3100
21ca
2100
13ca
1100
11ca
3100
11cc
9900
41cc
0900
43bc
9200
3bcb
9c00
9bcc
0000
b9cc
c000
cb9c
cc00
4cc9
9c00
4c9a
2900
cca0
9900
c409
9900
cca9
0900
9b09
9900
9900
0000
8888
8888
8888
8888
8888
8888
8888
8888
8888
8888
8888
8888
8888
8888
8888
8888
8888
8888
8888
8888
8888
8888
8888
8888
8888
8888
8888
8888
8888
8888
8888
8888
8888
8888
8888
8888
8888
8888
8888
8888
8888
8888
8888
8888
8888
8888
8888
8888
8888
8888
8888
8888
8888
8888
8888
8888
8888
8888
8888
8888
8888
8888
8888
8888
0000
0000
0000
0000
0000
0000
0000
0000
0000
0000
0000
0000
0000
0000
0000
0000
0000
0000
0000
0000
0000
0000
0000
0000
0099
0000
009d
0000
00ed
0000
00dd
0000
00ed
0000
009d
0000
0099
0000
0000
0000
0000
0000
0000
0000
0000
0000
0000
0000
0000
0000
0000
0000
0000
0000
0000
0000
0000
0000
0000
0000
0000
0000
0000
0000
0000
0000
0000
0000
0000
0000
0000
0000
0000
0000
0000
0000
0000
0000
0000
0000
0000
0000
000e
0000
000e
0000
00e0
0000
00ea
ee00
00ea
0e00
004a
e000
0044
0000
0044
0000
0040
0000
0e04
0000
0e44
0000
eeaa
0000
0040
0000
004a
e000
00ee
ee00
00e0
ee00
0000
0000
0000
0000
0000
0000
0000
0000
0000
0000
0000
0000
0000
0000
3333
3333
3333
3333
3333
3333
3333
3333
3333
3333
3333
3333
3333
3333
3333
3333
3333
3333
3333
3333
3333
3333
3333
3333
3333
3333
3333
3333
3333
3333
3333
3333
3333
3333
3333
3333
3333
3333
3333
3333
3333
3333
3333
3333
3333
3333
3333
3333
3333
3333
3333
3333
3333
3333
3333
3333
3333
3333
3333
3333
3333
3333
3333
3333
0000
0000
0090
0000
99b9
0000
99aa
0000
9aaa
0000
a9aa
0000
ccaa
9000
bbaa
b900
bb99
ab00
99cb
aa00
99bc
aa00
96bb
aa00
67bb
aa00
769b
aa90
7799
aa90
7699
aa90
66ca
9990
76bc
cb90
96ab
bb90
9699
b900
c999
9900
b996
bb00
b996
9900
b969
9900
bb6b
9900
bb69
9b00
bb6b
bc00
9b99
cb00
9bb9
9900
9b99
9000
99bb
0000
9999
0000
0099
0000
0077
9900
0076
6900
0066
7600
0966
6700
9667
7600
9776
6600
7766
6600
6766
6790
7666
7690
6666
6690
6666
6690
6666
66c9
6666
66b9
6666
66b9
6696
66b9
66ca
66a9
66bc
6690
96ab
6690
9699
6690
c999
9990
c996
bb00
b996
9900
b969
9900
bb67
9600
bb69
9600
bb67
bc00
bb99
cb00
bb7b
9900
bb99
9000
9bbb
0000
9999
0000
0099
0000
0077
9900
0066
6900
0066
7600
7966
6700
7766
6600
3776
6600
6366
6600
6646
6699
9666
7699
9963
9690
6966
6990
9636
66c9
6967
96b9
9667
77b9
6696
73b9
66ca
66a9
66bc
6990
96ab
6690
9699
6690
c999
9990
c996
bb00
b996
9900
b969
9900
bb67
9600
bb69
9600
bb67
bc00
bb99
cb00
bb7b
9900
bb99
9000
9bbb
0000
9999
0000
0000
0000
0099
0000
00bc
0000
00cb
9000
00bc
c900
009b
bc00
0099
9b00
00a9
9900
09aa
b900
9baa
b900
baaa
b990
aaa9
b990
aa9b
9990
aacb
99b9
aabb
9ab9
aab9
9ab9
aa99
aa99
aa99
a790
a996
7690
9969
9990
9c76
9a90
bc77
9a90
bb77
9990
bb67
9790
bb76
9990
bb66
9990
bb66
9900
9b99
9900
99cb
9600
99bb
9900
99bb
9900
0099
9900
0990
0000
9669
0000
6676
0000
7767
0000
6676
0000
6766
9900
7767
9900
6666
6900
6767
7600
6666
6700
6676
6690
6666
6690
6676
6690
6667
66b9
6676
66b9
6666
66b9
6667
66b9
6676
66a9
6666
6699
6667
6990
6676
9b90
6666
9c90
9667
bb90
c966
cb90
bc66
ba90
bb66
b990
bb96
9990
ab99
9900
aacb
9600
99bc
aa00
99bb
a900
0099
9900
0990
9900
9669
6600
6676
6600
7767
7600
6677
7700
6677
3700
6667
7600
6666
7600
6666
7600
6636
6600
6666
6690
7663
6990
7666
6690
7636
96b9
7667
66b9
7637
66b9
7677
66b9
7776
66a9
6766
6699
7796
6990
7766
9b90
7666
9c90
7796
bb90
6766
cb90
6696
ba90
6669
b990
9996
9990
9999
9900
99cb
9600
99bc
aa00
99bb
a900
0099
9900
0000
0000
0000
0000
0000
0000
0000
0000
0000
0000
0000
0000
0000
0000
0000
0000
0000
0000
0000
0000
0000
0000
0000
0000
0000
0000
0000
0099
0000
0096
0000
6066
0000
9969
0006
76cb
0006
76b9
0000
6799
0000
6697
0000
6666
0000
666a
0000
6769
0099
6799
0066
769b
0077
66bb
0076
66bb
0066
66b9
0066
6699
0076
6699
0066
6699
0000
0000
0000
0000
0000
0000
0000
0000
0000
0000
0000
0000
0000
0000
0000
0000
0000
0000
0000
0000
0000
0000
0000
0000
0900
0000
9600
0000
6700
0000
6700
0000
6600
0000
6600
0000
6600
0000
6699
0000
76bc
0000
69cb
0000
99bb
0000
99b9
0000
9999
6000
bc99
6000
bb99
6000
9996
0000
9966
0000
9966
0000
9966
0000
9996
0000
0966
9999
0966
6699
9966
6666
6c9c
7667
c66c
6676
c66c
6677
cccc
9666
bcc6
9966
9bcc
9966
99cc
9a96
96cc
9699
cfcb
9a99
c9c6
9669
6966
6a77
996c
a667
cc6c
6a66
cc66
a666
c999
6666
9999
7696
9999
6796
9969
6699
c969
6669
96cc
9666
9666
9966
6c99
6a99
6990
a696
9900
696a
9900
94a6
9900
4466
0909
3999
0093
9999
0099
9099
9999
0000
7999
0000
6969
0000
6699
0000
6677
0000
6667
0000
6666
0000
7696
0000
6699
9000
6669
7900
6666
6700
6966
6700
9996
7600
9969
6600
9666
6900
9766
9900
9667
0000
9677
9000
6979
9900
6999
6600
9996
6600
6996
6600
6996
9600
9966
9900
9966
9900
9666
9900
6699
9000
6699
0000
6690
0000
9900
0000
9000
0000
9000
0000
0000
0096
0000
0999
0000
9966
0000
9c66
0000
cc66
0000
6669
0009
bcc9
0009
cfc6
0009
6c96
0090
cb96
0099
c966
0009
6999
0099
99c9
0009
9969
0096
cfc9
00cc
cf96
00c6
cc96
006c
c966
09f9
6999
99cc
9996
966c
996a
969c
9966
9699
996a
9999
6666
9996
6976
7769
6999
6799
7699
6699
9999
6699
9999
090a
4499
99a0
3999
900a
9900
0000
0000
0000
0000
0000
0000
9000
0000
9900
0000
7900
0000
6700
0000
9600
0000
9900
0000
6900
0000
7700
0000
6600
0000
6699
0000
6666
0000
9966
0000
6976
0000
9967
0000
6667
0000
6666
0000
6667
9000
6966
9000
6666
9000
6666
9000
6696
6900
6799
6000
7799
9000
9969
9900
9966
9900
9669
0000
99a0
0000
9a0a
0000
0aa0
0000
0000
0000
0000
0000
0000
0000
0000
0000
0000
0000
0000
0000
0000
0000
0000
0000
0000
0000
0000
9900
0000
6700
0000
7600
0000
6699
0000
6966
0000
9967
0000
9966
0000
cb66
0009
9b66
0096
9976
0077
bc69
0069
c966
009c
9769
009c
6699
0099
6696
0099
6697
0099
6676
0999
9976
939b
9996
399b
9996
9a99
3399
a0a9
a999
0000
0999
0000
0000
0000
0000
0000
0000
0000
0000
0000
0000
0000
0000
0000
0000
0000
0000
9900
0000
6900
0000
7600
0000
7700
0000
6600
0000
a600
0000
6a90
0000
6799
0000
9669
0000
9669
0000
9669
0000
7979
0000
6779
0000
6699
0000
6699
0000
6696
0000
6666
0000
9696
0000
a6a9
0000
9a9a
0000
9aaa
0000
a9a9
0000
0090
0000
0000
0000
0099
0000
0060
0000
9669
9900
9966
6600
9966
6690
cc66
9996
6c96
9699
9cc9
77b9
9ccc
66b9
9ccc
6699
cccc
6699
cccc
6799
9cc6
6669
6ccc
6666
cccc
6666
cccc
669b
cc99
669b
cc99
666b
9c99
679b
9f99
6699
9c99
6699
9b99
9679
9999
6339
99c9
6639
c999
6999
cc99
7796
9c99
6666
cc96
9666
cc90
9999
cc99
0096
9999
0099
0000
0009
0000
0000
bb00
0000
aa00
0000
9766
9000
7477
6000
9666
0000
b669
0600
9996
0600
9996
7600
9996
6000
9b99
0900
9c99
9900
ccc9
0b00
c977
6b00
b966
6660
9966
a606
9766
9666
4496
9999
4466
9900
4967
9900
9666
9900
6666
9900
4467
6900
3466
6600
3366
7600
9966
6700
9966
6600
99a6
6600
66a9
6660
699a
9990
6699
9600
b993
6700
9999
7600
a999
6990
6966
6999
6669
9376
9664
6667
9969
9976
9966
6676
9966
6699
9666
6699
9699
9669
0699
9969
0966
9499
0996
7467
0096
9996
0096
6997
9096
6779
0006
6969
0066
9999
0966
9966
0960
9966
0096
c699
0006
cc66
0009
6966
0000
6066
0000
6666
0000
0999
0000
0099
0000
0009
0000
0000
0000
0000
0000
0000
0000
0000
0000
0000
0000
4000
0040
0000
0040
0000
0000
0900
0900
0900
9900
0900
0409
0000
4994
0000
4949
6000
3499
9000
9900
0000
0060
9000
0060
0000
6960
0000
6666
6600
9799
9600
6696
9600
6699
0600
6699
6600
6666
6600
6669
9600
6967
9700
9666
7700
6696
9900
9996
7990
6999
9900
6b99
0900
99b9
9900
9990
9000
0000
0000
0000
0000
0000
0000
0000
0000
0000
0000
9000
0000
6900
0000
6909
0900
6999
9900
6996
9900
6969
9600
7996
6600
79e9
6700
79dd
6600
7699
6600
7949
6600
9449
6690
4444
7669
9994
6679
6694
6769
6669
7669
6679
7799
6767
6690
6777
9690
6766
9990
7766
cb90
7666
9a90
7666
9990
7696
6990
6699
6900
69cb
9900
99bc
9a00
99bb
9900
0099
9900
0090
0000
0099
9990
0077
6600
9067
7700
7967
7600
7696
9900
6709
9600
6600
6700
6690
7600
9967
6600
9496
6990
0009
6600
0900
6900
9690
6990
9609
9099
669d
9079
6949
9069
9090
0090
0909
0900
0994
0900
9749
9900
7699
6990
7609
6790
6690
6690
6009
6690
9999
9990
9999
0990
0977
0090
0909
0090
0969
9090
0969
0000
0099
0900
0000
0000
0000
0000
0000
0000
0000
0000
0000
0000
0000
0000
0000
0000
0000
0000
0000
0000
0000
0000
0000
0000
0000
0000
0999
0000
9996
0000
7676
0900
7769
9b00
6667
7790
6966
77b9
9696
6699
6696
9690
9699
9999
7797
9b69
6697
9999
6667
9909
6676
6990
6666
6900
9966
7690
9966
7690
9b69
7699
bb99
6699
9bbb
6600
9999
9900
0000
0000
0000
0000
0000
0000
7000
0000
0000
0000
0000
0000
0000
0000
0000
0000
0000
0000
0000
0000
0007
0000
0000
0000
0000
0000
0070
0000
0900
0000
0900
0000
0990
0000
0099
0000
9909
9000
9079
9900
7776
7900
6667
9900
6666
6600
9666
6600
a669
6600
b699
9900
a6aa
aa90
66ba
aa90
669a
9a00
6699
9a00
6609
0990
9900
0090
0000
0000
0000
0000
0000
0000
0000
0000
0000
0000
7000
0000
c000
0000
0700
0000
0000
0000
0000
0000
0077
0000
00c0
0000
0000
0000
0000
0000
0000
0000
0000
0000
0000
0000
0000
0000
0000
0900
9000
9900
9909
9700
6796
7790
7966
76a9
6696
7aa9
6669
aa99
6676
6a90
6676
6700
6a67
9700
6a66
9990
9a9a
a990
0999
9990
9999
0000
0000
0000
0000
0000
0000
0000
0000
0000
0000
0000
7000
0000
c700
0000
0700
0000
0000
0000
7700
0000
0000
0000
0000
0000
70c7
0000
0700
0000
0000
0000
0000
0000
0000
0000
0000
0000
0000
7000
0070
7000
00c7
7000
0077
0000
0070
c000
0000
0c00
0000
0c00
0000
c000
0000
c000
0777
9000
7c99
9900
9c99
9990
9c99
9900
9999
0000
0000
0000
0000
0000
0000
0000
0000
0000
0000
0000
0000
0000
0000
0000
0000
0000
0000
0000
0000
0000
c000
0000
7000
0000
7700
0000
c700
0000
7000
0000
0000
0000
0000
0000
00c0
0000
00c0
0000
c00c
0000
0000
0000
0000
0000
0c00
0000
0077
cc00
7c00
0c00
7000
0c00
7000
0c00
c000
9000
0c99
9900
9999
9990
9999
9900
9999
0000
0000
0000
0000
0000
0000
0000
0000
0000
c000
0000
0000
0000
0000
0000
0000
0000
0000
0000
0000
0000
0000
0000
0000
0000
0000
0000
0000
0000
0000
0000
0000
0000
0c00
0000
0000
0000
0000
0000
0000
0000
0c00
0000
000c
0000
0000
0000
0000
0000
0000
0000
0000
0000
0000
0000
0000
9000
0099
9900
9999
9990
9999
0900
0990
0000
0000
0000
0000
0000
0000
0000
0000
0000
0000
0000
0000
0000
0000
0000
0000
0000
0000
0000
0000
0000
0000
0000
0000
0000
0000
0000
0000
0000
0000
0000
0000
0000
0000
0000
0000
0000
0000
0000
0000
0000
0000
0000
0000
0000
0000
0000
0000
0000
0000
0000
0000
0000
0000
0000
0000
0000
0000
0000
9009
0900
0990
0000
0000
0000
0000
0000
0600
0000
9900
0000
66a0
0000
667a
0000
667a
0900
667a
9900
997a
a700
693a
9600
0077
6600
0677
6700
09a6
6600
967a
7600
6667
6600
7776
6690
7636
7669
6666
a679
7777
7769
aaa7
7769
0a67
7799
0067
6690
0066
9600
0966
9900
9766
a000
9666
a000
9666
9000
9699
6900
0900
6900
0000
9900
0000
9000
0000
9000
0000
0000
0006
0000
0069
0000
0069
0090
9009
0090
9000
0090
9960
0090
6690
0000
7979
0000
7977
0000
9066
0000
0069
0000
0099
0900
0006
9900
0000
9700
0000
7600
0000
6600
0090
6600
0090
9900
0090
0900
0000
0000
0900
0000
9600
9000
6706
9000
7606
7900
6667
7990
6667
9990
6976
0069
9976
0069
9006
0099
9090
0099
0099
0090
0099
0090
0000
0000
0000
0090
0000
0000
0000
0000
0000
0000
0000
0000
0000
0000
0000
0000
0000
0000
0090
9000
0000
0000
0000
0090
0000
0069
0000
0069
0000
0069
0000
0069
0000
0090
0000
0000
9900
0000
7600
0000
6600
0900
6900
0000
9900
0000
0000
0000
0000
0000
0000
0000
0900
0000
0000
0000
0009
0900
0000
0690
0000
0900
0009
0000
0000
0000
0000
0000
0000
0000
0000
0000
0000
0000
0000
0000
0000
0000
0000
0000
0000
0000
0000
0000
0090
0000
00d9
0000
00dd
0000
00de
0000
997d
0000
497d
0000
337d
0000
9377
0000
9977
0090
9977
0090
4377
9090
9977
9a90
946a
ba90
93a7
ba00
94a7
ba00
4977
bb00
4979
bb00
4996
cc00
4997
9900
3909
0000
9400
0000
0900
0000
0000
0000
0000
0000
0000
0000
0000
0000
0000
0000
0000
0000
0000
0000
0000
0000
0000
0000
0000
0000
0000
0000
0000
0000
9900
0000
3499
0000
93e6
0000
09dd
0000
09dd
0000
007d
0000
097d
0000
0977
0000
0977
0000
0977
9000
9477
9900
4376
9b00
997a
bb00
096a
bb00
9497
bb00
9377
ac00
9999
c900
0099
9900
0009
0000
0000
0000
9000
0000
4900
0000
9400
0000
0999
0000
0077
0000
0066
0000
9999
9000
3499
7900
999a
d900
009a
dd00
009a
d600
0999
d600
9494
7600
3349
7600
9996
6700
0097
6700
0096
a700
0099
7700
0009
7900
0000
9b00
0000
bb00
0000
bb00
0000
bb00
0000
bb00
0000
aa00
0000
ba00
0000
bb00
0099
ba00
004b
a900
009a
9000
0099
9000
0000
0000
0000
0000
0099
0000
0077
0000
0066
0000
0999
9000
0999
7900
949a
d900
949a
dd00
499a
d600
9999
d600
0994
7600
0949
7600
9496
6700
9397
6700
3396
a700
3909
7700
9909
7900
0900
9b00
0999
bb00
099c
bb00
09cb
bb00
00ab
b900
00ba
a900
00bb
9000
009b
0000
0099
0000
009b
0000
0039
0000
0039
0000
0099
0000
0000
0000
0000
0000
0000
0000
0090
0000
0049
9000
0044
9000
0094
9000
0094
9000
0043
9000
0033
0000
0093
9000
0093
7900
0094
d900
0099
dd00
0099
d600
0099
d600
0044
7600
0043
7600
0049
6700
0049
6700
0049
a700
0049
7700
0099
7900
0000
9900
9900
b900
0900
b900
0000
b900
0009
9000
009c
0000
00cc
9000
00cc
b900
00ca
bb00
00ac
b900
0099
9900
0000
0000
0000
0000
0000
0000
0000
0000
0000
0000
0000
0000
0000
0000
0000
0000
0000
0000
0000
0000
0000
0000
0000
0000
0000
0000
0067
7700
0077
7700
0077
6600
0777
0000
7eee
0000
7f77
0000
6776
0000
6666
0000
0660
0000
0000
0000
0000
0000
0000
0000
0000
0000
0000
0000
0000
0000
0000
0000
0000
0000
0000
0000
0000
0000
0000
0000
0000
0000
0000
0000
0000
0000
0000
0000
0000
0000
0000
0000
0000
0000
0000
0000
0000
0000
0000
0060
0077
0000
0067
0000
0076
7700
0077
e600
0677
6000
6777
0000
7e7e
0000
7f77
0000
6776
0000
6666
0000
0660
0000
0000
0000
0000
0000
0000
0000
0000
0000
0000
0000
0000
0000
0000
0000
0000
0000
0000
0000
0000
0000
0000
0000
0066
0000
0066
0000
0066
0000
0067
0000
0067
0000
0077
0000
0067
0000
0076
6000
0066
0000
0067
0000
00a7
0000
007d
0000
0067
7700
0077
6600
0077
6000
00a7
0000
0066
e000
0067
7600
0067
6600
0067
aa00
0067
0000
0067
0700
0076
0a00
00aa
0000
0006
0000
0006
0000
0000
0000
0000
0000
0000
0000
0000
0000
0000
0000
0000
0000
0066
0000
0066
0000
0067
0000
00e7
0000
007f
0000
007e
0000
0077
0000
0077
0000
00a7
0000
0067
0000
0667
0000
0677
0000
00e7
0000
0077
0000
0076
0000
006a
0000
0066
0000
00a7
0000
0067
0000
0067
0000
0067
0000
0067
0000
0077
0000
0077
0000
006a
0000
00a6
0000
0066
0000
006a
0000
00a0
0000
0060
0000
0060
0000
0000
000b
0000
00bb
0000
00b0
0000
0000
0070
0000
0077
0000
0077
0000
00f7
0c00
00e7
0c00
007f
c000
006e
0b00
0677
0b00
067e
cb00
0077
b000
0077
b000
007e
b000
0077
0c00
0076
0b00
0076
cb00
0076
b000
0066
0000
0066
0000
006a
0000
00a6
0000
0076
0000
0076
0000
0076
0000
0006
0000
006a
0000
00a6
0000
000a
0000
0000
0000
0000
0000
0000
0000
0000
0000
0000
0000
0000
0000
0000
0c00
0000
c000
0007
c000
0006
c000
0067
c000
0067
0c00
0067
0c00
0667
0c00
007a
0c00
006a
0c00
00a7
c000
0067
0000
0077
0000
0067
0000
007e
0000
0077
0000
00e7
0000
0077
cc00
0077
0000
00aa
0000
0067
0000
0067
0000
0066
0000
00a6
0000
000a
0000
0000
0000
0000
0000
0000
0000
0000
0000
0000
0000
0000
0000
0000
0000
0000
0000
0000
0c00
0000
0000
0000
c000
0000
0000
0000
0000
0060
0000
0060
0000
0066
0000
00a6
0000
0066
0000
0067
0000
0007
0000
00a7
0000
0067
0000
0067
0000
007a
0000
006a
0000
00a6
0000
0007
0000
0067
0000
00a7
0000
00a0
0000
000a
0000
0000
0000
0000
0000
0000
0000
0000
0000
0000
0000
0000
0000
0000
0000
0000
0000
0000
0000
0000
0000
0000
0000
0000
0c00
0000
0c00
0000
c000
00aa
c000
0000
0000
0000
c000
0066
0000
0006
0000
00a0
0000
0067
0000
00a0
0000
0067
0000
0006
0000
0066
0000
006a
0000
0006
0000
00aa
0000
000a
0000
000a
0000
000a
0000
0000
0000
0000
0000
0000
0000
0000
0000
0000
aa00
aa00
cb00
ac00
bb00
bb00
bb00
ab00
bb00
ab0a
bb00
0a0a
bb00
00aa
ba00
00aa
a000
006a
0000
00e7
0000
00de
9900
997d
a900
4497
9900
9997
9a00
9997
9a00
0097
9b00
9997
9b00
9997
9b00
4497
9b00
3979
9c00
99aa
9c00
9099
9900
0000
0900
0000
0900
0000
0900
0000
0900
0000
0900
0000
0900
0000
9400
0000
9900
0000
0000
0000
0000
0000
0000
0000
0000
0000
0000
0000
0a00
aa00
ab00
ac00
bc00
ab00
bb00
aa0a
bb00
0aaa
bb00
006a
bb00
00e6
aa00
00de
9900
997d
a900
4497
9900
9997
9a00
9997
9a00
0097
9b00
9997
9b00
9997
9b00
4497
9b00
3979
9c00
99aa
9c00
9099
9900
0000
0900
0000
0900
0000
0900
0000
0900
0000
0900
0000
0900
0000
9400
0000
9900
0000
0000
0000
0000
0000
0000
0000
cc00
0000
0000
0000
0c00
0000
9000
0000
9000
0000
0000
cc00
0000
0000
0000
cc00
0000
0900
0000
0900
cc00
0000
0c00
000c
c000
000c
b000
0000
0000
0000
0000
00c0
0000
00bc
0000
000c
0000
00bc
0000
00c0
c000
0000
0000
0000
0000
0000
0000
0000
0000
0000
0000
0000
0000
0000
0000
0000
0000
0000
0000
0000
0000
0000
0000
0000
0000
0000
0000
0000
7c00
0000
6900
0c00
9000
c000
0000
c000
0000
0c00
0000
0000
0000
0000
0000
0000
cc00
0000
0000
0000
9b00
0000
cc00
00cc
9c00
0000
0000
00bb
0000
00cc
0000
0090
c000
0090
0c00
0000
c000
0000
0000
0000
0000
0000
0000
0000
0000
0000
0000
0000
0000
0000
0000
0000
0000
0000
0000
0000
0000
0000
0000
0000
0000
0000
0000
0000
0000
0000
0000
0000
0000
0000
0000
9999
9900
eeee
ee00
eeee
ee00
99e9
e900
00e9
e900
09ee
e900
9eee
e900
ee99
e900
ec00
e900
c900
e900
9999
e900
eeee
ee00
eeee
ee00
9999
9900
0000
0000
0000
0000
0000
0000
0000
0000
0000
0000
0000
0000
0000
0000
0000
0000
0000
0000
0000
0000
0000
0000
0000
0000
0000
0000
0000
0000
0000
0000
0000
0000
0000
0000
0000
0000
9999
9900
eeee
ee00
eeee
ee00
e9e9
e900
e9e9
e900
eee9
e900
eee9
e900
99e9
e900
00e9
e900
00e9
e900
99e9
e900
eeee
ee00
eeee
ee00
9999
9900
0000
0000
0000
0000
0000
0000
0000
0000
0000
0000
0000
0000
0000
0000
0000
0000
0000
0000
0000
0000
0000
0000
0000
0000
0000
0000
0000
0000
0000
0000
0000
0000
0000
0000
0000
0000
9999
9900
9c9c
9c00
9e9e
9e00
9e9e
9e00
9e9e
9e00
9e9e
9e00
9e9e
9e00
9e9e
9e00
9e9e
9e00
9e9e
9e00
9e9e
9e00
9e9e
9e00
9c9c
9c00
9999
9900
0000
0000
0000
0000
0000
0000
0000
0000
0000
0000
0000
0000
0000
0000
0000
0000
0000
0000
0000
0000
0000
0000
0000
0000
0000
0000
9999
9900
e9e9
ee00
e99e
e900
e99e
e900
e99e
e900
e9ee
e900
e99e
e900
e99e
e900
e99e
e900
e99e
e900
e99e
e900
9999
9900
9999
9900
e9e9
9e00
9ee9
9e00
9eee
9e00
9eee
9e00
e9e9
9e00
9ee9
9e00
9ee9
9e00
9ee9
9e00
9ee9
9e00
e9e9
e900
9999
9900
0000
0000
0000
0000
0000
0000
0000
0000
0000
0000
0000
0000
0000
0000
0000
0000
0000
0000
0000
0000
0000
0000
0000
0000
0000
0000
9999
9900
4444
4400
4444
4400
9949
4900
0049
4900
0944
4900
9444
4900
4499
4900
4c00
4900
c900
4900
9999
4900
4444
4400
4444
4400
9999
9900
0000
0000
0000
0000
0000
0000
0000
0000
0000
0000
0000
0000
0000
0000
0000
0000
0000
0000
0000
0000
0000
0000
0000
0000
0000
0000
0000
0000
0000
0000
0000
0000
0000
0000
0000
0000
9999
9900
4444
4400
4444
4400
4949
4900
4949
4900
4449
4900
4449
4900
9949
4900
0049
4900
0049
4900
9949
4900
4444
4400
4444
4400
9999
9900
0000
0000
0000
0000
0000
0000
0000
0000
0000
0000
0000
0000
0000
0000
0000
0000
0000
0000
0000
0000
0000
0000
0000
0000
0000
0000
0000
0000
0000
0000
0000
0000
0000
0000
0000
0000
9999
9900
9c9c
9c00
9494
9400
9494
9400
9494
9400
9494
9400
9494
9400
9494
9400
9494
9400
9494
9400
9494
9400
9494
9400
9c9c
9c00
9999
9900
0000
0000
0000
0000
0000
0000
0000
0000
0000
0000
0000
0000
0000
0000
0000
0000
0000
0000
0000
0000
0000
0000
0000
0000
0000
0000
9999
9900
4949
4400
4994
4900
4994
4900
4994
4900
4944
4900
4994
4900
4994
4900
4994
4900
4994
4900
4994
4900
9999
9900
9999
9900
4949
9400
9449
9400
9444
9400
9444
9400
4949
9400
9449
9400
9449
9400
9449
9400
9449
9400
4949
4900
9999
9900
0000
0000
0000
0000
0000
0000
0000
0000
0000
0000
0000
0000
0000
0000
0000
0000
0000
0000
0000
0000
0000
0000
0000
0000
0000
0000
9999
9900
5555
5500
5555
5500
9959
5900
0059
5900
0955
5900
9555
5900
5599
5900
5c00
5900
c900
5900
9999
5900
5555
5500
5555
5500
9999
9900
0000
0000
0000
0000
0000
0000
0000
0000
0000
0000
0000
0000
0000
0000
0000
0000
0000
0000
0000
0000
0000
0000
0000
0000
0000
0000
0000
0000
0000
0000
0000
0000
0000
0000
0000
0000
9999
9900
5555
5500
5555
5500
5959
5900
5959
5900
5559
5900
5559
5900
9959
5900
0059
5900
0059
5900
9959
5900
5555
5500
5555
5500
9999
9900
0000
0000
0000
0000
0000
0000
0000
0000
0000
0000
0000
0000
0000
0000
0000
0000
0000
0000
0000
0000
0000
0000
0000
0000
0000
0000
0000
0000
0000
0000
0000
0000
0000
0000
0000
0000
9999
9900
9c9c
9c00
9595
9500
9595
9500
9595
9500
9595
9500
9595
9500
9595
9500
9595
9500
9595
9500
9595
9500
9595
9500
9c9c
9c00
9999
9900
0000
0000
0000
0000
0000
0000
0000
0000
0000
0000
0000
0000
0000
0000
0000
0000
0000
0000
0000
0000
0000
0000
0000
0000
0000
0000
9999
9900
5959
5500
5995
5900
5995
5900
5995
5900
5955
5900
5995
5900
5995
5900
5995
5900
5995
5900
5995
5900
9999
9900
9999
9900
5959
9500
9559
9500
9555
9500
9555
9500
5959
9500
9559
9500
9559
9500
9559
9500
9559
9500
5959
5900
9999
9900
0000
0000
0000
0000
0000
0000
0000
0000
0000
0000
0000
0000
0000
0000
0000
0000
0000
0000
0000
0000
0000
0000
000a
0000
000a
0000
0000
0000
0099
0000
000a
0000
000a
0000
0009
0000
0009
0000
0009
0000
0009
0000
0009
0000
0000
0000
0000
0000
0000
0000
0000
0000
0000
0000
0000
0000
0000
0000
0000
0000
0000
0000
0000
0000
0000
0000
0000
0000
0000
0000
0000
0000
0099
9000
0066
6900
0066
6600
0066
6600
0966
6600
0966
6c00
9c66
cb00
ca66
9900
ca66
6600
c66b
6690
c6cc
6690
c6bb
6690
bc99
6690
ac66
6690
9676
9690
6666
9690
7666
9690
6699
9a90
9693
9a00
3944
a900
494e
b900
3944
b900
9644
ba00
6699
bb00
6666
ab00
6697
9b00
6666
9b00
6766
9b00
9999
bb00
3499
b900
9f99
9900
9c99
9000
9c99
9000
9b99
7900
0996
6700
0996
7600
0966
6900
0066
9b00
0067
bc00
0076
bb00
0079
ba00
0669
a900
999b
9000
c99b
9000
f9ba
0000
c999
0000
930a
0000
39a0
0000
990a
0000
77a0
0000
6600
0000
6600
0000
9900
0000
0000
0000
0000
0000
0000
0000
0000
0000
0000
0000
0000
0000
0000
0000
0000
0000
0000
0000
0000
0000
0000
0000
0099
0000
0066
9900
0066
6900
0066
6600
0066
6600
0966
6b00
0966
bc00
0966
cb00
9c66
b900
9c66
9690
9c66
6690
6c6b
6690
6cbc
6690
6bcb
6690
cbbb
6690
aa96
6690
9969
9690
9667
c990
6676
b990
7666
b990
6669
9b00
6699
9b00
9644
9b00
494e
9b00
9644
9b00
6699
9900
6666
6900
7697
6900
6666
6900
6769
6900
6666
9900
7666
9900
6676
9000
9966
7900
c366
6700
c996
7600
9999
6900
9c39
9b00
9c99
bc00
9999
bb00
6699
ba00
7767
a900
6679
9000
9669
9000
999a
0000
6999
0000
960a
0000
99a0
0000
0000
0000
0000
0000
0000
0000
0000
0000
0000
0000
0000
0000
0000
0000
0000
0000
0000
0000
0000
0000
0000
0000
0000
0000
0000
0000
0000
0000
0000
0000
0000
0000
0009
9900
0099
9900
0066
6600
0066
6600
0066
6b00
0066
bc00
0066
cb00
0966
b990
0966
9690
9966
6690
9c66
6690
9c66
6690
9c6b
6690
6cbc
6690
6ccb
6690
6bbb
a690
cb99
9a90
aa69
c990
9a66
ab00
7676
9b00
6767
9b00
6666
9b00
9699
9b00
4944
9b00
96e4
9b00
6699
6900
7666
6600
6699
7600
7666
6700
6666
6600
6666
9900
9966
9900
6796
9900
6699
9900
9999
6700
6976
7600
9666
6900
6969
9b00
6699
bc00
9999
bb00
99b9
ba00
00ba
a900
00bb
9000
00ab
9000
000a
0000
0000
0000
0000
0000
0000
0000
0000
0000
0000
0000
0000
0000
0000
0000
0000
0000
0000
0000
0000
0000
0000
0000
0000
0000
0000
0000
0000
0000
0000
0000
0000
0000
0000
0000
0000
0000
0000
0000
0000
0000
0000
0000
0000
0000
0000
0000
0000
0000
0000
0000
0000
0000
0000
0009
0000
0009
0000
009c
0000
0099
0000
0066
0000
0066
0000
0076
0000
0066
0000
0096
0000
0096
0000
0067
0000
0066
0000
0966
0000
9966
0000
6669
0000
6696
0000
6969
0000
9696
0000
9969
0000
9996
0000
6769
0000
6696
0000
9669
0000
0999
0000
0000
0099
0000
0966
9900
9666
6600
a666
6600
6666
cc00
6666
bb00
66cc
9900
66a9
6600
bc99
6600
9966
6600
6699
6600
67c9
6600
76bc
6600
66ab
6600
969b
6600
999b
a600
699b
6a00
969b
a900
66bb
cb00
76ba
9900
67a9
9900
7699
7600
6699
6900
66b9
9b00
67b9
bc00
6699
bb00
6699
ba00
66ba
a900
66bb
9000
99ab
9000
99ba
0000
9099
0000
0099
9000
0066
6900
0066
6600
0066
6600
0966
6600
0966
6c00
9c66
cb00
ca66
9900
ca66
6600
c66b
6690
c6cc
6690
c6bb
6690
c699
6690
cb66
6690
9c67
9690
9976
9690
6966
9690
6666
9a90
7699
9a00
6766
a900
9696
b900
6969
b900
6676
ba00
6666
bb00
6696
ab00
6666
9b00
9966
9b00
3366
9b00
3466
bb00
9c96
b900
9f96
9900
9c99
9000
9999
6900
9999
9600
7996
9600
7966
9a00
7977
6b00
7779
ba00
9799
9900
9943
9600
6996
bb00
7666
9900
9769
9900
9934
9900
6996
9900
6666
9900
6766
9900
9669
9900
9994
9900
9933
9600
7999
9600
7677
9600
6776
9900
9966
9900
0099
0900
0099
0000
0034
0000
0033
0000
0043
0900
0033
0900
0099
0900
0099
0900
0076
0000
00d7
0000
9999
9900
7996
9c00
7966
bb00
7977
b900
7779
9900
9799
9b00
9999
bb00
6996
bb00
7666
9900
9769
9900
9939
9900
6996
9900
6666
9900
6766
9600
9669
9600
9999
9600
9933
9700
7999
6600
7677
6600
6776
6600
9966
6900
0099
9900
0099
9300
0039
9300
0039
9300
0033
9300
0099
9300
0999
9300
09d7
9300
0977
9300
9967
9300
6666
9300
0966
0000
9766
0000
6699
0000
6699
0000
9679
0000
9967
0000
9976
0000
6967
0000
9966
0900
9c66
0900
aa99
9400
cc99
9300
cc79
9300
cb79
9300
cc79
9300
cc69
9300
bb99
0900
b999
0000
cc79
0000
cc79
0000
cc79
0000
cc69
0000
bb99
0000
a999
0000
cc76
0000
ccd7
9900
bb77
9900
b969
9700
cc99
6600
ab96
9600
ba96
6900
9999
9900
7666
3400
6799
3300
6679
3300
9667
4300
9976
3900
9967
3900
6966
4900
9966
3900
6999
3900
9a99
3900
9c77
3900
9cd7
4900
cc77
3900
ac76
3400
9c67
3300
ca99
9300
ab77
0900
ab7d
0000
ca77
0000
cc77
0000
ca67
0000
ac69
0000
ab99
0000
9b97
0000
cc77
0000
ac77
9900
9b66
7900
9966
7990
6966
6979
6996
6969
99bb
a969
9999
9999
0000
0000
0000
0000
0000
0000
0000
0000
0000
0000
0000
0000
0000
0000
0000
0000
0000
0000
0000
0000
0000
0000
0000
0000
0000
0000
0000
0000
0090
0000
0049
0000
0943
0000
0943
0000
0034
0000
0043
0000
0033
0000
0033
0000
0039
0000
0039
0000
0099
0000
0099
0000
0000
0000
0000
0000
0000
0000
0000
0000
0000
0000
0000
0000
0000
0000
0000
0000
0000
0000
0099
0000
006b
0000
0066
0000
0066
0000
0066
0000
0066
0000
0066
0000
0066
0000
0066
9000
0066
9000
0066
9000
0066
9900
00b6
6900
00cb
6600
00bc
6600
009b
cb00
0069
ab00
0066
9900
0076
7600
0067
6600
0066
6600
0099
9900
0049
4400
00e4
9900
0099
6600
0066
7600
009a
6600
0066
7600
0067
6600
0066
6900
0066
9f00
0099
6700
0096
6600
0097
9900
0076
6900
0066
9600
0066
6600
0099
6600
0099
9900
00a9
9000
00aa
0000
00aa
0000
00a9
0000
00b9
9000
009b
9000
009b
9000
0999
9000
0939
9000
9949
9000
9039
0000
0039
0000
0099
0000
0099
0000
0099
0000
0a99
0000
0099
0000
0099
0000
0099
0000
0090
0000
0000
0000
0000
0000
6796
9900
6699
9900
9999
6700
6976
7600
9666
6900
6969
9b00
6699
bc00
9999
bb00
99b9
ba00
0aba
ab00
a0bb
9a90
0aab
b999
00ba
ab79
0099
9a69
0093
9999
0099
99b9
0077
9999
0093
9990
0034
9690
0079
7600
9067
6700
3966
6600
4399
9600
3499
9600
9399
3900
0999
9900
0999
0000
0093
0000
0a44
0000
a033
0000
0a39
0000
0090
0000
9c99
9900
9b99
a900
a996
6700
a996
7600
0966
6900
a066
9b00
0a67
bc00
a076
bb00
0a79
ba00
0669
ab00
999a
9a90
c99b
b999
f9aa
ab79
c999
9a99
9393
99b9
3999
9999
9977
99b9
7793
9990
6634
9690
6679
9690
9967
6600
0a66
6700
a099
6600
0a49
9a00
a934
3900
0933
4300
9333
3900
9933
3900
9093
9000
0093
9000
0099
0000
0a99
0000
0000
0000
0000
0000
0000
0000
0000
0000
0000
0000
0000
0000
0000
0000
0000
0000
0000
0000
0000
0000
0009
0000
009a
0000
00aa
0000
00aa
0000
00a3
9000
00a3
9000
0034
9000
0039
9000
00aa
9000
00aa
0000
00bb
0000
0099
0000
0099
0000
0033
0000
0044
0000
0043
0000
0039
0000
0090
0000
0000
0000
0000
0000
0000
0000
0000
0000
0000
0000
0000
0000
0000
0000
0000
9900
0000
a900
0000
9390
0000
9990
0000
aa90
0000
aa90
0000
aa00
0000
aa00
0000
ab00
0000
b900
0000
9600
0000
a600
0000
9a00
0000
9900
0099
9900
0034
0000
0044
0000
0044
0000
0043
0000
0033
0000
0039
0000
0090
0000
0000
0000
0000
0000
0000
0000
0000
0000
0000
0000
0000
0000
0000
0000
0000
0000
0000
0000
0000
0000
0000
0000
9900
0000
4400
0000
9300
0000
0990
0000
0039
0000
0043
0000
a044
0000
0a34
0000
a093
0000
0a99
0000
0099
0000
0093
0000
0033
0000
0034
0000
0044
0000
0049
0000
0099
0000
0090
0000
0000
0000
0000
0000
0000
0000
0000
0000
0000
0000
0000
0000
0000
0000
0000
0000
0000
0000
0000
0000
0099
9000
0036
6900
0066
6600
0066
6600
0966
6600
0943
6c00
9c66
cb00
ca66
9900
ca66
6600
c6bb
6690
c6cc
6690
c699
6690
bc67
6490
aa76
3390
7666
9690
6799
9690
9644
b990
9944
b990
49e4
b900
4944
b900
49e4
b900
4944
b900
9644
ba00
6749
bb00
7699
9b00
6696
9b00
6676
9b00
6767
9b00
9996
bb00
3469
b900
9f69
9900
9c99
9000
0099
9000
0036
6900
0066
6600
0066
6600
0966
6600
0943
6c00
9c66
cb00
ca66
9900
ca66
6600
c6bb
6690
c6cc
6690
c699
6690
bc67
6490
aa76
3390
7666
9690
6799
9690
9699
b990
9999
b990
9999
b900
9999
b900
9999
b900
9999
b900
9699
ba00
6799
bb00
7699
9b00
6696
9b00
6676
9b00
6767
9b00
9996
bb00
3469
b900
9f69
9900
9c99
9000
0000
0000
0000
0000
0000
0000
0000
0000
0000
0000
0000
0000
0000
0000
0000
0000
0099
0000
00ab
0000
00aa
0000
00aa
0000
00aa
0000
00aa
0000
00aa
0000
00ba
0000
00ba
0000
009b
0000
009b
0000
00ab
0000
00a9
0000
00aa
0000
00aa
0000
0099
0000
0000
0000
0000
0000
0000
0000
0000
0000
0000
0000
0000
0000
0000
0000
0000
0000
0000
0090
0000
0969
0000
9766
0000
6699
0000
66bb
0000
99aa
0009
cb99
0009
ba69
009b
a979
00b9
99b9
0096
9699
0066
9999
0066
b999
0969
bc9b
9966
9b9c
6699
9bcc
9677
99c9
7666
69b9
6666
6999
6699
9b97
6699
9b69
9649
9b96
3944
9b69
4344
9b96
9944
9969
6749
9999
6699
9939
6667
9933
6676
9999
9967
9999
4c66
0099
3c96
0099
0000
0000
0000
0000
0000
0000
9000
0000
c900
0000
bb00
0000
9a00
0000
9900
0000
9600
0000
9790
0000
9699
0000
99b9
0000
99cb
0000
99bb
0000
cbab
0000
bcab
0000
9b9b
0000
9bab
0000
999a
0000
9999
0000
9999
0000
6999
0000
6999
9000
9bcc
0000
9bbb
0000
bb99
0000
ba99
0000
97bb
0000
9699
0000
a999
0000
aa99
0000
9999
0000
9f96
9999
9c96
9999
9b96
bb99
9966
bb99
c969
bc99
c969
cb69
c490
bb96
9900
bb69
6600
c999
7700
b999
6600
b999
6600
9996
9900
9966
0000
9699
0000
9999
0000
9799
0000
9793
0000
9799
0000
9796
0000
9994
0000
c993
0000
c994
0000
b994
0090
9933
0949
c934
9444
b934
9999
9b43
0009
3943
0009
4939
0099
3439
0033
939c
0099
9999
99b9
0000
9990
0000
9900
0000
7700
0000
6600
0000
4900
0000
9400
0000
9900
9900
7700
9700
9600
d900
9900
7d00
9900
7700
9900
6700
7909
6600
7709
6600
6799
6600
9699
6600
9996
6600
9997
6600
7996
6600
7796
6600
6699
6900
6679
9000
6667
0000
6666
0000
6666
0000
6966
0000
6966
0000
9969
0000
9999
0000
b999
0000
9900
0000
0000
0099
0000
0069
0000
0066
0000
0999
0000
97bb
0000
66aa
0000
6999
0000
9c69
0000
cb79
0000
bab9
0009
a999
0009
9999
009b
9699
00b9
999b
0096
b99c
0066
bccc
0066
9bc9
0096
9bb9
0066
9999
0969
6997
9996
6969
9977
9b96
6766
9b69
7666
9b96
9966
9b69
9999
9b99
9494
6939
9444
6933
9934
7699
9699
6699
6796
6699
6666
6999
0000
0000
9000
0000
c900
0000
bb00
0000
9a00
0000
9990
0000
9699
0000
97b9
0000
96cb
0000
99bb
0000
99ab
0000
99ab
0000
cb9b
0000
bcab
0000
9b9a
0000
9b99
0000
9999
9000
9999
0000
9999
0000
69cc
0000
69bb
0000
9b99
0000
9b99
0000
bbbb
0000
ba99
0000
9799
0000
9699
0000
a999
0000
aab9
0000
9990
0000
9900
0000
9900
0000
6666
6999
6666
9996
6966
9b99
9996
bb99
9c49
9b99
9f3c
bc99
999f
cb99
6796
bb96
6676
bc99
9966
cb99
9699
bb99
0990
b999
0000
c996
0000
b999
0000
9999
0000
b999
0000
c999
0000
c999
0000
b999
0000
b999
0000
9c79
0000
ccd9
0000
cb79
0000
b993
0000
bc93
0099
cb93
0044
9933
0033
3344
0099
4443
0000
3333
0009
9999
0099
9999
9999
0000
7796
0000
6667
0000
4996
0000
9466
0000
9969
0000
7796
0000
9667
9000
9966
9000
9966
9000
9969
9000
7996
9000
7766
9000
6766
9000
9697
0000
9996
0000
9999
0000
7969
0000
7779
0000
6667
0000
6666
0000
6666
0000
6666
0000
6666
0000
6966
0000
6969
0000
6999
0000
9999
0000
9990
0000
9b90
0000
9b00
0000
9900
0000
0000
0000
0000
0000
0000
0000
0000
0000
0000
0000
0000
0000
0000
0000
0000
0000
0000
0000
0000
0009
0000
0096
0000
0076
0000
0066
0000
9999
0000
67cb
0000
76b9
0000
6699
0000
6996
0000
6997
0000
9b9a
0009
9c9a
009b
bb69
0099
b999
00c9
9999
00b9
999b
0096
99bb
0096
66bb
0096
99b9
0066
9999
0066
6996
0066
4499
0066
9999
0000
0000
0000
0000
0000
0000
0000
0000
0000
0000
0000
0000
0000
0000
0000
0000
0000
0000
0000
0000
9900
0000
6900
0000
9900
0000
cb00
0000
9a90
0000
9999
0000
99c9
0000
96bc
0000
97ab
0000
669b
0000
699b
0000
999b
0000
99cb
0000
99ba
0000
cba9
0000
bb9b
0000
99bb
0000
9c99
0000
99bb
0000
9cb9
0000
bb99
0000
9966
0000
0966
9999
0966
9999
9966
c939
6699
b949
9666
bb39
6976
9b39
6667
9999
6666
9999
6696
9999
9699
6999
6939
9999
6796
9999
6696
9999
6666
9999
6767
bc99
7666
cc99
6666
9999
6666
cb99
6669
9999
3396
9999
9969
b999
7799
b999
6699
c994
6690
b994
9900
b944
0900
9c44
0009
cc49
0099
cb39
0044
b999
0094
9999
0099
449b
0999
9999
9999
0000
7766
0000
6666
0000
6699
0000
997d
0000
9976
0000
9967
0000
7766
0000
9969
0000
9997
0000
966d
0000
9777
0000
76d6
0000
6666
0000
9966
0000
9996
0000
9999
0000
9999
0000
7979
0000
6969
0000
6969
0000
6666
0000
6666
0000
6666
0000
6969
0000
6999
0000
6999
0000
6990
0000
0990
0000
9900
0000
b900
0000
9900
0000
0000
9999
0099
cbcb
999c
99ba
6666
66a9
7699
6699
6767
6696
6676
6699
9667
96b9
9666
69bc
9996
669b
6666
969b
6666
9699
6676
9969
6667
6999
6676
999b
6666
699b
9666
969b
9966
999b
3c99
999b
9f96
3399
9c66
3999
9b99
9449
c999
9339
c469
9939
4996
0099
9699
0066
7700
0096
6900
0066
6600
0099
9900
009c
0000
0099
0000
0009
9900
0000
bb90
0000
aac9
0000
99b9
0000
699b
0000
799a
0000
b999
0000
9996
0000
9997
0000
9996
9000
9b99
9900
9c99
b900
ccc9
cb00
c9bb
bb00
b99c
ab00
999b
ab00
979b
9b00
6999
9900
9699
9900
6969
9900
9669
9900
6999
9900
999b
9900
39bb
cc00
33bb
bb00
999a
9900
9997
9900
99a6
bb00
99a9
9900
999a
9900
9934
9600
b993
6700
9999
7600
a966
6990
bc67
9999
cc66
4376
bc69
3467
bb99
9976
9b66
6776
0969
7669
0969
6969
0099
9999
0099
9999
00bb
9999
00cc
7767
00cc
6d76
00bc
7667
009b
6776
0009
6667
0000
9966
0000
bb66
0000
cc66
0000
bb99
0000
9bb9
0000
09bb
0000
00cc
0000
00bb
0000
00bb
0000
009b
0000
0009
0000
0000
0000
0000
0000
0000
0000
0000
0000
0000
0000
0000
0000
0000
0000
0000
0000
0000
0000
0000
0000
0000
0009
0000
9994
0000
4949
0000
3499
9000
9900
0900
0000
0000
0000
0000
9900
0000
6900
0000
9790
0000
7799
0000
6777
0000
677d
0000
6677
0000
9677
7900
9977
d700
9977
7700
cc96
7900
cc99
7900
b9bb
6900
9bcc
9600
bbbb
9600
99c9
9600
009b
9900
0009
9900
0966
9999
0966
9999
9966
c939
6699
b949
6666
bb39
9976
9b39
4499
9999
9944
9999
6694
9999
9699
6999
6966
9999
6796
9999
6666
3999
6666
4399
6767
4499
7666
3499
6666
9399
6666
cb99
6669
9999
9666
9999
9969
b949
9999
b944
6999
c944
6999
b944
6969
b999
6690
9c66
6700
cc66
6600
cb66
9600
b969
0900
9999
0000
bb9b
0000
9999
0000
0000
0000
0000
0000
0000
0000
0000
0099
0000
0997
0000
9777
0000
6676
9000
6999
9000
9999
6900
9444
6900
9ee4
6900
9944
9600
7699
6900
6699
9600
6667
6600
6666
6900
9996
6900
c469
9600
fb66
9600
c966
6600
c966
6900
9966
9900
9966
9900
c966
6600
c966
6900
f966
9900
c399
9c00
9999
9b90
7799
cb90
6633
bb99
9933
b9b9
a99b
6400
a9ab
6900
b9aa
9900
aaaa
9900
ab9a
9600
aa99
9900
9a99
9900
9a99
9900
9999
b990
0999
cb90
9999
bc90
99b9
9b90
79b9
9b90
77b9
9b90
99bc
9b90
399b
9b90
7999
9b99
7779
9c99
6667
bb99
9966
bb99
3949
cb99
9793
bb99
7779
b999
6667
c9b9
9939
b990
3399
b990
3999
9990
4979
9900
3977
9900
9b67
9900
bb99
9900
bc49
9900
94b9
99c9
43bb
99b9
39bb
99b9
99b9
b9b9
9b99
bb99
9c96
9b90
cc99
b900
bb49
bb00
c934
9b00
a999
9900
9499
9900
9467
0000
9476
0000
c967
0000
cc66
0000
cc99
0000
bc99
0000
9b79
9900
b999
7700
cb97
6d00
cb69
6690
cb79
9690
c967
9669
cb66
9669
b966
9669
cb66
6669
bb66
6969
cb69
9969
b999
ac99
cb99
6990
bbaa
9090
9999
0000
9a99
c900
bb99
c900
bc99
bc00
cb99
bb00
cc99
bb00
a999
9b00
b999
9900
cc99
0000
cc99
0000
cc99
0000
cc00
0000
c990
0000
9900
0000
9900
0000
9900
0000
9900
9000
9909
9900
9999
0900
9900
0000
9900
0000
9900
0000
9900
0000
9900
0000
0000
0000
0000
0000
0009
0000
0009
0000
9009
0900
9099
9900
9999
9000
9099
9000
9999
9900
0000
0000
0000
0000
0000
0000
0000
0000
0000
0000
0000
0000
9999
0000
6666
0000
6677
0000
6766
0000
6696
0000
9639
0000
4939
9000
9799
9900
6666
9900
6666
9900
6667
9600
6676
6900
6667
6600
6666
6900
6666
6900
6666
9900
6666
9900
6666
6900
6669
6900
6699
9900
9666
9900
6699
9c00
6999
9b90
6633
cb90
9933
bb99
9933
b9b9
0000
0000
0000
0000
0000
0000
0000
0000
0000
0000
0000
0000
0099
0000
0977
0000
9676
0000
6766
9000
6699
6900
9999
6900
9666
9900
9999
9600
7666
6900
6676
9600
6667
6600
6666
6900
9966
6900
c496
9600
fb69
9600
c966
6600
b969
9900
b966
9900
9969
9600
9c66
6900
3f66
9900
9c66
9c00
6999
9b90
7699
cb90
6793
bb99
9933
b9b9
0000
0000
0000
0000
0099
0000
0069
9900
0066
6600
0077
7700
0067
6600
0066
9900
0096
9600
0099
7700
0066
9600
0077
6600
0966
9900
0966
7700
0966
6600
0966
6900
0966
6600
0999
6600
0033
6600
0099
6600
0079
6690
0067
6690
0096
6790
0096
6690
0099
7690
0069
6690
0996
9990
0999
9990
0999
9b90
0933
cb90
0933
bb99
0934
b9b9
0000
0099
0000
0996
0000
9666
0000
9c69
0000
bc69
0000
bc66
0000
cb66
0000
c999
0009
c969
0009
b966
009a
9666
009a
6766
0099
7666
009b
9666
00bb
6666
00bc
9966
00bc
7796
00bc
6677
00bc
7666
00bc
6676
00b9
9966
00b9
9966
00b9
4999
00b9
4499
0099
4499
00b9
9499
0099
9976
00b9
7667
0099
6766
009b
7696
0099
66c9
0009
69c4
0000
0000
0000
0000
0000
0000
0000
0000
0000
0000
9900
0000
a400
0000
4a00
0000
9a00
0000
b900
0000
bb00
0000
cb00
0000
9c00
0000
6900
0000
6900
0000
9690
0000
69c9
0000
69b9
0000
9999
0000
7699
0000
6679
0000
6779
0000
7669
0000
6769
0000
7669
0000
6769
0000
7699
0000
6999
0000
6690
0000
9690
0000
6990
0000
6900
0000
0009
69f9
0099
69c9
0099
69c9
0097
66b9
0097
96b9
0097
96c9
0097
99c9
0077
9946
0077
9996
0077
9966
0097
9976
0099
9969
0099
9999
0079
9999
0077
99aa
0097
99aa
0099
99aa
0009
99b9
0009
99b9
0009
99bc
0099
99cc
0099
99bc
0094
79cb
0043
99b9
0033
99bc
0039
99bb
0099
9bcc
0090
9bcb
0999
9b99
9349
9999
9493
9933
9999
9999
9900
0000
9600
0000
9900
0000
9900
0000
4900
0000
3900
0000
4900
9900
3400
7700
3400
9700
9900
d900
9909
7900
9799
7600
7797
6600
7799
6600
9999
6600
7979
6600
7799
6600
9999
6900
9999
6600
9949
6900
7939
9900
6644
0000
6643
0000
6634
0000
6643
0000
6634
0a00
9933
a000
9933
0a00
3339
a000
4399
0000
9990
0000
990a
0000
0000
0999
0000
9c69
0000
bc69
0000
bc66
0000
cb66
0000
c999
0009
c969
0009
b966
009a
9666
009a
6766
0099
7666
009b
6966
00bb
9769
00bc
7667
00bc
6776
00bc
6667
00bc
6666
00bc
9966
00b9
9966
00b9
9966
00b9
9969
00b9
6679
0099
6667
00b9
6676
0099
7666
00b9
6799
0099
669c
009b
663c
0099
66af
0009
66af
0009
66ac
0099
969c
0000
0000
0000
0000
0000
0000
9900
0000
a400
0000
4a00
0000
9a00
0000
b900
0000
bb00
0000
cb00
0000
9c00
0000
6900
0000
6900
0000
9690
0000
69c9
0000
77b9
0000
6699
0000
6699
0000
9779
0000
9679
0000
7769
0000
6669
0000
6769
0000
7669
0000
6699
0000
6999
0000
6690
0000
6690
0000
6990
0000
6900
0000
9900
0000
9600
0000
0009
969b
0099
9699
0099
9699
0097
6999
0097
9999
0097
999c
0097
999f
0077
993c
0077
994c
0077
9999
0097
9999
0099
9966
0099
9966
0079
9966
0077
9999
0097
9999
0099
99a9
0009
99aa
0009
99aa
0009
99aa
0099
99ca
0099
99bc
0094
79cb
0043
99b9
0033
99bc
0039
99bb
0099
9bcc
0090
9bcb
0999
9b99
9349
9999
9493
9933
9999
9999
9900
0000
9600
0000
9900
0000
9900
0000
4900
0000
3900
0000
4900
0000
3400
0000
3400
0000
9900
0000
9900
0000
9790
0000
7790
9000
7799
9600
9999
6900
7979
d900
7799
7900
9999
7790
9999
7790
9949
6690
7939
6690
6644
6690
6643
6690
6634
6900
6643
6900
6634
6900
9933
9900
9933
9000
3339
0a00
4399
a000
9999
0a00
999a
0000
0099
0000
0066
0000
0066
9000
0976
9900
9667
6600
6666
6600
6666
6600
6696
6900
6999
6900
9bc9
9900
bcbc
9b00
cb9b
9b00
c99b
bc00
b99b
bb00
999b
c900
9979
b900
9999
9600
9977
6600
9979
9900
9799
6600
9999
9600
9999
9900
b9bc
6600
b999
6600
bb9b
6600
9b99
9600
0949
9900
0949
9900
0034
9900
0033
9000
0093
0000
0099
0000
0099
0000
00bb
9000
00cb
6900
0099
6600
9999
6600
99aa
9600
999a
9600
9993
9600
9994
9600
3379
9600
3479
9600
4479
9600
9979
9600
9999
6600
9b99
6600
9c9b
6600
99bb
6600
99bc
6700
9699
7600
66bb
6600
69bb
6700
99bc
7600
969b
6700
969b
7600
669b
6700
9999
6600
9999
9600
9666
9900
9966
bb00
0066
bb00
0066
9900
0099
0000
0000
0099
0000
0977
0000
9967
0000
9966
0099
cb97
00b9
b996
0099
9999
009b
33b9
00bb
33b9
009c
33bb
0099
33bb
0969
99bc
9776
b99b
6667
b99b
9976
979b
9466
9799
c996
7699
f999
6999
99c9
9999
6cf9
6799
9fc9
7699
9999
99aa
6796
96aa
7776
66aa
6669
99aa
6699
999a
9690
9999
0999
9999
0033
44bb
0044
33bb
0999
9999
9400
9999
0000
0000
0000
0000
9900
0000
7900
0000
7700
0000
6700
0000
9600
0000
b900
0000
b900
0000
bb00
0000
cb00
0000
bb09
0000
9b99
0000
9cbc
0000
9bbb
0000
9cbc
0000
9bbb
0000
bcbc
0000
cbbb
0000
bbcb
0000
b9bb
0000
99b9
0000
aab9
0000
aa99
0000
9996
0000
9996
9000
9b96
9000
bc69
a900
b96a
7900
99aa
6900
a699
9900
9999
9990
0000
0000
0000
0099
0000
9977
0099
9967
00b9
cb66
0099
9997
009b
9996
00bb
3399
009c
33b9
0999
33b9
9769
33bb
6676
99bb
9967
b9bc
9476
b99b
c966
979b
f996
979b
9999
7699
6cc9
6999
9ff9
9999
99c9
6799
6799
7699
7796
9999
6676
96aa
6669
66aa
9699
99aa
4990
99aa
9900
999a
9900
9999
0009
4499
0099
33bb
0044
99bb
0999
9999
0000
0000
0000
0000
0000
0000
0000
0000
9900
0000
7900
0000
7700
0000
6700
0000
9600
0000
b900
0000
b900
0000
bb00
0000
cb00
0000
bb00
0000
9b09
0000
9c99
0000
9bbc
0000
9cbb
0000
9bbc
0000
bcbb
0000
cbbc
0000
bbbb
0000
b9cb
0000
99bb
0000
aab9
9900
aab9
7600
9999
6700
9996
6600
9b96
6600
bc96
6900
b969
9900
9999
9900
0000
0099
0000
9977
0099
9966
00cb
bc96
00b9
9999
0099
99b9
009b
93b9
0099
33bb
0099
93bb
9966
93bb
7667
b99b
6976
bb9b
9367
cb99
9c99
9999
9f34
9999
9c9c
9799
999c
9699
099f
9999
0999
9669
9999
6769
9c99
9999
9f39
999a
4c96
669a
9c66
993a
9969
994a
7799
9949
6799
3449
6600
4339
9600
999b
9900
99bb
0099
00b9
0093
0099
0000
0000
0000
0000
9000
0000
9900
0000
7700
0000
7700
0000
9600
0000
b900
0000
bb00
0000
cb00
0900
9b00
9700
9c90
7600
9b90
9600
9990
9900
6999
9900
699b
7900
999b
6900
999b
6900
9b9b
9000
bc9b
9000
cbbb
9000
bbbc
9000
99cb
9000
9abb
0000
aabb
0000
a999
0000
9999
0000
9936
0000
bb66
0000
cb66
0000
9999
0000
9999
0000
0000
0099
0000
0066
0000
0066
0000
0067
0000
0976
0000
9666
0000
9666
0000
6699
0000
66b9
0000
69bc
0000
9b9b
0000
9c99
0000
bb99
0000
bb69
0000
bb69
0000
b969
0000
b999
0000
999b
0099
99bc
00bb
cccb
00bb
bbb9
0099
9999
0099
9799
0079
9779
0066
7779
0076
7999
0067
7949
0096
9944
0069
9433
0066
4393
0099
3944
0000
9999
0000
0000
0000
0000
9900
0000
6900
0000
6600
0000
6600
0000
7600
0000
6600
0000
7600
0000
6900
0000
6900
0000
9900
0000
9b00
0000
bb00
0000
bc00
0000
cb00
0000
b900
0000
b600
0000
6900
0000
9600
0000
9900
0000
6900
0000
9600
0000
6600
0000
6600
0000
6600
0000
9900
0000
9900
0000
9600
0000
9900
0000
0000
0000
0099
0000
0000
0000
0000
0000
0000
0000
0000
0000
0000
0000
0000
0000
0000
0000
0000
0000
0000
0000
0000
0000
0000
0000
0000
0000
0000
0000
0000
0000
0000
0000
0000
0000
0000
0000
0000
0000
0000
0000
0000
0000
0000
0000
0000
0000
0000
0000
0000
0000
0000
0000
0000
0000
0000
9000
0000
0000
0009
9000
0990
aa00
a000
0000
0000
0000
0000
0000
0000
0000
0000
0000
0000
0000
0000
0000
0000
0000
0000
0000
0000
0000
0000
0000
0000
0000
0000
0000
0099
0000
0039
0000
0009
0000
0000
0000
0000
0000
0000
0000
0000
0000
0000
0000
0000
0000
0099
0000
00bb
0000
00bb
0000
00b9
0000
00a9
99aa
0099
b990
0a99
bb00
a909
bb00
aa09
bb00
0099
9900
0000
0900
0000
0000
0000
0000
0000
0000
0000
0000
0090
0000
0099
0000
0009
0000
0009
0000
0000
0000
0000
0000
0000
0000
0000
0000
0000
0000
0000
0000
0000
0000
0000
0000
0000
0000
0000
0900
0000
0000
0000
0000
0090
0000
0a00
0900
0000
0000
00a0
0000
a09a
a000
aabb
9aaa
0099
9990
0a99
9900
a999
9000
9999
9900
0000
9000
0009
0000
0000
0000
0000
0000
0000
0000
0900
0000
0000
0000
0000
0000
0000
0000
0000
0000
0090
0000
0090
0000
0049
0000
0039
0000
0049
0000
0039
0000
0049
0000
0039
0000
0049
0000
0034
0000
0093
0000
0094
0000
0093
0000
0094
0000
0093
0000
0094
0000
0093
0000
0094
0000
0093
0000
0094
0000
0094
0000
0093
0000
0094
0000
0094
0000
0093
0000
0000
0000
0000
0000
0000
0000
0000
0000
0000
0000
0000
0000
0000
0000
0000
0000
0000
0000
0000
0000
0000
0000
0000
0000
0000
9900
0000
4300
0000
3990
0099
0000
0094
0000
0033
0000
0043
0000
0039
0000
0049
0000
0039
0000
0090
0000
0090
0000
0090
0000
0090
0000
0049
0000
0049
0000
0043
0000
0034
0000
0034
0000
0033
0000
0094
0000
0093
0000
0094
0000
0093
0000
0094
0000
0093
0000
0094
0000
0093
0000
0094
0000
0099
0000
0099
0000
0066
0000
0067
0000
0066
0000
0066
0000
0066
0000
0066
0000
0096
0000
0096
0000
0099
0090
0009
0000
0009
0900
00a9
0000
a099
a000
aa99
9aaa
0099
9990
0a99
9900
a999
9900
9999
9900
0099
9000
0009
0000
0000
0000
0000
0000
0000
0000
0000
0000
0000
0000
0000
0000
0000
0000
0000
0000
9900
0000
3900
0000
4300
0000
3400
0000
3300
0000
3600
0000
9600
0000
6600
0000
6690
0000
9690
0000
9990
0000
9999
0000
9979
0090
0969
0000
0067
0900
0096
0000
a066
a000
aa96
9aaa
0099
9990
0a96
9900
a999
9900
9999
9900
0099
9000
0009
0000
0000
0000
0000
0000
9900
0000
3300
0000
4400
0000
3300
0000
3300
0000
9900
0000
3400
0000
4400
0000
3300
0000
9900
0000
9990
0000
0090
0000
0090
0000
0039
0000
0049
0000
0034
0000
0043
0000
0044
0000
0034
0090
0034
0000
0033
0900
0033
0000
a093
a000
aa93
9aaa
0099
9990
0a99
9900
a999
9900
9999
9900
0099
9000
0009
0000
0000
0000
0000
0000
0000
0000
0000
0000
0000
0000
9000
0000
9900
0000
0900
0000
0000
0000
0000
0000
0000
0000
0000
0000
0090
0000
0049
0000
0094
0000
0009
0000
0000
0000
0000
0000
0000
0000
0000
9000
0000
3900
0000
4300
0000
9400
0000
0900
0000
0000
0000
0000
0000
0090
0000
0039
0000
0043
0000
0034
0000
0033
0000
0093
0000
0009
0000
0000
0000
0000
0000
0000
0000
0000
0000
0000
9900
0000
4400
0000
3400
0000
3300
0000
3300
0000
9900
0000
3300
0000
3300
0000
4400
0000
4400
0000
3390
0000
9939
0000
0039
0000
0043
0000
0044
0090
0034
0000
0033
0900
0093
0000
a093
a000
aa93
9aaa
0099
9990
0a99
9900
a999
9900
9999
9900
0099
9000
0009
0000
0000
0000
0093
0000
0094
0000
0093
0000
0094
0000
0093
0000
0094
0000
0093
0000
0999
0000
9939
8800
9343
8800
3434
9800
3333
9900
9933
4900
8993
3400
8999
3300
8999
9900
889c
9900
899f
3900
939c
3900
9399
9300
9399
3400
9343
4300
8944
3300
8834
9900
8993
4300
9939
3300
9344
9900
3434
9000
3393
0000
9999
0000
0009
0000
0000
0000
0000
0000
3300
0000
3300
0000
0030
4900
0000
3900
0000
3900
0000
9000
0000
0000
9900
0000
4909
0000
4309
0000
3409
0300
9309
3400
9909
3300
0009
9400
0000
0900
0000
0000
0000
0000
3000
0300
0000
0000
0000
0900
0000
9300
0000
9900
0300
0000
0030
0000
0033
0000
0033
0000
0043
0000
0033
0000
0033
0000
0094
0000
0093
0000
0000
0000
0399
0000
0094
0900
0093
9900
0009
9400
0000
9900
0000
0900
0003
0000
0003
0000
0009
9000
0009
9900
0009
9000
0009
0000
0009
0000
0009
0000
0099
0000
0043
0000
0033
0000
0034
0000
0094
0090
0099
0000
0066
0900
0067
0000
a066
a000
aa66
9aaa
0099
9990
0a96
9900
a996
9900
9999
9900
0099
9000
0009
0000
0000
0000
0000
0000
0000
0000
0000
0000
0000
0000
0000
0000
0000
0000
0000
0000
0000
0000
0000
0090
0000
0099
0000
0077
0000
0067
0099
0066
0090
0066
0077
0077
0076
0067
0066
0066
0066
0066
0066
0066
0066
0096
0066
0096
0066
0099
006a
0099
006a
00a9
0069
00a9
0069
0000
0090
0000
0000
0000
0000
0000
0000
0000
0000
0000
0000
0000
0000
0000
0000
0000
0000
0000
0000
0000
0000
0000
0000
0000
0000
0000
0000
0000
0000
0000
0000
0000
0000
0000
0000
0000
0000
0000
0000
0000
0000
0000
0000
0000
9900
0000
9700
0000
6600
0000
7600
0000
6700
0000
6690
0000
6600
0000
6600
0000
6600
0000
9900
0000
9900
0000
9000
0000
9900
0000
9900
0000
0a00
0000
0000
0000
0000
0000
0000
0000
0000
0000
0000
0000
0000
0000
0000
0000
0000
0099
0000
0007
0000
0076
0000
9066
0000
6066
0000
7966
0009
6966
0099
6666
0066
6666
0067
9966
0066
9666
0066
6966
0066
6666
0066
6666
0066
6666
0066
9969
0066
6669
0066
7679
0076
6676
0066
6666
006a
9666
0a6a
6669
006a
6669
00a0
9099
00a0
9909
0000
9090
0000
0000
0000
0000
0009
9000
0099
6900
0099
6900
0096
6600
0096
6600
0096
7700
0096
6600
0096
6600
0096
7300
00a6
6600
0066
6600
0066
6900
0066
6900
aa66
6900
a976
6900
6667
6900
6666
9000
6666
0000
7666
0000
6796
0000
6799
0000
6709
0000
6690
0000
666a
0000
6a6a
0000
60a9
0000
69a0
0000
9900
0000
9900
0000
9000
0000
0000
0000
0000
0000
0000
0000
0000
0000
0000
0096
0000
9966
0000
6666
0000
6677
0000
7766
0000
6666
0000
6666
0000
6666
0009
7666
0099
6966
0066
6666
0066
6666
0066
6666
0067
6666
0067
6666
0976
6666
0976
6667
9976
6677
9666
6766
9666
7666
3966
7666
9966
6666
3666
6666
6666
6666
6669
6666
9666
6699
9996
9609
0066
9990
0000
0000
0000
0000
0009
9000
0099
7900
0097
6900
0076
6700
0076
6600
0096
7700
0096
6700
0066
6600
0066
6600
aa66
6600
0066
6600
aa66
6900
67aa
6900
6666
6600
6676
6600
6767
6690
7666
6600
7666
6600
6666
6600
7696
aa90
6666
6690
6666
6990
6660
9969
6669
a099
6a6a
0a90
6a0a
0000
a9a9
0000
990a
0000
99a0
0000
9a00
0000
0000
0000
0000
0000
0000
9000
0000
7997
0000
6677
0000
6776
0000
6666
0000
6676
0000
6666
0090
6666
0009
6666
0060
6666
0069
6666
0069
6666
0066
6666
0966
6666
aa66
6666
6666
6666
6767
6666
7667
6666
7667
6666
6666
6667
aa7a
6667
697a
7667
9aaa
6666
9a6a
6666
aa6a
6666
6a66
6666
aa6a
6a66
6a66
6699
9a66
96aa
a966
99aa
0099
0000
6066
0000
a677
9900
6a66
6600
6666
6700
66a6
6600
6666
a600
9966
6a00
9966
6a00
a966
6600
9a67
a600
6666
6600
6677
6600
6666
6600
6666
6600
6667
6690
6676
6690
6666
7660
6766
7660
6666
6790
6676
6790
6676
6690
6666
6690
6666
6690
a66a
6669
a669
769a
6a6a
a76a
6a0a
6a6a
a9aa
a6aa
99aa
9a90
9990
a690
9a09
aa00
7677
666a
7667
676a
7767
76a0
7666
7600
66aa
6600
66a0
7600
aa00
aa00
0000
0000
0000
0000
0000
0000
0000
0000
0000
0000
0000
0000
0000
0000
0000
0000
0000
0000
0000
0000
0000
0000
0000
0000
0000
0000
0000
0000
0000
0000
0000
0000
0000
0000
0000
0000
0000
0000
0000
0000
0000
0000
0000
0000
0000
0000
0000
0000
0000
0000
6777
766a
6667
666a
6767
76a0
7666
7700
7677
7700
7767
7600
aa76
aa00
0076
0000
0066
0000
0077
0000
0066
0000
00aa
0000
0000
0000
0000
0000
0000
0000
0000
0000
0000
0000
0000
0000
0000
0000
0000
0000
0000
0000
0000
0000
0000
0000
0000
0000
0000
0000
0000
0000
0000
0000
0000
0000
0000
0000
0000
0000
0000
0000
0000
0000
7666
666a
6766
666a
6676
77a0
6666
7700
7666
7600
6766
6600
6676
aa00
a676
aa00
0a66
a000
0077
0000
0067
0000
0077
0000
0077
0000
0077
0000
0077
0000
0077
0000
0077
0000
0077
0000
00aa
0000
0000
0000
0000
0000
0000
0000
0000
0000
0000
0000
0000
0000
0000
0000
0000
0000
0000
0000
0000
0000
0000
0000
0000
0000
0000
0000
6666
66aa
6666
66aa
7777
77a0
7777
6700
6777
7700
6677
7600
aa76
6600
0a76
6a00
0067
6a00
0066
a000
0077
0000
0076
0000
0067
0000
0067
0000
0067
0000
00a7
0000
0067
0000
00a7
0000
0067
0000
0067
0000
0067
0000
007c
0000
007c
0000
007c
0000
0077
0000
0067
0000
0066
0000
0066
0000
00a6
0000
00aa
0000
0000
0000
0000
0000
0006
0000
0006
0000
0006
0000
0006
0000
0006
0000
0066
0000
0066
0000
0066
0000
0066
0000
0066
0000
0066
0000
0067
0000
0067
0000
0067
0000
0067
0000
0077
0000
0077
0000
0067
0000
0067
0000
0066
0000
00a6
0000
00aa
0000
000a
0000
0000
0000
0000
0000
0000
0000
0000
0000
0000
0000
0000
0000
0000
0000
0000
0000
0000
0000
0000
0000
0000
0000
0000
0000
00cf
0000
00a0
0000
0000
0000
0000
0000
0000
0000
0000
0000
0000
0000
0000
0000
0000
0000
0000
0000
0000
0000
0000
0000
00c0
0000
00ac
0000
000c
0000
000c
0000
000c
0000
00c9
0000
00cc
0000
00cc
0000
00c9
0000
00cc
0000
00cc
0000
00cc
0000
00ca
0000
00ca
0000
00a0
0000
00a0
0000
0000
0000
0000
0000
0000
0000
0000
0000
0000
0000
0000
0000
0000
0000
0000
0000
0000
0000
0000
0000
0000
0000
0000
0000
0999
9900
0922
2200
0999
9900
0000
2900
0000
2900
0000
2900
0000
2900
0000
2900
0000
2900
0000
2900
0000
2900
0000
2900
0999
9900
0922
2200
0999
9900
0000
0000
0000
0000
0000
0000
0000
0000
0000
0000
0000
0000
0000
0000
0000
0000
0000
0000
cc00
0000
ccd0
0000
bb00
0d00
0000
0000
000d
0000
0000
0000
0d0d
0000
d0dd
0000
0ddd
dd00
d0dd
dd00
0ddd
dddd
d999
99d0
d922
2200
d999
9900
dddd
2900
dddd
2900
dddd
2900
dddd
2900
dddd
2900
dddd
29d0
dddd
2900
dddd
2900
dddd
2900
d999
9900
0922
22d0
0999
9900
0000
0000
0000
0000
0000
0000
0000
0000
0000
0000
c000
0000
cc00
0000
bb00
0000
0000
0000
0000
0000
0000
0000
0000
0000
0000
0000
00a0
0000
0000
0000
00a0
0000
0000
0000
0999
9900
0922
2200
0999
9900
00a0
2900
0000
2900
00a0
2900
0000
2900
00a0
2900
0000
2900
00a0
2900
0000
2900
00a0
2900
0999
9900
0922
2200
0999
9900
0000
0000
0000
0000
0000
0000
0000
0000
0000
0000
0000
0000
0000
0000
0000
0000
0099
0000
00bb
0000
00aa
0000
0055
9000
0055
9000
0055
9000
009a
9000
00cc
0000
00cb
0000
00b9
0000
009b
0000
00bc
0000
09bb
0a00
90bc
a000
9acb
0a00
90bc
a000
09cb
0a00
00bc
a000
00bb
0a00
0099
a000
000a
0000
0000
0000
0000
0000
0000
0000
0000
0000
0000
0000
0000
0000
0000
0000
0000
0000
0000
0000
0000
0000
0000
0000
0000
0000
0000
0000
0000
0000
0000
0a00
0000
aa00
0000
4400
000a
aa00
000a
a300
00aa
33a0
00aa
330a
00aa
aaa0
00cc
990a
aaaa
a0a0
ac0a
0a00
caa0
a000
aa00
0000
0000
0000
9900
9900
aa00
aa00
9999
aa00
90aa
a900
90aa
a900
a999
aa00
aaa0
aa00
9900
9a00
0a00
0900
0000
a000
0000
0000
0000
0000
0000
0000
0000
0000
0000
0000
0000
0000
0000
0000
0000
0000
0000
0000
0000
0000
0000
0000
0000
0000
0000
0000
0009
0000
009a
0000
00aa
0000
00aa
0000
00aa
0000
00aa
0000
0099
9000
0930
a900
9a00
aa00
0930
a900
0099
9000
00aa
0000
00aa
0000
00aa
0000
00aa
0000
00aa
0000
009a
0000
0009
0000
0000
0000
0000
0000
0000
0000
0000
0000
0000
0000
0000
0000
0000
0000
0000
0000
0000
0000
0000
0000
0000
0000
0000
0000
0000
0000
0099
0000
009a
0000
009a
0000
0009
0000
0009
0000
0000
9000
0000
9000
0300
9000
0009
9000
0099
9900
00ac
9900
00ca
9900
00ac
9000
00cc
0a00
009a
a000
0029
0a00
0022
a000
0099
0000
000a
a000
0000
0000
0000
0000
0000
0000
0000
0000
0000
0000
0000
0000
0000
0000
0000
0000
0000
0000
0000
0000
0000
0000
0000
0000
0000
0000
0000
0000
0000
0000
0000
0000
0099
0000
00fc
9000
00cf
d900
00ac
de00
0eaa
ee00
0aaa
ee00
00cc
4400
0e94
ec00
0a09
cc00
0000
cc00
0000
cc00
0000
c900
0000
9000
0000
0000
0e00
0000
0a00
0000
0000
0000
0000
0000
0000
0000
0000
0000
0000
0000
0000
0000
0000
0000
0000
0000
0000
0000
00ff
0000
000f
0000
0000
0000
0009
0000
0009
0000
0009
0000
0009
0000
0099
0000
000b
0000
00aa
0000
009a
0000
009a
0000
009a
0000
00aa
0a00
0055
a000
0055
0a00
0055
a000
0055
0000
0099
0000
000a
0000
0000
0000
0000
0000
0000
0000
0000
0000
0000
0000
0000
0000
0000
0000
0000
0000
00ff
0000
00f0
0000
00f0
0000
00f0
0000
00f0
0000
00f0
0000
00f0
0000
00f0
0000
0000
0000
0000
0000
0000
0000
0000
0a00
0034
a000
0043
0a00
0034
a000
0033
0a00
0033
a000
0033
0a00
0000
a000
00ff
0000
00a0
0000
0000
0000
0000
0000
0000
0000
0000
0000
0000
0000
0000
0000
0000
0000
0000
0000
0000
0000
0000
0000
0000
0000
00ff
0000
00f0
0000
00f0
0000
00f0
0000
00f0
0000
00f0
0000
00f0
0000
00f0
0000
0000
0000
0000
0000
0000
0000
0000
0a00
0000
a000
0077
0a00
0077
a000
0077
0a00
0066
a000
0066
0a00
0066
a000
00ff
0000
00a0
0000
0000
0000
0000
0000
0000
0000
0000
0000
0000
0000
0000
0000
0000
0000
0000
0000
0000
0000
0000
0000
0000
0000
0000
0000
0000
0000
0000
0000
0000
0000
0009
0000
009d
0000
00df
0000
00de
0a00
00de
a000
00de
0a00
99de
a000
7799
0a00
6793
a900
6633
9200
663c
2100
993f
1200
0933
2200
0033
2200
0033
2300
0033
3200
0099
2900
0039
9000
0399
0a00
3309
a000
aa00
0000
0000
0000
0000
0000
0000
0000
0000
0000
0000
0000
0000
0000
0000
0000
0000
0000
0000
0000
0000
0000
0000
0000
0000
0000
0009
0000
00ac
0000
00cc
0000
00c9
0000
0099
0000
00c9
9000
0099
f900
999a
cc00
0faa
cf00
9c9c
cc00
cc9c
cc00
99a9
aa00
ccc9
a900
ccac
cc00
9c99
cc90
fc44
cf90
cc44
9c90
ca34
9ca0
ac44
9c00
9944
9900
0044
9a00
0039
a000
0099
0a00
0000
0000
aa00
0000
cc00
0000
a900
0000
0000
0000
0000
0000
0000
0000
0099
0000
0034
0000
0043
0000
0034
0000
0043
0000
0034
0000
00cc
0a00
003c
a000
00d3
0a00
00dd
a000
00dd
0a00
00dd
a000
003d
0a00
00c3
a000
0034
0a00
0043
a000
0034
0a00
0043
a000
0033
0000
0099
0000
0000
0000
0000
0000
0000
0000
0000
0000
0000
0000
0000
0000
0000
0000
0000
0000
0000
0000
00a9
0000
00cc
0000
00c9
0000
00cc
0000
00a9
0000
00aa
0000
009c
0000
0099
0000
0067
0000
0076
0000
0067
0000
0076
0000
0067
0000
0076
0000
0066
0000
0066
0000
0066
0000
0063
0000
0066
0000
009a
0000
0009
0000
00a0
0000
0000
0000
0000
0000
0000
0000
0000
0000
0000
0000
0000
0000
0000
0000
0000
0000
0000
0000
9000
0000
b9a9
0000
c9cc
0000
c9c9
0000
90cc
0000
aaa9
0000
c9aa
0000
999c
0000
7699
9000
7667
6900
6776
6690
7667
7690
6776
6790
7667
6690
6676
6690
6666
6390
6666
3600
6366
6900
6663
9000
a966
0a00
909a
a000
aa09
0000
00a0
0000
000a
0000
0000
0000
0000
0000
0000
0000
0000
0000
0000
0000
0000
0000
0000
0000
0000
0000
0000
0000
0000
0000
0000
0000
0000
0000
0000
0000
0000
0000
0000
0000
0000
0000
0000
0000
0000
0000
0000
0000
00cc
0000
00aa
0000
0ccc
cc00
caaa
a200
aaaa
ca00
ac00
cc00
ac00
aa00
a200
0000
aa00
0000
ca00
0000
ac00
cc00
aacc
aa00
09aa
ac00
00ca
c200
002c
9a00
a099
0000
ca00
0000
a000
0000
0000
0000
0000
0000
0000
0000
0000
0000
0000
0000
0000
0000
0000
0000
0000
0000
0000
0000
0000
0000
0000
0000
0000
0000
9900
0000
9b00
9000
9b00
9000
0900
9000
0900
4900
0000
3900
0009
3900
a094
9a00
0a43
a000
a033
0000
0af3
0000
0033
0000
0039
0000
009a
0000
00a0
0000
0000
0000
0000
0000
0000
0000
0000
0000
0000
0000
0000
0000
0000
0000
0000
0000
0000
0000
0000
0000
0000
0000
0000
0000
0000
0000
0000
0000
0000
0000
0000
0000
0000
0000
0099
0000
00bb
0000
009a
0000
00c9
0000
00cc
0000
00cc
0a00
00cc
a000
00cc
0a00
00cc
a000
00cc
0a00
00cc
a000
00cc
0a00
00cc
a000
00cc
0000
009c
0000
0009
0000
0000
0000
0000
0000
0000
0000
0000
0000
0000
0000
0000
0000
0000
0000
0000
0000
0000
0000
0000
0000
0000
0000
0099
0000
00cc
0000
00cf
0000
00fc
0000
009b
0000
0079
0000
0077
0000
0077
0000
0077
0000
0077
0000
0077
0a00
00ee
a000
00ee
0a00
00ee
a000
00ee
0a00
0077
a000
0077
0a00
0077
a000
0077
0000
0097
0000
0009
0000
0000
0000
0000
0000
0000
0000
0000
0000
0099
0000
00dd
9000
0999
d900
9d99
9d00
d999
9900
e999
9900
2e99
ee00
2299
2200
2dee
d200
2d22
2d00
2ddd
d200
2ddd
2d00
2ddd
d200
2d33
2d00
2d3f
d200
2dff
2d00
2dff
d200
2dff
2d00
2df3
d200
2d33
2d00
2d3f
d200
2dff
2d00
2dff
d200
2dff
2d00
2d3f
d200
2d33
2d00
2ddd
d200
2ddd
2d00
9ddd
d200
09dd
2900
00dd
9000
0099
0000
0000
0000
0000
0000
0000
0000
0000
0000
0000
0000
0099
0000
00cc
0000
00ff
0000
09ff
0000
0aff
0000
9cff
0000
9fff
0000
9fff
0000
9faf
0000
9faf
0000
9c9f
0000
9caf
0000
09ff
0000
09ff
0000
09fc
a000
09ca
0000
009a
a000
0090
0000
009a
a000
00fc
0000
00cf
0000
00fc
0000
00ca
0000
0099
0000
00a9
0000
000a
0000
0000
0000
0000
0000
0000
0000
0000
0000
0000
0000
0000
0000
0000
0000
0000
0000
0000
0000
0000
0000
0000
0000
0000
0000
0000
9000
0000
f900
0000
cc00
0000
cc00
0000
cc00
0000
bc00
0000
c900
0000
c900
0000
c999
0000
b999
0000
99c9
0000
99c9
0099
99cc
aacc
ccbc
aa99
c9bb
cc99
bb9b
bccb
999b
bbcc
099b
39cc
9099
99bb
0909
0099
0090
0000
0000
0000
0000
0000
0000
0000
0000
0099
0000
99aa
0000
b9cc
0000
b9bb
0000
99ca
a000
b9ba
a900
c99b
a900
9999
bc00
9999
cc00
9ccc
ac00
bbc9
9c00
9999
0900
cbb9
0000
bcb9
0090
9999
0090
cc90
0090
9900
0000
aa00
0000
9900
0000
9a00
0000
9990
0000
a909
0000
aa90
9900
ca09
cc00
aa90
9c00
a900
cc00
9000
c900
0000
9900
0000
0000
0000
0000
0000
0000
0000
0000
0000
0000
0000
0000
0000
0000
0000
0000
0000
0000
0000
0000
0000
0000
0000
0000
0000
0000
0000
0000
0000
0000
0000
0000
0000
0000
0000
0000
0000
0000
0090
0000
0069
0000
0079
0000
0069
9900
0066
7600
0066
9900
0096
0000
0096
0000
0009
0000
0009
0000
0009
0000
0009
0000
0009
0000
0000
0000
0000
0000
0000
0000
0000
0000
0000
0000
0000
0000
0000
0000
0000
0000
0000
0000
0000
0000
0000
0000
0090
0000
0079
0000
0067
0000
0096
0000
0066
0000
0096
0000
0096
0000
0009
0000
0099
0000
0099
0000
0069
0000
0069
0000
0076
9000
0066
9000
0069
9000
0099
9000
0099
9000
0009
0000
0009
0000
0009
0000
0009
0000
0000
0000
0000
0000
0009
0000
0097
0000
0966
0000
9799
0000
6690
0000
9999
0000
0069
0000
0069
0000
0066
0000
0096
0000
0066
0000
0096
0000
0096
0000
0009
0000
0099
0000
0099
0000
0069
0000
0069
0000
0076
9000
0066
9000
0066
9000
0096
6900
0096
6900
0096
6900
0096
9900
0096
0000
0096
0000
0096
0000
0096
0000
0096
0000
0000
0000
0000
0000
9900
0000
9900
0000
0900
0000
0900
0000
0900
0000
0990
0000
0990
0000
0990
0000
0990
0000
0990
0000
0990
0000
0990
0000
9690
0000
9790
0000
96d9
0000
97d9
0000
96d9
0000
97d9
0000
96d9
0000
96d9
0000
97d9
0000
9699
0000
9696
0000
9797
0000
9667
9000
0979
9000
0996
9000
0969
9000
0090
0000
0000
0000
0000
0000
0000
0000
0000
0000
0000
0000
0000
0000
0000
0000
0000
0000
0000
0000
0000
0000
0000
0000
0000
0000
0000
0000
0099
0000
00cc
a000
004c
0a00
00c5
a000
00c5
0a00
0095
a000
00a9
0000
000a
a000
0000
0000
0000
a000
0000
0000
0000
0000
0000
0000
0000
0000
0000
0000
0000
0000
0000
0000
0000
0000
0000
0000
0000
0000
0000
0000
0000
0000
0000
0000
0000
0000
0000
0000
0000
0000
0000
0000
0000
0000
0099
0000
00cc
0000
004c
0000
00c5
0000
00c5
0000
0095
0000
0009
0000
0000
0000
0000
0000
0000
0000
0000
0000
0000
0000
0000
0000
0000
0000
0000
0000
0000
0000
0000
0000
0000
0000
0000
0000
0000
0000
0000
0000
0000
0000
0000
0000
0000
0000
0000
0000
0000
0000
0000
0000
0000
0000
0000
0000
0000
0000
0000
0000
0000
0000
0090
0000
00c9
0000
004c
0000
00cc
0000
00c5
0000
0095
0000
0095
0000
0009
0000
0009
0000
0000
0000
0000
0000
0000
0000
0000
0000
0000
0000
0000
0000
0000
0000
0000
0000
0000
0000
0000
0000
0000
0000
0000
0000
0000
0000
0000
0000
0000
0000
0000
0000
0000
0000
0000
0000
0000
0000
0000
0000
0000
0000
0000
0000
0000
0000
0000
0000
0000
0000
0009
0000
0095
0000
0059
0000
0059
0000
0055
0000
0055
0000
0059
0000
0090
0000
0900
0000
9500
0000
5500
0000
9900
0000
0000
0000
0000
0000
0000
0000
0000
0000
0000
0000
0000
0000
0000
0000
0000
0000
0000
0000
0000
0000
0000
0000
0000
0000
0000
0000
0000
0000
0000
0000
0000
0000
0000
0000
0000
0000
0000
0000
0000
0000
0000
0000
0000
9000
9999
9a00
4939
9000
9999
0a00
0996
a000
a0a9
0a00
0000
a000
000a
0a00
0000
9000
0000
9a00
0000
9900
0099
9900
0000
9900
0000
9900
0000
9900
0000
9900
0000
a000
0000
0a00
0000
0000
0000
0000
0000
0000
0000
0000
0000
0000
0000
0000
0000
0000
0000
0000
0000
0000
0000
0000
0009
0000
9999
0000
9396
0000
9996
0000
906a
0000
0999
0000
0009
0000
0000
0000
0009
0000
0009
0000
0009
0000
0090
0000
0000
0000
0000
9000
0000
9900
0000
9000
0000
0000
0000
0000
0000
0000
0000
0000
0000
0000
0000
0000
0000
0000
0000
0000
0000
0000
0000
0000
0900
0000
9400
0000
0900
0000
0000
0000
0000
0000
0000
0000
0000
0000
0090
0000
0039
0000
0099
0000
0099
0000
0009
0000
0009
0000
0000
0000
0000
9000
0000
9000
0000
0000
0090
0000
0009
0000
0000
0000
0000
0000
0000
0000
0000
0000
0000
0000
0000
0000
0000
0000
0000
0000
0000
0000
0000
0000
0000
0000
0000
0000
0000
0000
0000
0000
0000
0000
0000
0000
0000
0000
0000
0000
0000
0000
0000
0000
0000
0000
0009
0000
0096
0000
0069
0000
0099
0000
0099
0000
0099
0000
0099
0000
0000
0000
0000
0000
0900
0000
9399
0000
9900
0000
9000
0000
0000
0000
9900
0000
0000
0000
0000
0000
0000
0000
0000
0000
0000
0000
0000
0000
0000
0000
0000
0000
0000
0000
0000
0000
0000
0000
0000
0000
0000
0000
0000
0000
0000
0000
0000
0000
0000
0000
0099
0000
00bb
0000
09de
0000
aaaa
9900
dddd
de90
9999
dd90
09d9
999a
9bd9
9990
4c99
9a9a
9b09
9a90
9a09
d90a
0900
dda0
a000
dd00
0000
9900
0000
a000
0000
0a00
0000
0000
0000
0000
0000
0000
0000
0000
0000
0000
0000
0000
0000
0000
0000
0000
0000
0000
0000
0000
0000
0000
0000
0000
0009
0000
009b
0000
00ed
0000
9aaa
9990
dddd
dd99
9999
9dd9
904d
09d9
499d
00d9
9409
00d9
0900
0099
0900
0090
0000
0000
0000
0000
0000
0000
0000
0000
0000
9900
0000
dd00
0000
9900
0000
0000
0000
0000
0000
0000
0000
0000
0000
0000
0000
0000
0000
0000
0000
0000
0000
0000
0000
0000
0900
0000
0900
0000
0000
0000
0000
0000
0099
0000
00ad
0000
00ea
0000
00de
0000
009d
0000
00b9
9000
00cc
b900
00cf
eb00
00cc
de00
00bb
ae00
0099
ea00
0000
dd00
0000
dd00
0000
9d00
0000
0900
0000
0090
0000
00d9
0000
00e9
0000
00d9
0000
0099
0000
0090
0000
0000
0000
0000
0000
0000
0000
0000
0000
0000
0000
0000
0000
9900
0000
ed00
0000
dd00
0000
dd00
0000
d900
0000
dd00
0009
9900
009d
0000
00ea
0000
00ae
0000
00ed
0000
00dd
0000
0099
0000
0049
0000
0949
0000
9dba
0000
dab9
0000
aeb9
0000
ed90
0000
d000
0000
9400
0000
9900
0000
0000
0000
0000
0000
0000
0000
0000
0000
0000
0000
0000
0000
0000
0000
0000
0000
0000
0000
0000
0000
0000
0000
0000
0000
0000
0000
0000
0000
0000
0000
0000
0000
0000
aa00
0000
cc00
0000
cf00
9999
cc00
9bbb
cc00
996b
bc00
39b6
9900
396b
9900
99b6
9900
9baa
3900
9999
2900
a0a0
2300
0a0a
2200
0090
2200
0090
2200
00d9
2200
00d9
3300
009d
9900
009d
0900
0009
0900
0009
0900
00a0
9d00
0000
dd00
000a
d300
0000
9900
0000
0a00
0000
0000
0000
0000
000a
0000
00ac
a000
00cc
ca00
99cc
fc00
bbbc
cc00
bb99
cc00
bbbb
ca00
b666
0000
6b6b
0000
aaaa
0000
9999
0000
0009
0000
0000
0000
0000
0000
0000
0000
0000
0000
0000
0000
0000
0000
0000
9000
0090
9900
0039
9000
00d9
9000
00dd
9000
009d
0000
0009
0000
0000
0000
0000
0000
0000
0000
0000
0000
0000
0000
9900
0000
3900
0000
9900
0000
9600
0000
ab0a
0000
abaa
0000
9aac
0000
09ac
0000
009c
0000
00b9
0000
006b
a000
0066
a000
00bb
a000
00ab
a000
0099
a000
0009
a000
0000
a000
0000
a000
0000
a000
0000
0000
0000
0000
0000
0000
0090
0000
0030
0000
00d9
0000
00d9
0000
009d
0000
00ad
0000
0009
0000
0000
0000
0000
0000
0000
0000
0000
0000
0000
0000
0000
0000
0000
0000
0000
0000
0000
0000
0000
0000
00aa
0000
00fc
0000
00cc
0000
00c9
0000
009b
0000
0abb
0000
ac6b
0000
aabb
0000
0aba
0000
09a9
0000
9b90
0000
b600
0000
bb00
3d00
b69a
d900
bbdd
9000
bb99
0000
ba00
0000
b900
0000
9000
0000
0000
0000
0000
0000
0000
0000
0000
0000
0000
0000
0000
0000
0000
0000
0000
0000
0000
0000
0000
0000
0000
0000
0000
0000
0000
0000
0000
0000
0000
0000
0000
0000
0000
0000
0000
0000
0000
0000
0000
0000
0000
0000
4444
4444
3333
3333
0000
0000
0000
0000
0000
0000
0000
0000
0000
0000
0000
0000
0000
0000
0000
0000
0000
0000
0000
0000
0000
0000
0000
0000
0000
0000
0000
0000
0000
0000
0000
0000
0000
0000
0000
0000
0000
0000
0000
0000
4000
0000
4400
0000
3400
0000
0300
0000
0000
0000
0000
0000
0000
0000
0000
0000
0040
0000
0044
0000
0034
0000
0003
0000
0000
0000
0000
0000
0000
0000
0000
0000
0000
4000
0000
4400
0000
3400
0000
0300
0000
0000
0000
0000
0000
0000
0000
0000
0000
0040
0000
0044
0000
0034
0000
0000
0000
0000
0000
0000
0000
0000
0000
0000
0000
0000
0000
0000
0000
0000
0004
0000
0000
0000
0000
0000
0040
0000
0000
0000
0000
0000
0004
0000
0044
0000
0044
0000
0044
0000
0004
0000
0000
0000
0000
0000
0004
0000
0000
0000
0000
0000
0000
0000
0000
0000
0000
0000
0000
0000
0000
0000
0000
0000
0000
0000
0000
0000
0000
0000
0000
0000
0000
0000
0000
0000
0000
0000
0000
0000
0000
0000
0400
0400
0000
4400
0000
4000
0000
0000
0044
0000
0004
0000
0044
0000
00e4
d000
00ee
0400
00ee
0000
00ee
0000
0444
0000
4444
4000
0044
4400
0004
4400
00d0
0000
0000
0000
0400
0000
0000
0000
0000
0000
0000
0000
0000
0000
0000
0000
0000
0000
0000
0000
0000
0000
0040
0000
0440
0000
0404
0000
4400
0000
0400
0000
444e
4400
40e4
4400
4e04
e400
4444
4400
4400
4400
4449
0400
4400
4000
0400
e400
4e00
4e00
4400
4000
4000
9e00
4000
0400
4e00
0440
4400
0e00
0400
4e00
0494
e400
44e4
e400
00e9
4e00
000e
0e00
004e
0400
0004
0400
0044
4400
0044
0400
0004
0000
0000
0000
0000
0000
0000
0000
000d
0000
000d
0d00
d000
d000
0d00
0000
0009
9000
0000
0000
0000
0000
dd40
9000
0000
0000
0000
0000
0000
0000
a000
0000
0000
0000
0900
0000
0000
0000
0000
0000
d000
0000
0a00
0000
0004
0000
0000
0a00
d040
00d0
0000
00d0
0000
0d00
dd00
0000
0009
0000
0000
d000
0dd0
d000
00d0
0d00
0000
0000
000d
0000
0000
0000
0000
0000
0000
0000
0000
0000
0000
0000
0550
0000
0555
0000
0500
0000
0a05
0500
000a
0500
0055
5b00
0555
5500
b555
5500
55a5
5500
0a55
a500
0055
aa50
05a5
0055
050a
00a5
5500
000a
aa50
0000
0500
0000
5000
0000
a000
0000
0000
0000
0000
0000
0000
0000
0000
0000
0000
0000
0000
0000
0000
0000
0000
0000
0000
0000
0000
0000
0000
0000
0000
0000
0000
0000
0000
0000
0000
0000
0000
0000
0000
0000
0000
5500
0000
5550
0055
5500
5500
5500
5555
55a0
a555
5500
05bb
5a00
0a55
a000
0555
0000
5555
0000
0055
0000
0055
0000
555a
0000
5aa0
0000
a050
0000
0050
0000
5500
0000
5b00
0000
b500
0000
55a0
0000
55a0
0000
aa00
0000
0000
0000
0000
0000
0000
0000
0000
0000
5550
0000
55c5
5550
cc5c
c550
5555
5000
5555
0000
5555
0500
5555
5500
a5a5
5c00
0a05
5500
0005
c500
0055
5500
005c
5500
0055
5a00
0055
a000
5555
0000
5555
0000
c555
0050
5555
5550
5555
55a0
5555
5500
5555
5500
a555
5500
0555
5500
5555
5500
5c55
5500
5c55
5500
55c5
5500
5555
a500
aa55
0a00
00a5
0000
000a
0000
0000
0000
0000
0000
0000
0000
0000
0000
0000
0000
0000
0000
0e00
0000
0e0e
0000
0e0e
0000
0000
0000
0000
0000
0000
0000
0000
0000
e000
0000
eee0
e000
eeee
e000
0000
4400
044e
e444
00e4
eee4
00e4
eee4
00ee
0e44
4e44
4e44
e400
4400
00ee
4400
0040
0000
0004
0000
0000
0000
0000
0000
0000
0000
0000
0000
0000
0000
0000
0000
0000
0000
0000
0000
0000
0000
0000
0000
0000
0000
0000
0000
0000
0000
0000
0000
0000
0000
0000
0000
0000
0000
0000
0000
0000
0000
0000
0000
0000
0000
0000
0000
ee00
0000
4e40
0000
eeee
44e4
e4e4
4e44
444e
ee00
4040
0000
0000
0000
0000
0000
0000
0000
0000
0000
0000
0000
0000
0000
0000
0000
0000
0000
0000
0000
0000
0000
0000
0000
0000
0000
0000
0000
0000
0000
0000
0000
0000
0000
0000
0000
00e0
0000
0000
0000
ee00
0000
4000
0000
4400
0000
0400
0000
0000
0000
00e0
0000
0044
0000
eee4
e000
0eee
ee00
0e4e
44e4
e044
eeee
0044
4eee
000e
444e
00e4
ee0e
000e
4e00
0000
e000
0000
0000
0000
0000
0000
0000
0000
0000
0000
0000
0000
0000
0000
0000
0000
0000
0000
0000
0000
0000
0000
0000
0000
0000
0000
0000
0000
0000
0000
0000
0000
0000
0000
0000
0000
0000
0000
0000
0000
0000
0000
0000
0000
0000
0000
0000
0000
0000
eee0
0000
e0ee
ee0e
e444
ee44
eeee
0000
4040
0000
0000
0000
0000
0000
0000
0000
0000
0000
0000
0000
0000
0000
0000
0000
0000
0000
0000
0000
0000
0000
0000
0000
0000
0000
0000
0000
00e0
0000
00e0
0000
00ee
0000
00ee
0000
00ee
0000
00ee
0000
00ee
0000
00ee
0000
004e
0000
0044
0000
e044
0000
e044
0000
0e4e
0000
004e
0000
0e44
0000
0044
0000
e044
0000
e0ee
ee00
e0ee
4e00
eeee
4e00
eee4
4e00
eee4
4eee
e4e4
4eee
e444
4eee
4444
4e44
4444
44e4
ee44
44e4
eeee
4eee
0000
eeee
0000
0000
0000
0000
e000
0000
e000
0000
ee00
0000
0e00
0000
0e00
0000
0e0e
0e00
000e
0e00
000e
0e00
000e
0e00
e00e
0e00
eeee
ee00
e4ee
ee00
e4ee
ee00
e4ee
4e00
e4ee
4e00
e4ee
4e00
44ee
ee00
e4ee
ee00
e44e
ee00
e44e
4ee0
eee4
4ee0
eee4
4ee0
e4e4
ee40
e444
eeee
ee4e
ee44
e4ee
ee44
44ee
ee44
eeee
eeee
4444
44ee
ee4e
e0e0
00e0
0000
00ee
0000
00ee
0000
00e0
0000
00e0
0000
00e0
0000
00e0
0000
00ee
0000
00ee
0000
00ee
0000
00ee
0000
00ee
0000
00ee
0000
00ee
0000
00ee
0000
00ee
0000
00ee
0000
00ee
0000
00e4
0000
00e4
0000
0044
0000
0044
0000
004e
0000
00e4
0000
004e
0000
00ee
0000
00dd
0000
00dd
0000
0000
0000
0000
0000
0000
0000
0000
0000
0000
0000
0000
0000
0000
0000
0000
0000
0000
0000
0000
0000
0000
0000
0000
0000
0000
0000
0000
0000
0000
0000
0000
0000
0000
0000
00e0
0000
00e0
0000
00ee
0000
00ee
0000
00ee
0000
00ee
0000
00ee
0000
00ee
0000
004e
0000
00ee
0000
0044
0000
0044
0000
00e4
0000
00ee
0000
0000
0000
0000
0000
0000
0000
0000
0000
0000
0000
00c0
0000
cccc
cc00
cfff
ff00
ffff
ff00
fcff
fc00
ffff
cc00
ffff
bf00
ffcf
ff00
ffff
ff00
ffff
ff00
ffff
ff00
cfff
ff00
bcff
ff00
cbff
ffc0
fcff
fcc0
ffcc
cbcc
ffff
fccc
fffc
fcfc
cffc
c0fc
ccff
fffc
bbfc
ffcc
ccff
fcc0
fccf
ff00
ffff
ff00
ffcf
cf00
fffc
cc00
ffcb
cc00
ccb0
0000
ccff
0c00
0cf0
0000
0000
0000
0000
0000
0000
0000
0000
0000
0000
0000
0000
0000
0000
0000
0000
0000
0000
0000
00cc
0000
00bb
b000
00fb
cb00
00cf
fb00
00cf
cf00
00ff
cf00
00cf
cf00
00fc
cf00
00fc
cfc0
00cf
fbcc
00ff
fb00
00ff
bc00
00ff
0000
00cf
0000
00cc
0000
00bc
b000
00bc
0000
000b
0000
0000
0000
0000
0000
0000
0000
0000
0000
0000
0000
0000
0000
0000
0000
0000
0000
0000
0000
0000
0000
0000
0000
0000
0000
0000
0000
0f0c
0000
0bbb
0000
0bff
0000
cbff
0000
fbff
0000
fbff
0000
bfbf
0c00
bcbf
cf00
b0fb
cf00
bfcb
cf00
0bcf
0f00
0cfc
0c00
00ff
c000
00cf
c000
00bb
fc00
00fb
f000
00fb
cc00
00bb
ff00
00bb
cc00
0000
0c00
0000
0000
0000
0000
0000
0000
0000
00f0
0000
00c0
0000
000c
1111
1111
eeee
eeee
ffff
fff1
1111
1111
1111
1111
eeee
ee11
ffff
ff11
1111
1111
1111
1111
cccc
cccc
ccc1
cccc
cccc
cccc
1111
1111
1b1b
1b1b
bbbb
bbbb
bbbb
bbbb
bbbb
bbbb
bbbb
bbbb
bbbb
bbbb
bbbb
bbbb
b1bb
1bbb
9bbb
b1bb
b9bb
1bbb
9bbb
b9bb
b9bb
1bbb
9bbb
b1bb
b1bb
1bbb
bbbb
bbbb
bbbb
bbbb
bbbb
bbbb
bbbb
bbbb
bbbb
bbbb
bbbb
bbbb
bbbb
bbbb
bbbb
bbbb
bbbb
bbbb
bbbb
bbbb
bbbb
bbbb
bbbb
bbbb
bbbb
bbbb
bbbb
bbbb
bbbb
bbbb
bbbb
bbbb
bbbb
bbbb
bbbb
bbbb
bbbb
bbbb
bbbb
bbbb
bbbb
bbbb
bbbb
bbbb
bbbb
bbbb
bbbb
bbbb
bbbb
bbbb
bbbb
bbbb
bbbb
bbbb
bbbb
eebb
bbbb
ddbb
bbbb
aabb
bbbb
44bb
bbbb
44bb
bbbb
44bb
bbbb
47b1
bbbb
77bb
bbbb
97bb
bbbb
49bb
bbbb
44bb
bbbb
44bb
bbbb
44bb
bbbb
47bb
bbbb
77bb
bbbb
97bb
bbbb
49bb
bbbb
44bb
bbbb
44bb
bbbb
44bb
bbbb
44bb
bbbb
66bb
bbbb
44bb
bbbb
66bb
bbbb
44bb
bbbb
66bb
bbbb
44bb
bbbb
44bb
bbbb
44bb
bbbb
eebb
bbbb
ddbb
bbbb
11bb
bbbb
bbbb
bbbb
bbbb
bbbb
bbbb
bbbb
bbbb
bbbb
bbbb
bbbb
bbbb
bbbb
bbbb
bbbb
bbbb
bbbb
bbbb
bbbb
bbbb
bbbb
bbbb
bbbb
bbbb
bbbb
bbbb
bbbb
bbbb
bbbb
bbbb
bbbb
bbbb
bbbb
bbbb
bbbb
bbbb
bbbb
bbbb
bbbb
bbbb
bbbb
bbbb
bbbb
bbbb
bbbb
bbbb
bbbb
bbbb
bbbb
bbbb
bbbb
bbbb
1111
1111
1222
1222
2122
2212
2222
2222
2222
2222
2222
2222
2222
2212
2222
2222
2222
2222
2222
2222
2222
2221
2222
2222
2222
2222
2222
2222
2222
2222
2222
2222
0000
0000
0000
0000
0000
0000
0000
0000
0000
0000
0000
0000
0000
0000
0000
0000
0000
0000
0000
0000
0000
0000
0000
0000
0000
0000
0000
0000
0000
0000
0000
0000
0000
0000
0000
0000
0000
0000
0000
0000
0000
0000
0099
9000
99cc
9900
cccc
cc00
cccc
cc00
9999
9900
deee
ee00
edee
ed00
9999
9990
cccc
cc90
cccc
cc90
9999
9990
0000
0000
0000
0000
0000
0000
0000
0000
0000
0000
0000
0000
0000
0000
0000
0000
0000
0000
0000
0000
0000
0000
0000
0000
0000
0000
0000
0000
0000
0000
0000
0000
0000
0000
0000
0000
0000
0000
0000
0000
0000
0000
0099
9000
99cc
9900
cccc
cc00
cccc
cc00
9999
9900
43ee
ed00
34ee
ee00
9999
9990
cccc
cc90
cccc
cc90
9999
9990
0000
0000
0000
0000
0000
0000
0000
0000
0000
0000
0000
0000
0000
0000
0000
0000
0000
0000
0000
0000
0000
0000
0000
0000
0000
0000
0000
0000
0000
0000
0000
0000
0000
0000
0000
0000
0000
0000
0000
0000
0000
0000
0099
9000
99cc
9900
cccc
cc00
cccc
cc00
9999
9900
ed4e
ed00
de44
ee00
9999
9990
cccc
cc90
cccc
cc90
9999
9990
0000
0000
0000
0000
0000
0000
0000
0000
0000
0000
0000
0000
0000
0000
0000
0000
0000
0000
0000
0000
0000
0000
0000
0000
0000
0000
0000
0000
0000
0000
0000
0000
0000
0000
0000
0000
0000
0000
0000
0000
0000
0000
0000
0000
0000
0000
0000
0000
0099
0000
09cc
9900
9ccc
cc00
9999
9900
9dee
de00
9999
9900
cccc
cc00
cccc
cc00
0000
0000
0000
0000
0000
0000
0000
0000
0000
0000
0000
0000
0000
0000
0000
0000
0000
0000
0000
0000
0000
0000
0000
0000
0000
0000
0000
0000
0000
0000
0000
0000
0000
0000
0000
0000
0000
0000
0000
0000
0000
0000
0000
0000
0000
0000
0000
0000
0000
0000
0099
0000
00cc
0000
00cc
9000
00ee
9000
0099
9900
00cc
c900
0099
9900
0000
0000
0000
0000
0000
0000
0000
0000
0000
0000
0000
0000
0000
0000
0000
0000
0000
0000
0000
0000
0000
0000
0000
0000
0000
0000
0000
0000
0000
0000
0000
0000
0000
0000
0000
0000
0000
0000
0000
0000
0000
0000
0000
0000
0000
0000
0000
0000
0000
0000
0000
0000
0000
0000
0000
0000
0099
0000
00cc
0000
00ee
0000
00cc
0000
0000
0000
0000
0000
0000
0000
e00e
0000
0000
0f00
00f0
0000
0000
0000
0000
0000
0000
0000
00f0
0000
0000
f000
0000
0000
00e0
0000
0000
0000
e000
0000
00e0
e000
0000
0000
0000
0000
0000
0000
0000
0000
000e
0000
0400
0e00
0000
0000
0000
0000
0000
0000
0000
0000
0000
e000
0e0f
0000
0000
0000
0000
0000
0ee0
f000
0000
0000
0888
0000
0008
8408
80e0
8000
0800
8888
0008
0880
0e00
e888
0080
0000
0000
0800
8080
00f0
0080
0800
8080
e008
08f0
0800
0000
8808
8080
0088
8800
f000
0000
0080
e804
8080
8880
8088
0808
08e0
f008
8800
00f8
8088
8008
0e80
0888
0080
0008
0088
0080
0888
8880
0000
0000
8f40
0880
8000
0000
8080
0888
8080
8008
8808
8880
0800
0000
0000
0000
0000
0000
0000
0000
0000
0000
0000
0000
0000
0000
0000
0000
0000
0000
0000
0000
0000
0000
0000
0000
0000
0000
0000
0000
0000
0000
0000
0000
0000
0000
0000
0000
0000
0000
0000
0000
0000
00aa
0000
0055
0000
0055
0000
0095
0000
0095
0000
0099
0000
0999
9900
9c99
9c00
cc99
bc00
cccc
cc00
cccc
cc00
cccc
cc00
0000
0000
0000
0000
0000
0000
0000
0000
0000
0000
0000
0000
0000
0000
0000
0000
0000
0000
0000
0000
0000
0000
0000
0000
0000
0000
0099
0000
0055
0000
0059
0000
0059
0000
0099
0000
0099
0000
0099
0000
0099
0000
0099
0000
00ab
0000
0099
0000
00ba
0000
0099
0000
09bb
9900
9c99
9c00
cc99
bc00
cccc
cc00
cccc
cc00
cccc
cc00
0000
0000
0000
0000
0000
0000
0000
0000
0000
0000
0000
0000
0000
0000
00aa
0000
0055
0000
0095
0000
0099
0000
0099
0000
0099
0000
0099
0000
0099
0000
0099
0000
00ab
0000
0099
0000
00ba
0000
0099
0000
00bb
0000
0099
0000
0093
0000
0093
0000
0094
0000
0094
0000
0994
9900
9c94
9c00
cc99
bc00
cccc
cc00
cccc
cc00
cccc
cc00
0000
0000
0099
0000
0055
0000
0055
0000
0059
0000
0059
0000
0099
0000
0099
0000
0099
0000
0099
0000
00ab
0000
0099
0000
00ba
0000
0099
0000
00bb
0000
0099
0000
0093
0000
0093
0000
0094
0000
0094
0000
0094
0000
0094
0000
0094
0000
0094
0000
0094
0000
0094
0000
0994
9900
9c94
9c00
cc99
bc00
cccc
cc00
cccc
cc00
cccc
cc00
cccc
cc00
c3cc
cc00
c4cc
cc00
cccc
cc00
cccc
cc00
cacc
fc00
abcc
fc00
abcc
fc00
abcc
fc00
aacc
fc00
abcc
fc00
abcc
fc00
abcc
fc00
cacc
fc00
cccc
fc00
cccc
fc00
aacc
aa00
ccaa
cf00
cccc
cf00
cbcc
cf00
bccc
cf00
cbcc
cf00
bccc
cf00
cbcc
cf00
bccc
cf00
cbcc
cf00
cccc
cf00
cccc
cf00
cccc
cf00
99cc
9900
0099
0000
0000
0000
0000
0000
0099
0000
0055
0000
00aa
0000
00a7
0000
00a7
0000
00a9
0000
00a6
0000
0066
0000
0067
0000
007d
0000
00d6
0000
0066
0000
006a
0000
006a
0000
006a
0000
006a
0000
006a
0000
006a
0000
0064
0000
0064
0000
0064
0000
00a4
0000
00a4
0000
0094
0000
0094
0000
0994
9900
9c94
9c00
cc99
bc00
cccc
cc00
cccc
cc00
cccc
cc00
cccc
cc00
c9cc
cc00
c9cc
cc00
cccc
cc00
cccc
cc00
c9cc
fc00
99cc
fc00
99cc
fc00
99cc
fc00
99cc
fc00
99cc
fc00
993c
fc00
9943
fc00
ca43
fc00
cc34
fc00
cc34
fc00
aaa3
aa00
cca3
cf00
ccc3
cf00
cbc3
cf00
bcba
cf00
cbab
cf00
bccc
cf00
cbcc
cf00
bccc
ca00
c6ac
a690
aaaa
6669
6676
6690
6777
6600
6667
aa00
9976
a900
0099
0000
cccc
cc00
c9cc
cc00
c9cc
cc00
cccc
cc00
cccc
cc00
c9cc
fc00
99cc
fc00
99cc
fc00
99cc
fc00
99cc
fc00
9999
fc00
9934
fc00
9943
9900
ca99
9c00
cccb
fc00
ccbc
fc00
aacc
aa00
cc99
cf00
cccc
cf00
cbcc
cf00
bccc
cf00
cbcc
cf00
bccc
cc00
cb99
9600
9c69
7700
9677
7690
6967
6679
7666
6669
6767
6690
6676
aa00
9966
9900
9999
0000
0000
0000
0099
0000
e055
0000
ee55
00e0
0e59
0000
0e59
0000
0e99
0000
0099
0000
0099
0000
0099
0e00
00ab
e000
e099
e000
e0ba
e0e0
ee99
0000
eebb
0000
0e99
0000
0093
0000
0093
0000
e094
0e00
ee94
0e00
ef94
ee00
ee94
e000
0e9d
ee00
ee9d
ee00
0edd
ee00
00dd
e000
09fd
9900
9cff
9c00
cc9d
bc00
cccc
cc00
cccc
cc00
cccc
cc00
0000
0000
00bb
0000
0000
0000
00ff
0000
00fc
0000
00fc
b000
00cf
b000
00cf
b000
00cf
b000
00fc
0000
00fc
0000
00cc
0000
00cf
0000
00cf
0000
00ff
0000
00cf
0000
00cf
0000
00cc
0000
00cc
0000
00cb
0000
00cb
0000
09ca
0000
00bf
0000
00fa
0000
09ba
9000
00ba
0000
09ba
9900
9cf9
9c00
cc99
bc00
cccc
cc00
cccc
cc00
cccc
cc00
0000
0000
0000
0000
0000
0000
0000
b000
0000
b000
0000
b000
0000
b000
0000
b000
0000
0000
0000
0000
000f
0b00
000f
0000
000f
0000
0000
0000
000c
0000
0000
0000
00c0
0000
000b
0000
0000
0000
00c0
0000
0000
0000
0000
0000
0000
0000
0000
0000
0000
0000
0099
9000
09aa
9900
9c9a
9c00
cc99
bc00
cccc
cc00
cccc
cc00
cccc
cc00
0000
0000
0000
0000
0000
0000
0000
0000
0000
0000
0000
0000
0000
0000
0000
0000
0000
0000
0000
0000
0000
0000
0000
0000
0000
0000
0000
0000
0000
0000
0000
0000
0000
0000
0000
0000
0000
0000
0000
0000
0000
0000
0000
0000
0000
0000
0000
0000
0000
0000
0099
9000
09aa
9900
9c9a
9c00
cc99
bc00
cccc
cc00
cccc
cc00
cccc
cc00
00e0
0000
0000
0000
00e0
0000
00e0
0000
0000
0000
0000
00ee
00ee
00ea
e00e
00a0
a000
0000
0a00
0000
0000
e000
0000
ae00
0000
0a00
0000
0000
0e00
0000
ee00
0000
eaee
0000
eaee
0000
a0ae
0000
000a
0000
000a
ee00
000a
ea00
0000
a000
0e00
0000
0e00
eeee
ea00
00ae
a000
000a
0000
0000
0000
0000
0000
0000
0000
0000
0000
0000
0000
0000
0000
0000
0000
0000
0000
0000
0000
0000
e000
0000
ee00
0000
eee0
0000
eee0
0000
0eee
0000
0eee
0000
00ee
0000
00ee
0000
000e
0000
0000
0000
0000
0000
0000
0e00
0000
0e00
0000
0e00
0000
0e00
0000
0e00
0000
ee00
0000
ee00
0000
e000
0000
e000
0000
0000
0000
0000
0000
0000
0000
0000
0000
00e0
0000
00e0
0000
000e
0000
0000
0000
0000
0000
0000
0000
0000
0000
0000
0000
0000
0000
0000
0000
0000
0000
0000
0000
e000
0000
0000
0000
0000
ee0e
0000
eeee
0e00
eee0
ee00
ee00
e0ee
ee00
00e0
ee0e
0000
00ee
0e00
0000
0000
0000
0000
0000
0000
0000
0000
0000
0000
0000
0000
0000
0000
0000
0000
0000
0000
0000
0000
0000
0000
0000
0000
0000
0000
0000
0000
0000
0000
0000
0000
0000
0000
0000
0000
0000
0000
0000
0000
0099
0000
00bb
0000
00bc
0000
00cc
0000
00bb
0000
00bb
9000
00bb
9000
99bb
9000
ccbb
9000
bbbb
9000
99bb
9000
00ba
9000
00ab
0000
00ba
0000
00ab
0000
00aa
0000
00aa
0000
0099
0000
0000
0000
0000
0000
0000
0000
0000
0000
0000
0000
0000
0000
0000
0000
0000
0000
0000
0000
0000
0000
0000
0000
0000
0000
0000
0000
0000
0000
0099
0000
00bb
0000
00bc
0000
00cb
0000
00bb
0000
00bb
9000
00bb
9000
0099
9000
00c9
9000
009b
9000
00b9
9000
009a
9000
00aa
0000
00aa
0000
00aa
0000
00ba
0000
00aa
0000
0099
0000
0000
0000
0000
0000
0000
0000
0000
0000
0000
0000
0000
0000
0000
0000
0000
0000
0000
0000
0000
0000
0000
0000
0000
0000
0000
0000
0000
0000
0099
0000
00bb
0000
00bc
0000
00cc
0000
00bb
0000
00bb
9000
00bb
9000
00bb
9000
00bb
9000
00bb
9000
00bb
9000
00ba
9000
00ab
0000
00ba
0000
00ab
0000
00aa
0000
00aa
0000
0099
0000
0000
0000
0000
0000
0000
0000
0000
0000
0000
0000
0000
0000
0000
0000
0000
0000
0000
0000
0000
0000
0000
0000
0000
0000
0000
0000
0000
0000
0099
0000
00bb
0000
00cc
0000
00fb
0000
00bb
0000
00bb
9000
00bb
9000
00bb
9000
00bb
9000
00bb
9000
00bb
9000
00bb
9000
00ab
0000
00ba
0000
00ab
0000
09aa
0000
9caa
0000
9b99
0000
0900
0000
0000
0000
0000
0000
0000
0000
0000
0000
0000
0000
0000
0000
0000
0000
0000
0000
0000
0000
0000
0000
0000
0000
0000
0000
0900
0000
9b99
0000
9bbb
0000
09cc
0000
00cb
0000
00bb
0000
00bb
9000
00bb
9000
00bb
9000
00bb
9000
00bb
9000
00bb
9000
00bb
9000
00ab
0000
00ba
0000
00ab
0000
00aa
0000
00aa
0000
0099
0000
0000
0000
0000
0000
0000
0000
0000
0000
0000
0000
0000
0000
0000
0000
0000
0000
00e0
0000
00ee
0000
009e
0000
0090
9900
99bb
ba00
aaaa
b900
bb0e
b900
bb0e
9000
bcee
9000
bbe0
0000
bbee
a000
abee
0e00
9900
e000
0000
0000
00b0
0000
000e
0a00
0a0e
aa00
ee00
9900
0ab0
cc00
aa99
bc00
00b9
bb00
00be
bb00
00bb
bb00
09b9
9b00
09b9
0900
00b9
0900
00a9
0000
0099
0000
0090
0000
0000
0000
0000
0000
0000
0000
0000
0000
0000
0000
0000
0000
0000
0000
0000
0000
0000
0000
0000
0000
0000
0000
0000
0000
0000
0000
0000
0000
0000
0000
0000
0000
0000
0000
0000
0000
0000
0000
0000
0000
0000
0000
0000
0000
0000
0000
0000
0000
0000
0000
0000
0000
00a0
0000
000a
0000
00a0
0000
0a0a
0a00
00a0
0000
000a
0000
00a0
0000
0000
0000
0000
0000
0000
0000
0000
0000
0000
0000
0000
0000
0000
0000
0000
0000
0000
0000
0099
9900
0066
6900
0067
6900
0066
6900
0066
6900
0077
7900
0066
6900
0066
6900
0066
6900
0066
6900
0077
7900
0066
6900
0066
6900
0066
6900
0066
6900
0099
9900
0000
0000
0000
0000
0000
0000
0000
0000
0000
0000
0000
0000
0000
0000
0000
0000
0000
0000
0000
0000
0000
0000
0000
0000
0000
0000
0000
0000
0000
0000
0000
0000
0099
9900
0066
6900
0067
6900
0066
6900
0066
6900
0077
7900
0066
6900
0066
6900
0066
6900
0066
6900
0077
7900
0076
6900
0066
6900
0066
6900
0066
6900
0099
9900
0000
0000
0000
0000
0000
0000
0000
0000
0000
0000
0000
0000
0000
0000
0000
0000
0000
0000
0000
0000
0000
0000
0000
0000
0000
0000
0000
0000
0000
0000
0000
0000
0099
9900
0066
6900
0067
6900
0066
6900
0066
6900
0077
7900
0066
6900
0066
6900
0067
6900
0077
6900
0076
7900
0066
6900
0066
6900
0066
6900
0066
6900
0099
9900
0000
0000
0000
0000
0000
0000
0000
0000
0000
0000
0000
0000
0000
0000
0000
0000
0000
0000
0000
0000
0000
0000
0000
0000
0000
0000
0000
0000
0000
0000
0000
0000
0099
9900
0066
6900
0067
6900
0066
6900
0066
6900
0077
7900
0066
6900
0066
6900
0066
6900
0066
6900
0077
7900
0066
7900
0066
6900
0066
6900
0066
6900
0099
9900
0000
0000
0000
0000
0000
0000
0000
0000
0000
0000
0000
0000
0000
0000
0000
0000
0000
0000
0000
0000
0000
0000
0000
0000
0000
0000
0000
0040
0000
9040
0000
9944
0000
4040
0090
4440
0049
9444
0044
0944
0090
0944
0090
0044
0009
9444
0009
9944
0000
0944
0000
0044
0000
44e4
0099
e4ee
0044
eeee
0009
44ee
0000
0eee
0000
00ee
0000
eeee
9409
0eee
9949
44ef
0040
44ee
0040
44ff
0004
0eff
0040
eeff
0094
eeff
0000
0000
0000
0000
0000
0000
0000
0000
0099
0000
0004
0000
0004
0000
9944
0000
0049
0000
4440
0000
4400
0000
4400
0000
4400
0400
ae00
0400
ee00
0400
ee00
4000
e090
0900
e4a4
0900
0444
0900
a444
0000
0444
0000
44aa
0000
4404
0000
ea44
0000
ee04
0000
ee09
0000
ee44
0000
ee40
9409
ee44
4000
ee04
4400
ee44
4400
eeee
0400
0004
eeff
0004
eeff
0094
eeff
0094
eeff
0044
eeff
0044
eeef
4444
0eff
4400
eeff
4044
eeee
0994
eeee
0004
e0ee
0040
44ee
0040
44ee
0044
44ee
0040
44ee
0004
40e4
0049
09e4
0044
9004
0044
0040
0040
0040
0909
0040
0099
0044
0000
0049
0000
0044
0000
0000
0000
0000
0000
0000
0000
0000
0000
0000
0000
0000
0000
0000
0000
0000
eee0
4900
ee00
9000
eeee
4000
ee00
0000
ee44
0000
ee40
4400
ee44
4900
ee04
0000
4e44
4400
4e04
0400
4004
4400
0400
0400
0444
0000
04e4
0900
e044
0000
ee04
0000
ee04
0000
ee00
0000
0e40
0000
0000
0000
4404
9900
4040
0000
0444
0000
4404
0000
0904
0000
0000
0000
0000
0000
0094
0000
0090
0000
0009
0000
0000
0000
0000
0000
0000
0099
0000
99cc
0000
cccc
0000
ffcc
0000
cc99
0009
cc00
009c
9900
00cf
0099
00fc
00cc
00cc
00cc
00cc
99cc
00cc
bccc
00cc
cbcc
00c9
bbcc
00c9
b9cc
009b
99bc
009c
09cb
009b
09bc
009b
09cb
009b
99bc
009b
b9bb
00b9
cbbb
00cb
bbba
00cc
bbab
00cc
99ba
00cc
00bb
00cc
00cc
00cc
0099
00cc
9999
009c
cc99
00b9
cccc
00bb
cccc
0000
0000
9900
0000
cc00
0000
cc00
0000
cc99
0000
9ccc
0000
09cc
0000
00bc
0000
00cb
0000
00cc
0000
999c
0000
9909
0000
c909
9000
c999
9000
cccb
c900
ccbc
c900
ccbb
c900
bcbb
c900
ccbb
c900
bc9b
c900
bc09
c900
c909
c900
c999
9000
9bb9
9900
999c
b900
00cc
b900
00cf
b900
00ff
b900
99fc
b900
9cfc
b900
cccc
b900
cfb9
9000
00cc
cccc
00cc
cccc
00cc
bbcc
00cc
99bb
00cc
0099
00cc
9900
009c
cc99
00b9
cccc
00bb
cccc
00cb
cccc
00cc
cccc
00cc
bbcc
00cc
99bb
00cc
0099
00cc
9900
009c
cc99
00b9
cccc
00bb
cccc
00cb
cccc
00bc
cccc
00cc
bbcc
00cc
99bb
00cc
0099
00cc
9900
009c
cc99
0009
cccc
0000
cccc
0000
cccc
0000
cccc
0000
bbcc
0000
99bb
0000
0099
cc99
9900
cc9c
b900
bbcc
b900
99cc
b900
00cc
b900
09cc
b900
9ccc
b900
cccc
b900
ccb9
9000
cc99
9900
cc9b
b900
bbbc
b900
99cc
b900
00cc
b900
09cc
b900
9ccc
b900
cccc
b900
ccb9
9000
cc99
9000
cc9b
0000
bbbc
0000
99cc
0000
00cc
0000
09cc
0000
9ccc
0000
cccc
0000
ccb9
0000
cc90
0000
cc00
0000
bb00
0000
9900
0000
0000
0000
0000
0099
0000
99cc
0000
cccc
0000
ffcc
0000
cc99
0009
cc00
009c
9900
00cf
0099
00fc
00cc
00cc
00cc
00cc
99cc
00cc
bccc
00cc
cbcc
00c9
bbcc
00c9
b9cc
009b
99bc
009c
09cb
009b
09bc
009b
09cb
009b
99bc
009b
b9bb
00b9
cbbb
00cb
bbba
00cc
bbab
00cc
99ba
00cc
00bb
00cc
00cc
00cc
0099
00cc
9999
009c
cc99
00b9
cccc
00bb
cccc
0000
0000
9900
0000
cc00
0000
cc00
0000
cc99
0000
9ccc
0000
09cc
0000
00bc
0000
00cb
0000
00cc
0000
999c
0000
9909
0000
c909
9000
c999
9000
cccb
c900
ccbc
c900
ccbb
c900
bcbb
c900
ccbb
c900
bc9b
c900
bc09
c900
c909
c900
c999
9000
9bb9
9900
999c
b900
00cc
b900
00cf
b900
00ff
b900
99fc
b900
9cfc
b900
cccc
b900
cfb9
9000
00cc
cccc
00cc
cccc
00cc
bbcc
00cc
99bb
00cc
0099
00cc
9900
009c
cc99
00b9
cccc
00bb
cccc
00cb
cccc
00cc
cccc
00cc
bbcc
00cc
99bb
00cc
0099
00cc
9900
009c
cc99
00b9
cccc
00bb
cccc
00cb
cccc
00bc
cccc
00cc
bbcc
00cc
99bb
00cc
0099
00cc
9900
009c
cc99
0009
cccc
0000
cccc
0000
cccc
0000
cccc
0000
bbcc
0000
99bb
0000
0099
00cc
cccc
00cc
cccc
00cc
bbcc
00cc
99bb
00cc
0099
00cc
99a3
009c
cca4
00b9
cca4
00bb
cca4
00cb
ccb4
00cc
cccb
00cc
bbcc
00cc
99bb
00cc
0099
00cc
99a3
009c
cca4
00b9
cca4
00bb
cca4
00cb
ccb4
00bc
cccb
00cc
bbcc
00cc
99bb
00cc
0099
00cc
99a3
009c
cca4
0009
cca4
0000
cca4
0000
ccb4
0000
cccb
0000
bbcc
0000
99bb
0000
0099
00cc
cccc
00cc
cccc
00cc
bbcc
00cc
99bb
00cc
0099
00cc
9900
009c
cc99
00b9
cccc
00bb
cccc
00cb
cccc
00cc
cccc
00cc
bbcc
00cc
99bb
00cc
0099
00cc
9900
009c
cc99
00b9
cccc
00bb
cccc
00bb
cccc
00bc
cccc
00cc
bbcc
00cc
99bb
00cc
0099
00cc
9900
009c
cc99
0009
cccc
0000
cccc
0000
cccc
0000
cccc
0000
bbcc
0000
99bb
0000
0099
0000
0000
0000
0000
0000
0000
0000
0000
0000
0000
0000
0000
0000
0000
0000
0000
0000
0000
0000
0099
9900
00bb
9c00
0099
cc90
00bb
cc99
99bb
ccc9
bbbb
bccc
bc99
cccc
bbaa
bccc
bb99
cbcc
9900
bccc
0000
cbcb
0000
bcbc
0000
bbcb
0000
bbbb
0000
bbbc
0000
abbc
0000
bac9
0000
ab99
0000
cb90
0000
9c00
0000
9900
0000
0000
0000
0000
0000
0000
0000
0000
0000
0000
0000
0000
0000
0000
0000
0099
9900
99bb
b900
bbbb
b900
bbbc
bb00
bbcb
bb00
bbbb
b900
9bbb
9000
b9bb
0000
abbb
0000
aa99
0000
aa00
0000
9900
0000
0000
0000
0000
0000
0000
0000
0000
0000
0000
0000
0000
0000
0000
0000
0000
0000
0000
0000
0000
0000
0000
0000
0000
0000
0000
0000
0000
0000
0000
0000
0000
0000
0000
0000
0000
0000
0000
0000
0000
0000
0000
0000
0000
0099
0000
00bb
0000
00cc
0000
99cb
0000
bbbb
0000
bbcb
0000
bbbb
0000
abbc
0000
bbcc
0000
bbbb
0000
bbcb
0009
bbbb
0009
aabb
009b
abcb
009b
bbbc
00bb
bbbb
00bb
bbbb
00bb
bbcb
00bb
bbbb
00bb
bbcb
00bb
babb
00bb
abbb
00bb
abbb
00bb
bbbb
00bb
bbcb
0000
0000
0000
0000
0000
0000
0000
0000
0000
0000
0000
0000
0000
0000
0000
0000
0000
0000
9900
0000
bb00
0000
bc00
0000
bb00
0000
cb00
0000
cb00
0000
bb90
0000
cbb9
0000
bbc9
0000
bcbc
0000
bbcb
0000
ccbb
0000
ccbb
0000
ccbc
0000
bccb
0000
ccbc
0000
bbbc
0000
bbcb
0000
bbbb
0000
bccb
0000
cbcb
0000
bbbb
0000
bbbc
0000
00bb
bbbb
00bb
bbcb
00bb
abab
00bb
bbbb
00bb
babb
00bb
aaab
00ba
abbb
00bb
bbbb
00bb
baab
00bb
aaab
009b
baaa
009b
bbbb
0009
baab
0009
baab
0000
babb
0000
abbb
0000
abab
0000
aaba
0000
babb
0000
bbbb
0000
bbab
0000
99ba
0000
00ab
0000
00bb
0000
0099
0000
0000
0000
0000
0000
0000
0000
0000
0000
0000
0000
0000
0000
0000
bbbb
0000
bbbb
0000
cbbb
0000
bbbc
0000
bbbb
0000
bbcb
0000
bbcb
0000
aabb
0000
bbbb
0000
bcbb
0000
bbbb
0000
baab
0000
abbb
0000
abbb
0000
bab9
0000
bbb9
0000
bb90
0000
ba00
0000
bb00
0000
bb00
0000
bb00
0000
bb00
0000
9900
0000
0000
0000
0000
0000
0000
0000
0000
0000
0000
0000
0000
0000
0000
0000
0000
0000
0000
0000
0000
0000
0000
0000
0000
0000
0000
0000
0000
0000
0000
0000
0000
0000
0000
0000
0000
0000
9900
0000
bb00
0000
bc00
0000
bb00
0000
cb00
0000
cb00
0000
5590
0000
55b9
0000
ffc9
0000
55bc
0000
55cb
0000
55bb
0000
55bb
0000
55bc
0000
55cb
0000
aa55
0000
bb5f
0000
bb55
0000
bba5
0000
bcca
0000
cacb
0000
bbbb
0000
bbbc
0000
0000
0000
0000
0000
0000
0000
0000
0000
0000
0000
0000
0000
0000
0000
0000
0000
0000
0000
0000
0000
0000
000c
0000
00cc
0000
00cc
0000
00cc
00bb
00cc
00cc
ccbc
00cc
ccab
00cc
cc0a
00bc
cccc
00cb
cccc
0bbc
cccc
bccc
cccc
cbcc
cccc
c5cb
cccc
cbcb
ccbb
cccb
bcbb
cccb
bbbb
ccbb
abbb
bbaa
bbbb
abbb
aaaa
0aaa
0000
0000
0000
0000
0000
cccc
0000
cccc
cca0
cccc
ccca
5c5c
ccba
5c5c
bbba
cccc
ccba
cccc
bcaa
bbba
aaaa
cccb
bb00
cccc
cc00
55cc
cc00
55cc
cc00
55cc
bb00
cccc
cc00
cccb
cc00
ccbc
bb00
bbbb
aa00
aaaa
0000
cccc
0000
cccc
c000
5555
c000
5555
cc00
5555
cc00
cccc
bc00
bbbb
cb00
bbbb
ba00
cccc
a000
bbbb
0000
aaaa
0000
0000
0000
0000
0000
0000
0000
0000
0000
0000
0000
0000
0000
0000
0000
0000
0000
0000
0000
0000
0000
000c
00cc
00cc
cccc
00cb
cccc
00bb
bb00
00bb
b0cc
0000
00c5
0000
00cc
0000
0bcc
0000
0b00
0000
00cc
0000
0bcc
0000
0bcc
0000
00cc
0000
0000
0000
0c55
000c
0c55
000c
cca5
00bc
cca5
00cc
cca5
00cb
cca5
00cc
ccaa
00cb
ccca
00bb
ccca
00aa
ccca
0000
0000
0000
0000
0000
0000
0000
0000
0000
0000
0000
0000
0000
0000
0000
0000
cc00
0000
cc00
0000
cc00
0000
00c0
0000
cccc
0000
550c
0000
ccc0
0000
cccc
0000
00cc
0000
cc00
0000
55c0
0000
cccc
0000
cccc
0000
00cc
0000
000c
0000
5500
0000
5500
0000
5550
0000
5550
0000
5500
0000
5500
0000
5500
0000
5500
0000
5500
0000
00cc
cbca
00cb
cbcc
000b
cacc
00cc
cabc
00cc
caac
0ccc
c00c
abcc
c00b
b0cc
c0aa
0bcb
c0bc
0ccb
c0cc
acfa
c0cc
0cc0
c0b0
acb0
cb05
acba
cc55
bcbb
cb55
bcac
ca55
bcac
b0bb
bc0c
a000
ac0c
0000
00ac
0000
00a0
0000
00a0
0000
0000
0000
0000
0000
0000
0000
0000
0000
0000
0000
0000
0000
0000
0000
0000
0000
0000
0000
0000
0000
5500
0000
5500
0000
5500
0000
5500
0000
5500
0000
5500
0000
5500
0000
55cb
0000
5bbc
0000
5bbb
0000
bb00
0000
b000
0000
0000
0000
0000
0000
00a0
0000
00bb
0000
0000
0000
0000
0000
0000
0000
0000
0000
0000
0000
0000
0000
0000
0000
0000
0000
0000
0000
0000
0000
0000
0000
0000
0000
0000
0000
0000
0000
0000
0000
0000
0000
0000
0000
0000
0000
0000
0000
0000
0000
0000
0000
0000
0000
0000
0000
0000
0000
0000
0000
0000
0000
0000
0000
0000
0000
0000
0000
0000
0000
0000
0000
000e
0000
0000
0000
0000
0000
0000
0000
0000
0000
0000
0000
0000
0000
0000
0000
0000
0000
0000
0000
0000
0000
0000
0000
0000
0000
0000
0000
0000
0000
0000
0000
0000
0000
0000
0000
0000
0000
0000
0000
0000
0000
0000
0000
0000
0000
0000
0000
0000
0000
0000
0000
0000
0000
0000
0000
0000
0000
0000
0000
0000
0000
0000
0000
0000
0000
0000
0000
0000
0000
0000
0000
0000
0000
0000
0000
0000
0000
0000
0000
0000
0000
0000
0000
0000
0000
0000
0000
0000
0000
0000
0000
0000
0000
0000
0000
0000
0000
0000
0000
0000
0000
0000
0000
0000
0000
0000
0000
0000
0000
0000
0000
0000
0000
0000
0000
0000
0300
0000
0000
0000
0000
0000
0000
0000
0000
0000
0000
000c
0000
0000
0000
0000
0000
0000
0000
0000
0000
0000
0000
0000
0000
0000
0000
0000
0000
0000
0000
0000
0000
0000
0000
0000
0000
0000
0000
0000
0000
0c00
0000
0000
0000
0000
0000
0000
0000
0000
0000
0000
0000
0004
0000
0043
0000
0034
0a00
0043
aa00
0034
ab00
0043
aa00
0034
ca00
0043
ba00
003b
cb00
00bc
ba00
00cc
a300
00cc
3300
00cc
4300
00cc
3300
005b
3300
00bc
3300
0bcb
3300
bcba
3000
cca3
0000
cc33
0000
c500
0000
cc00
0000
cb00
0000
bc00
0000
cb00
0000
aa00
0000
0000
0000
0000
0000
0000
0000
0000
9900
0000
bb00
0000
bb00
0099
bb90
0090
bbc0
00bb
aac0
00bb
bbcc
00bb
abcc
00bb
bbcc
00ee
bbcc
09bb
bbbc
9bbb
bbcc
aaaa
aacc
bbbb
bbcf
bbbb
bbcc
eeee
eacc
efee
eacb
efee
eacc
efee
eacc
eeee
eacc
bbbb
bb00
bbbb
bb99
aaaa
aaaa
0909
00aa
00aa
00aa
00a0
00aa
0000
00aa
0000
0000
0000
0000
0000
0000
0000
0000
0000
0000
0000
0000
0000
0000
0000
0000
0000
0000
0000
0000
0bc0
0000
b0cc
0000
a0b0
0000
a000
0000
a000
0000
a000
0b00
a000
bb00
a000
bc00
ab00
cb00
0000
bb00
c0bb
0000
ccaa
b000
c000
aa00
cc00
bb00
cc00
bb00
cc00
bb00
9c00
b000
0900
0000
0000
0000
0000
0000
0000
0000
0000
0000
0000
0000
0000
0000
0000
0000
0000
0000
0000
0000
0000
0000
0000
0000
0000
0000
0000
0000
0000
0000
0900
0009
9990
0099
cc99
00bb
fcc9
09bb
cfcc
9bcb
ffb9
bbbb
ffca
bb99
cfbb
b99a
cccb
9c9a
bcbb
a999
cbbb
a990
bcbb
9990
cbbb
0990
bcab
0990
cbbb
0990
bcab
9990
bbba
b990
bbc9
bb99
cc99
bbbb
9990
9bcb
0900
09bb
0000
00bb
0000
0099
0000
0009
0000
0000
0000
0000
0000
0000
0000
0000
cc00
0000
cc00
0000
fc00
0000
cc00
0000
cacc
0000
c5cc
0000
cccc
0000
cbac
9000
cc5a
cc00
cc55
cc00
bc55
cc00
9bcc
cc00
99bb
cc00
99cc
cc00
99cc
c400
09cc
cc00
9bcc
cc00
bbcc
cc00
bbbc
cb00
b9cb
bb00
90bc
bb00
00bb
b900
00ab
9000
909a
0000
b900
0000
aa00
0000
9a00
0000
0900
0000
0000
0000
0000
0000
0000
0000
0000
0000
000a
0000
00ab
0000
00bc
0000
00cb
0000
00bb
0000
00aa
0000
00ba
0000
00bb
0000
00bb
0000
00bb
0000
00bb
aa00
00bb
a000
00bb
a000
00bb
a000
00bb
a000
00bb
a000
0aba
aa00
aaaa
bb00
bcba
bb00
ccca
ba00
cccc
bb00
ccfc
ba00
ccfc
aa00
ccfc
aa00
cccc
ac00
cccc
cbaa
caca
baa0
aaa3
a3a0
3333
a3a0
3333
3300
aa3a
3300
3a3a
3300
33aa
3300
33a3
3300
3333
3300
3333
3300
3a33
3300
3a33
3300
aa33
3300
aa33
3300
0a33
3300
a333
3300
a333
3300
a333
3300
a3a3
3300
0aa3
3300
0a0a
3300
0a0a
a300
0a00
a300
0000
a300
0a00
3a00
0a00
0a00
0000
0a00
0000
0a00
0000
0a00
0000
0a00
0000
0a00
0000
0000
0000
0000
0000
0000
0000
0000
0000
0000
0000
0000
0000
0000
0000
0000
0000
0000
0000
0000
000e
0000
0000
0000
000f
0e00
0000
0000
00e0
e000
000e
0000
00ef
0e00
00ff
0000
00ff
0000
00ff
e000
00ff
0000
00ff
0000
00ff
0000
00ff
e000
e0ff
0000
00fe
e000
000e
0000
0000
0000
00e0
0000
0000
0000
0000
0000
0000
0000
0000
0000
0000
0000
0000
0000
0000
0000
0000
0000
0000
0000
0000
0000
0000
0000
0000
0000
0000
0000
00e0
0000
0000
0000
0000
0000
0000
0000
000f
0000
0000
0e00
00fe
0000
00ef
0000
e0ff
0000
00ff
0e00
00ff
0000
00ff
f000
0fff
0000
00ff
0000
00ff
e000
0fff
0000
00ff
0000
0eef
e000
000e
0000
0000
0000
00e0
0000
0000
0000
0000
0000
0000
0000
0000
0000
0000
0000
0000
0000
0000
0000
0000
0000
0000
0000
0000
0000
00e0
0000
0000
0000
000f
0000
0000
0000
0000
0000
00e0
0000
00fe
0000
00ff
0000
00ff
0000
00ff
0000
00ff
0000
00ff
e000
00ff
0000
00ff
0000
00ff
0000
00ff
0e00
00ff
0000
00ff
0000
00ff
0000
00fe
0000
00e0
0000
0000
0000
00e0
0000
0000
0000
0000
0000
00e0
0000
0000
0000
0000
0000
0000
0000
0000
0000
0000
0000
0000
0000
0000
0000
0000
0000
0000
0000
0000
0000
0000
0000
0000
0000
0000
0000
5555
5555
5555
5555
5555
5555
5555
5555
5555
5555
5555
5555
f5f5
5555
c5c5
c5f5
5555
f5f5
5555
f5f5
5555
f5c5
f555
f555
f555
f555
f555
f555
f555
f555
c555
f5f5
5555
c5c5
5555
5555
5555
5555
5555
5555
5555
5555
0000
0000
0000
0000
0000
0000
0000
0000
0000
0000
0000
0000
0000
0000
0000
0000
0000
0000
0000
0000
0000
0000
5555
5555
5555
5555
5555
5555
5555
5555
5555
5555
5555
5555
5555
f555
f5c5
c555
f5f5
5555
f5f5
5555
c5f5
5555
55f5
f555
f5f5
f555
f5f5
f555
f5f5
f555
c5f5
c555
55c5
5555
5555
5555
5555
5555
5555
5555
5555
5555
5555
5555
5555
5555
5555
5555
5555
5555
5555
5555
5555
5555
5555
5555
5555
5555
4455
5555
4455
5555
4455
5555
4455
5555
4455
5555
4455
5555
4455
5555
4455
5555
4455
5555
4455
5555
3355
5555
5555
5555
5555
5555
5555
5555
5555
5555
5555
5555
0000
0000
0000
0000
0000
0000
0000
0000
0000
0000
0000
0000
0000
0000
0000
0000
5555
5555
5555
5555
5555
5555
5555
5555
5555
5555
5555
5555
5555
5555
5555
5555
5555
5555
5555
5555
5555
5555
5555
5555
5555
5555
5555
5555
5555
5555
5555
5555
5555
5555
5555
5555
5555
5555
5555
5555
5555
5555
5555
5555
5555
5555
5555
5555
0000
0000
0000
0000
0000
0000
0000
0000
0000
0000
0000
0000
0000
0000
0000
0000
0000
0000
0000
0000
0000
0000
0000
0000
0000
0000
0000
0000
0000
0000
0000
0000
0000
0000
0000
0000
0000
0000
5555
5555
5555
5555
5555
5555
5555
5555
5555
5555
5555
5555
f5ff
ff55
c5ff
ff55
55ff
ff55
55ff
ff55
55ff
ff55
f5ff
ff55
f5ff
ff55
f5ff
ff55
f5ff
ff55
c5ff
ff55
55cc
cc55
5555
5555
5555
5555
5555
5555
5555
5555
0000
0000
0000
0000
0000
0000
0000
0000
0000
0000
0000
0000
0000
0000
0000
0000
0000
0000
0000
0000
0000
0000
5555
5555
5555
5555
5555
5555
5555
5555
5555
5555
5555
5555
55ff
c5f5
55cf
f5f5
5f5f
f5f5
ff5f
f5f5
fc5f
f5f5
c55f
f5f5
555f
f5f5
555f
f5f5
55ff
f5f5
55ff
c5f5
55cc
c5c5
5555
5555
5555
5555
5555
5555
5555
5555
0000
0000
0000
0000
0000
0000
0000
0000
0000
0000
0000
0000
0000
0000
0000
0000
0000
0000
0000
0000
0000
0000
5555
5555
5555
5555
5555
5555
5555
5555
5555
5555
5555
5555
e555
55ee
d5d5
d5ee
55e5
e5ee
55e5
e5ee
5555
e5ee
5555
e5ee
5555
e5ee
5555
e5ee
55e5
e5ee
55e5
e5ee
55d5
d5dd
5555
5555
5555
5555
5555
5555
5555
5555
0000
0000
0000
0000
0000
0000
0000
0000
0000
0000
0000
0000
0000
0000
0000
0000
0000
0000
0000
0000
0000
0000
5555
5555
5555
5555
5555
5555
5555
5555
5555
5555
5555
5555
e5e5
e555
d5d5
d5e5
5555
55e5
5555
55e5
5555
5555
e555
5555
e555
5555
e555
5555
e555
55e5
d555
e5e5
5555
d5d5
5555
5555
5555
5555
5555
5555
5555
5555
5555
5555
5555
5555
5555
5555
5555
5555
5555
5555
5555
5555
5555
5555
5555
5555
ee55
5e5e
dd55
eeee
55e5
eeee
55ee
eeee
eede
eeee
dd5d
eeee
5555
eeee
5555
eeee
5555
eeee
ee55
5eee
dd55
5ddd
5555
5555
5555
5555
5555
5555
5555
5555
5555
5555
0000
0000
0000
0000
0000
0000
0000
0000
0000
0000
0000
0000
0000
0000
0000
0000
5555
5555
5555
5555
5555
5555
5555
5555
5555
5555
5555
5555
5555
5555
5555
5555
5eee
ee55
eeee
ee55
eeee
ee55
eeee
ee55
eeee
ee55
eeee
ee55
eeee
ee55
eeee
ee55
eeee
ee55
deee
ee55
5ddd
dd55
5555
5555
5555
5555
5555
5555
5555
5555
5555
5555
0000
0000
0000
0000
0000
0000
0000
0000
0000
0000
0000
0000
0000
0000
0000
0000
0000
0000
0000
0000
0000
0000
0000
0000
0000
0000
0000
0000
0000
0000
0000
0000
0000
0000
0000
0000
0000
0000
5555
5555
5555
5555
5555
5555
5555
5555
5555
5555
5555
5555
5fff
5cff
5fff
cfff
5fff
ffff
5fff
ffff
5fff
ffff
5fff
ffff
5fff
ffff
5fff
ffcf
5fff
ff5f
5fff
ff5f
5ccc
cc5c
5555
5555
5555
5555
5555
5555
5555
5555
0000
0000
0000
0000
0000
0000
0000
0000
0000
0000
0000
0000
0000
0000
0000
0000
0000
0000
0000
0000
0000
0000
5555
5555
5555
5555
5555
5555
5555
5555
5555
5555
5555
5555
ff55
ff55
ff55
cc55
ff55
5555
ff55
5555
fff5
5555
ffff
5f55
ffcf
5c55
ff5c
5555
ff55
5555
ff55
ff55
cc55
cc55
5555
5555
5555
5555
5555
5555
5555
5555
5555
5555
5555
5555
5555
5555
5555
5555
5555
5555
5555
5555
5555
5555
5555
5555
5555
5f5f
555f
5f5f
555f
5f5f
555f
5f5f
555f
5f5f
555f
5f5f
555f
5f5f
555f
5f5f
555f
5f5f
555c
5f5f
5555
5c5c
5555
5555
5555
5555
5555
5555
5555
5555
5555
5555
0000
0000
0000
0000
0000
0000
0000
0000
0000
0000
0000
0000
0000
0000
0000
0000
5555
5555
5555
5555
5555
5555
5555
5555
5555
5555
5555
5555
5555
5555
5555
5555
5fff
5555
5ffc
5555
5ff5
5555
5ff5
5555
5ff5
5555
5ff5
3555
5ff5
5555
5ff5
5555
5ff5
5555
5ff5
5555
5cc5
5555
5555
5555
5555
5555
5555
5555
5555
5555
5555
5555
0000
0000
0000
0000
0000
0000
0000
0000
0000
0000
0000
0000
0000
0000
0000
0000
0000
0000
0000
0000
0000
0000
0000
0000
0000
0000
0000
0000
0000
0000
0000
0000
0000
0000
0000
0000
0000
0000
5555
5555
5555
5555
5555
5555
5555
5555
5555
5555
5555
5555
ff5f
5f55
cc5c
5f55
5555
5f55
5555
5f55
5555
5f55
5555
5f55
5555
5c55
5555
5555
5555
5555
ff55
5555
cc55
5555
5555
5555
5555
5555
5555
5555
5555
5555
0000
0000
0000
0000
0000
0000
0000
0000
0000
0000
0000
0000
0000
0000
0000
0000
0000
0000
0000
0000
0000
0000
5555
5555
5555
5555
5555
5555
5555
5555
5555
5555
5555
5555
5555
f5f5
f5c5
c5c5
f5f5
5555
f5f5
5555
c5f5
5555
55f5
f555
55f5
f555
55f5
f555
55f5
f555
55c5
c555
5555
5555
5555
5555
5555
5555
5555
5555
5555
5555
0000
0000
0000
0000
0000
0000
0000
0000
0000
0000
0000
0000
0000
0000
0000
0000
0000
0000
0000
0000
0000
0000
5555
5555
5555
5555
5555
5555
5555
5555
5555
5555
5555
5555
5555
55f5
f5c5
f5c5
f5f5
f555
f5f5
f555
c5f5
c555
55f5
5555
55f5
5555
55f5
5555
55f5
5555
55c5
f555
5555
c555
5555
5555
5555
5555
5555
5555
5555
5555
0000
0000
0000
0000
0000
0000
0000
0000
0000
0000
0000
0000
0000
0000
0000
0000
0000
0000
0000
0000
0000
0000
5555
5555
5555
5555
5555
5555
5555
5555
5555
5555
5555
5555
fff5
ffff
fcf5
ffcc
f5f5
ff55
f5f5
ff55
ffff
ff55
ccfc
ff55
55f5
ff55
55f5
ff55
fff5
ff55
fff5
cf55
ccc5
5c55
5555
5555
5555
5555
5555
5555
5555
5555
0000
0000
0000
0000
0000
0000
0000
0000
0000
0000
0000
0000
0000
0000
0000
0000
0000
0000
0000
0000
0000
0000
5555
5555
5555
5555
5555
5555
5555
5555
5555
5555
5555
5555
ffff
ff55
ccff
fc55
55ff
f555
55ff
f555
55ff
ff55
55ff
fc55
55ff
f555
55ff
f555
55ff
f555
55ff
ff55
55cc
cc55
5555
5555
5555
5555
5555
5555
5555
5555
0000
0000
0499
0000
9999
0000
99c9
0900
b9fc
9000
cbcc
9900
cbcb
9900
bbb9
c900
bb99
cc00
cb99
9c00
9b99
cc00
ccc9
9c00
99c9
9900
9999
9900
cc9b
0904
9ccb
4990
9cc9
0990
9999
9900
c99c
0000
c99b
9090
b9cb
9090
bcc9
0040
bbab
0990
9bbb
0900
99bb
9c00
b9bb
cc90
99cb
ccc9
99bc
9999
99cc
0090
94bb
0990
09cb
9090
90cb
0900
09bb
9400
00bc
0000
09bc
4000
9999
0400
499c
0400
9999
9000
9999
9000
9c99
4000
9c09
0000
9c09
0000
9c99
0400
cf90
0900
cc09
0900
cc99
9940
9b99
c900
99c9
c900
49c9
9c00
90bb
cc00
0099
cc40
0000
9c00
0490
9990
0004
3949
0000
3099
0004
cb90
0000
bbb9
0000
3b39
0000
cb39
0000
cbc4
0000
9bf9
0000
0039
0000
0039
0000
0994
0004
0000
0000
0000
0099
0900
9abb
4000
00cc
9000
40ff
9000
00cc
b900
00cf
c900
09cf
f900
09ff
fc00
00cc
cc00
00cb
fc00
90c9
cb00
00c9
cb00
04cb
cb00
00cc
cb00
00fc
cb00
90cf
b900
04fc
9900
999c
9400
009c
9900
099b
9900
009b
0000
00cc
4000
40ca
0000
0099
0900
0099
0000
40aa
0000
0099
0000
00aa
0000
0000
0000
0000
0000
0060
0000
0076
0077
0076
7077
0070
7777
0070
7777
0000
6677
6000
6677
6000
0077
6600
0077
6700
0077
7700
0077
7700
0077
7700
0077
7700
0077
7744
7477
7700
7777
7700
7777
7600
6677
7600
6077
7600
0077
6000
0077
6000
0077
0000
0077
0000
0077
0070
0077
0070
6067
0077
6667
0077
7667
0077
7767
0077
7767
0077
7767
0077
6660
0000
0077
0000
7077
0007
7777
0707
7777
0707
7777
0777
7777
0777
7777
0777
7777
0777
6777
0777
6777
0777
6777
0770
6777
0770
0777
0770
0777
4774
4477
0770
0077
0777
0077
0777
0077
0777
0777
7777
0777
7777
0777
7777
0777
7777
0777
7777
7777
7777
7777
7767
7777
6777
7777
6767
7777
6767
7777
6666
7777
6606
7077
0607
0066
0006
0070
0007
0077
0007
0077
0007
0777
0007
0777
0007
0777
7007
7777
7007
7767
7007
7767
7007
7767
7007
7766
7007
7766
7007
7706
7007
7706
6007
7700
4477
7744
0077
7700
0777
7700
0767
7700
0707
7700
0707
7700
0707
7707
0707
7707
0707
7707
7707
7777
7707
7777
7706
6677
7706
6677
7707
0677
7607
0077
7706
0076
6700
0066
7700
7766
7770
7766
7777
7776
7677
7776
7677
7666
7677
6660
7677
6600
7677
7600
7777
7000
7777
7000
7777
7000
7777
7000
7777
7000
7776
7000
7766
7700
7776
7744
7777
7700
7777
7700
7777
7700
7777
7700
7767
7700
7766
7700
7766
7700
7766
7700
7706
7700
7706
7760
7707
7777
7707
7777
7777
7777
7777
7777
7777
7777
7777
7770
0000
0000
00ee
0000
00d0
0000
00ee
0000
00ee
0000
0eee
d000
e0ee
ed00
eeee
ee00
eeee
ee00
eeee
ee00
eeee
ee00
eeee
ee00
eeee
ee00
eeee
ee00
eeee
ee00
eeee
ee00
eeee
ee00
eeee
ee00
eeee
ee00
eeee
ee00
eeee
ee00
eeee
ee00
eeee
ee00
eeee
ee00
eeee
ed00
deee
ee00
0dee
d000
00ee
0000
00ee
0000
00dd
0000
00ee
0000
0000
0000
0999
0000
99bb
0000
aac9
0000
a9c9
0000
99c9
9000
99c9
c900
99b9
cc00
79b9
fc00
999b
ff00
979b
cf00
b99c
cc00
ca9c
c900
cc9c
9900
bc9c
9900
999c
9b00
ca9c
bb00
cc9c
bb00
cc9b
9b90
cc9b
9990
ccba
99b9
ccba
9999
ccba
99f9
ccc9
99b9
bcb9
4499
ab99
4499
9944
3490
9934
4490
9d43
4300
9d44
3400
9d34
4300
9d93
9900
9999
a900
0999
0000
99bb
0000
aac9
0000
a9c9
0000
99c9
9000
99c9
c900
99b9
cb00
79b9
cc00
999b
cc00
979b
fc00
b99c
cc00
ca9c
c900
cc9c
9900
bc9c
9b00
999c
bb00
ca9c
bb00
cc9c
bc00
cc9b
bb00
cc9b
9b00
ccba
9900
ccba
9990
ccb9
9990
cc94
9990
bc99
4990
ab44
4990
994d
3900
9944
4900
9d34
4900
9d44
4900
9d34
4900
9d33
9900
9999
a900
99aa
a900
b999
9900
b99a
b900
cbab
b900
cbbb
bb00
ccbb
cb00
ccbc
cb00
cccb
cc00
cc9c
cc00
cc9c
cc00
cc09
cc00
cc09
cc00
cc00
cc00
9c00
9c00
b900
b900
fb00
b900
bb00
b900
bb00
b900
b900
9900
9a00
aa00
cc00
ac00
cc00
9c00
cc00
9a90
bb00
9b90
bc00
9b90
9b00
9a90
9990
9999
b990
bbb9
cb90
c899
cc90
ccc9
cc90
ccc9
9990
9999
99a9
a900
9999
9900
999a
b900
09ab
b900
09bb
b900
09bb
b900
00cc
b900
00cc
9900
00cc
9900
00cc
b900
00cc
9000
00bb
9000
009b
9000
00a9
9900
0099
9900
009b
b900
009b
9c00
009a
cf00
009a
cc00
0099
cb00
00bb
bb00
00bc
bc90
00cb
ccb9
00bc
9bb9
00ab
aa90
00cc
9900
009b
9b00
00b9
bc00
00cb
bc00
00cc
cc00
00cc
cc00
0099
9900
9a99
a900
99cb
a900
09cc
a900
09cb
9900
00cc
9000
00cc
9000
00cc
9000
00cb
0000
00cc
0000
00cc
0000
00cc
0000
00cb
0000
00bc
0000
00cc
0000
09cc
0000
0999
0000
0999
0000
00b9
0000
0099
0000
0099
0000
0099
0000
0099
0000
9990
0000
b990
9000
cc90
9000
cc90
9000
cc90
b900
9c99
b900
999c
9900
099c
b900
009c
c900
0099
9900
99a9
a900
9999
a900
999a
9900
cbab
b900
ccbb
b900
bcbb
b900
cccc
b900
bccc
9900
bccc
9900
9ccc
9000
9bcc
9000
9bcc
9000
99cc
9000
09cc
0000
09cc
0000
09ac
9900
099c
a900
0999
ac00
09b9
9a00
00a9
b900
009c
b900
00cc
9b00
00bb
9c00
009c
cb00
009c
bc00
009b
bb00
00bb
ac00
009b
9b00
0099
9a00
09b9
0900
9bcb
0000
9999
0000
0099
99aa
00ab
999a
00bc
cc99
00cc
ccb9
00cc
ccc9
00cc
ccb9
00cc
ccb9
00cc
cc99
00bc
cc90
00cc
cc00
00bb
cc00
00b9
cb00
0099
cc00
0000
9c00
0000
9900
0000
b900
0090
9000
0090
9000
0090
9000
9090
9000
c990
b900
c990
b900
cc90
b900
cc99
9900
bbc9
b900
99fc
b900
99cf
9900
00cc
b900
00cc
b900
0099
b900
0000
9000
0000
9000
99a9
a900
9999
9900
099a
b900
09ab
b900
09bb
b900
09bb
b900
99cc
b900
9ccc
9900
9ccc
9900
cccc
b900
cccc
9000
ccbb
9000
cc9b
9000
cc99
9900
cc99
9900
999b
b900
bb9b
9c00
bf9a
cf90
bb9a
cc90
bbc9
cb90
9bbb
bb90
09bb
bc90
009b
cc90
0099
9b90
0009
0a90
0000
00c9
0000
00c9
0000
00c9
0000
00c9
0000
00c9
0000
00c9
0000
0099
0000
0000
0000
0000
0000
0000
0000
0000
0000
0000
0000
0000
0000
0000
0000
0000
0000
0000
9900
0000
4400
0000
44a9
9990
4493
bbb9
4933
bcaa
3933
cfba
3933
ccab
9933
ccba
9993
cbaa
3939
aba9
3993
aa90
9999
a990
0000
9000
0000
0000
0000
0000
0000
0000
0000
0000
0000
0000
0000
0000
0000
0000
0000
0000
0000
0000
0000
0000
0000
0000
0000
0000
9900
0000
4900
0000
9900
0000
4400
0000
3400
0000
9900
0000
9900
0000
3300
0000
9399
0000
9999
0000
9949
0000
9939
0000
9999
0000
099c
0000
009b
9000
009b
9900
00ab
cc00
00bb
cf00
009a
cc00
009a
cc00
0099
cc90
0009
bc90
0000
bb90
0000
bb90
0000
bb90
0000
9990
0000
9990
0000
0000
0000
0000
0000
0000
0000
0000
0000
9900
0000
bc00
0000
cb90
0000
cc90
0000
cc90
0000
cc90
0000
cc00
0000
cc00
0000
bb00
0000
bb00
0000
bb00
0009
bb00
009c
aa00
00cc
a900
00cc
a900
009c
9000
0099
9000
0049
0000
0033
0000
0933
0000
9933
0000
4493
0000
4939
0000
3999
0000
3990
0000
3900
0000
9900
0000
3900
0000
3900
0000
4300
0000
9900
0000
0000
0000
0000
0000
0000
0000
0000
0000
0000
0000
0000
0000
0000
0000
0000
0000
0077
0077
0777
7077
7777
7777
7777
7777
7777
7777
7777
7777
7777
7777
7777
7777
7777
7777
7777
7777
7777
7777
7777
7777
7777
7777
7777
7777
7777
777c
7777
7777
7777
cc77
7777
7777
7777
7766
67cc
7700
0677
6600
0077
0000
0066
0000
0000
0000
0000
0000
0000
0000
0000
0000
0000
0000
0000
0000
0070
0000
0077
0000
0076
7700
0060
7700
7707
7700
7777
7700
7777
6600
7777
0007
7777
0000
7777
0000
7777
0000
7777
7000
7777
7700
7777
7700
7777
7700
7777
7600
777c
6000
7c77
0000
7767
0700
7706
0000
6600
0700
0070
7770
0007
7770
0777
c770
0077
7760
0066
6600
0007
0000
0000
0000
0000
0000
0600
0000
0660
0000
0676
6660
00c7
0660
0077
7766
c007
c766
7c77
7776
7777
7777
7777
7777
7777
7767
6777
7777
6667
7767
6766
6677
7766
c767
c766
7777
776c
7777
7777
7777
7777
6777
6777
7677
7776
7777
7766
7777
7776
7777
7767
6777
7676
7777
6667
7677
6677
6766
0666
6766
0606
6600
0606
6600
0006
0000
0000
0000
7000
0000
7000
0000
7600
0000
6000
6600
0000
6700
0000
7c00
6666
7700
7776
7700
7777
7700
7777
7600
7766
6700
7777
7700
777c
6700
76c6
7600
6676
7600
6676
6600
6777
6760
7777
7660
7767
6760
7777
6660
c677
7700
7777
6700
6677
c760
6677
6760
6777
7760
6777
7700
7777
7700
7777
0700
c777
0600
6667
0000
6666
0000
0000
0000
0000
0000
0000
0000
0000
0000
0000
0000
0000
0000
0000
0000
0000
0000
0000
0000
0000
0000
0000
0000
0000
0000
00dd
0000
00dd
0000
00d4
0000
0d4d
0000
0ddd
0000
0add
0000
00dd
0000
00dd
0000
00da
0000
00a0
0000
0000
0000
0000
0000
0000
0000
0000
0000
0000
0000
0000
0000
0000
0000
0000
0000
0000
0000
0000
0000
0000
0000
0000
0000
0000
0000
0000
0000
0000
0000
0000
0000
0000
0000
0000
0000
00dd
0000
00dd
0000
00dd
0000
00dd
0000
00d3
0000
00dd
0000
00dd
0000
00dd
0000
00d3
0000
00dd
0000
00dd
0000
00aa
0000
0000
0000
0000
0000
0000
0000
0000
0000
0000
0000
0000
0000
0000
0000
0000
0000
0000
0000
0000
0000
0000
0000
0000
0000
0000
0000
0000
0000
0000
0000
0000
0000
00fa
0000
00fa
0000
00fa
0000
00ff
0000
00ff
0000
009f
0000
ccff
0000
ffff
0000
fcf9
a000
cf9f
fa00
fcff
ff00
ffff
ff00
ff99
fc00
cfff
cf00
acff
fc00
0a99
ff00
009f
aa00
00ff
a000
00fc
0a00
00ff
a000
00ff
0000
00aa
0000
000a
0000
00a0
0000
000a
0000
0000
0000
0000
0000
0000
0000
0000
0900
0049
9400
0094
4400
0644
4900
0644
4000
6699
6c00
9c66
cb00
ca77
9900
ca76
9900
c66b
7700
c6cc
7690
c6bb
6690
bc99
6690
ac9a
6690
9699
9990
cc69
9690
cccc
9690
b9cc
9690
99cc
9600
99bc
a900
499b
b400
999b
b900
999b
ba00
9c9b
bb00
ccbc
9b00
cccc
9b00
cccc
9b90
cc6c
9b90
bc6c
bb00
9c66
b900
9cc7
9900
9c66
9000
9c66
9900
9b66
a900
a966
6700
a9a6
7600
09ac
6900
a0ac
9b00
0aac
bc00
90cc
bb00
0ac9
cc00
06c9
cb00
c999
ca90
c969
b999
c969
ab79
c469
4499
c499
99b9
4399
4499
3379
49b9
3993
4990
6934
4690
99c9
4690
99cc
6600
9acc
6700
909c
6600
0a49
9a00
a934
3900
0933
4300
9333
3900
9933
3900
9093
9000
0093
9000
0099
0000
0a99
0000
0000
0000
0000
0000
0000
0000
0000
0000
0000
0000
0000
0000
0000
0000
0009
0000
0099
0000
0006
0000
0967
0000
9966
0000
9096
0900
6996
9900
9666
6600
6766
9900
0666
0900
c6c4
0900
ccc4
4b00
ccc4
4900
cb94
4900
b994
4700
b999
9400
c999
6400
c999
6400
cc99
6900
bccb
6900
bcc4
6900
ccc4
6900
cc44
6900
cb4c
6900
c94c
9900
c999
9900
c999
6600
c999
6600
c996
6600
9997
6900
9996
6900
9997
9900
9499
9000
9499
0000
9497
0000
9477
0000
9477
9000
999a
9000
0099
0000
0099
9900
009b
9900
009b
9900
0999
9000
0939
9000
9949
9000
9039
0000
0039
0000
0099
0000
0099
0000
0099
0000
0a99
0000
0099
0000
0099
0000
0099
0000
0090
0000
0000
0000
0000
0000
0000
0000
0000
0000
0000
0000
0000
0000
0000
0000
0000
0000
0000
0000
0009
0000
0097
0000
00cc
0000
0077
9000
0077
7900
0077
7c00
0077
7c00
00a7
7700
009a
c700
0009
7700
0000
7a00
0000
a900
00a9
9000
0090
0000
0000
0000
a000
0000
ba00
0000
bb00
0000
ba00
0000
a9aa
0000
00cb
0000
00aa
0000
0000
0000
0000
0000
0000
0000
0000
0000
0000
0000
0000
0000
0000
0000
0000
0000
0000
0000
0000
0000
0000
9900
0000
bb00
0000
bb00
0000
bb00
000b
bb00
0099
bb00
00bb
bb00
09bb
aa00
93ab
9900
93ab
a000
3a4a
0a00
3a3a
a000
3a4a
0000
3a39
0000
939a
0000
9390
0000
090a
0000
00a0
0000
0000
0000
0000
0000
0000
0000
0000
0000
0000
0000
0000
0000
0000
0000
0000
0000
0000
0000
0000
0000
0000
0000
0000
0000
0000
0000
0000
0000
0000
0000
0099
0000
00cb
0000
00bb
0000
00bb
0000
00bb
0000
00cb
0000
00bb
0000
00bb
0a00
00bb
0000
0066
0a00
0066
a000
0066
0a00
0066
a000
0066
0c00
00bb
0a00
00bb
fa00
00bb
a000
00bb
0000
0099
0000
000a
0000
0000
0000
0000
0000
0000
0000
0000
0000
0000
0000
0000
0000
0000
0000
0000
0000
0000
0000
0000
0000
0000
0000
0000
0000
0000
a000
0000
9000
0000
9900
0000
ff00
0000
ff00
0000
ff00
0009
ff00
009f
9900
00ff
aa00
00ff
a000
99fc
0000
afc9
0000
ff9a
0000
ffaa
0000
ffa0
0300
cc3a
0300
aaa3
0000
990a
0000
aaa0
0000
0a00
0000
0000
0000
0000
0000
0000
0000
0000
0000
0000
0000
0000
0000
0000
0000
0009
0000
0099
9000
00ee
9000
00ee
9000
00ed
9000
00ed
9000
00ed
9000
00ed
9000
00ed
9000
00ed
9000
0099
9000
00fc
9000
00fc
9000
00fc
9000
0099
9000
09ed
9000
9ced
9a00
9ced
9000
cbed
9a00
cbed
9000
bbed
9a00
99dd
a000
9999
0a00
0a44
a000
0099
0000
00a0
0000
0000
0000
0000
0000
0000
0000
0000
0000
0000
0000
0000
0000
0090
a000
0099
0000
0099
0000
0009
0000
0999
0000
0934
0000
09c3
0000
09cc
0000
09cc
0000
09cc
0000
094c
0000
0934
0000
0943
0000
0934
a000
0943
0a00
0934
a000
0943
0a00
0934
a000
0943
0a00
0934
a000
0943
0a00
0934
a000
0943
0000
0034
a000
0043
0000
0033
0000
0099
0000
00a0
0000
0000
0000
0000
0000
0000
0000
0000
0000
0000
0000
0000
0000
0000
0000
0000
0000
0000
0000
0000
0000
0000
0000
0000
0000
0000
0000
0000
0000
0000
0000
0000
0000
0000
0000
0000
0000
0000
0000
0000
0000
0000
0000
0000
0000
0000
0000
0000
0000
0000
0000
0000
0000
0000
0000
0000
0000
0000
0000
0000
0000
0000
0000
0000
0000
0000
0000
ffff
ffff
ffff
ffff
ffff
ffff
ffff
ffff
ffff
ffff
ffff
ffff
ffff
ffff
ffff
ffff
ffff
ffff
ffff
ffff
ffff
ffff
ffff
ffff
ffff
ffff
ffff
ffff
ffff
ffff
ffff
ffff
ffff
ffff
ffff
ffff
ffff
ffff
ffff
ffff
ffff
ffff
ffff
ffff
ffff
ffff
ffff
ffff
ffff
ffff
ffff
ffff
ffff
ffff
ffff
ffff
ffff
ffff
ffff
ffff
ffff
ffff
ffff
ffff
ffff
ffff
ffff
ffff
ffff
ffff
ffff
ffff
ffff
ffff
ffff
ffff
ffff
ffff
ffff
ffff
ffff
ffff
ffff
ffff
ffff
ffff
ffff
ffff
ffff
ffff
ffff
ffff
ffff
ffff
ffff
ffff
ffff
ffff
ffff
ffff
ffff
ffff
ffff
ffff
ffff
ffff
ffff
ffff
ffff
ffff
ffff
ffff
ffff
ffff
ffff
ffff
ffff
ffff
ffff
ffff
ffff
ffff
ffff
ffff
ffff
ffff
ffff
ffff
ffff
ffff
ffff
ffff
ffff
ffff
ffff
ffff
ffff
ffff
ffff
ffff
ffff
ffff
ffff
ffff
ffff
ffff
ffff
ffff
ffff
ffff
ffff
ffff
ffff
ffff
ffff
ffff
ffff
ffff
ffff
ffff
ffff
ffff
ffff
ffff
ffff
ffff
ffff
ffff
ffff
ffff
ffff
ffff
ffff
ffff
ffff
ffff
ffff
ffff
ffff
ffff
ffff
ffff
ffff
ffff
ffff
ffff
ffff
ffff
ffff
ffff
ffff
ffff
ffff
ffff
ffff
ffff
ffff
ffff
ffff
ffff
ffff
ffff
ffff
ffff
ffff
ffff
ffff
ffff
ffff
ffff
ffff
ffff
ffff
ffff
ffff
ffff
ffff
ffff
ffff
ffff
ffff
ffff
ffff
ffff
ffff
ffff
ffff
ffff
ffff
ffff
ffff
ffff
ffff
ffff
ffff
ffff
ffff
ffff
ffff
ffff
ffff
ffff
ffff
ffff
ffff
ffff
ffff
ffff
ffff
ffff
ffff
ffff
ffff
ffff
ffff
ffff
ffff
ffff
ffff
ffff
ffff
ffff
ffff
ffff
ffff
ffff
ffff
ffff
ffff
ffff
ffff
ffff
ffff
ffff
ffff
ffff
ffff
ffff
ffff
ffff
ffff
ffff
ffff
ffff
ffff
ffff
ffff
ffff
ffff
ffff
ffff
ffff
ffff
ffff
ffff
ffff
ffff
ffff
ffff
ffff
ffff
ffff
ffff
ffff
ffff
ffff
ffff
ffff
ffff
ffff
ffff
ffff
ffff
ffff
ffff
ffff
ffff
ffff
ffff
ffff
ffff
ffff
ffff
ffff
ffff
ffff
ffff
ffff
ffff
ffff
ffff
ffff
ffff
ffff
ffff
ffff
ffff
ffff
ffff
ffff
ffff
ffff
ffff
ffff
ffff
ffff
ffff
ffff
ffff
ffff
ffff
ffff
ffff
ffff
ffff
ffff
ffff
ffff
ffff
ffff
ffff
ffff
ffff
ffff
ffff
ffff
ffff
ffff
ffff
ffff
ffff
ffff
ffff
ffff
ffff
ffff
ffff
ffff
ffff
ffff
ffff
ffff
ffff
ffff
ffff
ffff
ffff
ffff
ffff
ffff
ffff
ffff
ffff
ffff
ffff
ffff
ffff
ffff
ffff
ffff
ffff
ffff
ffff
ffff
ffff
ffff
ffff
ffff
ffff
ffff
ffff
ffff
ffff
ffff
ffff
ffff
ffff
ffff
ffff
ffff
ffff
ffff
ffff
ffff
ffff
ffff
ffff
ffff
ffff
ffff
ffff
ffff
ffff
ffff
ffff
ffff
ffff
ffff
ffff
ffff
ffff
ffff
ffff
ffff
ffff
ffff
ffff
ffff
ffff
ffff
ffff
ffff
ffff
ffff
ffff
ffff
ffff
ffff
ffff
ffff
ffff
ffff
ffff
ffff
ffff
ffff
ffff
ffff
ffff
ffff
ffff
ffff
ffff
ffff
ffff
ffff
ffff
ffff
ffff
ffff
ffff
ffff
ffff
ffff
ffff
ffff
ffff
ffff
ffff
ffff
ffff
ffff
ffff
ffff
ffff
ffff
ffff
ffff
ffff
ffff
ffff
ffff
ffff
ffff
ffff
ffff
ffff
ffff
ffff
ffff
ffff
ffff
ffff
ffff
ffff
ffff
ffff
ffff
ffff
ffff
ffff
ffff
ffff
ffff
ffff
ffff
ffff
ffff
ffff
ffff
ffff
ffff
ffff
ffff
ffff
ffff
ffff
ffff
ffff
ffff
ffff
ffff
ffff
ffff
ffff
ffff
ffff
ffff
ffff
ffff
ffff
ffff
ffff
ffff
ffff
ffff
ffff
ffff
ffff
ffff
ffff
ffff
ffff
ffff
ffff
ffff
ffff
ffff
ffff
ffff
ffff
ffff
ffff
ffff
ffff
ffff
ffff
ffff
ffff
ffff
ffff
ffff
ffff
ffff
ffff
ffff
ffff
ffff
ffff
ffff
ffff
ffff
ffff
ffff
ffff
ffff
ffff
ffff
ffff
ffff
ffff
ffff
ffff
ffff
ffff
ffff
ffff
ffff
ffff
ffff
ffff
ffff
ffff
ffff
ffff
ffff
ffff
ffff
ffff
ffff
ffff
ffff
ffff
ffff
ffff
ffff
ffff
ffff
ffff
ffff
ffff
ffff
ffff
ffff
ffff
ffff
ffff
ffff
ffff
ffff
ffff
ffff
ffff
ffff
ffff
ffff
ffff
ffff
ffff
ffff
ffff
ffff
ffff
ffff
ffff
ffff
ffff
ffff
ffff
ffff
ffff
ffff
ffff
ffff
ffff
ffff
ffff
ffff
ffff
ffff
ffff
ffff
ffff
ffff
ffff
ffff
ffff
ffff
ffff
ffff
ffff
ffff
ffff
ffff
ffff
ffff
ffff
ffff
ffff
ffff
ffff
ffff
ffff
ffff
ffff
ffff
ffff
ffff
ffff
ffff
ffff
ffff
ffff
ffff
ffff
ffff
ffff
ffff
ffff
ffff
ffff
ffff
ffff
ffff
ffff
ffff
ffff
ffff
ffff
ffff
ffff
ffff
ffff
ffff
ffff
ffff
ffff
ffff
ffff
ffff
ffff
ffff
ffff
ffff
ffff
ffff
ffff
ffff
ffff
ffff
ffff
ffff
ffff
ffff
ffff
ffff
ffff
ffff
ffff
ffff
ffff
ffff
ffff
ffff
ffff
ffff
ffff
ffff
ffff
ffff
ffff
ffff
ffff
ffff
ffff
ffff
ffff
ffff
ffff
ffff
ffff
ffff
ffff
ffff
ffff
ffff
ffff
ffff
ffff
ffff
ffff
ffff
ffff
ffff
ffff
ffff
ffff
ffff
ffff
ffff
ffff
ffff
ffff
ffff
ffff
ffff
ffff
ffff
ffff
ffff
ffff
ffff
ffff
ffff
ffff
ffff
ffff
ffff
ffff
ffff
ffff
ffff
ffff
ffff
ffff
ffff
ffff
ffff
ffff
ffff
ffff
ffff
ffff
ffff
ffff
ffff
ffff
ffff
ffff
ffff
ffff
ffff
ffff
ffff
ffff
ffff
ffff
ffff
ffff
ffff
ffff
ffff
ffff
ffff
ffff
ffff
ffff
ffff
ffff
ffff
ffff
ffff
ffff
ffff
ffff
ffff
ffff
ffff
ffff
ffff
ffff
ffff
ffff
ffff
ffff
ffff
ffff
ffff
ffff
ffff
ffff
ffff
ffff
ffff
ffff
ffff
ffff
ffff
ffff
ffff
ffff
ffff
ffff
ffff
ffff
ffff
ffff
ffff
ffff
ffff
ffff
ffff
ffff
ffff
ffff
ffff
ffff
ffff
ffff
ffff
ffff
ffff
ffff
ffff
ffff
ffff
ffff
ffff
ffff
ffff
ffff
ffff
ffff
ffff
ffff
ffff
ffff
ffff
ffff
ffff
ffff
ffff
ffff
ffff
ffff
ffff
ffff
ffff
ffff
ffff
ffff
ffff
ffff
ffff
ffff
ffff
ffff
ffff
ffff
ffff
ffff
ffff
ffff
ffff
ffff
ffff
ffff
ffff
ffff
ffff
ffff
ffff
ffff
ffff
ffff
ffff
ffff
ffff
ffff
ffff
