0000
0000
0000
0000
0000
0000
0000
0000
0000
0000
0000
0000
0000
0000
0000
0000
0000
0000
0000
0000
0000
0000
0000
0000
0000
0000
0000
0000
0000
0000
0000
0000
0000
0000
0000
0000
0000
0000
0000
0000
0000
0000
0000
0000
0000
0000
0000
0000
0000
0000
0000
0000
0000
0000
0000
0000
0000
0000
0000
0000
0000
0000
0000
0000
0000
0000
0000
0000
0099
0000
0033
0000
003f
9000
00dd
3900
00d9
3900
0099
3900
0011
3300
0011
9d00
0021
dd00
0023
d900
0039
9900
0012
9200
0012
1200
0022
1200
0012
1300
0099
3900
0021
9900
0011
9900
0039
9900
0011
9000
0023
9000
0011
9000
0011
9000
0022
9000
0033
9000
0099
0000
0000
0000
0000
0000
0000
0000
0000
0000
0000
0000
0000
0000
0000
9900
0009
3300
0099
d300
0091
3300
0092
9900
0092
1900
0021
1100
0022
1100
0093
1100
0012
1100
0023
2100
0031
1900
0011
1900
0032
1900
0019
1200
0011
1300
0031
3200
0023
2300
0011
3900
0023
9900
0011
9900
0011
9000
0022
9000
0099
9000
0000
9000
0000
0000
0000
0000
0000
0000
0000
0000
0000
0000
0000
0000
0000
0000
0000
0000
0099
0000
00d3
0000
0033
0000
0099
0000
0091
0000
0011
0000
0011
0000
0911
0000
0922
0000
0993
0000
09f9
0000
0032
0000
0012
9000
0011
9000
0032
9000
0019
9000
0011
0000
0011
0000
0011
0000
0093
0000
0011
0000
0031
0000
0011
9000
0011
9000
0023
0000
0099
0000
0099
0000
0000
0000
0000
0000
0000
0000
0000
0000
0000
9000
0009
3900
0099
9d00
0091
1900
0021
1200
0021
1200
0021
2200
0011
1100
0012
2100
0029
3200
0029
9300
0019
9200
0021
2200
0021
1200
0021
1200
0021
1200
0021
3200
0021
3200
0092
2200
0092
2300
0009
2900
0009
2900
0009
9000
0000
9000
0000
9000
0000
0000
0000
0000
0000
0000
0000
0000
0000
0000
0000
0000
0000
0000
0009
9000
0093
3900
0099
3300
0011
3d00
0021
9300
0021
9900
0011
1900
0021
1900
0032
1900
0099
1900
0031
1900
0011
9900
0011
9d00
0021
9900
0093
2100
0011
3100
0091
2100
0099
3900
0039
9900
0094
9900
0019
9000
0011
0000
0031
0000
0012
9000
0011
9000
0099
0000
0000
0000
0000
0000
0000
0000
0000
0000
0000
0000
0000
0000
0000
9900
0009
d300
0099
3d00
0091
3300
0091
3300
0091
3300
0011
3300
0011
3300
0011
3300
0011
3300
0012
3300
0011
3300
0013
3300
0011
3300
0012
3300
0019
3300
0011
3300
0011
9300
0011
3900
0011
9900
0013
9900
0013
9000
0093
9000
0099
9000
0000
9000
0000
0000
0000
0000
0000
0000
0000
0000
0000
0000
0000
0000
0000
0000
0000
0000
0000
0000
0099
0000
00cc
0000
00cf
0000
00fc
9000
00bb
9000
0011
9000
0011
2900
0011
9900
0011
1900
0099
2c00
0099
cc00
0099
fc00
0099
c300
0019
9100
0011
3100
0092
1200
00cf
9900
00cc
9000
0099
9000
0019
9000
00cc
0000
00bc
0000
00cc
0000
00fc
0000
00cc
0000
0099
0000
0000
0000
0000
0000
0000
0000
0000
0000
0000
0000
0000
0000
0099
0000
002c
0000
001c
0000
001c
9900
001b
c900
0011
1c00
0011
1100
0091
1200
001a
9900
0019
1100
0019
2200
0019
2c00
0019
cf00
0011
fc00
0011
9100
0092
3100
00cf
1200
00cc
9900
0099
9000
0019
9000
00cc
9000
00cc
0000
00cf
0000
00cc
0000
00cb
0000
0099
0000
0000
0000
0000
0000
0000
0000
0000
0000
0000
0000
0000
0000
0000
0000
0099
0000
00cc
0000
00cc
0000
0011
0000
0911
0000
0911
0000
0911
0000
0911
0000
0922
9000
0999
9000
0999
9000
0999
9000
0099
9000
0991
9000
0911
9000
0022
9000
00fc
0000
00cf
0000
009c
0000
009a
0000
00cc
0000
00cc
0000
00cc
0000
00fc
0000
00cc
0000
0099
0000
0000
0000
0000
0000
0000
0000
0000
0000
0000
0000
0000
0000
0099
0000
002c
9000
0012
c900
0011
1c00
0011
1100
0011
1100
0099
1900
0011
9200
0033
1200
0092
1b00
0033
1c00
0021
1c00
0012
1b00
0022
1b00
0019
1200
00cc
2200
00cc
1200
00c9
2300
0092
b900
00cc
b900
00cb
b900
00cc
9000
00cc
0000
00bb
0000
0099
0000
0000
0000
0000
0000
0000
0000
0000
0000
0099
0000
002c
0000
001c
0000
001c
0000
001b
9900
0011
c900
0011
1c00
0091
1100
001a
1200
0019
9900
0019
1100
0019
2200
0019
2c00
0011
cf00
0011
fc00
0092
9100
00cf
3100
00cc
1200
0099
2900
0099
9000
0099
9000
003c
9000
001c
0000
00cc
0000
00cc
0000
00fc
0000
00cc
0000
0099
0000
0000
0000
0000
0000
0000
0000
0000
0000
0000
0000
0009
0000
009c
0000
002c
0000
002c
9000
0022
2900
0011
1200
0011
1100
0011
1100
0011
1100
0022
1200
00cb
1200
00cc
2200
002c
2c00
001b
bc00
002a
cb00
002a
cb00
002a
bb00
00aa
bb00
00ab
ab00
00bb
a900
00bb
a000
00bb
9000
00aa
0000
00a9
0000
009a
0000
009a
0000
0009
0000
0000
0000
0000
0000
0000
0000
0000
0000
0099
0000
9077
0000
2977
0000
9977
9000
0077
7900
0077
7900
0077
7600
0077
6600
0076
6600
0069
7600
0999
6600
0995
6600
09f5
6600
0955
6900
0999
6900
0099
9000
0022
9000
0011
9000
0071
9000
0011
9000
0011
9000
0017
9000
0079
9000
0093
9000
0099
9000
0009
0000
0000
0000
0000
0000
0000
0000
0000
0000
0099
0000
009d
0000
0009
9900
0000
7700
0099
7700
0096
7700
0067
7700
0067
7700
0077
7700
0077
6700
0067
6700
0077
7600
0079
6700
0079
6200
0029
2700
0012
2600
0091
2700
0011
2600
0017
6900
0091
9900
0099
6600
0012
6700
0021
6600
0077
7900
0099
6900
0009
7900
0000
9000
0000
9000
0000
0000
0000
0000
0000
0000
0000
0000
0000
0000
0000
0000
0000
0000
9999
0000
2277
0000
9977
0000
0077
0000
0077
0000
9977
0000
9977
9000
0977
9000
9776
9000
9669
9000
9699
9000
9699
9000
6699
9000
6759
9000
9959
0000
9c52
0000
9991
0000
0911
0000
0011
0000
0071
0000
0011
9000
0011
9000
0017
9000
0079
9000
0093
0000
0009
0000
0000
0000
0000
0000
0000
0000
0000
0900
0000
9900
0000
9200
0099
2900
0029
9900
0096
7700
0066
7700
0066
6700
0076
7600
0067
6700
0066
7700
0076
9900
0067
9900
0096
5900
00f9
5900
00a9
5900
0092
9900
0021
2100
0061
1100
0011
1600
0021
7600
0019
1600
0017
1900
0061
6900
0061
9000
0096
9000
0009
9000
0000
9000
0000
0000
0000
0000
0000
0000
0000
0000
0099
0000
009d
0000
0009
9900
0000
7700
0099
7700
0096
7700
0067
7700
0067
7700
0077
7700
0077
7700
0077
6700
0077
7600
0077
6700
0076
6200
0022
2700
0011
2600
0091
2700
0011
2600
0011
6900
0021
9900
0099
6600
0044
6700
0099
6600
0011
7900
0013
6900
0019
7900
0099
9000
0000
9000
0000
0000
0000
0000
0000
0000
0000
0000
0099
0000
009d
0000
0009
9900
0000
7600
0099
7700
0097
7700
0077
7700
0077
7600
0077
7700
0077
7700
0067
7700
0077
7700
0077
6700
0077
7600
0067
6600
0067
6600
0076
6600
0067
6600
0026
6600
0027
9600
0026
6700
0067
6700
0066
6600
0076
7900
0096
6900
0099
7900
0000
9000
0000
9000
0000
0000
0000
0000
0000
0000
0000
0000
0000
0000
0000
0000
0000
0000
0000
0000
0099
0000
0033
0000
0034
0000
0033
9000
0099
9000
0055
3900
0033
5900
0033
9500
0031
4900
0011
3300
0012
3400
0021
9300
0021
1300
0011
1300
0029
1300
0022
9300
0011
9300
003f
3300
0011
3300
0013
3300
0011
3300
0021
3300
0099
3300
0099
3300
0090
9300
0000
0900
0000
0000
0000
0000
0000
0000
0000
0000
0000
0000
0000
0000
0000
9000
0009
3900
0093
3400
0095
3300
0059
3300
0093
5900
0031
9500
0032
1900
0021
2300
0095
1200
0022
1200
0011
1200
001c
2200
0011
1200
0021
1200
0021
2300
0021
2200
0021
9900
0021
9300
0022
9300
0092
9300
0039
9300
0033
9300
0099
9900
0099
0900
0000
0000
0000
0000
0000
0000
0000
0000
0000
0000
0000
0000
0000
0000
0099
0000
0033
0000
0043
0000
0034
0000
0039
0000
0095
0000
0055
9000
0011
9900
0011
3900
0012
3900
0019
3300
0021
3300
0011
3300
0011
3300
0011
3300
0091
3300
0022
3400
0011
3300
0013
3300
0021
3300
0013
3400
0011
3300
0021
3300
0099
3300
0009
9900
0000
0000
0000
0000
0000
0000
0000
0000
0000
0000
0000
0000
0000
0000
0009
0000
0093
9000
0033
4900
0033
3300
0099
9400
0055
5900
0091
3500
0032
1300
0023
1100
0022
2200
0032
9200
0031
2100
0021
c100
0021
1100
0021
1200
0021
1200
0022
2300
0092
2900
0092
2900
0092
2900
0099
9900
0099
9900
0039
9900
0099
9900
0090
0000
0000
0000
0000
0000
0000
0000
0000
0000
0000
0000
0000
0000
0000
9900
0000
4300
0009
3300
0009
3300
0095
9300
0099
5500
0033
2900
0033
1200
0093
2100
0093
3100
0092
2200
0091
1200
0091
1200
0091
c109
0092
1190
0092
1200
0092
1290
0092
1200
0092
2900
0049
9990
0039
3999
0033
9900
0039
9900
0093
9900
0039
0000
0090
0000
0000
0000
0000
0000
0000
0000
0000
0000
0000
0000
0000
0000
0000
0000
0000
9000
0009
3900
0093
3400
0095
3300
0059
3400
0033
5900
0033
9500
0033
3900
0033
3300
0033
3300
0033
3300
0093
3300
0019
3300
0013
3300
0021
3300
0021
3300
0021
3300
0029
3400
0029
3300
0099
4300
0093
3300
0033
3300
0033
3300
0033
9300
0093
9900
0099
0000
0009
0000
0000
0000
0000
0000
0000
0000
0009
0000
0092
0000
0091
0000
0021
0400
0011
4300
0011
3900
0011
9000
0011
9000
0011
3400
0011
9900
0011
3900
0022
3400
00ff
bb00
0099
cc00
0099
c900
00ff
2200
0032
1100
0011
1100
0029
2300
0011
3900
0011
9000
0013
9000
0012
9000
0011
9000
0021
9000
0093
0000
0009
0000
0000
0000
0000
0000
0000
0000
0000
0000
0000
0900
0000
9200
0000
1100
0000
1100
0000
1100
0000
1130
0033
1190
0009
1100
0009
1140
0000
1193
0000
1209
009c
1100
009f
2100
009f
f233
009c
9f00
0093
9f00
0011
fc00
0011
c200
0021
2200
0091
1200
0021
2200
0021
3200
0021
3900
0021
9000
0092
9000
0009
9000
0000
0000
0000
0000
0000
0000
0000
0000
0000
0000
0000
0000
0000
0000
0000
0000
0000
0000
0900
0000
0904
0000
0993
0000
0924
0000
0933
0000
3939
0000
4911
3000
9313
0000
3911
0000
9322
0000
09ff
0000
3999
0000
0999
9000
09ff
9000
0932
9000
0022
9000
0012
0000
0092
0000
0011
0000
0011
0000
0039
9000
0022
9000
0011
9000
0012
0000
0099
0000
0000
0000
0000
0000
0000
0000
0000
0000
0000
0000
0000
0000
0000
0000
0000
0000
0009
9000
0049
9000
0034
2400
0092
3300
0042
3900
0092
1200
0021
1300
0031
1100
0022
2200
00cf
fc00
00f9
9f00
00f9
9f00
00cf
fc00
0033
2a00
0022
1200
0011
1200
0021
1100
0092
1100
0092
1900
0092
2900
0092
3900
0009
9000
0000
0000
0000
0000
0000
0000
0000
0000
0000
0000
0000
9900
0000
2100
0090
1100
0049
1100
0044
1100
0099
1100
0090
1100
0044
1100
0093
2199
0049
1240
0099
2190
00cf
1200
00f9
2249
00f9
2299
00cf
f200
0032
fc00
0011
c290
0011
2290
0092
2200
00f9
2200
00cc
9100
009f
2900
0099
9900
00fc
9000
0099
9000
0011
9000
0011
9000
0099
0000
0000
0000
0000
0000
0000
0000
0000
0000
0000
0000
0000
0900
0000
9200
0000
1100
0000
1100
0094
1100
0033
1100
0043
1100
0094
1100
0009
1100
0000
1100
0099
1100
009c
1100
009f
3100
0093
3333
0092
3300
0092
4300
0011
4390
0011
4390
0021
4900
0021
9900
0021
3900
0022
3340
0022
9300
0099
9300
0099
9000
0009
9000
0000
0000
0000
0000
0000
0000
0000
0000
0000
0000
0000
0000
0000
0000
0099
0000
00aa
0000
0055
0000
00ca
9000
00aa
9000
00aa
a900
00aa
a900
0019
a900
0011
a900
0011
a900
00a1
a900
0091
9300
0031
9100
0021
1100
0011
3200
0011
1200
0029
9100
0019
9900
0091
9000
0011
9000
0013
9000
0021
9000
0011
9000
0019
9000
0029
9000
0099
0000
0000
0000
0000
0000
0000
0000
0000
0000
0000
0000
0000
0000
0009
a900
009a
a900
0091
aa00
0011
aa00
0011
1a00
0011
1a00
0011
1100
0091
a100
002a
1100
0099
2100
0033
1200
0011
2200
0011
2200
0011
1200
0012
1200
0011
2100
0019
2900
0091
3900
0013
3900
0021
9900
0021
9000
0012
9000
0019
9000
0099
9000
0009
9000
0000
0000
0000
0000
0000
0000
0000
0000
0000
0000
0000
0000
0000
0000
0099
0000
009a
0000
00aa
0000
00aa
0000
0022
0000
0011
0000
0911
0000
0911
0000
0911
0000
0911
9000
091a
9000
00aa
1900
0919
2900
0923
2900
0912
2900
0912
9000
0912
9000
0992
0000
0092
0000
0019
0000
0011
0000
0099
0000
0011
9000
0033
9000
0099
9000
0029
0000
0099
0000
0000
0000
0000
0000
0000
0000
0000
0000
0000
0000
0099
0000
00aa
0000
0055
0000
00ca
9000
00aa
9000
00aa
a900
00aa
a900
0019
a900
0011
a900
0011
a900
00a1
a900
0091
9300
0031
9100
0021
1100
0011
3200
0011
1200
0029
9100
0019
9900
0091
9000
0011
9000
0013
9000
0021
9000
0011
9000
0019
9000
0029
9000
0099
0000
0000
0000
0000
0000
0000
0000
0000
0000
0000
0000
0000
0000
009a
9000
00a5
9000
0012
a900
0012
aa00
0011
aa00
0011
aa00
0011
9a00
0091
2a00
00b9
1a00
00ca
1a00
00c9
2a00
0093
2900
0012
2900
0011
2100
0029
2300
0019
1200
0099
9100
0011
9900
0099
9900
00c9
9000
0099
9000
0019
9000
0011
9000
0099
9000
0092
9000
0099
0000
0099
0000
0000
0000
0000
0000
0000
0000
0000
0000
0000
0000
0009
a900
0099
5900
0092
5c00
0011
a500
0011
aa00
0011
aa00
0011
aa00
0012
aa00
0019
9a00
0019
aa00
0019
a900
0022
9a00
0012
9900
0019
9900
0012
9900
0012
9900
0012
9900
0022
9900
0029
9000
0029
9000
0039
9000
0099
9000
0099
9000
0099
9000
0009
9000
0000
0000
0000
0000
0000
0000
0000
0000
0000
0000
0000
0000
0000
0000
0000
0000
0000
0000
0000
0000
0009
9900
0009
5500
0095
5500
0099
5500
009b
9500
00bb
9500
00cb
9900
00fc
9500
999c
9900
dd99
9500
dedd
5900
dddd
9500
9ddd
9900
9dee
d900
09dd
3900
0999
3900
0999
3900
00dd
9900
0033
9900
0099
9000
0009
0000
0000
0000
0000
0000
0000
0000
0000
0000
0000
0000
0000
0000
0000
0000
0000
0000
0000
0000
0000
0000
0000
9900
0000
5500
0000
5500
0009
5500
0009
9500
0099
9900
0099
ba00
999f
b900
9d9c
b900
9d99
b900
9ddd
b900
99dd
9900
99dd
5900
09ee
9500
09dd
9900
0999
d900
0099
3900
00dd
9900
0033
9900
0099
9900
0099
9000
0000
0000
0000
0000
0000
0000
0000
0000
0000
0000
0000
0000
0000
0000
0000
0000
0000
0000
0000
0000
0000
0000
0099
0000
0055
0000
0055
0000
0055
9000
0095
5900
0099
5900
0099
5900
00bb
5500
00bc
5500
00bf
5500
00ca
5500
00c9
5900
0099
9500
0099
5900
99dd
9900
dded
9900
ddd9
9000
ee99
9000
dd9d
0000
99dd
0000
9dd9
0000
9939
0000
0999
0000
0009
0000
0000
0000
0000
0000
0000
0000
0000
0000
0000
0000
0000
0000
0000
0000
0000
0000
0000
0000
0099
0000
0055
9000
0055
5900
0055
5900
0099
5900
0099
9500
00c9
a500
00cc
a500
00cf
b900
00f9
b900
00f9
b900
0099
9900
0093
9900
00dd
3300
003d
de00
00de
dd00
00dd
9900
0099
d300
0033
dd00
00dd
9900
00dd
0000
0099
0000
0000
0000
0000
0000
0000
0000
0000
0000
0000
0000
0000
0000
0000
0000
0000
0000
0000
9900
0000
5500
0000
5500
0009
5500
0009
9500
0099
9900
009f
ba00
999f
b900
9d9c
b900
9d99
b900
9ddd
b900
99dd
c900
99dd
5900
09ee
9500
00dd
9900
0099
9900
0099
9900
0093
9900
0044
9900
0099
9900
009d
9900
00dd
9000
00dd
0000
00d9
0000
0090
0000
0000
0000
0000
0000
0000
0000
0000
0000
0000
0000
0000
0000
0000
0000
0000
0000
0000
9900
0000
5500
0000
5500
0009
5500
0009
5500
0099
5500
0099
5500
0095
5500
0999
5500
9d99
5500
9d99
5900
9d99
9500
0999
5900
0999
9500
0999
9900
0999
9900
0099
9500
0099
5500
0099
5900
0099
9900
0099
9000
0000
0000
0000
0000
0000
0000
0000
0000
0000
0000
0000
0000
0000
0000
0000
0000
0000
0000
0000
0000
0000
0000
0009
0000
0092
0000
002c
0000
00c1
0000
001c
9900
0911
1900
9211
c100
9113
2c00
9299
1200
9297
1c00
9239
1100
9912
1100
0911
1200
0911
1100
0911
9200
0921
2100
0921
2200
0912
9900
0913
0000
0911
0000
0911
0000
0912
0000
0923
0000
0039
0000
0090
0000
0000
0000
0000
0000
0000
0000
0000
0000
0000
0000
0000
0000
0090
0000
0019
0000
00c2
9000
0011
9000
00c3
9900
0032
9100
0021
2200
0011
1200
0013
1100
0011
2100
0011
9200
0011
2100
0021
3100
0021
2100
0021
1100
0012
2100
0012
9900
0011
9200
0913
2200
0911
9900
0911
0000
0912
0000
0023
0000
0039
0000
0090
0000
0000
0000
0000
0000
0000
0000
0000
0000
0000
0000
0000
0000
0000
0000
0000
0000
0099
0000
00c1
0000
001c
0000
09c1
0000
921c
9000
9111
2900
9122
c900
9199
1200
2197
c200
127f
1100
2997
1100
2929
2200
2912
1100
9211
2200
9212
1900
0921
2200
0921
9900
0912
0000
0913
0000
0911
0000
0911
0000
0912
0000
0012
0000
0013
0000
0029
0000
0039
0000
0090
0000
0000
0000
0000
0000
0000
0000
0000
0000
0000
0000
0099
9900
001c
c100
0021
1c00
001c
2100
0021
1c00
0011
1100
0011
1900
0091
9900
0079
7700
00ef
ef00
0077
7700
0099
9900
0022
1100
0012
2100
0021
2100
0012
1200
0022
1200
0022
1200
0031
1200
0031
1200
0031
1200
0032
1200
0032
2900
0093
2900
0009
9000
0000
9000
0000
0000
0000
0000
0000
0000
0000
0000
0000
0000
0000
0000
0099
0000
001c
9000
00c1
1900
00cc
c900
0013
c900
0012
1200
0011
1100
0011
1100
0011
1100
0011
1100
0011
9200
0012
3300
0092
3200
0021
2100
0011
1200
0011
2900
0011
1900
0031
9200
0931
9900
0911
9000
0911
0000
0911
0000
0012
0000
0099
0000
0000
0000
0000
0000
0000
0000
0000
0000
0000
0000
0000
0000
0000
0000
0090
0000
0019
0000
00c2
9000
001c
9000
001c
c900
0011
c100
0011
2c00
0011
1c00
0011
cc00
0011
cc00
0011
cc00
0011
1100
0011
1100
0011
1100
0012
1100
0011
2100
0011
2200
0011
3200
0911
2300
0922
9900
0932
0000
0929
0000
0032
0000
0039
0000
0090
0000
0000
0000
0000
0000
0000
0000
0000
0000
0000
0000
0000
0000
0000
0000
0000
0000
0099
0000
00dd
0000
00ee
9000
00df
9000
00ed
9000
00ed
2900
00d9
d900
0093
d900
0031
e900
0011
d200
00b1
de00
0021
dd00
001c
2e00
0011
e900
0029
dd00
0012
de00
0011
dd00
0022
dd00
0011
9d00
0012
9d00
0011
9d00
0092
9900
0039
0900
0033
0900
00d0
9e00
0090
9900
0000
0000
0000
0000
0000
0000
0000
0000
0000
0000
0000
0000
0009
0000
0092
9900
002d
d200
00de
ed00
00ee
ef00
00ed
de00
00dd
de00
0099
de00
0092
de00
0019
9e00
0022
9300
0021
2900
0011
2900
0021
1900
0012
9e00
0011
9d00
0011
9d00
0021
9d00
0091
9d00
0091
9900
00a2
9900
0092
9d00
0039
9900
0033
0900
00d9
0900
0090
9e00
0000
9900
0000
0000
0000
0000
0000
0000
0000
0000
0000
0000
0009
0000
00dd
0000
00ee
0000
00fd
0000
00dd
0000
099d
0000
0929
0000
09d3
0000
9211
0000
9d11
9000
9d22
9000
9929
9000
9912
9000
9911
9000
0911
d900
0922
f900
0921
de00
0911
de00
0933
de00
0911
dd00
0012
dd00
0011
9d00
0022
9e00
0099
9900
0033
0000
0099
0000
0090
0000
0000
0000
0000
0000
0000
0000
0000
0000
0000
0000
0009
9000
0092
2900
002d
d200
00de
d200
00dd
e200
00ee
ef00
00dd
de00
00dd
de00
00d9
9e00
0093
9300
003c
3900
0029
2900
0021
1900
0011
1900
0021
2900
0021
2900
0091
2900
0091
3900
0092
9900
0039
9900
00e9
9d00
00e3
9d00
00dd
dd00
0099
dd00
0099
d900
0000
0000
0000
0000
0000
0000
0000
0000
0000
0000
0000
0000
0000
0000
0009
0000
0092
9900
002d
d200
00de
ed00
00ee
ef00
00ed
de00
00dd
de00
0099
de00
0092
de00
00ff
9e00
00f9
9300
0022
2990
0011
2999
0021
19e9
0012
9ee9
0911
9d9e
0911
9d99
0912
9d00
0012
9d90
0012
9990
0021
9990
0091
0090
0091
0000
0099
0000
0009
0000
0000
0000
0000
0000
0000
0000
0000
0000
0000
0000
0000
0000
0000
0000
0099
0000
00dd
0000
00ee
9000
00ee
9000
00ee
9000
00de
2900
00ee
d900
00dd
d900
00dd
e900
00de
e200
00dd
ee00
009e
ed00
009e
ee00
00ed
e900
00ed
dd00
00ed
ee00
00dd
ee00
00dd
de00
00dd
ee00
00de
dd00
00dd
ed00
00dd
dd00
00de
dd00
00ee
d900
00e0
9e00
0090
9900
0000
0000
0000
0000
0000
0000
00aa
9000
0099
5900
0999
5500
959c
5500
95cb
5500
55bb
5500
55b5
5500
5555
5500
5555
5500
5555
5500
5955
9500
5954
9500
595e
9900
5559
9990
5555
9890
9555
9859
9555
9859
9555
9859
9555
8859
0955
8899
0955
8890
0955
9990
0055
1900
0055
1900
0055
1900
0055
1100
0055
1200
0095
2200
0095
2900
0099
9900
0099
0000
0000
0000
00aa
0000
0099
9900
0999
5500
959c
5500
95cb
5500
55bb
5500
55b5
5500
5555
5500
5555
5500
5555
5590
5955
9559
5954
9959
595e
9855
5559
9855
5555
9855
9555
9855
9555
9855
9555
9855
9555
8855
0955
9859
0955
1959
0955
1290
0055
9190
0055
2190
0055
1100
0055
1100
0055
2200
0095
1100
0095
2100
0099
9900
0099
0000
0099
0000
0099
0000
0099
0000
0090
0000
0090
9000
0090
9000
0090
9000
0090
9000
0090
9900
0090
9900
0090
9900
0090
9900
0090
9900
0090
9900
0090
9900
0090
9900
0090
9900
0090
9900
0099
9900
0099
9900
0099
9900
0099
9900
0099
9900
0099
0900
0099
0900
0099
0900
0039
0900
0099
0000
0933
0900
9933
0990
3333
9990
9999
9990
0099
0000
0099
0000
0099
0000
0099
0000
0090
0000
0090
0000
0090
0000
0090
0000
0090
0000
0090
9000
0099
9000
0099
9000
0099
9900
0099
9900
0099
9900
0099
9900
0099
9900
0099
9900
0099
9900
0099
9900
0099
0900
0099
0000
0099
0090
0099
0099
0099
0039
0099
0033
0099
0033
0033
0039
0033
0039
0033
0099
0033
0090
0099
0000
0099
0000
0099
0000
0099
0000
0099
0000
0099
0000
0099
0000
0099
0000
0099
0000
0099
0000
0099
0000
0999
0000
0909
0000
0999
0000
0999
9900
0999
3300
0099
3300
0099
3300
0099
3300
0099
3300
0009
3300
0009
3300
0009
3300
0000
3300
0000
9300
0000
9300
0000
9300
0000
9900
0000
9900
0000
3900
0099
3300
0033
3300
0099
9900
0099
0000
0099
0000
0099
0000
0099
0000
0099
0000
0099
0000
0099
0000
0099
0000
0099
0000
0099
0000
0099
0000
0099
0000
0099
0000
0099
0000
0090
0000
0090
0000
0000
9000
0000
9000
0000
9900
0000
9900
0000
9900
0000
9900
0000
9900
0000
9900
0000
9900
9000
9900
3300
9900
3300
9300
3300
3300
9300
3300
0900
3300
0000
9900
0000
9999
0000
9999
0000
9999
0009
9999
0099
9990
0099
9990
0099
9900
0099
9900
0099
9900
0099
9900
0099
9900
0099
9000
0090
9000
0090
0000
0090
0000
0090
0000
0090
0000
0000
0000
0000
0000
0000
0000
9900
0000
3900
0000
3399
0000
3339
0000
3333
0000
9333
0000
0933
0000
0093
0000
0009
0000
0000
0000
0000
0000
0000
0000
0099
0000
0099
0000
0099
0000
0099
0000
0099
0000
0099
0000
0099
0000
0000
0000
0000
9000
0000
9000
0900
9000
0900
9900
0990
9900
0999
9900
0999
9900
0099
9900
0099
9900
0099
9900
0000
9900
0000
3999
0000
3333
0000
3333
0000
3333
0000
9333
0000
9333
0000
9333
0000
9933
0000
0933
0000
0093
0000
0093
0000
0093
0000
0009
0000
0000
0000
0000
0000
0000
0000
0000
0000
0000
0000
0000
0000
0000
0000
0000
0000
0000
0000
0000
0000
0000
0000
0000
0000
0000
0000
0000
0000
0000
0000
0000
0000
0000
0000
0000
0000
0000
0000
0000
0000
0000
0000
0000
0000
0000
0000
0000
0000
0000
0000
0000
0000
0000
0000
0000
0099
0000
009b
0000
0999
9900
0999
5500
959c
5500
95cb
5500
9555
5500
9595
5500
9955
5500
9955
5500
0955
5500
00a5
5500
005a
5500
00a5
5500
005a
5500
0095
5500
9999
5500
9999
5500
9999
5500
9995
5900
9955
5900
9955
9900
9955
9900
9955
9900
0055
9900
0055
9900
0055
9900
0095
9900
0095
9900
9999
9900
9299
9900
2299
9900
1193
0990
1299
9990
1293
3339
2199
9999
959c
5500
95cb
5900
9555
5500
9595
5500
9a55
5500
9a55
5500
0955
5500
00a5
5500
005a
5500
00a5
5500
005a
5500
0095
9500
0059
9500
0099
9900
0099
5900
0099
9900
0099
5900
0999
9900
0999
9900
9999
9900
9999
9500
9999
9500
9999
9500
0999
5500
0099
5500
0099
9900
0099
1200
0099
1100
0033
1100
0039
1200
0039
3900
0099
9900
0999
0000
9b55
0000
b955
0000
9955
9900
9955
5500
9955
5500
9955
5500
bc55
5500
bb55
5500
a555
5500
5955
5500
9545
5500
95e5
9900
5549
8890
5595
8890
9555
8890
9555
8890
5955
8890
5955
8890
5555
8890
5555
8890
5555
8890
9555
8890
9555
8890
0955
8919
0955
8921
0955
9112
0055
9912
0055
0021
0095
0091
0099
0091
0099
0009
0000
0000
00aa
0000
0099
9900
0999
5500
959c
5500
9199
5500
9121
9500
9211
5500
1911
5500
9112
5500
9919
5500
9219
5500
5929
5500
5995
5500
5555
5500
5555
5500
9555
9500
9595
9500
9559
5500
9595
5900
0959
5500
0955
5500
0955
5500
0055
5500
0055
9900
0055
9900
0055
9800
0055
8800
0095
8800
0095
8800
0099
8800
0099
8000
0000
0000
00aa
9000
0099
5900
0999
5500
959c
5500
95cb
5500
55bb
5500
55b5
5500
5555
5500
5555
5500
5555
5500
5955
9500
5954
9500
595e
9900
5559
9990
5555
9890
9555
9859
9555
9859
9555
9859
9555
8859
0955
8899
0955
8890
0955
9990
0055
2900
0055
1900
0099
1200
0021
1100
0091
1200
0092
2200
0099
2900
0099
9900
0099
0000
0000
0000
00aa
0000
0099
0000
0999
9000
959c
5900
95cb
5500
55bb
5500
55b5
5500
5555
5500
5555
5500
5555
5500
5555
5500
594e
5500
59e9
5500
5594
5500
9559
5500
9555
5500
9555
5500
9555
5500
0955
5500
0955
5500
0955
5500
0955
5500
9999
5500
1155
5500
1155
5500
2255
5500
2255
5900
9959
9900
0099
9800
0099
8800
0099
8000
0000
0000
0000
0000
0099
9900
00b9
5500
09b9
5500
09c9
5500
95bc
5500
955b
5500
9559
5500
9599
5500
5595
5500
5595
4590
5559
e590
5599
9590
5599
9990
5599
1190
9595
1190
9555
9290
9555
9990
9555
5590
9555
5590
9599
5590
9959
9900
0099
9900
0095
9900
0055
5900
0055
5900
0055
5900
0099
5900
0099
9900
0099
9900
0099
9900
0000
0000
0000
0000
0000
0000
0000
0000
0000
0000
0000
0000
0000
0000
0000
0000
0000
0000
0000
0000
0000
9900
0000
9900
0000
9900
0000
9909
0000
9909
0000
9999
9000
9999
9000
9999
3900
9999
3900
9999
3900
9999
3900
9999
3399
9999
3399
9999
3399
9999
3399
9999
3399
9999
3399
9099
9333
9909
3333
9090
9933
9909
0099
9090
0000
0000
0000
0000
0000
0000
0000
0000
9999
0000
5555
9000
59b5
5900
99b5
5500
b9b5
5500
b9b5
5500
5ba5
5500
9b55
5500
5555
5500
5555
5590
5555
9959
5555
0059
5555
0059
5555
0055
5555
0055
5555
0055
5559
0055
5599
0055
5559
0055
5590
0055
5590
0055
5909
0095
9990
9029
9509
0911
5990
9011
9900
0901
9900
0012
9000
0099
0000
0000
0000
0000
0000
0000
0000
0000
0000
0000
0000
0000
0000
0000
0000
0000
0000
0000
0000
0000
0000
0000
9900
0000
9900
0999
1999
9559
1955
5595
9955
5559
1155
5595
9955
5559
9155
9999
0999
9999
0000
0000
0000
0000
0000
0000
0000
0000
0000
0000
0000
0000
0000
0000
0000
0000
0000
0000
0000
0000
0000
0000
0000
0000
0000
0000
0000
0000
0000
0000
0900
0000
0900
0000
9990
0000
9129
0000
9219
0000
0919
0000
0919
0000
0919
0000
0912
0000
0029
0000
0099
0000
0095
0000
0055
0000
0095
0000
0009
9000
0000
5900
0000
9500
0000
5500
0000
5900
0000
9500
0000
5900
0000
9590
0000
9590
0000
0990
0000
0090
0000
0090
0000
0000
0000
0000
0000
0000
0000
0000
0000
0000
0000
0000
0000
0090
0000
0099
0000
0059
0000
0959
0000
9590
0000
9590
0000
5500
0000
5500
0000
5900
0000
5500
0000
5900
0009
9000
0095
0000
0055
0000
0095
0000
0019
0000
0929
0000
9022
0000
9119
0000
9119
0000
9199
0000
9990
0000
2990
0000
9900
0000
0900
0000
0000
0000
0000
0000
0000
0000
0000
0000
0000
0000
0000
0000
0000
0000
0000
0000
0000
0000
0000
0000
0000
0000
0000
0000
0000
0000
0000
0000
0000
0000
0009
0000
0009
0099
0092
0059
0031
0095
0011
0059
0022
0095
0012
0059
0099
0959
0009
9590
0000
5900
0000
5500
0000
5500
0000
5500
0000
5500
0000
9900
0000
0000
0000
0000
0000
0000
0000
0000
0000
0000
0000
0000
0099
0000
00ac
0000
00c9
0000
0099
9900
0055
5900
0055
5500
0955
5500
0955
5500
0955
5500
0955
5500
0955
5500
0955
5500
0955
5900
0955
5900
0955
5900
0955
5900
0955
5900
0095
9900
0095
9500
0095
9500
9095
9500
1995
9500
1995
9500
9995
5500
1995
5500
1995
9900
9995
9900
9595
9000
9955
0000
0955
0000
0099
0000
0099
0000
009b
0000
0099
9900
0055
5500
0055
5500
0955
5500
0955
5500
0555
5500
9555
5500
9555
5500
9555
5500
9555
5500
9555
5500
9555
5500
9555
5500
9555
5500
9555
5590
9555
5590
9555
5590
9555
5590
9555
5590
9555
5590
9555
5590
9955
5900
0055
5900
0055
5900
0055
5900
0055
5900
0055
5900
0099
5900
0099
9900
0099
9900
0099
9900
009b
0000
0099
9900
0055
5500
0055
5500
0955
5500
0955
5500
9555
5500
9555
5500
9555
5500
9555
5590
9555
5590
9555
5599
9555
5559
9555
5559
9555
5555
9555
5555
5555
5555
5555
5555
5555
5559
5555
5599
5555
5500
9555
5500
9955
5900
0955
5900
0055
5900
0055
5900
0055
5900
0055
5900
0099
9900
0099
9900
0099
9900
0099
9900
009b
0000
0099
9900
0055
5500
0055
5590
0955
5599
0955
5519
9555
5595
9555
5595
9555
5559
9555
5555
9555
5555
9555
5555
9555
5555
9555
5599
9555
5500
9555
5500
5555
5500
5555
5500
5555
5500
5555
5500
5555
5500
9555
5500
9955
5900
0955
5900
0055
5900
0055
5900
0055
5900
0055
5900
0099
9900
0099
9900
0099
9900
0099
9900
009b
0000
0099
9900
0055
5500
0055
5500
0955
5500
0955
5500
9555
5500
9555
5500
9555
5500
5555
5590
5555
5590
5555
5599
5555
5559
5555
5559
5555
5555
5555
5555
5955
5555
5955
5555
5955
5559
5955
5599
5955
5500
5555
5500
5555
5900
5555
5900
9555
5900
9955
5900
0955
5900
0055
5900
0099
9900
0099
9900
0099
9900
0099
9900
0099
9900
0099
9900
0099
9900
0099
9900
0099
9900
0099
9900
0099
9900
0099
9900
0099
9900
0099
9900
0099
9900
0099
9900
0099
9900
0099
9900
0099
9900
0099
9900
0099
9900
0099
9900
0099
9900
0099
9900
0099
9900
0099
9900
0099
9900
0099
9900
0099
9900
0099
9900
0099
9900
0039
9300
0039
9300
0033
9300
0033
9300
0099
9900
0000
0000
0000
0000
0000
0000
0000
0000
0000
0000
0000
0000
0000
0000
0000
0000
0000
0000
0000
0000
0000
0000
0000
0095
0000
9929
0000
1119
0000
2129
0000
9299
0000
0999
0000
0099
0000
0000
0000
0000
0000
0000
0000
0000
0000
0000
0000
0000
0000
0000
0000
0000
0000
0000
0000
0000
0000
0000
0000
0000
0000
0000
0000
0000
0999
0000
9955
0000
b955
0000
b955
0000
c955
9000
bc55
5900
5595
5500
5595
5500
5555
5500
9555
5a00
9955
a500
5555
5500
5555
5500
5555
5500
5559
5500
559a
5500
9595
9900
9999
9900
9999
9900
9999
9900
9999
9900
9999
9900
9999
9900
9999
9900
0999
9900
0909
9900
0000
9900
0000
9900
0990
9990
9590
9590
5559
5559
9999
9999
0099
9900
0099
9900
0099
9900
0099
9900
0099
9900
0099
9900
0099
9900
0090
9900
0090
9900
0000
9900
0000
9900
0000
9900
0000
9900
0090
9900
0099
9900
0099
9900
0099
9900
0099
9900
0099
9900
0099
9900
0093
9900
0033
9900
0033
9900
0039
9900
0099
9900
0090
9900
0000
9900
0000
9300
0000
9300
0000
9300
0000
9300
0000
9900
0000
0000
0000
0000
0000
0000
0000
0000
00a9
0000
00ae
9000
09ee
e900
09ee
ee00
09ee
ed00
09ee
de00
99ee
ee00
9def
de00
ddfe
dd00
deff
da00
eefe
9900
eeff
8990
eefe
8890
eeee
8890
deee
8890
ddee
8890
adaa
8890
99ad
8900
09dd
9900
00ee
9200
00ee
2100
00de
1100
00ed
1100
00de
1200
00ed
1900
00d9
9000
0096
0000
0066
0000
0000
0000
0000
0000
0000
0000
0000
0000
00a9
0000
00ae
9900
09ee
ee00
09ee
ed00
09ee
de00
09ee
ee00
9def
ee00
ddfe
dd00
deff
da00
eefe
9990
eeff
9819
eefe
9819
eeee
8819
deee
8819
ddee
8829
adaa
8890
99ad
8890
09dd
8800
00ee
8800
00de
9900
00ee
1100
00de
2100
00ed
1100
00de
1100
00ed
1100
00d9
2200
0096
2900
0066
9900
00a6
0000
0096
9000
0099
9000
0069
9000
0069
9000
0069
9000
0066
9000
0066
9000
0066
6900
0069
6900
0069
6900
0099
6900
0090
6900
0090
6900
0099
6600
0069
6600
0069
6600
0069
9600
0066
6600
0096
9600
0039
9900
0033
0900
0033
0900
0033
0900
0039
0000
0039
0000
0039
0000
0099
0000
0032
0000
9933
0990
3333
0990
9999
0990
0066
0000
0096
0000
0096
0000
0099
0000
0069
0000
0069
0000
0069
0000
0069
0000
0069
0000
0096
0000
0069
0000
0069
9000
0066
9900
0066
9600
0066
6600
0066
6600
0066
6600
0066
9600
0066
9600
0066
9900
0096
0900
0099
0000
0093
0090
0093
0099
0093
0039
0093
0033
0093
0033
0093
0039
0033
0039
0033
0099
0033
0090
0099
0000
0096
0000
0066
0000
0066
0000
0066
0000
0066
0000
0066
0000
0069
0000
0096
0000
0069
0000
0096
0000
0099
0000
0096
0000
0066
0000
0096
9900
0066
2300
0063
3200
0099
3300
0099
3300
0099
3300
0009
3300
0009
3300
0009
3300
0000
3300
0000
9300
0000
9300
0000
9300
0000
9900
0000
9900
0000
3900
0009
3300
0093
3300
0099
9900
0066
0000
0096
0000
0066
0000
0096
0000
0066
0000
0066
0000
0066
0000
0066
0000
0066
0000
0066
0000
0066
0000
0069
0000
0069
0000
0099
0000
0090
0000
0090
9000
0069
9000
0069
6900
0099
6900
0069
6900
0099
9300
0090
3300
0090
3300
0090
9300
0090
3300
9990
9300
3300
9300
3300
9300
3300
3300
9900
3300
0000
3300
0000
9900
0000
6669
0000
9669
0000
6969
0009
9669
0096
6790
0066
6690
0066
6600
0066
6600
0066
6600
0069
6600
0069
9900
0099
0000
0090
0000
0090
0000
0090
0000
0000
0000
0000
0000
0000
0000
0090
0000
0090
0000
9990
0000
3900
9000
3399
9000
3339
0000
3333
0000
9333
0000
0933
0000
0093
0000
0009
0000
0000
0000
0000
0000
0000
0000
0066
0000
0066
0000
0066
0000
0066
0000
0096
0000
0096
0000
0099
0000
0090
0000
0000
9000
0000
9000
0900
9000
0900
9900
0999
6900
0969
6600
0966
6600
0066
6600
0066
6600
0099
9600
0000
9900
0000
3999
0000
3333
0000
3333
0000
3333
0000
9333
0000
9333
0000
9333
0000
9933
0000
0933
0000
0093
0000
0093
0000
0093
0000
0009
0000
0000
0000
0000
0000
0000
0000
0000
0000
0000
0000
0000
0000
0000
0000
0000
0000
0000
0000
0000
0000
0000
0000
0000
0000
0000
0000
0000
0000
0000
0000
0000
0000
0000
0000
0000
0000
0000
0000
0000
0000
0000
0000
0000
0000
0000
0000
0000
0000
0000
0000
0000
0000
0000
0000
0000
0099
0000
009d
0000
0999
9900
0999
ee00
9e9d
ee00
9edd
ee00
9dee
ee00
9ede
ee00
9dee
ee00
9dde
ee00
09ee
ee00
09ed
ee00
00de
de00
00ad
dd00
00da
ee00
00aa
ed00
99aa
de00
969a
3d00
6669
2300
6699
2900
6693
3900
6692
9600
9632
6900
9931
9600
0011
9900
0011
3900
0011
3300
0012
3300
0013
3900
9929
9900
9299
9900
2299
9900
1193
0990
1299
9990
1293
3339
2199
9999
9e9d
ee00
9edd
ea00
9dee
ee00
9dee
ee00
9dee
ee00
9ade
ee00
09ed
ee00
09de
ee00
00ed
ee00
00de
ed00
00ad
dd00
00da
dd00
00ad
9d00
009a
9900
0099
9900
0069
d900
0066
9900
0996
9900
0999
9900
9699
9900
9699
9300
9999
9300
9699
9300
0999
3300
0099
3100
0099
1100
0099
1100
0099
1100
0033
1100
0039
1200
0039
3900
0099
9900
0000
0000
0000
0000
0099
0000
99ee
0000
99ee
9000
99ee
e900
99ee
ee00
deee
e300
eedd
d300
eeed
3300
eeed
9100
eeee
3900
eeee
9900
edee
8890
eded
8890
eede
8890
eeed
8890
edad
8890
ddde
8890
dade
8890
adee
8890
9aee
8890
99ee
8890
09ee
8890
09ee
8919
00ed
8921
00dd
9112
0099
9912
0066
0021
0066
0091
0066
0091
0066
0009
0000
0000
0000
0000
0000
0000
0900
0000
93a9
0000
9199
0000
9121
9000
9211
e900
1911
e900
9112
ee00
9919
ee00
9219
ee00
3929
e300
d913
3200
ee11
3100
ee21
1100
ee31
1100
ee93
2100
dee9
3100
dded
3100
adaa
2100
99a9
1100
09dd
1100
00ee
1100
00ee
1100
00de
9900
00ed
8800
00de
8800
00ed
8800
00d9
0000
0096
0000
0066
0000
0000
0000
0000
0000
0000
0000
0000
0000
00a9
0000
00ae
9000
09ee
e900
09ee
ee00
09ee
ed00
09ee
de00
99ee
ee00
9def
de00
ddfe
dd00
deff
da00
eefe
9900
eeff
8990
eefe
8890
eeee
8890
deee
8890
ddee
8890
adaa
8890
99ad
8900
09dd
9900
00ee
2900
00ee
1100
0099
1200
0021
1900
0091
1900
0092
9000
0099
9000
0096
0000
0066
0000
0000
0000
0000
0000
0000
0000
0000
0000
00a9
0000
00ae
9000
09ee
9900
09ee
0900
09ee
e900
09ee
e900
99ee
e900
9def
e900
ddfe
e900
deff
e900
eefe
d900
eeff
9900
eefe
2900
eeee
2900
deee
2900
d9ed
2900
adaa
2900
99ad
2900
09dd
2900
9999
9900
1122
9800
1111
9800
2222
9800
2233
8800
9999
8800
00d9
8800
0096
8800
0066
8000
0000
0000
0000
0000
0099
9900
00d9
ee00
09d9
ee00
99d9
ee00
9eed
ef00
9eee
ee90
2eee
fe90
eeee
ee90
ddee
ee90
33ee
ee90
31ed
ed90
319d
de90
3129
9990
3192
1190
9193
1190
9133
9290
9111
9990
9111
1190
9112
1190
9399
3300
09aa
9900
00ae
a900
00ed
a900
00de
d900
00ee
e900
00ee
a900
00ee
d900
0099
9900
0066
6900
0066
6900
0000
0000
0000
0000
0000
0000
0000
0000
0000
0000
0000
0000
0000
0000
0000
0000
0000
0000
0000
9900
0000
6600
0000
6600
0000
6600
0000
6909
0000
6609
0000
6699
9000
6969
9000
6666
3900
9676
3900
3966
3900
3366
3909
3366
3396
3366
3366
3366
3366
9396
3396
9966
3399
9999
3399
9099
9333
9909
3333
9090
9933
9909
0099
9090
0000
0000
0000
0000
0000
0000
0000
0000
9999
0000
eeee
9000
e9ee
e900
99ee
ee00
d9ee
ee00
d9ee
ee00
ddea
e900
eddd
e900
deda
9200
edad
2290
aeaa
9239
aeaa
0939
aeaa
0019
adad
0013
aada
0012
dada
0011
add9
0011
da90
0011
dd90
0011
dd00
0011
da00
0011
ad09
0012
9a90
9012
9a09
0912
9990
9012
9900
0909
9900
0012
9000
0099
0000
0000
0000
0000
0000
0000
0000
0000
0000
0000
0000
0000
0000
0000
0000
0000
0000
0000
0000
0000
0000
0000
9900
0000
9900
9999
1999
2222
191c
2112
9911
1123
1111
2132
9922
3223
9199
9999
0900
0000
0000
0000
0000
0000
0000
0000
0000
0000
0000
0000
0000
0000
0000
0000
0000
0000
0000
0000
0000
0000
0000
0000
0000
0000
0000
0000
0000
0000
0000
0000
0900
0000
0900
0000
9990
0000
9129
0000
9219
0000
0919
0000
0919
0000
0919
0000
0912
0000
0021
0000
0011
0000
0021
0000
0092
0000
0009
0000
0000
9000
0000
2900
0000
1200
0000
1100
0000
1100
0000
2100
0000
3100
0000
9290
0000
9390
0000
0990
0000
0090
0000
0090
0000
0000
0000
0000
0000
0000
0000
0000
0000
0000
0000
0000
0000
0090
0000
0099
0000
0029
0000
0929
0000
9290
0000
9290
0000
2100
0000
1100
0000
1100
0000
2200
0000
2900
0000
9000
0009
0000
0091
0000
0021
0000
0011
0000
0921
0000
9022
0000
9119
0000
9119
0000
9199
0000
9990
0000
2990
0000
9900
0000
0900
0000
0000
0000
0000
0000
0000
0000
0000
0000
0000
0000
0000
0000
0000
0000
0000
0000
0000
0000
0000
0000
0000
0000
0000
0000
0000
0000
0000
0000
0000
0000
0009
0000
0009
0000
0092
0039
0031
0012
0011
0021
0022
0012
0012
0039
0099
0090
0009
9900
0000
3900
0000
1100
0000
1100
0000
2100
0000
3300
0000
9900
0000
0000
0000
0000
0000
0000
0000
0000
0000
0000
0000
0000
0099
0000
00ae
0000
00ed
0000
0099
9900
00ee
e900
00ee
ee00
09ee
ee00
09ee
ee00
09ee
ee00
09de
ee00
09ee
ee00
09ee
ee00
09de
e900
09de
e900
09de
e900
09de
e900
09de
d900
00de
9900
00de
9200
00de
9200
90de
9200
19de
9200
19de
9100
99de
2100
19de
2200
19de
9900
11dd
9900
11de
9000
93ed
0000
09dd
0000
0099
0000
0099
0000
009d
0000
0099
9900
00ee
ee00
00ee
ee00
09ee
ee00
09ee
ee00
9eee
ee00
9eee
ee00
9eee
ee00
9dee
ee00
9eee
ee00
9eee
ee00
9dee
ee00
93ee
ee00
92ee
ee00
91ee
ee00
91ee
ee00
91ee
ee00
91ee
ee00
91ee
ee00
91ee
ee00
92ee
ee00
99ee
e900
00ee
e900
00ee
e900
00ee
e900
00ee
e900
00ee
e900
0099
9900
0066
6900
0066
6900
0066
6900
009d
0000
0099
9900
00ee
ee00
00ee
ee00
09ee
ee00
09ee
ee00
9eee
ee00
9eee
ee00
9eee
ee90
9eee
ee90
9eee
ee90
9eee
ee99
9dee
ee19
93ee
ee19
91ee
ee11
91ee
ee11
91ee
ee11
91ee
ee12
91ee
ee29
91ee
ee99
91ee
ee00
92ee
ee00
99ee
e900
09ee
e900
00ee
e900
00ee
e900
00ee
e900
00ee
e900
0099
9900
0066
6900
0066
6900
0066
6900
009d
0000
0099
9900
00ee
ee00
00ee
ee90
09ee
ee99
09ee
ee19
9eee
ee91
9eee
ee91
9eee
ee39
9eee
ee31
9eee
ee11
9eee
ee11
9eee
ee21
9eee
ee99
93ee
ee00
91ee
ee00
91ee
ee00
91ee
ee00
91ee
ee00
91ee
ee00
91ee
ee00
91ee
ee00
93ee
e900
09ee
e900
00ee
e900
00ee
e900
00ee
e900
00ee
e900
0099
9900
0066
6900
0066
6900
0066
6900
009d
0000
0099
9900
00ee
ee00
00ee
ee00
09ee
ee00
09ee
ee00
9eee
ee00
9eee
ee00
9eee
ee00
eeee
ee90
eeee
ee90
9dee
ee99
19ee
ee19
11ee
ee19
11ee
ee11
12ee
ee11
19ee
ee11
19ee
ee11
19ee
ee19
19ee
ee99
19ee
ee00
12ee
ee00
11ee
e900
11ee
e900
91ee
e900
99ee
e900
09ee
e900
00ee
e900
0099
9900
0066
6900
0066
6900
0066
6900
0066
6900
0066
6900
0066
6600
0066
6600
0066
6600
0066
6600
0066
6600
0066
6600
0066
6600
0066
6600
0066
6600
0066
6600
0066
6600
0069
6600
0069
6600
0069
6600
0069
6600
0069
6600
0069
9600
0069
9600
0099
9900
0033
9300
0033
9300
0039
9300
0039
9300
0099
9900
0099
9900
0039
9300
0039
9300
0033
9300
0033
9300
0099
9900
0000
0000
0000
0000
0000
0000
0000
0000
0000
0000
0000
0000
0000
0000
0000
0000
0000
0000
0000
0000
0000
0000
0000
0090
0000
9929
0000
1111
0000
2121
0000
9299
0000
0900
0000
0000
0000
0000
0000
0000
0000
0000
0000
0000
0000
0000
0000
0000
0000
0000
0000
0000
0000
0000
0000
0000
0000
0000
0000
0000
0000
0000
0000
0000
0999
0000
99ee
0000
99ee
9000
99ee
d900
d9ee
ed00
ddde
ee00
edde
ee00
eeee
ed00
edee
ee00
ddee
ee00
99ee
ee00
92ee
ee00
11ea
ee00
11e9
ee00
119d
de00
99a9
9900
9996
6600
6666
6600
6969
6600
6999
6600
6976
9600
6666
9900
6666
9900
9666
3300
0999
3300
0099
3900
0099
9900
0099
9900
0093
9990
0039
0990
0933
9939
0999
3399
0066
6900
0066
6900
0066
6600
0066
6600
0066
6600
0069
6600
0069
6600
0099
6600
0090
6600
0900
6600
0900
6600
0900
6600
0990
6600
0099
6600
0093
6600
0033
6600
0033
6600
0039
6600
0099
9600
0093
9600
0033
9900
0033
9300
0039
9300
0099
9300
0099
9300
0090
9900
0000
9900
0000
9300
0000
9300
0000
9300
0000
9300
0000
9900
0000
0000
0000
0000
0099
0000
00de
0000
09a9
9000
09ad
9000
9ede
e900
9eee
fe00
9eee
ed00
9eee
de00
9eee
ee00
9eee
de00
9eee
dd00
9dee
da00
9dee
9300
9dee
9390
99ee
9990
09ee
9890
09ee
9890
09ee
9890
09ee
8890
00ee
8900
00ee
9900
00ee
9200
00ee
2100
00ee
1100
00ee
1100
00de
1200
00ed
1900
00d9
9000
0096
0000
0066
0000
0000
0000
0000
0000
0099
0000
00de
0000
09a9
9000
9ead
e900
9ede
ee00
9eee
ed00
9eee
de00
9eee
ee00
9eee
ee00
9eee
dd00
9dee
da00
9dee
9990
9dee
9919
9dee
9819
99ee
9819
09ee
9819
09ee
9829
09ee
9890
09ee
8890
00ee
8800
00ee
8800
00ee
9900
00ee
1100
00ee
2100
00ed
1100
00de
1100
00dd
1100
00d9
2200
0096
2900
0066
9900
0000
0000
9999
0000
ddee
0000
99ef
0000
99ee
9000
99ee
e900
99ee
de00
ddee
ee00
eede
ee00
eedd
d300
eedd
9100
eeee
9300
eeee
9900
eeee
8890
eeee
8890
deee
8890
eeee
8890
eeee
8890
eeee
8890
eeee
8890
9eee
8890
9eee
8890
9eee
8890
9eee
8890
09ed
8919
09de
8921
09dd
9112
00dd
9912
00dd
0021
0099
0091
0066
0091
0066
0009
0000
0000
0000
0000
0099
0000
09de
0000
93a9
0000
9199
9000
9121
e900
9211
ee00
1911
ee00
9112
ee00
9919
dd00
9219
ee00
3929
ee00
9913
e300
9d11
3d00
9d21
1100
9931
1100
0993
2100
09d9
3100
09ed
3100
09de
2100
00ed
1100
00ee
1100
00ee
1100
00ee
1100
00ee
3900
00ee
9800
00de
8800
00ed
8800
00d9
8800
0096
8800
0066
8000
0000
0000
0000
0000
0099
0000
00de
0000
09a9
9000
9ead
e900
9ede
ee00
9eee
ed00
9eee
de00
9eee
ee00
9eee
ee00
9eee
dd00
9dee
da00
9dee
9990
9dee
9919
9dee
9819
99ee
9819
09ee
9819
09ee
9829
09ee
9890
09ee
8890
00ee
8800
00ee
9800
00ee
2900
00ee
1100
0099
1100
0021
1100
0091
1200
0092
2200
0099
2900
0096
9000
0066
0000
0000
0000
0000
0000
0099
0000
00de
0000
09a9
0000
09ad
9000
9ede
e900
9eee
e900
9eee
ee00
9eee
ee00
9eee
ed00
9eee
ee00
9eee
ed00
9dee
dd00
9dee
3900
9dee
2900
99ee
2900
09ee
2900
09ee
2900
09ee
2900
09ee
2900
00ee
2900
09ed
2900
9999
9900
1122
9800
1111
9800
2222
9800
2233
8800
9999
8800
00d9
8800
0096
8000
0066
8000
0000
0000
0000
0000
0000
0000
0000
0000
9999
0000
eeee
9000
e9ee
e900
99ee
ee00
d9ee
ee00
d9ee
ee00
edea
e900
eeee
e900
eeee
9200
edee
2290
deee
9239
aded
0939
dede
0019
dded
0013
addd
0012
ddda
0011
adaa
0011
daaa
0011
ada9
0011
aa90
0011
aa90
0011
aa09
0012
9a90
9012
9a09
0912
9a90
9012
9900
0909
9900
0012
9000
0099
0000
0000
0000
0000
0000
0000
0099
0000
00a9
0000
099c
9000
09cc
2900
94cc
1200
94bc
1100
94cc
1100
94c4
1100
94c4
1100
94c4
1100
94c4
2200
9444
9900
9444
9990
9a44
9890
0949
9890
0944
9890
0044
9890
0044
8890
0044
8900
0044
9900
0044
9200
0044
2100
0044
1100
0044
1100
0099
1200
00e9
1900
00d9
9000
0096
0000
0066
0000
0000
0000
0000
0000
0000
0000
0099
0000
00a9
0000
099c
9900
09cc
1200
94cb
1100
94bc
1100
94cc
1100
94cc
1100
94c4
2100
94c4
2a00
94c4
9990
94c4
9819
94c4
9819
9a44
9819
0944
9819
0949
9829
0044
9890
0044
8890
0044
8800
0044
8800
0044
9900
0044
1100
0044
2100
0044
1100
0099
1100
00e9
1100
00d9
2200
0096
2900
0066
9900
0000
0000
0000
0000
0000
0000
0000
0000
0000
0000
0000
0000
0000
0000
0000
0000
0000
0000
0000
0000
0000
0000
0000
0000
0000
0000
0000
0000
0000
0000
0000
0000
0000
0000
0000
0000
0000
0000
0000
0000
0000
0000
0000
0000
0000
0000
0000
0000
0000
0000
0000
0000
0000
0000
0000
0000
0099
0000
009b
0000
0999
9900
0999
4400
949b
9900
94cc
2300
94cb
1100
94bc
1100
94cc
1100
94cc
1100
09cc
1100
09ac
1100
00ca
1100
00ac
1100
004a
1100
00a4
1300
99aa
1300
969a
2300
6669
2300
6699
3900
6693
3900
6692
9600
9632
6900
9931
9600
0011
9900
0011
3900
0011
3300
0012
3300
0013
3900
9929
9900
9299
9900
2299
9900
1193
0990
1299
9990
1293
3339
2199
9999
949b
4400
94bc
4a00
94cc
9900
94bc
2100
94cc
2100
9acc
1100
09cc
1100
09bc
2100
00cb
2100
00bc
2200
00ab
9200
004a
9900
00a4
9900
009a
9900
0099
9900
0069
4900
0066
9900
0996
9900
0999
9900
9699
9900
9699
9300
9999
9300
9699
9300
0999
3300
0099
3100
0099
1100
0099
1100
0099
1100
0033
1100
0039
1200
0039
3900
0099
9900
0000
0000
0099
0000
9944
0000
9949
0000
9993
9000
9992
2900
9992
1100
bc49
1100
cb49
1100
cc49
1100
cc49
3100
cc44
3300
cc44
9900
4c44
8890
4c49
8890
4b94
8890
a494
8890
4444
8890
9444
8890
9444
8890
9444
8890
9a44
8890
9a44
8890
0944
8890
0944
8919
0044
8921
0049
9112
0099
9912
0099
0021
0096
0091
0066
0091
0066
0009
0000
0000
0000
0000
0000
0000
0999
0000
93a9
0000
9199
9000
9121
2900
9211
2900
1911
2900
9112
1200
9919
1200
9219
1200
3929
1100
9913
1100
9411
1100
9421
1100
9a31
1100
0993
2100
0949
3100
0044
3100
004a
2100
0044
1100
0044
1100
0044
1100
0044
1100
0044
3900
0044
9800
0099
8800
00e9
8800
00d9
8800
0096
8800
0066
8000
0000
0000
0000
0000
0000
0000
0099
0000
00a9
0000
099c
9900
09cc
1200
94cb
1100
94bc
1100
94cc
1100
94cc
1100
94c4
2100
94c4
2a00
94c4
9990
94c4
9819
94c4
9819
9a44
9819
0944
9819
0949
9829
0044
9890
0044
8890
0044
8800
0044
9800
0044
2900
0044
1100
0099
1100
0021
1100
0091
1200
0092
2300
0099
3900
0096
9000
0066
0000
0000
0000
0000
0000
0000
0000
0099
0000
00a9
0000
099c
9000
09cc
2900
94cc
1900
94bc
1900
94cc
1900
94c4
1900
94c4
1900
94c4
1900
94c4
2900
9444
2900
9444
2900
9a44
2900
0949
2900
0944
2900
0944
2900
0044
2900
004a
2900
09a4
2900
9999
9900
1122
9800
1111
9800
2222
9800
2233
8800
9999
8800
00d9
8800
0096
8800
0066
8000
0000
0000
0000
0000
0099
9900
00c9
c400
09c9
4400
09c9
4400
91cc
4400
91cc
4400
914c
4400
914c
4400
314c
4400
3144
4490
3144
4490
3194
4490
3129
9990
3192
1190
9193
1190
9133
9290
9111
9990
9111
1190
9112
1190
9399
3300
09aa
9900
00a4
a900
0044
a900
0044
4900
0044
4900
0044
a900
0099
9900
0099
9900
0099
9900
0066
6900
0000
0000
0000
0000
0000
0000
0000
0000
9999
0000
4ccc
0000
c9cc
0000
c9c4
9000
b9c4
1900
b9c4
1100
bb44
1100
cb44
1100
bc44
1100
cb4a
2290
4c44
9239
bb4a
0939
cca4
0019
c444
0013
4444
0012
444a
0011
44aa
0011
44aa
0011
44a9
0011
4490
0011
a490
0011
a409
0012
9a90
9012
9a09
0912
9a90
9012
9900
0909
9900
0012
9000
0099
0099
0000
00ac
0000
00cc
0000
0099
9900
0044
4900
0044
4400
0044
4400
0044
4400
0044
4400
00a4
4400
0044
4400
0044
4400
00a4
4900
00a4
4900
00a4
4900
00a4
4900
00a4
a900
00a4
9900
00a4
9200
00a4
9200
90a4
9200
19a4
9200
19a4
9100
99a4
2100
19a4
2200
19a4
9900
11aa
9900
11a4
9000
934a
0000
09aa
0000
0099
0000
0099
0000
009c
0000
0099
9900
0044
4400
0044
4400
0944
4400
0944
4400
9244
4400
9244
4400
9144
4400
9144
4400
9144
4400
9144
4400
9144
4400
9144
4400
9144
4400
9144
4400
9144
4400
9144
4400
9144
4400
9144
4400
9144
4400
9244
4400
9944
4900
0044
4900
0044
4900
0044
4900
0044
4900
0044
4900
0099
9900
0066
6900
0066
6900
0066
6900
009c
0000
0099
9900
0044
4400
0044
4400
0944
4400
0944
4400
9144
4400
9144
4400
9144
4490
9144
4490
9144
4490
9144
4499
9144
4419
9144
4419
9144
4411
9144
4411
9144
4411
9144
4412
9144
4429
9144
4499
9144
4400
9244
4400
9944
4900
0944
4900
0044
4900
0044
4900
0044
4900
0044
4900
0099
9900
0066
6900
0066
6900
0066
6900
009c
0000
0099
9900
0044
4400
0044
4490
0944
4499
0944
4419
9144
4491
9144
4491
9144
4419
9144
4411
9144
4411
9144
4411
9144
4421
9144
4499
9144
4400
9144
4400
9144
4400
9144
4400
9144
4400
9144
4400
9144
4400
9144
4400
9344
4900
0944
4900
0044
4900
0044
4900
0044
4900
0044
4900
0099
9900
0066
6900
0066
6900
0066
6900
009c
0000
0099
9900
0044
4400
0044
4400
0944
4400
0944
4400
9144
4400
9144
4400
9144
4400
1144
4490
1144
4490
1144
4499
1144
4419
1244
4419
1244
4411
1244
4411
1944
4411
1944
4411
1944
4419
1944
4499
1944
4400
1244
4400
1144
4900
1144
4900
9144
4900
9944
4900
0944
4900
0044
4900
0099
9900
0066
6900
0066
6900
0066
6900
0999
0000
9944
0000
9944
9000
9944
4900
c9aa
4400
bcb1
4400
4cb1
4400
4411
4400
4411
4400
b411
4400
9911
4400
9219
4400
119a
4400
11a4
4400
114a
4400
99a4
9900
9996
6600
6666
6600
6969
6600
6999
6600
6976
9600
6666
9900
6666
9900
9666
3300
0999
3300
0099
3900
0099
9900
0099
9900
0093
9990
0039
0990
0933
9939
0999
3399
0000
0000
0000
0000
0099
0000
0022
0000
0032
0000
0923
b900
0932
cc00
9921
ca00
9c14
cc00
9c11
ac00
9c11
1b00
9c11
1100
9c1b
2100
9c1b
9990
9c13
9919
9c3c
9919
9b3c
b919
09cc
b919
0ccc
b929
0ccc
9890
0cac
c990
bc1a
9890
cb11
9800
b9a1
9900
90ca
11c0
00cc
21c0
00cc
1190
00bc
1100
00cc
1100
00cb
4400
00cb
3900
00b9
9900
0000
0000
0000
0000
0000
0000
0000
0000
0099
0000
9922
0000
9c11
0000
c921
0000
9312
9000
934b
2900
924b
4200
914b
1400
91b4
1300
91bc
1100
92cc
1100
91c4
1100
93c4
9100
b344
9900
c944
0000
c94c
0000
c94c
0000
bbcc
0000
cbcc
0900
bccc
0900
94ac
9900
9b1c
2100
cc9c
11a0
cccc
120a
99c9
14a0
9990
2900
990a
4900
99a0
9a00
8888
8888
8888
8888
8888
8888
8888
8888
8888
8888
8888
8888
8888
8888
8888
8888
8888
8888
8888
8888
8888
8888
8888
8888
8888
8888
8888
8888
8888
8888
8888
8888
8888
8888
8888
8888
8888
8888
8888
8888
8888
8888
8888
8888
8888
8888
8888
8888
8888
8888
8888
8888
8888
8888
8888
8888
8888
8888
8888
8888
8888
8888
8888
8888
0000
0000
0000
0000
0000
0000
0000
0000
0000
0000
0000
0000
0000
0000
0000
0000
0000
0000
0000
0000
0000
0000
0000
0000
0009
0000
0099
0000
0099
0000
009d
0000
0099
0000
0099
0000
0009
0000
0000
0000
0000
0000
0000
0000
0000
0000
0000
0000
0000
0000
0000
0000
0000
0000
0000
0000
0000
0000
0000
0000
0000
0000
0000
0000
0000
0000
0000
0000
0000
0000
0000
0000
0000
0000
0000
0000
0000
0000
0000
0000
0000
0000
0000
0000
0000
0000
00e0
0000
00ae
0e00
00aa
ee00
00e4
4e00
00e4
ee00
00e4
e000
0044
0000
0044
0000
00a4
0000
00a4
e000
0004
ae00
000a
ae00
000a
e000
000e
ee00
00ee
0000
00ee
0000
0000
0000
0000
0000
0000
0000
0000
0000
0000
0000
3333
3333
3333
3333
3333
3333
3333
3333
3333
3333
3333
3333
3333
3333
3333
3333
3333
3333
3333
3333
3333
3333
3333
3333
3333
3333
3333
3333
3333
3333
3333
3333
3333
3333
3333
3333
3333
3333
3333
3333
3333
3333
3333
3333
3333
3333
3333
3333
3333
3333
3333
3333
3333
3333
3333
3333
3333
3333
3333
3333
3333
3333
3333
3333
0000
0000
0099
0000
00bb
0000
09aa
0000
99aa
9000
99aa
b900
9b9a
ab00
cc99
aa00
bbcc
aa00
bbbb
aa00
99bb
aa00
969b
aa00
6999
aa99
9699
aab9
6769
aacb
6696
9abb
9769
c9bb
c99c
bbbb
bccb
bbb9
bbbb
9b99
abba
c990
9bb9
bb90
9bb9
9990
9999
9900
b999
aa00
9999
a900
b999
9900
6996
9b00
b996
cb00
9999
b900
9aa9
9900
0099
0000
0099
9900
0067
6600
0077
7700
0077
6790
0076
77b9
0066
67c9
0066
66b9
0966
66b9
9666
66bc
9667
66bb
6666
669b
6666
679b
6666
669b
6666
769b
6666
669b
6666
669b
9669
669b
c99c
669b
bccb
66bb
bbbb
96bb
abba
c9ba
9bb9
bb99
9bb9
9990
9999
aa90
b999
9900
9999
9900
b999
9900
9996
9b00
b996
cb00
9999
b900
9aa9
9900
0099
0000
0099
9900
0067
6600
9076
7700
7766
6790
6766
66b9
6366
66c9
6677
66b9
6966
6699
9966
6676
9963
6676
9676
7736
6964
7769
9666
7999
6966
969b
6666
669b
6666
979b
9669
669b
c99c
669b
bccb
66bb
bbbb
96bb
abba
c9ba
9bb9
bb99
9bb9
9990
9999
aa90
b999
9900
9999
9900
b999
9900
9996
9b00
b996
cb00
9999
b900
9aa9
9900
0099
0000
0000
0000
0009
0000
0099
0000
009b
c900
0099
bb00
00ba
b900
00aa
bb00
00aa
bb00
00aa
9b90
00aa
9bb9
09aa
9bbb
9baa
bbbb
9ba9
cb9b
ba9b
bb9b
aabb
b9a9
aacb
99a9
aabb
9aa9
aab9
9a9a
aa99
a9a9
aa99
b99a
aa96
b9a9
a967
bb9a
a976
bb99
a967
bb99
a966
bb99
9a66
bb99
9996
bb99
9999
b999
99cb
9990
09bb
9900
00bb
9900
0099
9900
0099
0000
0967
0000
9676
0000
6677
9000
6766
9990
7667
6990
7676
7690
6767
6790
7667
6699
7666
66b9
6666
66b9
6667
66bb
6666
66bb
6666
669b
6666
669b
6666
669c
6676
66bb
6666
66cb
6666
66bb
6667
66b9
6666
6699
9667
669a
a966
6969
9c66
9b69
cb96
9bb9
bb69
cb9a
ba96
bb96
9999
b969
99cb
9969
99bc
9690
00bb
6a00
0099
9900
0099
0000
0967
0900
9676
9900
6677
6700
6766
7790
7667
6790
7666
7790
6666
6390
7666
3799
7636
37b9
6664
67b9
6663
76bb
6646
66bb
6666
769b
9666
669b
6966
669c
6963
69bb
6937
66cb
9676
66bb
9776
66b9
9666
6699
9669
669a
9696
6969
9669
9b69
9696
9bb9
9969
cb9a
9996
bb96
9999
b969
99cb
9969
99bc
9690
00bb
6a00
0099
9900
0000
0000
0000
0000
0000
0000
0000
0000
0000
0000
0000
0000
0000
0000
0000
0000
0000
0000
0000
0000
0000
0000
0000
0000
0000
0000
0000
0009
0000
6099
0000
9966
0000
7966
0000
7766
0000
666c
0000
66c9
0000
6699
0000
6666
0000
6666
0000
6666
0099
6666
0066
7766
0076
6669
0067
6669
0077
669b
0077
669b
0066
66bb
0066
66bb
0000
0000
0000
0000
0000
0000
0000
0000
0000
0000
0000
0000
0000
0000
0000
0000
0000
0000
0000
0000
0000
0000
0000
0000
0000
0000
0900
0000
9900
0000
9600
0000
9600
0000
9690
0000
6699
0000
66c9
0000
66ac
0000
669c
0000
999b
0000
999b
0000
99ca
9900
bca9
6900
9b99
7900
9999
6900
6999
9900
99b9
9000
9996
0000
9966
0000
006c
6699
00cc
7699
00c9
6666
99c6
7666
66c6
6667
66fc
6767
bfcc
6676
cc9c
c666
b999
c696
9999
9669
999b
6966
9966
6677
9ccf
6967
ccfc
9966
ccc9
9666
cc99
6a66
6f69
9666
cc99
6669
f999
6669
cc99
6696
6c99
9696
6996
9696
999c
6966
99cc
a699
99c9
6a33
9969
a639
9699
6a99
0990
6966
0090
9966
0000
4466
0000
9999
0099
9909
6999
0000
6669
0000
6677
0000
7667
0000
7666
0000
6766
0000
6766
0000
6666
9000
6766
7900
6666
6700
6696
6600
6696
6600
6999
7700
9999
7600
9999
6600
6976
9900
6669
9000
7666
6900
7667
6600
7677
7700
7669
6600
7669
9600
7666
0900
6699
6900
9666
6600
9966
6600
6669
6900
9990
9900
9999
9000
0990
0000
9000
0000
9900
0000
0000
0099
0000
0066
0000
0066
0000
96c6
0000
6cc6
0000
6c96
0000
c69c
0000
bc6c
0000
9c6c
0000
bcc6
0000
9c66
0000
6fc9
0000
cc99
0000
cc9c
0000
9c6c
0096
cf6c
0066
ccc9
0066
fc99
0069
c796
0066
c969
0099
6999
0096
9999
0099
6999
0999
9999
6699
9649
6777
9649
6766
7639
0699
7799
9960
9999
9999
9909
0990
94a0
000a
990a
0000
0000
0000
0000
0000
0000
9900
0000
9600
0000
7700
0000
6600
0000
6900
0000
9600
0000
9690
0000
9690
0000
6696
0000
9999
0000
9976
0000
6967
0000
6669
0000
9966
0000
9666
0000
9666
9900
9677
6900
6666
7900
6666
6700
6667
6700
6667
6600
6667
6600
7767
6900
6679
6900
9979
9900
9999
a000
9990
0a00
a90a
0000
00a0
0000
0000
0000
0000
0000
0000
0000
0000
0000
0000
0000
0000
0000
0000
0000
0000
0000
0000
0000
0000
0000
0000
9900
0000
6690
0000
6769
0000
6667
0000
9966
0000
9996
0000
cb69
0000
bc66
0009
cb66
0099
bc77
0067
c976
0076
9966
0079
9966
0099
9699
0033
6699
0033
9696
0099
9699
0099
9946
0999
9939
099a
b999
00a0
999a
000a
9999
0000
0000
0000
0000
0000
0000
0000
0000
0000
0000
0000
0000
0000
0000
0000
0000
0900
0000
9000
0000
7700
0000
6600
0000
aa90
0000
6a99
0000
a666
0000
6977
0000
6667
0000
9966
0000
6666
0000
6766
0000
6666
0000
9666
0000
9999
9000
9999
9000
9999
9000
999a
9000
aa9a
9000
aaaa
9000
99a9
9000
999a
0000
9999
0000
0000
0000
0099
0000
0066
0000
0966
0900
9969
9600
9999
7600
6cc9
6699
ccc9
6699
c99c
6766
9999
6666
9999
6699
9999
6699
cc99
9699
c99c
6666
c9cc
6967
cccc
9666
cccc
9666
cc9c
6696
9f99
6696
9f99
9699
9c99
6693
9b99
6677
9b99
9693
0999
6693
09cc
6696
09cc
6769
99c9
6666
c999
9966
cc99
9996
9c99
6909
0999
9900
0069
9900
0000
0000
0000
0000
0000
0000
9a70
6600
9990
6600
7796
0900
4977
6000
9966
9000
4666
0600
6696
6700
6999
7600
9999
6000
99c9
6600
69bb
6600
bb66
6607
cc77
9977
bb66
9966
9966
9966
9966
7769
0076
6600
9477
6600
4477
9990
4976
66c9
4466
c6b9
3366
b699
9366
97a9
6966
96a9
7666
c669
676a
6666
6767
9676
6696
aa96
6a99
9900
9b49
9900
9649
9699
9644
9979
9999
6697
9969
9669
9966
6999
9966
6696
c996
9699
c999
6699
c999
6966
c999
6696
cc66
9999
0099
6966
0099
9696
0999
6699
9909
9699
0909
6996
0009
6969
0009
9969
0009
9966
0009
9c99
0000
9699
0000
9966
0000
9966
0000
9996
0000
0099
0000
0099
0000
0009
0000
0000
0000
0000
0000
0000
0000
0000
0000
0000
0000
0000
0000
0000
0000
0000
0004
0000
0004
0000
0000
0000
0000
0000
9900
0000
4409
0000
4494
6600
3443
0600
9999
0600
0069
6900
9099
9069
6606
0069
9966
9600
9669
6000
6666
0900
6666
6900
6996
6609
6666
6600
6966
6900
6966
7790
6669
9990
9966
6690
c9b9
7909
6699
0900
999c
0990
9999
9000
0099
9000
0000
0000
0000
0000
0000
0000
9000
9000
6900
9000
7600
9900
7690
9900
7699
9990
7669
6990
7796
6900
6769
6600
6699
6600
67ed
7600
67dd
6600
6799
7600
6649
7699
6649
6776
6949
6667
6699
9667
6699
6696
7669
6699
6696
6799
6696
6699
6666
969a
a667
6999
9666
9969
6796
6969
6779
769a
6776
6796
6679
6669
6699
6669
969c
9690
099b
9900
0099
9900
0009
0000
0967
0000
0067
0900
9966
9090
7796
9700
6609
9709
6690
9900
6600
9690
6600
9790
6690
7790
9990
7600
9990
7600
9049
7600
9940
6699
6694
6696
7794
6677
7709
9676
6690
9999
9909
0990
0099
9000
0994
0990
9944
9979
7749
0977
7790
4967
6669
4966
6676
4966
6669
4966
9999
9066
9077
9066
0066
0069
0966
0090
0009
0000
0000
0000
0000
0000
0000
0000
0000
0000
0000
0000
0000
0000
0000
0000
0000
0000
0000
0000
0000
0000
0000
0000
0000
0000
0000
0000
9996
9000
7799
7900
6669
7700
9676
6709
c966
669b
b969
69b6
b999
9699
999a
6966
96b9
6666
97b9
7696
6796
7666
7796
7769
7667
6769
7667
6666
6666
6677
6996
6699
6999
6699
9aa9
9699
9099
9900
0000
0000
0000
0000
0000
0000
0000
0000
0000
0000
0000
0000
0000
0000
00c0
0000
0007
0000
0000
0000
0000
0000
0000
0000
0000
0000
0000
0700
0000
0000
0090
c000
0069
0000
0077
9000
0067
7999
0067
7799
0966
9799
9966
6999
0966
9990
ba96
9690
ab99
6699
aa99
99a9
aa99
9baa
a9a9
baaa
77b9
99a9
76a9
9090
66a9
0999
9990
0090
0000
0000
0000
0000
0000
0000
0000
0000
7000
0000
0700
0000
0000
0000
0000
0000
0000
0000
0000
0000
0007
0000
0000
0000
0000
0000
0070
0000
0077
0000
000c
0000
0007
7000
0077
7000
0070
0000
0900
c000
9700
0000
6700
0900
6796
0909
6699
999a
9677
9aba
6666
96aa
6696
99a9
a699
a999
96b9
aa69
9999
ba76
999a
a966
9000
9099
0000
0000
0000
0000
0000
0000
c000
0000
7c00
0000
7700
0000
0000
0000
0000
0000
c000
0000
7c00
0000
7000
0000
07cc
0000
0007
0000
0000
0000
0000
0000
0000
7000
0070
0000
00c7
0700
0007
0000
0000
0000
0000
c000
0000
0700
0007
0700
007c
7000
00c0
0000
0000
0000
0000
0000
0009
cc00
9999
9999
9999
9999
0999
9900
0099
0009
0000
0000
0000
0000
0000
0000
0000
0000
0000
0000
0000
0000
7000
0000
7000
0000
c700
0000
0700
0000
0700
0000
0000
0000
0000
0000
0000
0000
0000
0000
0700
0000
7c00
0000
700c
0000
7000
0000
7000
0000
7000
0000
7000
cc00
7777
0c00
0707
0000
0700
0000
0000
0000
0000
0000
0009
0000
9999
9999
9999
9999
0999
9900
0099
0009
0000
0000
0000
0000
0c00
0000
0000
0000
0000
0000
0000
0000
0000
0000
0c00
0000
0000
0000
0000
0000
0000
0000
c000
0000
0000
0000
0c00
0000
0000
0000
0000
0000
0000
0000
0000
0000
0000
0000
0000
0000
000c
0000
0000
0000
0000
0000
0000
0000
0000
0000
0000
0000
0000
0000
0009
0000
9999
9909
9999
9990
0999
9900
0099
0009
0000
0000
0000
0000
0000
0000
0000
0000
0000
0000
0000
0000
0000
0000
0000
0000
0000
0000
0000
0000
0000
0000
0000
0000
0000
0000
0000
0000
0000
0000
0000
0000
0000
0000
0000
0000
0000
0000
0000
0000
0000
0000
0000
0000
0000
0000
0000
0000
0000
0000
0000
0000
0000
0000
0000
0000
0000
0000
0099
0000
0000
9900
0000
0000
0000
0000
0000
9000
00aa
9000
0977
6900
0997
6900
0999
9990
097a
6990
0077
6700
0077
aa00
0067
6600
0067
7600
0067
6600
9967
7700
9677
7699
66aa
6776
67a7
a667
6737
7a67
6667
6696
6677
6609
997a
6709
0076
6600
00a6
a690
00a9
a999
0099
9a69
0069
6969
0009
769a
0009
7790
0000
7600
0000
6700
0000
9600
0000
9900
0000
0000
0000
0090
0000
9077
9000
9977
6900
7906
7600
7966
6700
9099
6709
0099
6696
0000
9697
0000
9996
0000
0090
0000
0009
0006
0000
0000
0000
0000
9000
0900
9979
0900
6969
0900
6966
0000
9009
0000
0099
0000
0000
0000
0000
0960
0900
9609
9900
9799
7700
9969
7600
0966
6600
0077
6609
0067
6609
0067
6909
0099
9900
0099
0000
0009
0000
0000
0090
0000
0090
9000
0060
0090
0090
0000
0090
0000
0909
0000
0000
0000
0000
0000
0000
0000
0000
0000
0000
0009
0000
0097
0000
0076
0000
0076
0000
0066
0900
0096
0000
0000
0900
0000
9700
0000
9700
0000
7690
0000
9600
0000
0900
0000
0000
0000
0000
0000
0000
0000
0000
0009
9000
0000
0000
0000
0000
0000
0000
0000
0000
0000
0000
0000
0000
0000
0000
0000
0000
0000
0000
0000
0000
0000
0000
0000
0000
0000
0000
0000
0099
0000
006e
0000
00dd
0000
0097
0000
9997
0000
9499
0090
43a9
00a9
99a9
90b9
00a9
90bb
9999
e9aa
9396
d9bb
4397
ddbc
4977
d9ac
9977
69a9
9966
ab90
9999
ab00
9997
ab00
0909
bc00
0900
c900
0900
9a00
0000
0000
0000
0000
0000
0000
0000
0000
0000
0000
0000
0000
0000
0000
0000
0000
0000
0000
0000
0000
0000
0000
0000
0000
0000
0000
9900
0009
3499
0099
93ed
0049
09dd
0039
006d
0090
0097
0090
0099
9090
00a9
9099
00a9
e9a9
00a9
d9b9
0099
ddb9
9996
7dc9
4397
7690
9967
7a90
0077
7a90
0066
7a90
0099
6a90
0099
ac00
0000
9900
0000
0000
0090
0000
9900
0000
0900
0000
0000
0000
0000
0000
0099
9000
0049
d900
0944
dd00
9499
6e00
4949
6d00
9039
6700
0043
6700
0094
6700
0943
6700
9433
6700
9993
7700
0099
7600
0009
7a00
0000
a700
0000
6700
0000
7600
0000
6900
0000
9b00
0000
bb00
0000
9c00
0000
9a00
0000
cb00
0099
bb00
0094
9b00
0099
ab00
0009
aa00
0000
9900
0000
0000
0000
0000
0000
0000
0099
9000
0049
d900
0044
dd00
0099
6e00
0049
6d00
0039
6700
0943
6700
0994
6700
0943
6700
0033
6700
0049
7700
0099
7600
0990
7a00
0900
a700
0900
6700
0900
7600
0000
6900
0009
9b00
0009
bb00
009b
ab00
0099
ba00
0009
bb00
0009
a900
0000
9000
0099
0000
0044
0000
0099
0000
0000
0000
0000
0000
0000
0000
0099
9000
0044
4900
0033
9400
0099
9400
0000
9400
0000
4400
0009
4900
0094
9900
0094
9400
0064
6e00
0094
6d00
0094
6700
0099
6700
0099
6700
0099
6700
0093
6700
0063
7700
0093
7600
0099
7a00
0009
a700
0094
6700
0049
7600
0090
6900
0000
9b00
0000
bb00
0000
bb00
0000
a990
0009
a990
0009
9b00
0009
bb00
0009
bb00
0000
9900
0000
0000
0000
0000
0000
0000
0000
0000
0000
0000
0000
0000
0000
0000
0000
0000
0000
0000
0000
0000
0000
7000
0000
7000
0000
6060
0070
0000
0066
7700
0077
7700
0077
6600
0077
6000
06ee
0000
0677
0000
0066
0000
0066
0000
0000
0000
0000
0000
0000
0000
0000
0000
0000
0000
0000
0000
0000
0000
0000
0000
0000
0000
0000
0000
0000
0000
0000
0000
0000
0000
0000
0000
0000
0000
0000
0000
0000
0000
0000
0000
0000
0000
0000
0600
0000
6000
0000
0760
0077
7700
0067
6600
0076
7700
0077
6600
0077
6000
0677
0000
06e7
0000
0677
0000
0066
0000
0066
0000
0000
0000
0000
0000
0000
0000
0000
0000
0000
0000
0000
0000
0000
0000
0000
0000
0000
0000
0000
0000
0000
0000
0000
0000
0000
0000
0006
0000
0006
0000
0006
0000
0066
7700
0066
7d00
0066
e700
0077
7600
00aa
7600
000a
6600
0066
0000
0066
7760
0067
7700
0077
e600
0077
7d00
00aa
6760
0000
a600
0006
0a00
0006
0000
0066
0000
0006
0000
000a
0000
0006
0000
0000
0000
0000
0000
0000
0000
0000
0000
0000
0000
0000
0000
0000
0000
0000
0000
0000
0000
0006
0000
0006
0000
0066
0000
0066
0000
0066
0000
0067
0000
0077
0000
0077
0000
007a
0000
00a6
0000
0066
0000
0067
0000
0077
0000
007e
0000
0077
0000
0076
0000
0066
0000
006a
0000
00a6
0000
0066
0000
0066
0000
0066
0000
0067
0000
0066
0000
0006
0000
006a
0000
006a
0000
00a0
0000
0000
0000
0000
0000
0000
0000
0000
00c0
0006
000b
0006
00b0
0066
00b0
0066
0000
0006
0000
0066
0000
0067
0000
0067
0000
0067
0000
0077
0000
0076
0000
0077
0c00
0067
c000
00a6
0b00
0076
bb00
0066
0000
0067
0000
006e
0000
0067
0c00
006e
cb00
0066
b000
00a6
0000
007a
0000
0076
0000
0066
0000
0077
0000
0066
0000
0066
0000
0000
0000
0000
0000
0000
0000
0000
0000
0000
0000
0000
0000
0000
0000
0000
0000
0000
0000
0000
0000
0000
0000
0000
0000
0006
0000
0006
0000
0000
0000
0067
0000
0077
0000
006a
0000
0006
cc00
0066
0000
0067
6000
0076
6000
0077
6000
0067
6600
00a7
cc00
006a
6600
0006
6000
0006
6000
0006
0000
000a
0000
0060
0000
0000
0000
0000
0000
0000
0000
0000
0000
0000
0000
0000
0000
0000
0000
0000
0000
0000
0000
0000
0000
0000
0000
0000
0000
0000
0c00
0000
0c00
0000
c000
0000
c000
0000
c000
0000
0000
0000
0000
000a
0000
0000
c000
0000
c000
0000
c000
0006
0000
000a
0000
0000
0000
0000
0000
0006
0000
000a
0000
0000
0000
0000
0000
0000
0000
0000
0000
0000
0000
0000
0000
0000
0000
0000
0000
0000
0000
0000
0000
0000
0000
0000
0000
0000
0000
0000
0000
0000
0000
0000
0000
0000
0000
0000
0000
0000
0000
0000
0000
0000
0000
0000
0000
0000
c000
0000
0000
00aa
0000
0000
0000
0000
0000
000a
0000
000a
0000
000a
0000
0000
0000
0000
0000
0000
0000
0000
0000
0000
0000
0000
0000
0000
0000
0000
0000
0000
0a00
0000
ab00
0a00
cb00
0aa0
bb00
0aa0
bb00
00ba
bb00
00ca
bb00
00ba
bb00
0099
aa00
00de
9a00
007d
a900
0097
da00
0999
6d00
9499
6700
4399
6d00
9939
6700
9093
a700
0039
a600
0934
a600
0949
9600
9449
9900
9449
0900
3939
0000
9090
0000
0090
0000
0000
0000
0000
0000
0000
0000
0000
0000
0000
0000
0000
0000
0000
0000
0000
0000
0000
0000
0000
0000
0000
0000
0000
0000
0a00
aa00
0aa0
bba0
0aba
bca0
00ca
bba0
0099
bba0
00de
bb00
007d
aa00
0097
6a00
0999
6600
9499
6700
4399
6d00
9939
6700
9093
a700
0039
a600
0934
a600
0949
9600
9449
9900
9449
0900
3939
0000
9090
0000
0090
0000
0000
0000
0000
0000
0000
0000
0000
0000
0000
0000
0000
0000
0000
0000
0000
0000
0000
0000
0000
0000
0000
0c00
0000
9c00
0000
6700
00cc
6600
00bc
9900
0c0c
0000
0ccc
0000
0b00
0000
0000
0000
0000
0c00
0000
cb00
0000
c000
0000
6c00
0000
6900
0000
7900
000c
9000
006b
0000
00c6
0000
007c
0c00
0069
c000
0090
6c00
0000
9000
0000
0000
0000
0000
0000
0000
0000
0000
0000
0000
0000
0000
0000
0000
0000
0000
0000
0000
0000
0000
0000
c900
0000
6600
00c0
9600
000c
c900
000c
0000
00c0
0000
0090
0000
0090
0000
0090
0000
0000
0000
0000
9c00
0000
6600
0000
7600
0000
6700
000c
9900
009c
0000
0079
0000
0067
c000
0066
9c00
0099
6600
0000
6900
0000
9000
0000
0000
0000
0000
0000
0000
0000
0000
0000
0000
0000
0000
0000
0000
0000
0000
0000
0000
0000
0000
0000
0000
0000
0000
0000
0000
0000
0000
0000
0000
0909
9900
9e9e
9c00
ee9e
9e00
ec9e
9e00
999e
9e00
009e
9e00
009c
9e00
0999
9e00
9e00
9e00
9e00
9e00
ee99
9e00
ee9e
9e00
ee9e
9c00
9999
9900
0000
0000
0000
0000
0000
0000
0000
0000
0000
0000
0000
0000
0000
0000
0000
0000
0000
0000
0000
0000
0000
0000
0000
0000
0000
0000
0000
0000
0000
0000
0000
0000
0000
0000
0000
0000
0909
0900
9e9c
9c00
9e9e
9e00
9e9e
9e00
9e9e
9e00
9e9e
9e00
9c9e
9e00
999e
9e00
009e
9e00
009e
9e00
999e
9e00
9e9e
9e00
9e9c
9c00
9909
0900
0000
0000
0000
0000
0000
0000
0000
0000
0000
0000
0000
0000
0000
0000
0000
0000
0000
0000
0000
0000
0000
0000
0000
0000
0000
0000
0000
0000
0000
0000
0000
0000
0000
0000
0000
0000
9999
9990
e9c9
c9c9
e9e9
e9e9
e9e9
e9e9
e9e9
e9e9
e9e9
e9e9
e9e9
e9e9
e9e9
e9e9
e9e9
e9e9
e9e9
e9e9
e9e9
e9e9
e9e9
e9e9
e9c9
c9c9
9999
9990
0000
0000
0000
0000
0000
0000
0000
0000
0000
0000
0000
0000
0000
0000
0000
0000
0000
0000
0000
0000
0000
0000
0000
0000
0000
0000
9999
9999
999e
9ee9
99e9
99e9
99e9
99e9
99e9
99e9
eeee
99e9
99e9
99e9
99e9
99e9
99e9
99e9
99e9
99e9
99e9
99e9
9999
9999
9999
9990
ee99
e990
e9e9
e990
e9e9
e990
e9e9
e990
eee9
e990
e9e9
e990
e9e9
e990
e9e9
e990
e9e9
e990
ee99
9e90
9999
9990
0000
0000
0000
0000
0000
0000
0000
0000
0000
0000
0000
0000
0000
0000
0000
0000
0000
0000
0000
0000
0000
0000
0000
0000
0000
0000
0909
9900
9494
9c00
4494
9400
4c94
9400
9994
9400
0094
9400
009c
9400
0999
9400
9400
9400
9400
9400
4499
9400
4494
9400
4494
9c00
9999
9900
0000
0000
0000
0000
0000
0000
0000
0000
0000
0000
0000
0000
0000
0000
0000
0000
0000
0000
0000
0000
0000
0000
0000
0000
0000
0000
0000
0000
0000
0000
0000
0000
0000
0000
0000
0000
0909
0900
949c
9c00
9494
9400
9494
9400
9494
9400
9494
9400
9c94
9400
9994
9400
0094
9400
0094
9400
9994
9400
9494
9400
949c
9c00
9909
0900
0000
0000
0000
0000
0000
0000
0000
0000
0000
0000
0000
0000
0000
0000
0000
0000
0000
0000
0000
0000
0000
0000
0000
0000
0000
0000
0000
0000
0000
0000
0000
0000
0000
0000
0000
0000
9999
9990
49c9
c9c9
4949
4949
4949
4949
4949
4949
4949
4949
4949
4949
4949
4949
4949
4949
4949
4949
4949
4949
4949
4949
49c9
c9c9
9999
9990
0000
0000
0000
0000
0000
0000
0000
0000
0000
0000
0000
0000
0000
0000
0000
0000
0000
0000
0000
0000
0000
0000
0000
0000
0000
0000
9999
9999
9994
9449
9949
9949
9949
9949
9949
9949
4444
9949
9949
9949
9949
9949
9949
9949
9949
9949
9949
9949
9999
9999
9999
9990
4499
4990
4949
4990
4949
4990
4949
4990
4449
4990
4949
4990
4949
4990
4949
4990
4949
4990
4499
9490
9999
9990
0000
0000
0000
0000
0000
0000
0000
0000
0000
0000
0000
0000
0000
0000
0000
0000
0000
0000
0000
0000
0000
0000
0000
0000
0000
0000
0909
9900
9595
9c00
5595
9500
5c95
9500
9995
9500
0095
9500
009c
9500
0999
9500
9500
9500
9500
9500
5599
9500
5595
9500
5595
9c00
9999
9900
0000
0000
0000
0000
0000
0000
0000
0000
0000
0000
0000
0000
0000
0000
0000
0000
0000
0000
0000
0000
0000
0000
0000
0000
0000
0000
0000
0000
0000
0000
0000
0000
0000
0000
0000
0000
0909
0900
959c
9c00
9595
9500
9595
9500
9595
9500
9595
9500
9c95
9500
9995
9500
0095
9500
0095
9500
9995
9500
9595
9500
959c
9c00
9909
0900
0000
0000
0000
0000
0000
0000
0000
0000
0000
0000
0000
0000
0000
0000
0000
0000
0000
0000
0000
0000
0000
0000
0000
0000
0000
0000
0000
0000
0000
0000
0000
0000
0000
0000
0000
0000
9999
9990
59c9
c9c9
5959
5959
5959
5959
5959
5959
5959
5959
5959
5959
5959
5959
5959
5959
5959
5959
5959
5959
5959
5959
59c9
c9c9
9999
9990
0000
0000
0000
0000
0000
0000
0000
0000
0000
0000
0000
0000
0000
0000
0000
0000
0000
0000
0000
0000
0000
0000
0000
0000
0000
0000
9999
9999
9995
9559
9959
9959
9959
9959
9959
9959
5555
9959
9959
9959
9959
9959
9959
9959
9959
9959
9959
9959
9999
9999
9999
9990
5599
5990
5959
5990
5959
5990
5959
5990
5559
5990
5959
5990
5959
5990
5959
5990
5959
5990
5599
9590
9999
9990
0000
0000
0000
0000
0000
0000
0000
0000
0000
0000
0000
0000
0000
0000
0000
0000
0000
0000
0000
0000
0000
0000
0000
0000
0000
0000
0000
0000
0000
0000
0000
0000
0000
0000
0000
0000
0000
0000
0000
0000
0000
0000
0000
0000
0000
0000
0000
0000
0000
0000
0000
0000
0000
0000
0000
0000
0000
0000
0000
0000
0000
0000
0000
0000
0000
0000
0000
0000
0000
0000
0000
0000
0009
9900
0096
6600
0066
6600
0066
6600
0066
6600
0066
6690
0066
bc90
0966
cbb9
9966
96c9
9666
66c9
666b
66bb
66bc
669b
cc99
969b
9a66
c9ab
9976
cbab
a667
9cab
7666
9bab
6666
9bb9
6999
9bc9
9394
9b99
4444
9b90
a444
9a00
aa34
6900
99a9
6900
9666
6900
6699
6600
6666
7600
7669
6600
9966
6900
4369
9900
c999
9900
f943
9900
c9b9
9900
90b9
7900
9099
9700
0099
6690
0099
9699
0099
66b9
0099
99a9
0096
9b90
9096
9b00
c997
9b00
c967
bb00
f976
b900
c979
9900
9979
9000
3469
0000
9390
0000
999a
0000
67a0
0000
660a
0000
9900
0000
0900
0000
0000
0000
0000
0000
0000
0000
0000
0000
0000
0000
0000
0000
0000
0000
0000
0000
0000
0000
0000
0000
0000
0000
0009
9900
009b
6600
00b6
6600
00b6
6600
0066
6600
0066
6600
0066
6b90
0066
bc90
0066
cbc9
0066
b9bc
0966
969b
0966
a69b
9666
669b
666b
66ab
6bbc
9aab
cbcb
c9ac
99a9
bcbb
6696
9bbc
6767
99ba
7666
79c9
6666
66b9
9999
66c9
4499
6699
4d34
6999
4344
6690
9999
6690
9696
6600
969a
7600
6666
6600
6666
6600
6667
6600
7666
6600
6666
6900
6966
9900
9999
9700
9c39
9690
9c9c
9699
9c9c
96b9
9c99
99a9
99c9
9b90
6634
9b00
7749
9b00
6696
bb00
9977
ba00
9966
9900
9999
9000
090a
0000
0000
0000
0000
0000
0000
0000
0000
0000
0000
0000
0000
0000
0000
0000
0000
0000
0000
0000
0000
0000
0000
0000
0000
0000
0000
0000
0000
0000
0000
0000
0000
0000
0000
0000
0000
9900
0009
6600
009b
6600
00b6
6600
00b6
6690
0066
6690
0066
6bc9
0066
bcbc
0066
cb9b
0066
b99b
0066
969b
0066
a6ac
0966
66ab
9966
66ac
966b
9abc
66bc
c9bb
6bcb
bcca
cbb9
9bc9
9996
69b9
7666
6699
6667
7699
6676
6699
9999
6690
3499
6690
4944
9690
9699
6600
6696
6700
666a
7600
6666
6700
6677
6600
6966
6600
9f96
9600
6739
9900
6666
9900
9967
9900
9966
9690
9696
9699
6696
66b9
9669
99a9
9999
9b90
099b
9b00
009b
9b00
0009
bb00
0000
ba00
0000
9900
0000
9000
0000
0000
0000
0000
0000
0000
0000
0000
0000
0000
0000
0000
0000
0000
0000
0000
0000
0000
0000
0000
0000
0000
0000
0000
0000
0000
0000
0000
0000
0000
0000
0000
0000
0000
0000
0000
0000
0000
0000
0000
0000
0000
0000
0000
0000
0000
0000
0000
0000
0000
0000
0000
0000
0000
0000
0000
0000
0009
0000
0096
0000
0067
0000
0066
0000
0096
0000
0079
0000
0067
0000
0096
0000
0067
0000
0066
0000
0966
0000
9666
0000
9666
0000
0966
0000
0066
0000
0066
0000
0966
0000
0966
0000
0966
0000
0969
0000
0099
0000
0090
0099
9000
0066
6900
0966
6600
ab66
6600
b666
6c00
6666
cb90
6666
9990
66cc
6690
bca9
66b9
b9c9
66c9
66bc
66b9
67ab
66c9
669a
66b9
6669
66b9
9966
66b9
7766
6690
6666
6a90
9966
aa00
6669
9900
7669
bb00
679b
b900
669b
9990
769b
9699
6699
66b9
6699
99a9
6699
9b90
6699
9b00
6699
9b00
6699
bb00
6999
ba00
9909
9900
9900
9000
0099
9900
0096
6600
0066
6600
0066
6600
0066
6600
0066
6690
0066
bc90
0966
cbb9
9966
96c9
9666
66c9
666b
66bb
66bc
669b
ccc9
969b
9a96
c9ab
9997
cbab
6676
9cab
7666
9bab
6766
9bb9
6666
9bc9
9999
9b99
6999
9b90
9667
9a00
7696
9900
6679
6900
6667
6900
6666
6600
9966
6600
3396
6600
4399
6900
c939
9900
c949
9900
f9c3
9900
0099
6600
0943
6690
0934
6990
0999
9990
0966
9990
9967
9b90
9679
9990
9699
9990
9633
9900
0999
6900
9666
6900
9669
9900
9693
9900
9999
6600
7966
6990
7977
6990
6799
9990
9799
9b69
9699
9b69
0999
bb69
0977
b990
0066
b990
0099
9900
0099
9900
0099
9000
0099
9000
0094
0000
0033
0000
0099
0000
0079
0000
00d7
0090
0077
9090
0943
6690
0934
6990
0999
9990
0966
9b90
9967
9990
9679
9990
9699
9990
9634
9990
0999
6990
9666
6990
9669
9990
9694
9900
9999
6600
7966
6900
7977
6900
6799
9900
9794
9900
9699
9990
0999
9990
0977
9990
0066
9990
0099
9990
0099
9900
0034
9000
0033
0000
0043
0000
0099
0000
0099
0000
0077
0000
0077
0000
0066
0000
0966
9000
0096
0090
0099
9039
0999
9039
09d7
9039
0976
0090
0067
0090
0966
0090
0997
0000
9696
0000
9999
0000
7999
0000
6977
0000
9c7d
0000
9a77
0000
9c77
0000
ca67
0000
ab99
0000
ab77
0000
ca7d
0000
cc77
0000
ac77
0000
ca77
0000
bb99
0000
bb99
0000
cc77
0000
ca77
9900
bb77
7900
9b77
7700
ca66
7d00
bb66
7700
9b66
6600
9999
9900
0999
9900
0969
9900
09d7
9300
0976
9300
0967
9300
0066
9300
0997
9300
0996
9300
0999
9300
0999
9400
9797
9300
9677
9300
7977
9300
6967
0900
9696
0900
7969
0000
9b97
0000
9967
0000
9a77
0000
9c67
0000
6976
0000
6996
0000
9699
0000
9969
9000
9966
9900
9966
7700
9796
7d99
9796
7667
96b9
6696
99bb
6696
09bb
6696
0099
9999
0090
0000
0090
0000
0090
0000
0090
0000
0090
0000
0090
0000
0090
0000
0090
0000
0090
0000
0090
0000
0090
0000
0090
0000
0090
0000
0099
0000
0044
0000
0034
0000
0093
0000
0093
0000
0093
0000
0093
0000
0093
0000
0093
0000
0093
0000
0093
0000
0093
0000
0099
0000
0099
0000
0090
0000
0090
0000
0090
0000
0090
0000
0090
0000
0000
0000
0000
0000
0099
0000
0099
0000
0096
0000
0096
0000
0096
0000
0096
0000
0096
9000
0096
9900
0096
c900
0096
c900
0096
bc00
0096
bc00
009b
bc00
009c
bc00
009b
bc00
009b
cb00
0099
cb00
0099
ba00
0096
9a00
0096
6600
0097
6700
0096
6690
0099
6690
0094
9990
0094
6690
0099
7690
0096
6600
0099
7600
0096
6600
0096
6600
0096
6690
0096
9990
0096
6790
0099
6690
0099
9990
0096
6900
0096
9600
0099
6900
0099
6600
0099
9900
0099
9900
009a
0000
009b
9000
009a
7900
009a
6900
0099
6700
0043
9600
0034
b900
0034
bb00
0093
9900
0093
b900
0093
b900
0093
9000
0093
0000
0093
0000
0093
0000
0099
0000
0099
0000
0099
0000
0009
0000
0000
0000
0000
0000
6739
9900
6666
9900
9967
9900
9966
9690
9696
9699
6696
66b9
9669
99a9
9999
9b90
099b
9b90
009b
9b79
0099
bb67
0099
ba66
0099
9996
0096
99c9
0096
96bb
0096
769b
0099
69c9
0099
999b
9099
999b
3997
6799
4396
6600
3499
6900
9393
9900
0999
3300
0099
3300
0099
4900
0099
3900
a043
9000
0a34
0000
a033
0000
0a93
0000
0099
0000
c9b9
9900
9ab9
aa00
9a99
9a00
a099
6690
0a99
9699
a099
66b9
0a99
99a9
0096
9b90
9096
9b90
c997
9b79
c967
bb67
f976
ba66
c979
99c9
9979
99bc
3469
969b
939a
76bc
9999
699b
6799
9999
6699
9999
9997
9999
a096
9990
0a99
9690
a034
9790
0a43
9990
a033
9390
0093
9390
0099
3400
0099
4300
0099
3300
0099
9900
0099
9000
0099
0000
0000
0000
0000
0000
0000
0000
0000
0000
0000
0000
0000
0000
0000
0000
0000
0000
0000
0000
0000
0000
0000
0000
0009
9000
009a
3900
009a
4900
009a
3400
009a
9400
009a
b900
009a
ab00
009a
ab00
009b
b900
0099
9900
0099
9000
0099
0000
0093
0000
0093
0000
0094
0000
0094
0000
0093
0000
0099
0000
0090
0000
0000
0000
0000
0000
0000
0000
0000
0000
0000
0090
0000
9939
0000
bb49
0000
aa34
0000
aa34
0000
aa93
0000
aa93
0000
aa99
0000
aa99
0000
ba99
0000
ab90
0000
a990
0000
9a90
0000
9900
0000
4900
0000
3300
0099
9900
0094
0000
0094
0000
0094
0000
0094
0000
0093
0000
0099
0000
0099
0000
0090
0000
0000
0000
0000
0000
0000
0000
0000
0000
0000
0000
0000
0000
0000
0000
0000
0000
0000
0000
9900
0000
3400
0000
9990
0000
0039
0000
0043
0000
0a44
0000
a099
0000
0a99
0000
0099
0000
0099
0000
0099
0000
0099
0000
0093
0000
0093
0000
0093
0000
0093
0000
0094
0000
0099
0000
0090
0000
0000
0000
0000
0000
0000
0000
0000
0000
0000
0000
0000
0000
0000
0000
0000
0000
0000
0000
0009
9900
0094
4600
0063
6600
0036
6600
0046
6600
0066
6690
0033
bc90
0943
cbb9
9936
b6c9
96cc
66c9
66bb
66bb
cc99
969b
bb67
c99b
9a76
c93b
7666
bcab
9999
9bab
9944
9bab
4444
99b9
4ee4
69c9
e44e
6999
4ee4
6990
4444
6900
4444
6900
9944
6900
9699
6600
6799
6600
6676
6600
6697
6900
9969
6900
4366
9900
c999
9900
f943
9900
0009
9900
0094
4600
0063
6600
0036
6600
0046
6600
0066
6690
0033
bc90
0943
cbb9
9936
b6c9
96cc
66c9
66bb
66bb
cc99
969b
bb67
c99b
9a76
c93b
7666
bcab
9999
9bab
9999
9bab
9999
99b9
9999
69c9
9999
6999
9999
6990
9999
6900
9999
6900
9999
6900
9699
6600
6799
6600
6676
6600
6697
6900
9969
6900
4366
9900
c999
9900
f943
9900
0000
0000
0000
0000
0000
0000
0000
0000
0000
0000
0000
0000
0000
0000
0000
0000
0009
0000
009b
0000
00aa
0000
00aa
0000
00aa
9000
00ba
9000
00bb
b900
009b
a900
0069
a900
0066
a900
0066
b900
0099
9000
00aa
0000
00aa
0000
0099
0000
0009
0000
0000
0000
0000
0000
0000
0000
0000
0000
0000
0000
0000
0000
0000
0000
0000
0000
0000
0099
0000
0067
0000
0966
0000
9799
0000
66cb
0000
66ba
0000
6999
0000
9c96
0000
cb69
0099
ba49
00cb
a979
00b9
c9a9
0096
bca9
0066
9999
0066
9999
0999
6999
9976
666b
7666
69bc
6666
69cb
6666
96b9
9999
9699
4494
9996
4444
6999
4d4d
6999
9944
7699
9693
6699
6799
6943
6666
6633
6666
9999
6966
9999
9996
90aa
9499
00ba
0000
0000
0000
0000
9000
0000
9900
0000
bb00
0000
9a00
0000
9900
0000
6990
0000
7999
0000
67b9
0000
96bc
0000
99ab
0000
999a
0000
c999
0000
bb99
0000
9b99
0000
9999
0000
9999
0000
9999
0000
6999
9000
7699
c900
77ba
b900
77cb
bb00
76bb
a900
999b
a900
9b99
a900
bbc9
9000
999b
0000
aa99
0000
6aaa
0000
676a
0000
9699
0000
9cc9
00a9
9cf9
09b9
69c4
99a9
69c9
9b99
6996
9996
6966
bb67
6966
bc66
6969
bb99
6669
cb69
6790
bc99
9690
bb69
9900
cb99
0900
bc99
0000
cb99
0000
9969
0000
bb96
0000
cc69
0000
cc69
0000
cb99
0000
bb99
0000
a977
0000
cc7d
0090
cc77
0043
bb79
0094
bb69
0099
ac99
0000
9933
0000
4334
0000
4444
0000
3333
0099
9939
0093
9999
999b
0000
99bb
0000
7799
0000
6699
0000
6669
0000
3969
0000
9369
0000
7769
0900
6669
9900
9969
d700
4369
7790
9969
6669
7769
7669
6799
6669
6690
6669
9690
6669
9999
9669
9999
9669
9999
9690
9779
7900
777d
6900
7dd7
6900
7676
6900
6667
6900
6666
9900
6666
9000
6666
9000
9666
0000
9966
0000
b996
0000
bc99
0000
9999
0000
0000
0099
0000
0067
0000
0066
0000
0099
0000
09cb
0000
97ba
0000
6699
0000
6696
0000
6969
0000
9c49
0000
cb79
0000
baa9
0000
a9a9
0099
c999
009b
bc99
00b9
9999
0096
696b
0066
66bc
0066
96cb
0066
69b9
0069
6999
0996
9696
9967
9999
9676
7699
6666
6699
9666
6799
9699
7643
9993
6733
0999
7699
0969
6799
9976
76aa
9667
66ba
9000
0000
9900
0000
bb00
0000
9a90
0000
9999
0000
69b9
0000
79bc
0000
67ab
0000
969a
0000
9999
0000
9999
0000
a999
0000
bb99
0000
ab99
9000
9999
c900
9999
b900
9999
bb00
69ba
a900
76cb
a900
77bb
a900
779b
9000
7699
0000
99c9
0000
9b9b
0000
bb99
0000
99aa
0000
aa6a
0000
6a99
0000
679b
0000
96bb
0000
9999
0000
9999
0000
9666
69ba
6666
96cb
6666
69ba
9699
69c9
96fb
99b9
99cc
9b99
09ca
bb99
9699
bb99
9977
bc99
0966
cb99
0096
bb69
0069
bc69
0090
cb99
0000
bc99
0000
b999
0000
cb69
0000
bc66
0000
cc66
0000
cc69
0000
bb99
0000
ba97
0000
cc77
0000
cc77
0000
bb77
0000
9b76
0009
ca69
0094
9993
0043
4493
0049
3334
0090
9343
0000
9933
0000
9999
7769
0000
6669
0000
6669
9000
3969
6900
9369
6900
7769
6900
6669
9900
9969
6900
4399
6600
9996
6600
7796
6600
6796
6600
6699
9900
9699
9900
9999
6900
9979
6900
997d
6900
97d7
6900
9776
9900
7d67
9000
7666
9000
6666
9000
6666
0000
6666
0000
6666
0000
6666
0000
6966
0000
6699
0000
9999
0000
bb99
0000
b990
0000
9900
0000
0000
0000
0000
0000
0000
0000
0000
0000
0000
0000
0000
0000
0000
0000
0000
0000
0000
0000
0000
0000
0000
0099
0000
0076
0000
0066
0000
0079
0000
099b
0000
96cb
0000
6799
0000
7699
0000
6699
0000
6666
0000
6997
0000
9996
0009
bc99
0009
bb99
0009
b999
009c
b99b
009c
999b
00cb
99bb
00c9
99bb
00b9
96bb
0096
99b9
0096
99b9
0000
0000
0000
0000
0000
0000
0000
0000
0000
0000
0000
0000
0000
0000
0000
0000
0000
0000
0000
0000
9900
0000
6600
0000
9990
0000
cb99
0000
9999
0000
99c9
0000
69bb
0000
7aab
0000
699a
0000
9999
0000
9999
0000
9999
0000
9999
0000
c99b
0000
bbbc
0000
99cb
0000
69b9
0000
7699
0000
6999
0000
999b
0000
bc99
0000
bb96
0000
0066
9999
0066
cb99
0099
bc93
9966
9b33
6666
9944
6676
6933
7666
9699
6796
6999
6699
9699
6699
6999
9633
6699
9644
9999
4939
6966
9699
6966
6696
9966
6676
9969
6766
9969
6666
bc99
6666
cb99
9366
9969
4966
cb76
7766
cc66
6699
cc99
9669
bc99
9990
bb99
0000
ba94
0000
cc94
0099
cc44
0044
bc43
0099
9933
0034
4439
0099
9999
b999
0000
9976
0000
7767
0000
9966
0000
4499
0000
446d
9000
9976
9000
7766
9000
9966
9000
4969
9000
4996
9000
9966
0000
7766
0000
7797
0000
6699
9000
99d9
9000
9976
9000
9967
0000
7776
0000
7766
0000
d666
0000
7666
0000
6666
0000
6666
0000
6666
0000
6666
0000
6699
0000
6999
0000
99b9
0000
9999
0000
bc90
0000
9900
0000
0000
9999
0000
cb99
0909
b99c
9699
96cb
9676
66ba
6667
66a9
9966
66c9
9996
96bc
9499
9699
9996
9999
9749
6969
6696
9996
6666
6969
6676
6996
6666
9669
9966
9696
4b66
6696
bf96
6699
9f69
6993
9c96
9993
9b99
9994
9b96
9393
c999
3393
f966
9999
c369
9069
9999
0069
6790
0066
7600
0096
6600
0009
9900
0000
0000
0000
0000
0000
9990
0000
bb99
0000
9abb
0000
999a
0000
6699
0000
4969
0000
7979
9000
a967
9000
a996
9900
9999
b900
9999
bc00
99c9
ab00
69bb
9a00
bb9b
9900
cc99
9900
bb99
9900
9999
9900
9969
9900
9676
9900
9977
9900
9977
9990
9976
bac9
4999
cbb9
339b
bb99
93bb
9ba9
9999
99a9
a9aa
c9a9
ba6a
9b90
9a67
9900
b996
aa00
9a99
9900
9b99
9900
cb99
6699
cc99
7779
ba99
7667
bb99
6966
9b69
9366
0966
9996
0096
9996
0099
7767
00b9
6667
00c9
9976
00cb
6969
00bb
6999
00ac
6999
009b
9696
000a
9667
0000
b976
0000
b967
0000
cb66
0000
bc66
0000
bc99
0000
9bb9
0000
09cb
0000
00cc
0000
00cb
0000
00bb
0000
009b
0000
0009
0000
0000
0000
0000
0000
0000
0000
0000
0000
0000
0000
0000
0000
0000
0000
0000
0000
0000
0000
0000
0000
0000
0000
0000
9000
0000
9909
0000
4494
9000
3443
9900
9999
0000
0000
0000
9000
0000
9900
0000
6990
0000
7699
0000
7999
0000
6997
0000
6997
0000
9697
9900
9997
6600
9996
7700
bb99
7700
bc99
7600
ccb9
7700
bc9c
6600
9bcc
9900
99bb
9900
009b
b900
0099
bb00
0000
9900
0066
9999
0066
cb99
0099
bc93
9966
9b33
6666
9944
6696
6933
7949
9699
6744
6999
6699
9699
6666
9999
9666
3999
9699
4399
6966
4466
9666
3466
6666
9366
6676
9969
6766
9969
6666
bc99
6666
cb49
9966
9944
9966
cb44
6966
cc44
6666
cc94
9666
bc99
9666
bb69
9666
ba66
9669
cc66
0990
cc66
0000
bc66
0000
9966
0000
9b99
0000
9999
0000
0000
0000
0000
0000
0000
0000
0000
0099
0000
0099
9000
0097
6900
0977
7600
0979
6600
0999
7600
0994
6600
0044
6600
0999
6600
9999
6600
9776
6600
7666
6900
7666
9600
9966
9600
0966
9600
0996
9600
0996
6900
09b9
9600
99c9
6600
c9b9
9900
f999
9990
c996
6699
9366
9999
6966
99c9
7669
66b9
7799
99bc
6699
999b
9993
9c9b
9a9a
9900
9a9a
9600
9a9a
9990
9a39
9990
0939
9990
0939
b999
0943
c999
0043
cb79
0033
bc99
0043
9b99
0949
9997
9939
6976
9649
7969
7799
7699
6699
7699
6999
6976
9976
9969
9767
9969
7796
9999
7939
9999
6993
9969
9977
9b99
9997
9b99
9739
9b99
7694
9b9b
6999
9b9b
9977
9c9c
6967
9bb9
9396
bcc9
3499
bbb9
39b9
bc90
49b9
bc00
00bb
9b99
09cc
9b9b
94bc
999c
43b9
49cb
49cb
49bb
909b
49b9
0949
4999
0934
4900
0999
4900
9bb9
3900
9cb9
9900
9c97
9000
9b96
0000
9c67
0000
9c96
0000
9b69
0000
4977
0000
4976
0000
9967
9990
cc69
9779
cc97
79d7
cc76
7776
bc67
7766
cb76
6766
b966
6669
cb66
6996
bc66
9966
cb66
9996
ac66
9a99
9b99
aaba
a9bc
a9cb
9999
9099
99b9
bb00
9999
bb00
9b99
bb00
9b99
9b00
bc99
9900
aa99
b900
bb99
9900
cc99
9900
cc99
9900
cc99
9900
cc99
0000
9c99
0000
9999
0000
cc99
0000
cc99
9900
cc90
0900
9900
0000
9900
0000
9909
0000
9990
0000
9900
0000
9900
9900
0900
9900
9900
9900
9900
0900
9000
9000
9900
9000
0000
9000
0000
9000
9999
9900
9909
9900
9999
9900
0000
0000
0000
0000
0000
0000
0000
0000
0000
0000
0000
0000
0099
0000
0966
0000
9676
0000
6766
9000
6699
6900
9993
6900
9444
9900
9933
9600
7799
6900
7666
9600
6667
6600
6676
6900
6667
6900
6666
9600
6666
9600
6666
6600
9666
9900
9666
9900
9766
9690
7696
6699
6666
6999
6966
99c9
9999
96b9
9999
99bc
0993
999b
0033
9c9b
0000
0000
0000
0000
0000
0000
0000
0000
0000
0000
0000
0000
0099
0000
0096
9000
0067
6900
0976
6600
0966
7600
0999
6600
0096
6600
0969
6600
9966
6900
9776
9600
7666
9900
7666
9600
9969
9600
9966
9600
0966
9600
0966
6900
0966
9600
9996
6900
9f96
9990
6c96
9699
6996
9999
7666
99c9
9766
66b9
9769
69bc
9699
999b
0999
9c9b
0000
0000
0099
0000
0066
9900
0066
6600
0077
6600
0067
6700
0096
7600
0099
6900
0077
9990
0097
7790
0099
9790
0076
9990
0067
7990
0076
6690
0066
7790
0066
6690
0066
6669
0066
6699
0069
9969
0099
c979
0076
f999
0066
c997
0099
c969
0099
9969
0066
6697
0066
6696
0099
6999
0099
99c9
0099
99b9
0099
99bc
0093
999b
0093
9c9b
0000
0099
0000
0067
0000
0066
0000
0966
0000
9966
0000
a966
0000
a969
0000
9b66
0000
bb66
0000
bc76
0000
cb66
0000
9966
0000
9666
0009
6966
0009
9766
0009
7666
0009
6966
0009
9766
0009
7677
0009
7666
0009
6666
0009
6966
0009
9966
0009
9399
0009
9969
0009
6977
0009
6666
0009
7677
0000
6766
0000
6699
0000
6699
0000
6633
0000
0000
0000
0000
0000
0000
9000
0000
9900
0000
9a00
0000
9a00
0000
b900
0000
bb00
0000
cb00
0000
bc00
0000
9900
0000
6900
0000
9690
0000
6999
0000
6699
0000
969b
0000
69bc
0000
66b9
0000
6799
0000
6697
0000
9667
0000
9967
0000
3966
0000
9796
0000
9699
0000
6699
0000
67bb
0000
7699
0000
66bb
0000
6699
0000
66b9
0000
0000
66bb
0000
66bb
0000
96bb
0000
9999
0000
3999
0009
3999
0009
3444
0009
3333
0009
4999
0009
3966
0009
9977
0009
9966
0009
9999
0009
9999
0009
7999
0000
99aa
0000
99aa
0000
99a9
0000
79aa
0000
99bb
0000
99cb
0009
79bc
0009
779b
0099
99bc
0094
99cb
0043
99bc
0033
99bb
0039
999b
0099
99bb
0943
9999
9999
9993
9999
9999
6699
0000
6699
0000
6990
0000
9990
0000
9390
0000
9390
0000
3390
9900
3390
9900
9390
7d00
9399
7700
9999
6790
7779
6690
9779
6690
9979
6690
9999
6690
9767
6690
9977
6690
9979
6600
9999
9600
9793
9600
7734
9600
7d94
9900
7693
9000
6693
9000
6693
00a0
6633
0a00
9934
a000
9943
0a00
9333
a000
4339
0000
3999
0000
9990
0000
0000
0099
0000
0966
0000
9966
0000
a966
0000
a969
0000
9b66
0000
bb66
0000
bc76
0000
cb66
0000
9966
0000
9666
0009
6966
0009
9696
0009
6976
0009
9767
0009
7776
0009
7666
0009
6666
0009
7966
0009
6966
0009
7996
0009
6667
0009
7676
0009
6767
0009
6666
0009
9699
0000
66c9
0000
66c3
0000
96fb
0000
96fb
0000
99cb
0000
69c9
0000
0000
9000
0000
9900
0000
9a00
0000
9a00
0000
b900
0000
bb00
0000
cb00
0000
bc00
0000
9900
0000
6900
0000
9690
0000
7999
0000
6699
0000
669b
0000
66bc
0000
96b9
0000
9999
0000
9997
0000
4367
0000
4967
0000
6666
0000
6696
0000
7699
0000
6799
0000
76bb
0000
6699
0000
66bb
0000
6699
0000
66b9
0000
6699
0000
6699
0000
0000
69b9
0000
6699
0000
9699
0000
9999
0000
3999
0009
399c
0009
349f
0009
334c
0009
499c
0009
3969
0009
9966
0009
9966
0009
9966
0009
9996
0009
7999
0000
99a9
0000
99aa
0000
99aa
0000
79aa
0000
99bb
0000
99cb
0009
79bc
0009
779b
0099
99bc
0094
99cb
0043
99bc
0033
99bb
0039
999b
0099
99bb
0943
9999
9999
9993
9999
9999
6699
0000
6999
0000
6990
0000
6990
0000
9390
0000
9390
0000
9390
0000
9390
0000
9390
0000
9399
0000
9999
0000
7779
0000
9779
9900
9979
6690
9999
7799
9767
7799
9977
6679
9979
6677
9999
9667
9793
9677
7734
9666
7d94
9666
7693
9666
6693
9669
6693
6699
6633
6690
9934
9600
9943
99a0
9333
9a00
4339
a000
3999
0a00
9999
0000
0099
0000
0066
9000
0066
6900
0076
6600
0067
6600
0966
7600
0966
6700
9699
7600
96cb
6700
66bb
6600
6999
6690
6999
6990
9ba9
6990
bcaa
9b90
bb99
bb90
bc77
bc00
bb79
bb90
bb99
c990
9b77
9690
9b79
6990
9b99
9990
9b99
9690
9b49
9900
9934
9600
0934
9900
0034
6900
0033
6600
0033
9600
0093
4900
0099
9900
0099
0000
0000
0000
0000
9000
0099
6900
00bb
6600
0099
9600
0099
b900
0999
cb00
0979
bb00
9977
bc90
9997
bb99
9997
bc69
9399
bb69
3379
cb69
3479
bb69
4979
b969
3979
b969
9999
9669
9b99
9669
9c99
6669
9999
6669
9999
6669
9699
6669
9699
6669
9699
6790
9969
6690
9969
6700
9999
9600
0996
9900
0096
bb00
0096
bc00
0066
9b00
0096
9900
0099
0000
0000
0099
0000
0077
0000
9966
0000
9999
0009
9bb9
009c
cbbb
00cb
99bb
0099
999b
0099
339b
0069
999b
0069
b999
0076
cb99
0966
9b99
9767
9c99
7666
9969
6996
6969
99c9
6999
09c4
6999
09f9
9996
99c9
9966
96c9
9669
9694
9969
9799
9999
9696
9699
9667
9939
9966
9939
9999
9939
4999
9999
9044
3499
0033
449b
0099
33bb
0000
9999
0000
0000
9900
0000
7900
0000
7700
0000
6700
0000
9900
0000
cb00
0000
9b00
0000
9c90
0000
9990
0000
9999
0000
6999
0000
9979
0000
9679
0000
6679
0000
7979
0000
6979
0000
9969
0000
9ba9
0000
bc9b
0000
bb9b
0000
999c
0000
99bb
9000
aabb
9000
aab9
9000
9999
a900
9993
9a00
bb36
9700
bc66
6600
b966
9600
9aaa
9990
9999
9999
0000
0000
0000
0099
0000
9977
0009
9966
009c
cb99
00cb
b9b9
0099
99bb
0099
99bb
0069
339b
0069
999b
0976
b99b
9766
cb99
7667
9b99
6966
9c99
9996
9999
09c9
6969
09c4
6969
99f9
6999
96c9
9999
96c9
9996
9794
9666
9699
9969
9696
9969
9967
9699
0966
9999
9999
9939
9490
9939
9400
9939
4900
9499
9099
4499
0044
339b
9099
99bb
0000
0000
0000
0000
9000
0000
7900
0000
7900
0000
6700
0000
9700
0000
c900
0000
9b00
0000
9b00
0000
9c90
0000
9990
0000
6999
0000
9999
0000
9979
0000
6679
0000
7679
0000
6979
0000
9979
0000
9969
0000
bba9
0000
bc9b
0000
9b9b
0000
999c
0000
a9bb
0000
aabb
9900
9ab9
9700
9999
9600
b993
a900
bb36
9a90
bc66
9999
9999
9999
0000
0099
0000
9997
0000
9996
0099
bcb9
00bc
bbbb
00b9
999b
0099
99ab
0096
9399
0076
9999
0067
bb99
0976
9c99
9766
9999
9699
9969
0934
6979
099c
6666
099c
6676
009f
6669
0099
6999
0099
6999
0999
6996
9c99
9966
9f99
9966
9c93
9999
9939
9944
9696
3934
9666
9993
0969
9934
0999
3444
9900
4339
4300
9999
9900
9099
0099
0099
9000
0000
9900
0000
7700
0000
6700
0000
7600
0000
9900
0000
9c00
0000
9900
0000
6990
0000
6999
0000
9999
0000
6679
0900
7979
0900
6977
9900
9667
6700
9767
7600
6667
6700
9967
6600
9976
6600
cb7a
9900
bb69
6600
99a9
7600
9999
6600
aabb
6900
aabb
9900
99cb
9900
99b9
b900
9b99
9000
bb93
9000
bb36
0000
9966
0000
9999
0000
0000
0099
0000
0096
0000
0066
0000
0067
0000
0076
0000
0066
0000
0066
0000
0999
0000
09bc
0000
96bb
0000
9699
0000
6699
0000
6966
0000
6969
0000
9b96
0000
9b66
0000
9b66
0000
9969
0000
9969
0099
9b9b
009b
bbbc
00bb
bbbb
0099
9999
0076
9977
0067
9977
0066
9779
0096
9793
0099
9933
0066
9933
0099
9999
0009
9444
0000
9999
0000
0000
9900
0000
6600
0000
6600
0000
7690
0000
6790
0000
7690
0000
6790
0000
7690
0000
6690
00a0
6699
0000
6669
0000
6669
0000
9969
0000
9b99
0000
9b90
0000
bb69
0000
bb69
0000
bb69
0000
bb69
0000
b969
0000
9999
0000
9990
0000
6690
0000
6600
0000
9900
0000
9900
0000
9900
0000
9900
0000
9900
0000
0000
0000
0099
0000
0000
0000
0000
0000
0000
0000
0000
0000
0000
0000
0000
0000
0000
0000
0000
0000
0000
0000
0000
0000
0000
0000
0000
0000
0000
0000
0000
0000
0000
0000
0000
0000
0000
0000
0000
0000
0000
0000
0000
0000
0000
0000
0000
0000
0000
0000
0000
0000
0000
0000
0000
0000
0000
0000
00a0
0000
00a9
0900
0099
aa00
0a00
aa00
0000
0000
0000
0000
0000
0000
0000
0000
0000
0000
0000
0000
0000
0000
0000
0000
0000
0000
0000
0000
0000
0000
0000
0000
0003
0000
0000
0000
0000
0000
0000
0000
0000
0000
0000
9000
0000
9000
0000
9000
0000
9000
0000
9000
0099
9000
00bb
9000
00bb
9900
00ba
990a
00aa
9ba9
00a9
9b90
0aaa
9900
9900
6900
0000
0000
0000
0000
0000
0000
0000
0000
0000
0000
0000
0000
0099
0000
0000
0000
0000
0000
0000
0000
0000
0000
0000
0000
0000
0000
0000
0000
0000
0000
0000
0000
0000
0000
0000
0000
0000
9000
0000
9000
0090
9000
0000
9000
0000
3900
0000
3900
0000
3900
aa0a
3900
00ab
3900
0a99
390a
a099
39a9
0000
3999
0aaa
9990
99a9
9990
0099
9900
0000
9000
0000
0000
0000
0000
0000
0000
0000
0000
0000
0000
0000
0000
0099
0000
0039
0000
0093
0000
0094
0000
0009
0000
0009
0000
0009
0000
0009
0000
0009
0000
0009
0000
0009
0000
0009
0000
0000
0000
0000
0000
0000
0000
0000
0000
0000
0000
0000
0000
0000
0000
0000
0000
0000
0000
0000
0000
0000
0000
0000
0000
0000
0000
0000
0000
0000
0000
0000
0000
0000
0000
0000
0000
0000
0000
0000
0000
0000
0000
0000
0000
0000
0000
0000
0000
0000
0000
0000
0000
0000
0000
0000
0000
0000
9990
0000
4399
0000
9900
0000
0000
0009
0000
0009
0000
0093
0000
0093
0000
0094
0000
0043
0000
0034
0000
0043
0000
0034
0000
0093
0000
0094
0000
0093
0000
0093
0000
0009
0000
0009
0000
0000
0000
0000
0000
0000
0000
0000
0000
0000
0000
0000
0000
0000
0000
0000
0000
0009
0000
0009
9000
0096
9000
0096
9000
0096
0000
0099
0000
0009
0000
0009
0000
0009
0000
0009
0000
0009
0000
0000
9000
0000
9000
0000
9000
aa0a
9000
00a9
9a00
0a99
990a
a099
69a9
0000
6999
0aaa
9990
99a9
6990
0099
9900
0000
9009
0000
0000
0000
0000
0000
0000
0000
0000
0000
0000
0000
0000
9000
0000
3900
0000
4300
0000
3400
0000
3300
0000
3390
0000
9390
0000
9999
0000
0969
0000
0969
0000
0969
0000
0969
0000
0967
0000
0066
0000
0066
0000
0066
0000
0069
0000
aa96
0000
0099
9a00
0a99
990a
a099
99a9
0000
9999
0aaa
9990
99a9
6990
0099
9900
0000
9009
0000
0000
0000
0000
9900
0000
3300
0000
4400
0000
4300
0000
3300
0000
9900
0000
4400
0000
4490
0000
3339
0000
3349
0000
9949
0000
0043
0000
0043
0000
0044
0000
0034
0000
0094
0000
0093
0000
0099
0000
0009
0000
0009
0000
0009
0000
aa09
0000
00a9
9a00
0a99
990a
a099
96a9
0000
6699
0aaa
6690
99a9
6990
0099
9900
0000
9009
0000
0000
0000
0000
0000
0000
0000
0000
0000
0000
0900
0000
0000
0000
0000
0000
0000
0000
0000
0000
0090
0000
0049
0000
0094
0000
0009
0000
0000
0000
0000
0000
0000
0000
0000
9000
0000
3900
0000
4300
0000
9400
0000
0900
0000
0000
0000
0000
0000
0000
0000
0099
0000
0043
0000
0034
0000
0033
0000
0093
0000
0009
0000
0000
0000
0000
0000
0000
0000
0000
0000
0000
0000
0000
0000
0000
9900
0000
9400
0000
4400
0000
3300
0000
3300
0000
9900
0000
9300
0000
3300
0000
4490
0000
3339
0000
3343
0000
3943
0000
9034
0000
0033
0000
0093
0000
0093
0000
0009
0000
aa09
0000
00a9
9a00
0a99
990a
a099
99a9
0000
3999
0aaa
3990
99a9
3990
0099
9900
0000
9009
0000
0000
0000
0000
0000
0000
0000
0000
0000
0000
0099
0000
0099
0000
00a9
0000
0033
8000
0044
9800
0033
9900
0933
4900
0993
3400
0839
3300
0899
9300
08fc
9900
089f
3900
08cc
4300
0899
3400
0899
3300
0849
3900
0844
9900
0834
3400
0893
4400
0893
3300
0849
9900
9834
3400
4933
4900
3433
9900
9999
9900
0999
9000
0000
0000
0000
0000
0000
0000
0000
0000
3300
9900
3300
9399
0000
3434
0000
3343
0000
9939
0000
0000
0900
0000
9403
0300
9300
0000
9900
0000
0930
0000
0000
0900
0000
0000
0000
0000
0099
0000
0090
9000
0090
9000
0000
9000
0099
0000
0033
0000
0043
0000
0093
0000
0009
0000
0099
9900
0049
4900
0033
9000
0099
9000
0009
0000
0009
0000
0000
0000
0000
0000
3009
0000
0000
0000
0000
0000
0000
0000
0390
0000
0090
0000
0090
4000
0000
0000
0000
0000
0004
9900
0000
0300
0090
3300
0040
3000
0049
0000
0094
0000
0094
0000
0009
0000
0009
9000
0099
9900
0066
6900
0096
9000
aa96
9000
00a9
9a00
0a99
990a
a099
69a9
0000
6999
0aaa
6990
99a9
6990
0099
9900
0000
9009
0000
0000
0000
0000
0000
0000
0000
0000
0000
0000
0000
0000
0000
0000
0000
0000
0000
0000
0000
0099
0000
0066
0000
0077
0000
0066
0000
0067
0009
0067
0099
a066
0067
a066
0067
0096
0077
0096
0066
00a9
0066
009a
0066
00a9
0066
00aa
0096
009a
0096
000a
0099
0000
00a9
0000
00aa
0000
00aa
0000
000a
0000
00aa
0000
0000
0000
0000
0000
0000
0000
0000
0000
0000
0000
0000
0000
0000
0000
0000
0000
0000
0000
0000
0000
0000
0000
0000
0000
0000
0000
0000
0000
0000
0000
0000
0000
0000
0000
9900
0000
6900
0000
6600
0000
7790
0000
6690
0000
6690
0000
7699
0000
7609
0000
7690
0000
6690
0000
6600
0000
6690
0000
6600
0000
6600
0000
9900
0000
0900
0000
a000
0000
0000
0000
0000
0000
0000
0000
0000
0000
0000
0000
0000
0000
0000
0009
0000
0099
0000
9966
0000
6667
0000
7767
0000
6666
0000
6676
0009
6676
0066
9666
0067
9966
0076
6666
0076
9666
0066
6666
0066
6666
0066
6666
0066
9996
0066
6966
0066
7777
0067
6666
0076
6666
0066
6666
0066
6066
0066
6906
0066
6066
00aa
6909
0000
9990
0000
0000
0000
0000
0000
9900
0000
9600
0000
9000
0000
9600
0000
7700
0000
7700
0000
6600
0000
6600
0009
6700
000a
7600
00a6
6600
0096
6600
0066
6600
a066
6600
6a77
6600
6666
6600
6666
9900
6666
aa00
7766
0000
6799
0000
6669
0000
6666
0000
6676
0000
6666
0000
6666
0000
6666
0000
6666
0000
9960
0000
99aa
0000
9900
0000
0000
0000
0000
0000
0000
0000
0000
0000
0000
0009
0000
0999
0000
9966
0000
6667
0000
7777
0000
7666
0000
6666
0000
6666
0000
7666
0009
6666
0066
6666
0067
6666
0066
6666
0076
6666
0066
6666
0066
6666
0066
6666
0066
6677
0076
6666
0066
6666
0066
6666
0069
7766
0966
6666
3966
6696
9996
6666
9666
9669
9966
6999
0066
9990
0000
0000
0000
0000
0000
9900
0000
7700
0000
9000
000a
9600
000a
6600
000a
6700
00a3
6690
a0b7
6670
a067
6679
0a66
6669
a666
6669
7a66
66a9
6666
6609
6666
6609
6677
6609
6666
6600
6666
a600
6666
6a00
6666
6a90
7696
6069
7666
a666
6666
a666
6676
a966
6666
0a66
6666
0099
6666
0000
aa66
0000
a96a
0000
99a0
0000
990a
0000
0000
0000
0000
0000
0000
0900
0000
7799
0000
7699
0000
6697
0000
6676
0000
6666
0000
7667
0009
6666
0090
6666
0066
6666
0007
6666
0076
6666
0066
6666
0a66
9666
6a66
9666
a966
6666
6666
6666
6666
9666
7766
6666
6666
6666
6666
6666
6a67
6666
aa6a
6776
a977
6776
6976
7666
a966
a696
9966
6a66
9666
9669
9966
699a
aa66
99aa
0099
0000
aa66
0000
6677
9900
6676
9700
666a
6600
66aa
6600
aaaa
6a90
99aa
6690
b9a6
6690
aa66
6a70
6666
6a99
6666
6699
6666
6669
6666
6669
6666
6666
6666
7676
6666
7676
6676
6667
6767
6667
6667
6667
6666
6667
6666
6679
aa77
6666
6677
a666
aa66
aa76
aa66
aa67
6666
aa76
6666
6a66
aa66
96aa
a99a
9969
99aa
aa92
99aa
aa99
6767
6666
7777
6666
7776
76a6
7666
77a0
66aa
6600
aaaa
7700
0a00
aa00
0000
0000
0000
0000
0000
0000
0000
0000
0000
0000
0000
0000
0000
0000
0000
0000
0000
0000
0000
0000
0000
0000
0000
0000
0000
0000
0000
0000
0000
0000
0000
0000
0000
0000
0000
0000
0000
0000
0000
0000
0000
0000
0000
0000
0000
0000
0000
0000
0000
0000
6767
7666
6777
7766
7677
76a6
6776
67a0
6767
6600
aa66
6700
0a77
6a00
0077
aa00
0066
a000
0066
0000
0066
0000
00aa
0000
0000
0000
0000
0000
0000
0000
0000
0000
0000
0000
0000
0000
0000
0000
0000
0000
0000
0000
0000
0000
0000
0000
0000
0000
0000
0000
0000
0000
0000
0000
0000
0000
0000
0000
0000
0000
0000
0000
0000
0000
6766
6666
6666
6666
7766
76a6
6777
77a0
6777
6700
6677
7700
aa76
6600
0a77
6600
0067
6a00
0067
aa00
0067
a000
0077
0000
0077
0000
0077
0000
0077
0000
00a7
0000
00a7
0000
00aa
0000
000a
0000
0000
0000
0000
0000
0000
0000
0000
0000
0000
0000
0000
0000
0000
0000
0000
0000
0000
0000
0000
0000
0000
0000
0000
0000
0000
0000
6666
6666
7666
766a
7767
76aa
7777
66a0
6676
6600
aa77
7700
0a67
6600
0066
7600
0076
6600
0077
6600
0067
6a00
00a6
aa00
00a6
a000
00aa
0000
000a
0000
000a
0000
000a
0000
000a
0000
000a
0000
000a
0000
00a6
0000
00a6
a000
00a6
a000
00a6
a000
00a6
a000
00a6
a000
000a
0000
000a
0000
0000
0000
0000
0000
0000
0000
0000
0000
0000
0000
0000
0000
0000
0000
0000
0000
0000
0000
0000
0000
0000
0000
0000
0000
0006
0000
0006
0000
0006
0000
0006
0000
0006
0000
0066
0000
0066
0000
0066
0000
0066
0000
0066
0000
0066
0000
000a
0000
000a
0000
0000
0000
0000
0000
0000
0000
0000
0000
0000
0000
0000
0000
0000
0000
0000
0000
0000
0000
0000
0000
0000
0000
0000
0000
0000
0000
0000
0000
0000
0000
00cc
0000
00aa
0000
00a0
0000
00a0
0000
00a0
0000
00a0
0000
00c0
0000
00c0
0000
00c0
0000
00ac
0000
000c
0000
0000
0000
0000
0000
0000
0000
0000
0000
0000
0000
00cc
0000
00c9
0000
00cc
0000
00cc
0000
00cc
0000
00fc
0000
00ff
0000
00fc
0000
00fc
0000
00cc
0000
00cc
0000
009a
0000
0000
0000
0000
0000
0000
0000
0000
0000
0000
0000
0000
0000
0000
0000
0000
0a00
0000
a000
0000
0a00
0000
a000
0099
9900
0022
2200
0099
9900
00a0
0900
0000
a900
00a0
0900
0000
a900
00a0
0900
0000
a900
00a0
0900
0000
a900
00a0
0900
0099
9900
0022
2200
0099
9900
0000
0000
0000
0000
0000
0000
0000
0000
0000
0000
0000
0000
0000
0000
0000
0000
0000
0000
0000
0000
0000
f000
0000
0000
0000
0000
d0c0
000d
00c0
0d00
00c0
d000
00ff
dd00
000f
dd00
0def
dd00
ddef
dd0d
dd99
99dd
0d22
22dd
dd99
99d0
ddef
d900
dded
d900
ddef
d900
ddef
d9dd
0def
d900
ddef
d900
ddef
d900
00ef
d9d0
0ddf
d9dd
dd99
9900
0022
2200
0099
9900
0000
0000
0000
0000
0000
0000
c000
0000
c000
0000
cc00
0000
bb00
0000
0000
0000
0000
0000
0000
0000
0000
0000
0000
0000
0000
0000
00ff
0a00
000f
a000
00ef
0a00
00ef
a000
0099
9900
0022
2200
0099
9900
00ef
0900
00ef
a900
00ef
0900
00ef
a900
00ef
0900
00ef
a900
00ef
0900
00ef
a900
00df
0900
0099
9900
0022
2200
0099
9900
0000
0000
0000
0000
0000
0000
0000
0000
0000
0000
0000
0000
0000
0000
0000
0000
0099
0000
00bb
9000
00aa
b900
00a5
ab00
0055
ab00
0055
9c00
0099
cb00
00cc
b900
00cb
c900
00bc
b900
00cb
c900
00b9
b900
009b
9a00
00bb
9000
00bb
9a00
00bc
9000
00bb
9a00
00bc
a000
009b
0a00
00a9
a000
000a
0000
0000
0000
0000
0000
0000
0000
0000
0000
0000
0000
0000
0000
0000
0000
0000
0000
0000
0000
0000
0000
0000
0000
0000
0000
0000
0000
0000
0000
0000
0000
0000
0aa0
0000
aa90
0000
4490
0000
aa9a
0000
3390
0000
339a
00aa
3aa0
00ac
aa0a
00ca
99a0
aaaa
0a0a
cca0
a0a0
aa0a
0000
a000
0000
0000
0000
0900
0a00
9a99
9a00
9aaa
aa00
9aaa
aa00
9a99
9a00
09a0
0900
a000
a000
0a00
0aa0
0000
0000
0000
0000
0000
0000
0000
0000
0000
0000
0000
0000
0000
0000
0000
0000
0000
0000
0000
0000
0000
0000
0000
0000
0000
0000
0000
0000
0000
0000
0000
0000
0009
0000
009a
0000
00aa
9000
00ca
a900
00ca
aa00
00a9
aa00
00a9
aa00
00a9
aa00
00aa
aa00
00aa
a900
00aa
9000
00aa
0000
009a
0000
0009
0000
0000
0000
0000
0000
0000
0000
0000
0000
0000
0000
0000
0000
0000
0000
0000
0000
0000
0000
0000
0000
0000
0000
0000
0000
0000
0000
0000
0000
0000
0000
0000
9000
0000
9000
0000
9000
0000
a900
0000
a900
0000
aa00
0000
aa00
0000
9a00
0000
9900
0099
9900
00ca
3900
00ca
4900
00aa
ca00
0029
a900
0022
9000
0092
0a00
0009
a000
0000
0a00
0000
0000
0000
0000
0000
0000
0000
0000
0000
0000
0000
0000
0000
0000
0000
0000
0000
0000
0000
0000
0000
0000
0000
0000
0000
0000
0000
0000
0000
0000
0000
0000
0000
9000
0000
c900
0009
c400
009c
4d00
0009
de00
009a
ee00
00ac
fe00
0009
ee90
e0e0
e400
a0a0
4c00
0000
cc00
0000
cc00
0000
cc00
0000
cc00
0000
9900
0000
0000
0000
0000
0000
0000
0000
0000
0000
0000
0000
0000
0000
0000
0000
0000
0000
0000
0000
0000
0000
0000
0000
0000
0000
0000
0000
0000
0000
0000
0000
0000
0000
0000
0000
0000
0009
0000
0009
0000
0009
0000
0000
0000
0000
0000
0000
0000
0009
0000
0009
a000
0009
0a00
0009
a000
0009
0a00
0000
a000
0000
0000
0000
0000
0000
0000
0000
0000
0000
0000
0000
0000
0000
0000
0000
0000
0000
0000
000b
0000
0000
0000
0000
0000
0000
0000
0000
0000
0000
0000
0000
0000
0000
0000
000f
0000
000f
0000
00f0
0000
00f0
0000
0004
f000
0033
f000
0034
0f00
0033
0f00
0033
0f00
0003
0f00
0000
f000
00ff
0a00
00a0
a000
0000
0000
0000
0000
0000
0000
0000
0000
0000
0000
0000
0000
0000
0000
0000
0000
0000
0000
0000
0000
0000
0000
000b
0000
0000
0000
0000
0000
0000
0000
0000
0000
0000
0000
0000
0000
0000
0000
000f
0000
000f
0000
00f0
0000
00f0
0000
0000
f000
0007
f000
0077
0f00
0067
6f00
0066
6f00
0066
6f00
0066
f000
00ff
0a00
00a0
a000
0000
0000
0000
0000
0000
0000
0000
0000
0000
0000
0000
0000
0000
0000
0000
0000
0000
0000
0000
0000
0000
0000
0000
0000
0000
0000
0000
0000
0000
0000
0000
0000
0000
0000
0009
0000
0009
0000
0009
a000
0009
0a00
0999
a000
0979
0a00
0969
9000
0969
9a00
0993
9900
0093
92a0
0033
210a
0033
12a0
0033
2200
0039
2200
a093
2300
9039
32a0
0099
2900
0000
9000
0000
0a00
0000
0000
0000
0000
0000
0000
0000
0000
0000
0000
0000
0000
0000
0000
0000
0000
0000
0000
0000
0000
0000
0000
0000
0000
0000
0000
0009
0000
0009
9000
00a9
9000
009c
9900
00c9
fc00
0099
cc00
099b
cc00
09bb
cc00
99bb
9c00
cf99
9c00
cc9c
9999
c9ca
cab9
99ac
9cc9
39a9
ccac
3994
99ca
9c44
44aa
9a43
44a0
9c34
330a
a933
99a0
0034
9900
0094
a000
0094
0a00
0000
0000
0a00
0000
0a00
0000
0aa0
0000
00ca
0000
0099
0000
00c9
0000
0099
9000
0034
9000
0043
9000
0034
9000
0043
9000
0034
9000
00d3
9a00
00dd
9000
00dd
9a00
00dd
9000
003d
9a00
00c3
9000
00cc
9a00
004c
9000
0034
9a00
0043
9000
0034
9a00
0043
9000
0033
9a00
0099
9000
0000
0000
0000
0000
0000
0000
0000
0000
0000
0000
0000
0000
0000
0000
0000
0000
0000
0000
000a
0000
0009
0000
0009
0000
0009
0000
0009
0000
0000
0000
0000
0000
0000
0000
0009
0000
0096
0000
0096
0000
0066
0000
0067
0000
0066
a000
0066
0a00
0066
a000
0066
0a00
0096
a000
009a
0a00
0009
a000
000a
0000
0000
0000
0000
0000
0000
0000
0000
0000
0000
0000
0000
0000
0000
0000
0000
0000
0000
0000
0000
0000
a900
0000
bc0a
0000
c909
0000
bc09
0000
9a09
0000
0a09
0000
0900
0000
0900
0000
9600
9900
9609
6600
9696
6799
6696
6690
6666
66cc
6767
669c
6666
66cc
6666
6399
9666
36a0
9666
6600
0996
a9a0
099a
0a00
00a9
a000
000a
0a00
00a0
a000
0000
0000
0000
0000
0000
0000
0000
0000
0000
0000
0000
0000
0000
0000
0000
0000
0000
0000
0000
0000
0000
0000
0000
0000
0000
0000
0000
0000
0000
0000
0000
0000
0000
0000
0000
0000
0000
0000
0000
0000
00cc
0000
002a
c000
00ac
2c00
00c2
aa00
0caa
cc00
c200
aa00
ca00
0000
ca00
00a0
2a00
00a0
aa00
00ca
a0c0
0c2a
a02c
cca0
a0aa
aa00
c0cc
cc00
ca9a
2a00
ac00
9900
0a00
0000
0000
0000
0000
0000
0000
0000
0000
0000
0000
0000
0000
0000
0000
0000
0000
0000
0000
0000
0000
0000
0000
0000
0000
0000
0900
0000
0900
9000
0000
b900
0000
bb00
0000
9900
0000
4300
a000
3400
0a90
4300
0099
3300
0ab9
3900
0093
9a00
0033
a000
0033
0000
0033
0000
0099
0000
00a9
0000
000a
0000
0000
0000
0000
0000
0000
0000
0000
0000
0000
0000
0000
0000
0000
0000
0000
0000
0000
0000
0000
0000
0000
0000
0000
0000
0000
0000
0000
0000
0000
0000
0000
0000
0099
0000
009b
9000
00b9
9000
00bb
9000
00bc
9000
00bb
9a00
00bc
9000
00bb
9a00
00bc
9000
00bb
9a00
00bc
9000
00bb
9a00
00bc
9000
009b
0a00
0009
a000
0000
0000
0000
0000
0000
0000
0000
0000
0000
0000
0000
0000
0000
0000
0000
0000
0000
0000
0000
0000
0000
0000
0000
0000
0009
0000
009b
0000
00bc
9000
009b
9000
0069
9000
0067
9000
0066
9000
0067
9000
0066
9000
00d7
9000
00dd
9a00
00de
9000
00dd
9a00
006e
9000
0066
9a00
0067
9000
0066
9a00
0067
9000
0096
0a00
0009
a000
0000
0000
0000
0000
0000
0000
0000
0000
0000
0000
0099
9000
00dd
d900
0099
9d00
0099
9900
0999
9900
0999
9900
0999
9900
0999
ee00
09ee
2200
0922
dd00
09dd
dd00
09dd
dd00
09dd
cc00
09ff
fc00
0933
cc00
093f
fc00
093f
cc00
09ff
fc00
09ff
cc00
09ff
fc00
09f3
cc00
0933
fc00
093f
cc00
093f
fc00
0933
cc00
09ff
dd00
09dd
dd00
09dd
dd00
00dd
dd00
00dd
dd00
00dd
d900
0099
9000
0000
0000
0000
0000
0000
0000
0000
0000
0000
0000
0099
0000
00cc
0000
00ff
a000
00ff
9000
00ff
c900
00ff
c900
00ff
c900
00ff
c900
00ca
c900
0099
c900
00a9
c900
00a9
9900
00ca
9000
00ff
9a00
00ff
9000
00cc
0a00
009f
a000
0099
0a00
0099
a000
0099
0a00
00f9
a000
00cf
0000
009c
a000
0009
0000
0000
0000
0000
0000
0000
0000
0000
0000
0000
0000
0000
0000
0000
0000
0000
0000
0000
0000
0000
0000
0000
0000
0000
0000
0000
0000
0000
9900
0000
fc00
0000
cc00
0000
cc00
0000
cc00
0000
cb00
0000
c900
0000
c990
0000
9999
a000
99c9
a000
9ccc
a000
9c9c
aa00
cbbc
ca99
999b
cacc
999b
bcc9
9cb9
bb99
9999
bb99
9099
bbcc
9909
ccbc
9090
99cc
9909
0099
0090
0000
0000
0000
0000
0000
0000
0000
0000
0099
0000
099a
0000
999c
9000
9c9b
c900
9ccc
f900
9c99
ca00
9ba9
9a00
b9cc
aa00
cb99
ac00
99bb
aa00
99cc
9900
9b99
0000
9ccc
0099
999b
00ca
bcbb
00fc
9bb9
00ca
a999
00b9
aa90
00b9
9900
00b9
9900
00b9
c990
00b9
c909
00b9
fc90
99b9
cc09
9cb9
cb90
ccc9
bb00
9990
bb00
9c00
9900
9c00
0000
0000
0000
0000
0000
0000
0000
0000
0000
0000
0000
0000
0000
0000
0000
0000
0000
0000
0000
0000
0000
0000
0000
0000
0000
0000
0000
0000
0000
0000
0000
0000
0000
0000
0000
0000
0090
0000
0079
0000
0067
0000
0066
9900
0066
6700
0096
7600
0009
6900
0000
9900
0000
0000
0000
0000
0000
0000
0000
0000
0000
0000
0000
0000
0000
0000
0000
0000
0000
0000
0000
0000
0000
0000
0000
0000
0000
0000
0000
0000
0090
0000
0069
0000
0079
0000
0097
0000
0096
0000
0079
9000
0067
9000
0099
9000
0000
0000
0000
0000
0000
0000
0099
0000
0066
0000
0076
9900
0067
7900
0096
6700
0099
6600
0009
6600
0000
9900
0000
0000
0000
0000
0000
0000
0000
0000
0000
0000
0000
0000
0000
0000
0090
0000
0099
0000
0069
0000
0066
0000
0966
0000
0966
0000
0096
0000
0096
0000
0079
9000
0066
9000
0099
9000
0000
9000
0000
0000
0000
0000
0099
0000
0066
0000
0076
9900
0067
7900
0096
6700
0099
6600
0009
6600
0000
9600
0000
0900
0000
0900
0000
0000
0000
0000
0000
0000
0000
0000
0000
0000
0000
0000
00c0
0000
0090
0000
00c9
0000
00d9
0000
00d9
0000
00d9
0000
00e9
0000
00ed
0000
00de
0000
00de
0000
00fd
0000
00ed
0000
00de
0000
00de
0000
00fd
0000
00ed
0000
00de
0000
00de
0000
00fd
0000
00ed
0000
00de
0000
00de
0000
00ed
9000
00ed
9000
00de
6900
00de
7900
00e9
6600
00e9
9600
0099
0900
0099
0000
0099
0000
0099
0000
0000
0000
0000
0000
0000
0000
0000
0000
0000
0000
0000
0000
0000
0000
0000
0000
0000
0000
0000
0000
0000
0000
0000
0000
0099
9900
0055
5900
005c
9900
005c
a000
0099
0a00
000a
a000
0000
9a00
0000
9000
0000
9a00
0000
9000
0000
0a00
0000
a000
0000
0000
0000
0000
0000
0000
0000
0000
0000
0000
0000
0000
0000
0000
0000
0000
0000
0000
0000
0000
0000
0000
0000
0000
0000
0000
0000
0000
0000
0000
0000
0000
0099
9900
0055
5900
005c
9900
005c
0000
0099
0000
0000
0000
0000
0000
0000
0000
0000
0000
0000
0000
0000
0000
0000
0000
0000
0000
0000
0000
0000
0000
0000
0000
0000
0000
0000
0000
0000
0000
0000
0000
0000
0000
0000
0000
0000
0000
0000
0000
0000
0000
0000
0000
0000
0000
0000
0000
0000
0000
0000
0000
0090
0000
0059
0000
0055
0000
005c
0000
009c
0000
0009
0000
0009
0000
0000
0000
0000
9000
0000
5900
0000
9900
0000
0900
0000
0000
0000
0000
0000
0000
0000
0000
0000
0000
0000
0000
0000
0000
0000
0000
0000
0000
0000
0000
0000
0000
0000
0000
0000
0000
0000
0000
0000
0000
0000
0000
0000
0000
0000
0000
0000
0000
0000
0000
0000
0000
0000
0000
0000
0000
0000
0000
0000
0000
0000
0000
0009
0000
0095
0000
0055
0000
0055
0000
0055
0000
00c9
0000
0090
0000
0000
0000
0900
0000
0900
0000
0000
0000
0000
0000
0000
0000
0000
0000
0000
0000
0000
0000
0000
0000
0000
0000
0000
0000
0000
0000
0000
0000
0000
0000
0000
0000
0000
0000
0000
0000
0000
0000
0000
0000
0000
0000
0000
0000
0000
0000
0000
0000
0000
9900
9999
6600
9433
9900
9999
9900
0a0a
9000
00a0
9900
000a
9900
0000
9900
0000
9900
0090
9900
0009
9900
0000
9900
0000
0900
0000
0900
0000
a900
0000
0000
0000
0000
0000
0000
0000
0000
0000
0000
0000
0000
0000
0000
0000
0000
0000
0000
0000
0000
0000
0000
0000
0000
0000
0000
0000
9900
9999
6900
4433
9900
9999
0000
0009
0000
0000
0000
0000
0000
0000
0000
0000
0000
0000
0000
0090
0000
0009
0000
0000
0000
0000
9900
0000
9900
0000
0900
0000
0000
0000
0000
0000
0000
0000
0000
0000
0000
0000
0000
0000
0000
0000
0000
0000
0000
0000
0000
0000
0000
0000
0000
0000
0000
0000
0000
0000
0000
0090
0000
0039
0000
0093
0000
0009
0000
0000
0000
0000
0000
0000
0000
0000
9000
0090
6900
0090
9600
0009
9900
0009
0000
0000
0000
0000
0000
0000
0000
0000
0000
0000
0000
0000
0000
0000
0000
0000
0900
0000
9900
0000
9900
0000
9900
0000
0000
0000
0000
0000
0000
0000
0000
0000
0000
0000
0000
0000
0000
0000
0000
0000
0000
0000
0000
0000
0000
0000
0000
0000
0000
0000
0090
0009
0090
0096
0000
0069
0000
0069
0000
006a
0000
0099
0000
0000
0000
0000
0000
0000
0000
0999
0000
9300
0000
4900
0000
9000
0000
0000
0000
0000
0000
0000
0000
0000
0000
0000
0000
0000
0000
0000
0000
0000
0000
0000
0000
0000
0000
0000
0000
0000
0000
0000
0000
0000
0000
0000
0000
0000
0000
0000
0000
0000
0000
0099
0000
00de
9000
99aa
9999
dddd
ddd9
9999
99ed
4994
99dd
9449
d9dd
0990
dddd
a00a
dd99
0aa0
dd09
000a
dda0
00a0
9d00
0000
0900
0000
0000
0000
0000
0000
0000
0000
0000
0000
0000
0000
0000
0000
0000
0000
0000
0000
0000
0000
0000
0000
0000
0000
0000
0000
0000
0000
0000
0000
0000
0099
0000
00dd
9900
99aa
a999
dddd
dded
9999
99de
9499
00dd
0994
00dd
0049
009d
0090
0009
0090
0000
0000
0000
0000
0000
0000
0000
0000
0000
0000
0900
0000
0900
0000
0000
0000
0000
0000
0000
0000
0000
0000
0000
0000
0000
0000
0000
0000
0000
0000
0000
0000
0000
0000
0000
0000
0000
0000
0000
0000
0000
0090
0000
00e9
0000
00de
0000
000d
0000
0099
0000
0049
9000
009b
e900
009b
de00
009b
ae00
009b
ea00
0009
de00
0000
dd00
0000
9d00
0000
9d00
0000
0990
0000
00d9
0000
00ed
0000
00de
0000
00dd
0000
00dd
0000
009d
0000
00d9
0000
0099
0000
0000
0000
0000
0000
0000
0000
0000
0000
0000
0000
0900
0000
9d00
0000
de00
0000
ed00
0000
dd00
0000
dd00
0000
d900
0099
9000
00be
0000
00ed
0000
00ea
0000
00ae
0000
00ed
0000
00d9
0000
0099
0000
00bc
0000
09fc
0000
09cc
0000
09bb
0000
9e99
0000
ed00
0000
d400
0000
9900
0000
0000
0000
0000
0000
0000
0000
0000
0000
0000
0000
0000
0000
0000
0000
0000
0000
0000
0000
0000
0000
0000
0000
0000
0000
0000
0000
0000
0000
0000
0000
0000
aa00
0000
cc00
0000
cf00
0099
cc00
09bb
cc00
99bb
9900
33bb
bba0
336b
690a
99aa
99a0
09aa
990a
00a9
32a0
00d9
2200
00d9
2200
009d
9200
009d
9200
0009
9300
0009
0900
00a0
0000
0000
0000
000a
0000
0000
0000
0000
0000
0000
9900
0000
dd00
0000
9900
0000
0a00
0000
0000
0000
0000
0000
aa00
0000
cc00
000a
ff00
999c
cc00
bbb9
cc00
9bbb
cc00
9b6b
9900
96b6
9900
9b6b
0000
baaa
0000
9999
0000
0000
0000
0000
0000
0000
0000
0000
0000
0090
0000
0090
0000
00d9
0000
00d9
9900
009d
9d00
009d
9d00
0009
dd00
0009
d300
0000
3900
0000
9000
0000
0000
0000
0000
0000
0000
0000
0000
0000
0000
0300
0000
0900
0000
0900
0000
0900
0000
0990
0000
09b9
0000
00bb
0000
006b
0000
00bb
a000
0066
ca00
00bb
cc00
00ab
fc00
009a
cf00
0009
cc00
0000
aa00
0000
ba00
0090
9a00
0090
0a00
00d0
0000
00d9
0000
0099
0000
009d
0000
00ad
0000
0009
0000
0009
0000
000a
0000
0000
0000
0000
0000
0000
0000
0000
0000
0000
0000
0000
0000
0000
0000
0000
0000
0000
0000
0000
0000
0000
0000
0000
0000
0000
0000
00aa
a000
00cc
0000
00cf
0000
00cc
0000
00cc
0000
00c9
0000
009b
0000
00b6
0090
0066
0090
00bb
0090
00ba
0000
09a9
0000
9b99
0000
bbd9
0d00
bbad
d300
9609
9900
9900
0000
3900
0000
9900
0000
0000
0000
0000
0000
0000
0000
0000
0000
0000
0000
0000
0000
0000
0000
0000
0000
0000
0000
0000
0000
0000
0000
0000
0000
0000
0000
0000
0000
0000
0000
0000
0000
0000
0000
0000
0000
0000
0000
0000
0000
0000
0000
4444
4444
3333
3333
0000
0000
0000
0000
0000
0000
0000
0000
0000
0000
0000
0000
0000
0000
0000
0000
0000
0000
0000
0000
0000
0000
0000
0000
0000
0000
0000
0000
0000
0000
0000
0000
0000
0000
0000
0000
4000
0000
4400
0000
3400
0000
0300
0000
0000
0000
0000
0000
0000
0000
0000
0000
0040
0000
0044
0000
0034
0000
0003
0000
0000
0000
0000
0000
0000
0000
0000
0000
0000
4000
0000
4400
0000
3400
0000
0300
0000
0000
0000
0000
0000
0000
0000
0000
0000
0040
0000
0044
0000
0034
0000
0003
0000
0000
0000
0000
0000
0000
0000
0000
0000
0000
0000
0000
0000
0000
0000
0000
0000
0000
0000
0000
0000
0000
0040
0000
0000
0000
0040
0000
0000
0000
0004
0000
0000
0400
0000
0000
0000
0000
0000
0000
0000
0000
0004
0000
0000
0000
0000
0000
0004
0000
0000
0000
0000
0000
0000
0000
0000
0000
0000
0000
0000
0000
0000
0000
0000
0000
0000
0000
0000
0000
0000
0000
0000
0000
0000
0000
0000
0000
0000
0000
0000
0000
0000
0000
000d
d400
0000
4400
0040
4000
004d
0400
00e4
0000
004e
4000
0044
0000
0044
4000
004e
4400
004e
4400
444e
4400
4044
0400
0044
0400
0040
0000
0000
0000
0000
0000
0000
0000
0000
0000
0000
0000
0000
4000
0000
0000
0000
0000
0000
0000
0000
0000
0004
0000
0004
4400
0004
4040
4404
4000
4444
4400
0444
4400
0004
4400
444e
ee00
04ee
e444
0440
4444
0090
0e40
0449
0e40
4400
9000
4400
0900
0000
0400
0000
9000
0000
0000
0000
0944
4490
9044
4004
0400
4090
9400
040e
4000
40e4
ee00
4040
e440
0004
e440
0044
e400
0000
0000
0000
4000
0000
4000
0000
0000
0000
0000
0000
0000
0000
0d00
0dd0
0000
00d0
0d00
000d
dd00
0090
0000
0000
d000
0d00
0000
0000
00d0
0000
0000
0d00
0000
0d04
04d0
0d00
0000
d000
0000
0040
40d0
0900
0000
0000
00dd
dd00
0400
d040
0000
0000
0000
0000
0000
0d00
00dd
0d00
00d0
d000
0000
0090
0900
0d00
0000
0d00
9000
d0d0
00d0
0009
0000
0000
d000
000d
d000
0000
0000
0000
0000
0000
0000
0000
0000
0000
0000
0005
0000
005b
0000
b0a5
0000
500a
0000
0a00
5500
005b
5500
5055
5500
a555
5500
0a55
5500
50a5
a550
a055
0555
0055
5aa5
00aa
a00a
a000
0000
a055
0000
005a
0000
05a0
0000
5500
0000
5a00
0000
5000
0000
a000
0000
0000
0000
0000
0000
0000
0000
0000
0000
0000
0000
0000
0000
0000
0000
0000
0000
0000
0000
0000
0000
0000
0000
0000
0000
0000
0000
0000
0000
0000
0000
0000
5550
0000
5555
0555
0555
5550
550a
5555
5500
aabb
5500
00b5
0000
00a5
5500
005b
5a00
00b5
5000
00b0
a000
0555
0000
555a
0000
55a0
0000
5a55
0000
a055
0000
0055
0000
05b5
0000
0555
0000
5a5a
0000
00a0
0000
5000
0000
a000
0000
0000
0000
0000
0000
0505
0000
5555
055c
5555
0555
5505
05a5
55a5
0a0a
5505
0000
a50a
0000
0000
0000
0000
0500
0000
0500
0055
5500
0055
c500
00c5
5500
005c
5500
5555
5550
c555
5055
5555
50c5
5555
5555
5555
5555
a555
555a
0a55
55a0
0055
5500
0055
5500
0055
5500
0555
5500
0555
c550
0555
5550
0a55
5550
00a5
aa50
000a
00a0
0000
0000
0000
0000
0000
0000
0000
0000
0000
0000
e000
0000
0000
0000
0000
0000
0000
0000
0000
0000
e000
0000
e000
0000
e0e0
0000
e0ee
e000
ee00
ee00
eeee
0000
ee0e
e000
00e4
e444
00ee
0e00
00e0
eee0
e0ee
00ee
4e44
4e44
ee00
444e
00e0
0e44
00ee
e400
0044
4000
0000
0000
0000
0000
0000
0000
0000
0000
0000
0000
0000
0000
0000
0000
0000
0000
0000
0000
0000
0000
0000
0000
0000
0000
0000
0000
0000
0000
0000
0000
0000
0000
0000
0000
0000
0000
0000
0000
0000
0000
0000
0000
0000
0000
0000
0000
0400
0000
44e4
0000
444e
44ee
e44e
44e4
eeee
ee44
4444
e000
0000
0000
0000
0000
0000
0000
0000
0000
0000
0000
0000
0000
0000
0000
0000
0000
0000
0000
0000
0000
0000
0000
0000
0000
0000
0000
0000
0000
00e0
0000
e0ee
0000
e00e
0000
0e00
0000
0e00
0000
0000
0000
0000
0000
0000
0000
0000
0000
00e0
0000
e0ee
0000
eeee
e400
00ee
ee00
0044
4400
00e4
04ee
00e4
444e
000e
eeee
000e
eeee
00e4
44ee
0000
4e00
0000
e000
0000
0000
0000
0000
0000
0000
0000
0000
0000
0000
0000
0000
0000
0000
0000
0000
0000
0000
0000
0000
0000
0000
0000
0000
0000
0000
0000
0000
0000
0000
0000
0000
0000
0000
0000
0000
0000
0000
0000
0000
0000
0000
0000
0000
0000
0000
0000
0000
4400
0000
eeee
e000
4e44
e444
0e04
0000
ee44
0000
0000
0000
0000
0000
0000
0000
0000
0000
0000
0000
0000
0000
0000
0000
0000
0000
0000
0000
0000
0000
0000
0000
0000
0000
0000
0000
0000
0000
0000
ee00
0000
ee00
0000
ee00
0000
0e00
0000
0e00
000e
0000
0004
0000
0004
0000
00ee
0000
00ee
0000
00e4
0000
00ee
0000
000e
0000
e0ee
e000
eee4
e000
eee4
e000
eee4
ee00
eeee
eee0
eeee
eee0
eeee
ee00
eeee
4e0e
eeee
4e0e
4e4e
44ee
4444
4ee4
4444
4ee4
4444
4444
eeee
4444
00e0
ee4e
0000
0000
0000
0000
0000
0000
0000
0000
0000
0000
0000
0000
0000
0000
0000
0000
0000
0000
0000
0000
0e00
0000
0000
0000
0000
0000
0000
0000
0000
0400
000e
ee00
000e
ee00
0e0e
ee00
0e0e
e400
0e00
e400
040e
44e0
044e
44e0
0e44
44e0
0044
e400
00e4
eee4
eeee
e444
ee4e
ee44
ee44
ee44
ee4e
4eee
4eee
444e
e44e
444e
eeee
ee4e
0000
0000
0000
0000
0000
0000
000e
0000
000e
0000
000e
0000
000e
0000
0000
0000
00e0
0000
00ee
0000
000e
0000
00ee
0000
00ee
0000
00ee
0000
00ee
0000
000e
0000
000e
0000
000e
0000
00e0
0000
00ee
0000
0044
0000
00e4
0000
004e
0000
00e4
0000
00de
0000
00de
0000
00dd
0000
000d
0000
0000
0000
0000
0000
0000
0000
0000
0000
0000
0000
000e
0000
000e
0000
00e0
0000
00e0
0000
00e0
0000
00e0
0000
00ee
0000
00ee
0000
00ee
0000
00ee
0000
00ee
0000
00ee
0000
00ee
0000
00ee
0000
00ee
0000
00ee
0000
00ee
0000
00ee
0000
004e
0000
00e4
0000
004e
0000
0044
0000
00e4
0000
004e
0000
00e4
0000
000e
0000
0000
0000
0000
0000
0000
0000
0000
0000
0000
0000
000c
0000
ccfc
0000
ccff
0c00
ccff
0c00
cfff
cf00
cfff
ff00
cfff
fc00
cfff
ff00
cfff
ff00
cccf
ff00
ccff
ff00
0cff
ff00
cbff
ff00
ffff
cfcc
ffff
fccc
cfff
fffc
cfff
bcff
cfff
fccc
0cff
cffc
0cff
fcff
00ff
fccc
c0ff
ffcc
0cff
ffc0
0cff
ff00
0cfc
ff00
0fff
ff00
0ccc
fc00
0cbb
fc00
00ff
c000
000f
0000
0000
0000
0000
0000
0000
0000
0000
0000
0000
0000
0000
0000
0000
0000
0000
0000
0000
0000
00bb
b000
000f
0b00
00ff
cc00
00fc
0f00
00ff
fc00
00ff
fc00
00ff
fc00
00cc
fc00
00ff
ffbc
00cf
fccf
00ff
bfcc
00cf
cb00
00cc
bb00
00cb
cc00
00bb
cc00
000b
cb00
0000
0b00
0000
b000
0000
0000
0000
0000
0000
0000
0000
0000
0000
0000
0000
0000
0000
0000
0000
0000
0000
0000
0000
0000
0000
0000
0000
0000
00b0
0000
00fb
b000
000b
b000
000b
0c00
00cf
cc00
0cfb
0c00
0bfb
0c00
0bff
c000
0ccf
b000
00cf
b000
00cc
cb00
00fc
cb00
00ff
cc00
00bf
0c00
00ff
cf00
00ff
cf00
00cf
fc00
00cf
cc00
00fc
b000
00cb
0000
00b0
0000
0000
00c0
0000
00f0
0000
00cf
0000
00c0
0000
0000
0000
0000
1111
1111
eeee
eeee
ffff
ffff
1111
1111
1111
1111
eeee
eeee
ffff
fff1
1111
1111
1111
1111
cccc
cccc
cccc
c1cc
cccc
cccc
1111
1111
1b1b
1b1b
bbbb
bbbb
bbbb
bbbb
bbbb
bbbb
bbbb
bbbb
bbbb
bbbb
bbbb
bbbb
b1bb
bb1b
1bbb
b1b1
b9bb
bb1b
9bbb
b1b1
b9bb
bb1b
1bbb
b1b1
b1bb
bb1b
bbbb
bbbb
bbbb
bbbb
bbbb
bbbb
bbbb
bbbb
bbbb
bbbb
bbbb
bbbb
bbbb
bbbb
bbbb
bbbb
bbbb
bbbb
bbbb
bbbb
bbbb
bbbb
bbbb
bbbb
bbbb
bbbb
bbbb
bbbb
bbbb
bbbb
bbbb
bbbb
bbbb
bbbb
bbbb
bbbb
bbbb
bbbb
bbbb
bbbb
bbbb
bbbb
bbbb
bbbb
bbbb
bbbb
bbbb
bbbb
bbbb
bbbb
bbbb
bbbb
bbbb
bbbb
bbbb
eebb
bbbb
dd1b
bbbb
da1b
bbbb
da1b
bbbb
da1b
bbbb
da1b
bbbb
da1b
bbbb
da1b
bbbb
da1b
bbbb
da1b
bbbb
da1b
bbbb
da1b
bbbb
da1b
bbbb
da1b
bbbb
da1b
bbbb
da1b
bbbb
da1b
bbbb
da1b
bbbb
da1b
bbbb
da1b
bbbb
da1b
bbbb
da1b
bbbb
da1b
bbbb
da1b
bbbb
da1b
bbbb
da1b
bbbb
da1b
bbbb
da1b
bbbb
da1b
bbbb
de1b
bbbb
dd1b
bbbb
111b
bbbb
bbbb
bbbb
bbbb
bbbb
bbbb
bbbb
bbbb
bbbb
bbbb
bbbb
bbbb
bbbb
bbbb
bbbb
bbbb
bbbb
bbbb
bbbb
bbbb
bbbb
bbbb
bbbb
bbbb
bbbb
bbbb
bbbb
bbbb
bbbb
bbbb
bbbb
bbbb
bbbb
bbbb
bbbb
bbbb
bbbb
bbbb
bbbb
bbbb
bbbb
bbbb
bbbb
bbbb
bbbb
bbbb
bbbb
bbbb
bbbb
bbbb
bbbb
bbbb
1111
1111
2222
2221
1222
2222
2222
2222
2222
2221
2222
2222
2222
2222
2222
2222
2222
2222
2222
2222
2222
2222
2222
2222
2222
2222
2222
2222
2222
2222
2222
2222
0000
0000
0000
0000
0000
0000
0000
0000
0000
0000
0000
0000
0000
0000
0000
0000
0000
0000
0000
0000
0000
0000
0000
0000
0000
0000
0000
0000
0000
0000
0000
0000
0000
0000
0000
0000
0000
0000
0000
0000
0000
0000
0099
9900
99cc
cc00
9cc9
9c99
cccc
ccc9
9999
9999
deee
eed9
edee
eed9
9999
9999
cccc
cccc
cccc
cccc
9999
9999
0000
0000
0000
0000
0000
0000
0000
0000
0000
0000
0000
0000
0000
0000
0000
0000
0000
0000
0000
0000
0000
0000
0000
0000
0000
0000
0000
0000
0000
0000
0000
0000
0000
0000
0000
0000
0000
0000
0000
0000
0000
0000
0099
9900
99cc
cc00
9cc9
9c99
cccc
ccc9
9999
9999
43ee
eed9
34ee
eed9
9999
9999
cccc
cccc
cccc
cccc
9999
9999
0000
0000
0000
0000
0000
0000
0000
0000
0000
0000
0000
0000
0000
0000
0000
0000
0000
0000
0000
0000
0000
0000
0000
0000
0000
0000
0000
0000
0000
0000
0000
0000
0000
0000
0000
0000
0000
0000
0000
0000
0000
0000
0099
9900
99cc
cc00
9cc9
9c99
cccc
ccc9
9999
9999
ed44
eed9
de44
eed9
9999
9999
cccc
cccc
cccc
cccc
9999
9999
0000
0000
0000
0000
0000
0000
0000
0000
0000
0000
0000
0000
0000
0000
0000
0000
0000
0000
0000
0000
0000
0000
0000
0000
0000
0000
0000
0000
0000
0000
0000
0000
0000
0000
0000
0000
0000
0000
0000
0000
0000
0000
0000
0000
0000
0000
0000
0000
0099
9900
00cc
c900
00cc
cc00
0099
9900
00ee
ee00
0999
9900
09cc
cc00
09cc
cc00
0000
0000
0000
0000
0000
0000
0000
0000
0000
0000
0000
0000
0000
0000
0000
0000
0000
0000
0000
0000
0000
0000
0000
0000
0000
0000
0000
0000
0000
0000
0000
0000
0000
0000
0000
0000
0000
0000
0000
0000
0000
0000
0000
0000
0000
0000
0000
0000
0000
0000
0009
0000
009c
9900
00cc
cc00
00ee
dd00
0099
9900
00cc
cc00
0099
9900
0000
0000
0000
0000
0000
0000
0000
0000
0000
0000
0000
0000
0000
0000
0000
0000
0000
0000
0000
0000
0000
0000
0000
0000
0000
0000
0000
0000
0000
0000
0000
0000
0000
0000
0000
0000
0000
0000
0000
0000
0000
0000
0000
0000
0000
0000
0000
0000
0000
0000
0000
0000
0000
0000
0000
0000
0000
0000
00cc
c000
00de
d000
00cc
c900
0000
0000
0000
0000
0000
0004
0000
e000
0000
0000
0000
0000
0f00
0000
0000
000f
0000
0e00
0e00
0000
0040
0000
0000
0000
f000
0000
0000
f000
0000
0000
0000
00e0
0000
0000
0000
f000
0000
0000
0ee0
0400
0000
0000
0000
0000
0000
0000
0040
0000
0e00
0000
0000
0000
f0e0
0000
0000
0000
0000
f000
4000
0000
0000
0000
0000
0000
0088
0080
0f88
8000
0000
000f
8080
0808
8f08
0008
8088
8088
0808
80e0
e008
8000
80e8
0400
8808
8080
8880
800e
0000
8000
0ee0
0480
8000
8000
0008
8000
f080
88e0
8008
8800
8880
0888
8004
0880
0080
e008
0800
08e8
0040
8880
0e88
0f80
0088
0008
0408
e088
0088
0088
0004
0808
0f00
8808
0080
8808
8800
8804
0808
8800
0088
0000
0000
0000
0000
0000
0000
0000
0000
0000
0000
0000
0000
0000
0000
0000
0000
0000
0000
0000
0000
0000
0000
0000
0000
0000
0000
0000
0000
0000
0000
0000
0000
0000
0000
0000
0000
0000
0000
0000
0000
0000
000a
0000
0099
0000
0095
0000
0059
9000
0099
9000
0099
5900
0099
5900
0999
9900
0999
9900
09cc
fc00
09cc
fc00
09cc
fc00
0000
0000
0000
0000
0000
0000
0000
0000
0000
0000
0000
0000
0000
0000
0000
0000
0000
0000
0000
0000
0000
0000
0000
0000
0000
0000
0009
0000
0099
0000
0055
0000
0055
9000
0055
9000
0059
5900
0059
9900
0099
9900
0099
9000
00ab
9000
0099
0000
00ba
9000
0099
0000
00ab
9000
0999
0900
0999
9900
09cc
fc00
09cc
fc00
09cc
fc00
0000
0000
0000
0000
0000
0000
0000
0000
0000
0000
0000
0000
0000
0000
000a
0000
0095
0000
0059
0000
0099
9000
0099
9000
0099
5900
0099
5900
0099
9900
0099
9000
00ab
9000
0099
0000
00ba
9000
0099
0000
00ab
9000
0099
0000
0000
0000
0000
0000
0000
0000
0099
9900
0099
9b00
0999
b900
0999
9900
09cc
fc00
09cc
fc00
09cc
fc00
0000
0000
0009
0000
0099
0000
0055
0000
0055
9000
0055
9000
0055
5900
0055
9900
0099
9900
0099
9000
00ab
9000
0099
0000
00ba
9000
0099
0000
00ab
9000
0099
0000
0000
0000
0000
0000
0000
0000
0000
0000
0000
0000
0000
0000
0000
0000
0000
0000
0000
0000
0099
9900
0099
9000
0999
0900
0999
9900
09cc
fc00
09cc
fc00
09cc
fc00
9ccc
cf00
9ccc
cf00
9ccc
cf00
9ccc
cf00
cccc
cf00
cccc
cc00
cccc
ac00
cccc
ac00
cccc
ac00
cccc
bc00
cccc
cc00
cccc
cc00
cccc
cc00
cccc
cc00
cccc
cc00
accc
cc90
aacc
aa90
ccaa
cc90
cccc
cc90
cbcc
cc90
cccc
cc90
cbcc
cc90
cccc
cc90
cbcc
cc90
cccc
cc90
cbcc
cc90
cccc
cc90
cccc
cc90
9ccc
cc90
99cc
c900
0099
9900
0000
0000
0000
0000
0009
0000
0099
0000
0055
0000
005a
9000
005a
9000
00aa
5900
00aa
9900
00aa
9900
0066
9000
0077
9000
00d7
0000
007d
9000
0077
0000
0077
9000
0077
0000
0067
0000
0067
0000
0067
0000
0066
0000
00a6
0000
00a6
0000
0076
0000
007a
0000
006a
0000
006a
9900
0099
9000
0999
0900
0999
9900
09cc
fc00
09cc
fc00
09cc
fc00
9ccc
cf00
9ccc
cf00
9ccc
cf00
9ccc
cf00
cccc
cf00
cccc
cc00
cccc
ac00
cccc
ac00
ccac
ac00
ccaa
bc00
cc43
cc00
cc34
cc00
cc33
cc00
cca3
cc00
ccca
cc00
acbc
cc90
aacb
aa90
ccaa
cc90
cccc
cc90
cbcc
cc90
cccc
cc90
cbcc
cc90
cccb
cc90
cbcc
cc90
ccaa
6c99
ab6a
aa79
7a77
7a66
7767
7769
6766
6790
6676
6600
9967
9900
0099
0000
9ccc
cf00
9ccc
cf00
9ccc
cf00
9ccc
cf00
cccc
cf00
cccc
cc00
cccc
ac00
cccc
ac00
ccac
ac00
cca9
bc00
cc49
cc00
cc34
cc00
cc49
3300
cca9
9900
cccb
cc00
acbc
cc90
aacc
aa90
ccaa
cc90
cccc
cc90
cbcc
cc90
cccc
cc90
cbcc
cc90
cccc
cc90
9cc9
cc90
699a
c999
6667
9a77
7776
7766
6676
6666
6666
6799
6666
7799
9966
7900
0099
9000
0000
0000
0e09
0000
0e99
0000
0055
0000
0055
9000
0055
90e0
0055
5900
0055
9900
0099
9900
0099
9000
eeab
9000
0e99
0e00
00ba
ee00
0099
9e00
00ab
e000
0099
0e00
00ee
0000
e0ee
e000
eefe
f000
eeff
f000
0eff
e000
00ff
0ee0
00ff
ee00
eeff
ee00
00ff
ee00
00ff
ff00
00ff
f000
09ff
0900
0999
9900
09cc
fc00
09cc
fc00
09cc
fc00
0000
0000
0000
0000
000b
0000
00bf
0000
00ff
b000
00bf
fb00
00bf
ff00
00bb
cf00
00fb
cf00
000b
fb00
00cc
ba00
00cf
0a00
00fc
aa00
00cc
0000
00cc
0000
00cc
0000
00ff
0000
00ff
0000
00ff
0000
00ff
0000
00cf
0000
00cc
0900
90bf
0000
00ba
0000
000f
0000
000f
a000
009f
a900
099a
9900
0999
9900
09cc
fc00
09cc
fc00
09cc
fc00
0000
0000
0000
b000
00fc
bb00
00cc
c000
00c0
cb00
0000
cb00
0000
cb00
0000
bb00
000c
b000
0000
0000
0000
0000
0000
0000
0000
0000
0000
0b00
0000
0b00
0000
0000
0000
0000
0000
0000
0000
0000
0000
0000
0000
0000
0000
0000
0000
0000
0000
0000
0000
0000
0099
9900
00aa
aa00
0999
9900
0999
9900
09cc
fc00
09cc
fc00
09cc
fc00
0000
0000
0000
0000
0000
0000
0000
0000
0000
0000
0000
0000
0000
0000
0000
0000
0000
0000
0000
0000
0000
0000
0000
0000
0000
0000
0000
0000
0000
0000
0000
0000
0000
0000
0000
0000
0000
0000
0000
0000
0000
0000
0000
0000
0000
0000
0000
0000
0000
0000
0099
9900
00aa
aa00
0999
9900
0999
9900
09cc
fc00
09cc
fc00
09cc
fc00
0000
0000
0000
0000
0000
0000
0000
0000
000e
0000
000e
0000
ee0e
000e
aa00
00ee
0000
00ea
0000
00ea
0000
00ea
0000
eeea
0000
aaea
00ee
00aa
e0ae
0000
eeae
0000
aeae
0000
0a0a
0000
000e
0000
00ea
0000
00ea
0000
00a0
0ee0
0000
eeee
0000
aae0
0000
00ae
ee00
ee0a
ee00
0000
ea00
e000
ea00
e000
a000
e000
0000
0000
0000
e000
0000
0000
0000
0000
0000
0000
e0e0
0000
eee0
0000
eeee
0000
0eee
0000
00ee
0000
00ee
0000
00ee
0000
00ee
0000
00e0
0000
0000
0000
0000
0000
0000
0000
0000
0000
0000
0000
0000
0000
0000
e000
0000
ee00
0000
ee00
0000
0e00
0000
0e00
0000
0000
0000
0000
0000
00e0
0000
00e0
0000
00ee
0000
000e
0000
0000
0000
0000
0000
0000
0000
0000
0000
0000
0000
0000
0000
0000
0000
0000
0000
0000
0000
0000
0000
0000
0000
0000
0000
0e00
0000
ee00
0000
ee00
0000
e000
ee0e
e000
eeee
0e00
00e0
ee00
0000
e0ee
0e00
0000
0e00
0000
0000
0000
0000
0000
0000
0000
0000
0000
0000
0000
0000
0000
0000
0000
0000
0000
0000
0000
0000
0000
0000
0000
0000
0000
0000
0000
0000
0000
0000
0000
0000
0000
0000
0000
0000
0000
0000
0000
0000
0000
0000
0000
0099
0000
00bb
9000
00bb
a900
00bc
b900
00bb
ba00
00cb
bb00
09bb
bb00
09bb
ab00
09bb
bb00
09bb
ab00
00bb
ba00
00ab
a900
00ba
a900
00ab
9000
00aa
9000
0099
0000
0000
0000
0000
0000
0000
0000
0000
0000
0000
0000
0000
0000
0000
0000
0000
0000
0000
0000
0000
0000
0000
0000
0000
0000
0000
0000
0000
0000
0000
0000
0000
0000
0099
0000
00bb
9000
00bb
a900
00bc
b900
00bb
ba00
00bb
bb00
00b9
bb00
009c
bb00
0099
bb00
0099
ab00
00b9
ba00
00ab
a900
00ba
a900
00ab
9000
00aa
9000
0099
0000
0000
0000
0000
0000
0000
0000
0000
0000
0000
0000
0000
0000
0000
0000
0000
0000
0000
0000
0000
0000
0000
0000
0000
0000
0000
0000
0000
0000
0000
0000
0000
0000
0099
0000
00bb
9000
00bb
a900
00bc
b900
00bb
ba00
00cb
bb00
00bb
bb00
00bb
ab00
00bb
bb00
00bb
ab00
00bb
ba00
00ab
a900
00ba
a900
00ab
9000
00aa
9000
0099
0000
0000
0000
0000
0000
0000
0000
0000
0000
0000
0000
0000
0000
0000
0000
0000
0000
0000
0000
0000
0000
0000
0000
0000
0000
0000
0000
0000
0000
0000
0000
0000
0000
0099
0000
00bb
9000
00bc
a900
00bb
b900
00cb
ba00
00bb
bb00
00bb
bb00
00bb
ab00
00bb
bb00
00bb
ab00
00bb
ba00
00bb
a900
00ba
a900
00ab
9000
00aa
9000
0099
0000
0000
0000
0000
0000
0000
0000
0000
0000
0000
0000
0000
0000
0000
0000
0000
0000
0000
0000
0000
0000
0000
0000
0000
0000
0000
0000
0000
0000
0000
0000
0000
0000
0099
0000
00bb
9000
00bc
9900
00cb
b900
00bb
b900
00bb
bb00
00bb
bb00
00bb
bb00
00bb
bb00
00ab
ab00
00ba
ba00
00ab
a900
00ba
a900
00ab
9000
00aa
9000
0099
0000
0000
0000
0000
0000
0000
0000
0000
0000
0000
0000
0000
0000
0000
0000
0000
0000
0000
0000
0000
0000
0000
0000
0000
9900
00a0
bb00
00a0
cb00
09ea
bb0e
09e0
bbe0
90e0
b0e0
9b0e
b9a0
9bbe
99a0
9bbe
9a00
9b0e
ba00
990e
00ee
000e
0e0e
00e0
ee00
00e0
0000
0000
bb00
ee00
9900
ae0a
bb90
0e99
bb90
e09b
bb90
e0bc
9a90
00cb
0900
00bb
0000
00bb
a000
00bb
0000
00ab
a000
009a
0000
0099
e000
0000
aa00
0000
0a00
0000
0000
0000
0000
0000
0000
0000
0000
0000
0000
0000
0000
0000
0000
0000
0000
0000
0000
0000
0000
0000
0000
0000
0000
0000
0000
0000
0000
0000
0000
0000
0000
0000
0000
0000
0000
0000
0000
0000
0000
0000
0000
0000
0000
0000
0000
0000
0000
00a0
0000
000a
0a00
00a0
a000
000a
0a00
00a0
a000
000a
0a00
00a0
0000
0000
0000
0000
0000
0000
0000
0000
0000
0000
0000
0000
0000
0000
0000
0000
0000
0000
0000
0099
9900
0066
6600
0067
6600
0066
6600
0066
6600
0077
7700
0066
6600
0066
6600
0066
6600
0066
6600
0077
7700
0066
6600
0066
6600
0066
6600
0066
6600
0099
9900
0000
0000
0000
0000
0000
0000
0000
0000
0000
0000
0000
0000
0000
0000
0000
0000
0000
0000
0000
0000
0000
0000
0000
0000
0000
0000
0000
0000
0000
0000
0000
0000
0099
9900
0066
6600
0067
6600
0066
6600
0066
6600
0047
7700
0066
6600
0076
6600
0076
6600
0076
6600
0076
7700
0077
6600
0077
6600
0076
6600
0066
6600
0099
9900
0000
0000
0000
0000
0000
0000
0000
0000
0000
0000
0000
0000
0000
0000
0000
0000
0000
0000
0000
0000
0000
0000
0000
0000
0000
0000
0000
0000
0000
0000
0000
0000
0099
9900
0066
6600
0067
6600
0066
6600
0066
6600
0077
7700
0066
6600
0066
6600
0066
6600
0066
6600
0077
7700
0066
6600
0066
6600
0066
6600
0066
6600
0099
9900
0000
0000
0000
0000
0000
0000
0000
0000
0000
0000
0000
0000
0000
0000
0000
0000
0000
0000
0000
0000
0000
0000
0000
0000
0000
0000
0000
0000
0000
0000
0000
0000
0099
9900
0066
6600
0067
6600
0066
6600
0066
6600
0077
7400
0066
6600
0066
6700
0066
7700
0066
7700
0077
6700
0066
6700
0066
6700
0066
6600
0066
6600
0099
9900
0000
0000
0000
0000
0000
0000
0000
0000
0000
0000
0000
0000
0000
0000
0000
0000
0000
0000
0000
0000
0000
0000
0000
0000
0000
9090
0000
9994
0040
0004
0099
0909
0044
0000
0044
0009
0090
0009
0009
0000
0000
0099
0000
0049
0000
9944
0000
4044
0000
4444
0000
444a
0000
e4e4
0090
04ee
0090
44ee
0000
04ee
0000
4eee
0000
4eee
9900
000e
0900
40ee
0094
04ee
0044
00ff
0044
44fe
0004
eeef
0090
4eef
0090
4eff
0000
0000
0000
0000
0000
0000
0000
0000
0009
0000
9000
0000
0000
0000
9944
0000
4400
0000
49a4
0000
4440
0000
4499
0000
4400
0000
44a0
0400
0490
4400
4e90
4400
ee00
0400
ee44
0000
ee00
4000
eea4
0000
4e40
9900
444a
0000
ee00
0000
eee4
0000
ee44
0000
ee44
0000
ee04
0000
ee04
0940
ee44
9499
ee40
0490
fee4
4400
ffee
4400
0000
00ff
0000
eeff
0004
eeff
0049
00ef
0009
0eee
0044
eeee
0004
eeee
0940
0eee
9944
eeee
9099
0eee
0099
0eee
0009
ee0e
0009
e40e
0000
490e
0004
040e
0044
44ee
0044
44ee
0004
40ee
0004
000e
0094
90ee
0044
90ee
0040
9004
0090
0044
0090
0044
0000
0049
0000
0000
0000
0090
0000
0000
0000
0000
0000
0000
0000
0000
0000
0000
ffee
0400
fee0
4400
fe0e
4900
ff44
0900
ff44
4000
ee00
4400
ee00
0000
ee44
4400
e4e0
4000
e4e0
4400
e4ee
0400
eeee
9400
eeee
9000
ee0e
0000
ee40
0000
ee40
0000
ee40
0000
0044
4000
4040
4000
4440
4400
4044
0900
4440
0000
0900
0000
4940
0000
9944
0090
9040
0099
9099
0000
9009
0000
0000
0000
9000
0000
9000
0000
4000
0000
0000
0099
0000
00cc
0000
99cc
0000
cccc
0000
ff99
0000
cc00
0000
cc00
0009
9909
009c
0099
00cc
00cc
00cf
00cc
00cc
99cc
00fc
bccb
00cc
cbbc
00cc
bbcb
00cc
bbbc
00cc
99cb
00cc
00bc
00cc
00cb
00cc
00bb
00cc
99bb
00cc
bcab
00cc
cbba
00cc
bbab
00cc
bbba
00cc
99cc
00cc
0099
009c
9999
00b9
ccbb
00bb
cc99
00cb
cccc
00cc
cccc
9900
0000
cc00
0000
cc00
0000
cc99
0000
cccc
0000
99cc
0000
00cb
0000
00cc
0000
909c
0000
9909
9000
c900
c900
cc00
c900
fc99
cc00
cccb
cc00
ccbc
cf00
ccbb
cc00
ccbb
cf00
bc9b
fc00
cb09
cf00
bc00
fc00
cb00
cf00
bb99
fc00
bbcb
fc00
bcbc
cc00
c9bb
c900
99b9
c900
909c
9b00
99cc
bb00
bbcf
bb00
99fc
cc00
cccf
cc00
cccc
cc00
00cc
cccc
00cc
bbcc
00cc
99cc
00cc
00bb
009c
9999
00b9
cc00
00bb
cc99
00cb
cccc
00cc
cccc
00cc
cccc
00cc
bbcc
00cc
99cc
00cc
00bb
009c
9999
00b9
cc00
00bb
cc99
00cb
cccc
00bc
cccc
00cb
cccc
00cc
bbcc
00cc
99cc
00bc
00bb
009c
9999
0009
cc00
0000
cc99
0000
cccc
0000
cccc
0000
cccc
0000
bbcc
0000
99cc
0000
00bb
0000
0099
ccbb
cc00
cc99
c900
ccb9
c900
bb9c
9b00
99cc
bb00
00cc
bb00
99cc
cb00
cccc
cc00
cccc
cc00
ccbb
cb00
cc99
c900
cc09
b900
bb9b
9b00
99cc
bb00
00cc
bb00
99cc
bb00
cccc
bb00
cccc
cb00
ccbb
cb00
cc99
b900
cc09
b900
bb9b
9000
99cc
0000
00cc
0000
99cc
0000
cccc
0000
cccc
0000
ccbb
0000
cc99
0000
cc00
0000
bb00
0000
9900
0000
0000
0099
0000
00cc
0000
99cc
0000
cccc
0000
ff99
0000
cc00
0000
cc00
0009
9909
009c
0099
00cc
00cc
00cf
00cc
00cc
99cc
00fc
bccb
00cc
cbbc
00cc
bbcb
00cc
bbbc
00cc
99cb
00cc
00bc
00cc
00cb
00cc
00bb
00cc
99bb
00cc
bcab
00cc
cbba
00cc
bbab
00cc
bbba
00cc
99cc
00cc
0099
009c
9999
0099
ccbb
004a
cc99
004a
cccc
004a
cccc
9900
0000
cc00
0000
cc00
0000
cc99
0000
cccc
0000
99cc
0000
00cb
0000
00cc
0000
909c
0000
9909
9000
c900
c900
cc00
c900
fc99
cc00
cccb
cc00
ccbc
cf00
ccbb
cc00
ccbb
cf00
bc9b
fc00
cb09
cf00
bc00
fc00
cb00
cf00
bb99
fc00
bbcb
fc00
bcbc
cc00
c9bb
c900
99b9
c900
909c
9b00
99cc
ab00
bbcf
ab00
99fc
ac00
cccf
ac00
cccc
bc00
00cc
cccc
00cc
bbcc
00cc
99cc
00cc
4abb
009c
4a99
00b9
4a00
00bb
4a99
00cb
bacc
00cc
cccc
00cc
cccc
00cc
bbcc
00cc
99cc
00cc
4abb
009c
4a99
00b9
4a00
00bb
4a99
00cb
bacc
00bc
cccc
00cb
cccc
00cc
bbcc
00cc
99cc
00bc
4abb
009c
4a99
0009
4a00
0000
4a99
0000
bacc
0000
cccc
0000
cccc
0000
bbcc
0000
99cc
0000
00bb
0000
0099
00cc
cccc
00cc
bbcc
00cc
99cc
00cc
00bb
009c
9999
00b9
cc00
00bb
cc99
00cb
cccb
00cc
cccc
00cc
cccc
00cc
bbcc
00cc
99cc
00cc
00bb
009c
9999
00b9
cc00
00bb
cc99
00cb
cccb
00bc
cccc
00cb
cccc
00cc
bbcc
00cc
99cc
00bc
00bb
009c
9999
0009
cc00
0000
cc99
0000
cccb
0000
cccc
0000
cccc
0000
bbcc
0000
99cc
0000
00bb
0000
0099
004a
cccc
00ba
bbcc
00cc
99cc
00cc
00bb
009c
9999
0049
cc00
004a
cc99
004a
cccc
004a
cccc
00ba
cccc
00ca
bbcc
00cc
99cc
00cc
00bb
009c
9999
0049
cc00
004a
cc99
004a
cccc
004a
cccc
00ba
cccc
00ca
bbcc
00cc
99cc
00bc
00bb
009c
9999
0009
cc00
0000
cc99
0000
cccc
0000
cccc
0000
cccc
0000
bbcc
0000
99cc
0000
00bb
0000
0099
0000
0000
0000
0000
0000
0000
0000
0000
0000
0000
0000
0000
0000
0000
0000
0000
0000
0000
0000
0009
0000
0009
9999
0009
9cc9
0099
ccfc
00bb
cccc
994b
bcff
bbbb
cbfc
4b99
bccc
bb00
cbcc
b900
bcbc
9000
bbcb
0000
bcbc
0000
bbcb
0000
abbc
0000
bacb
0000
abbb
0000
babb
0000
cbbc
0000
9cc9
0000
9999
0000
0000
0000
0000
0000
0000
0000
0000
0000
0000
0000
0000
0000
0000
0000
0000
9900
0099
bb00
09bb
bb00
9bbb
cb00
bbbc
bb00
bbcb
bb00
b9bb
bb00
9bbb
b900
99bb
9900
aabb
0000
aa99
0000
aa00
0000
9900
0000
0000
0000
0000
0000
0000
0000
0000
0000
0000
0000
0000
0000
0000
0000
0000
0000
0000
0000
0000
0000
0000
0000
0000
0000
0000
0000
0000
0000
0000
0000
0000
0000
0000
0000
0000
0000
0000
0000
0000
0000
0000
0000
0000
0099
0000
00bb
0000
00bb
0000
00cb
0000
09bb
0000
9bcb
0000
bbbc
0000
bbbb
0000
bbbb
0000
bbbb
0000
bbcb
0000
babb
0000
aabb
0000
bbbb
0000
bbbb
0009
bbbb
0009
bbcc
0009
abbb
0009
bbbb
009b
bbbb
009b
bbab
009b
bbab
009b
bbab
009b
bbbb
009b
bbbb
0000
0000
0000
0000
0000
0000
0000
0000
0000
0000
0000
0000
0000
0000
0000
0000
9900
0000
cb00
0000
cc00
0000
cb00
0000
bb00
0000
bb90
0000
cbb9
0000
cbbb
0000
bbcc
0000
ccbb
0000
bcbc
0000
bbbb
0000
cbbb
0000
bbbc
0000
bccb
0000
cccb
0000
bbbb
0000
bbcb
0000
ccbb
0000
bcbb
0000
bbcc
0000
cccb
0000
abbc
0000
abcb
0000
009b
aaab
009b
bbbb
009b
baba
009b
bbba
009b
bbbb
009b
abba
0009
baba
0009
bbbb
0009
abba
0009
aaaa
0000
abbb
0000
baba
0000
aabb
0000
baba
0000
baba
0000
baba
0000
bbbb
0000
bbba
0000
bbab
0000
9bbb
0000
09ba
0000
00bb
0000
00ba
0000
00ab
0000
0099
0000
0000
0000
0000
0000
0000
0000
0000
0000
0000
0000
0000
0000
0000
bacb
0000
babc
0000
bbcb
0000
bbbb
0000
bbbb
0000
bbbb
0000
cbbb
0000
babb
0000
bcbb
0000
bbcc
0000
bbbb
0000
bbba
0000
bbbb
0000
bbbb
0000
bbbb
0000
bbbb
0000
abbb
0000
bbb9
0000
ba90
0000
ab00
0000
bb00
0000
bb00
0000
bb00
0000
9900
0000
0000
0000
0000
0000
0000
0000
0000
0000
0000
0000
0000
0000
0000
0000
0000
0000
0000
0000
0000
0000
0000
0000
0000
0000
0000
0000
0000
0000
0000
0000
0000
0000
9900
0000
cb00
0000
cc00
0000
cb00
0000
bb00
0000
bb90
0000
cbb9
0000
c5bb
0000
55cc
0000
55bb
0000
55bc
0000
55bb
0000
55bb
0000
55bc
0000
55cb
0000
a5cb
0000
babb
0000
bbca
0000
ccba
0000
bcbb
0000
bbcc
0000
cccb
0000
abbc
0000
abcb
0000
0000
0000
0000
0000
0000
0000
0000
0000
0000
0000
0000
0000
0000
0000
0000
0000
0000
0000
0000
0000
0000
0000
0000
0000
0000
0000
0000
000c
0000
000b
00bb
cc0a
00cc
cc00
00cc
ccc0
00bc
cbcc
00cb
cccc
00bc
cccc
00cc
cccc
0bcc
cccc
bccc
cccc
bccc
bbbb
cccc
bbbb
cccc
abba
bbbb
bbbb
abba
bbaa
0abb
aa0a
00bb
0000
00aa
0000
0000
0000
cccc
0000
cccc
ccca
cccc
cccc
c5c5
cccc
c5c5
ccbb
cccc
cbca
cccc
bcab
bbbb
aaaa
cccc
bbaa
cccc
cc00
5555
cc00
5555
cc00
5555
bb00
cccc
cc00
cccc
cb00
cccc
bc00
bbbb
bb00
aaaa
aa00
cccc
cc00
cccc
cc00
5555
cc00
5555
cc00
5555
cb00
cccc
bc00
bbbb
bb00
bbbb
cc00
cccc
bb00
bbbb
aa00
aaaa
0000
0000
0000
0000
0000
0000
0000
0000
0000
0000
0000
0000
0000
0000
0000
0000
0000
0000
0000
0000
0000
0000
c0cc
0000
cccc
00cc
bbcc
00bb
bb00
000b
abcc
0000
a0cc
0000
00cc
0000
00cc
0000
0000
0000
00cc
0000
00ac
0000
00a0
0000
00aa
0000
00ca
0000
00ca
0000
00ca
0000
accc
0000
acac
0000
ac0c
000b
bc0c
000c
bcac
00bc
bcac
00cc
bcab
00cb
bcaa
0000
0000
0000
0000
0000
0000
0000
0000
0000
0000
0000
0000
0000
0000
0000
0000
cc00
0000
cc00
0000
cccc
0000
00cc
0000
cc00
0000
c5c0
0000
cccc
0000
cccc
0000
000c
0000
ccc0
0000
cccc
0000
cccc
0000
cccc
0000
0000
0000
0000
0000
5500
0000
5555
0000
5555
0000
5555
0000
5555
0000
5555
0000
5555
0000
5550
0000
5550
0000
00ba
bcaa
00cc
bc50
00cb
cca0
00aa
cc5a
00cc
bca5
00cc
bc5a
00aa
cca5
00ac
cc5a
00cc
cca5
00cc
cc5a
00cc
ccac
00cc
cccc
00cc
cccb
00cc
ccab
00cf
acb5
00cc
aa55
00cf
bb55
00fc
babb
00cf
0000
00fc
0000
00cf
0000
00bc
0000
0000
0000
0000
0000
0000
0000
0000
0000
0000
0000
0000
0000
0000
0000
0000
0000
0000
0000
0000
0000
55b0
0000
5500
0000
5500
0000
5500
0000
5500
0000
5500
0000
5500
0000
550b
0000
55bc
0000
55bb
0000
55bb
0000
5bb0
0000
bbb0
0000
b0ba
0000
00bb
0000
00bb
0000
0000
0000
0000
0000
0000
0000
0000
0000
0000
0000
0000
0000
0000
0000
0000
0000
0000
0000
0000
0000
0000
0000
0000
0000
0000
0000
0000
0000
0000
0000
0000
0000
0000
0000
0000
0000
0000
0000
0000
0000
0000
0000
0000
0000
0000
0000
0000
0000
0000
0000
0000
0000
0000
0000
0000
0000
0000
0000
0000
0000
0000
0000
0000
0000
0000
0000
0000
0000
0000
0000
0000
0000
0000
0000
0000
0000
0000
0000
0000
0000
0000
0000
0000
0000
0000
0000
0000
0000
0000
0000
0000
0000
0000
0000
0000
0000
0000
0000
0000
0000
0000
0000
0000
0000
0000
0000
0000
0000
0000
0000
0000
0000
0000
0000
0000
0000
0000
0000
0000
0000
0000
0000
0000
0000
0000
0000
0000
0000
0000
0000
0000
0000
0000
0000
0000
0000
0000
0000
0000
0000
0000
0000
0000
0000
0000
0000
0000
0000
0000
0000
0000
0000
0000
0000
0000
0000
0000
0000
0000
0000
0000
0000
0000
0000
0000
0000
0000
0000
0000
0000
00d0
0000
0000
0000
0000
0000
0000
0000
0000
0000
0000
0000
0000
0000
0000
0000
0000
0000
0000
0000
0000
0000
0000
0000
0000
0000
0000
0000
0000
0000
0000
0000
0000
0000
0000
0000
0000
0000
0000
0000
0000
0000
0000
0000
0000
0000
0000
0000
0000
0000
0000
0000
0000
0000
0000
3000
0000
3000
0000
3000
0000
3000
0000
3000
0000
3000
0004
3000
0003
3000
0034
3a00
0043
cc00
0034
cc00
0043
cc00
0034
cb00
0043
bc30
003b
cb30
00bc
ba00
00cc
a300
00cc
3300
00c5
3400
0055
3300
005b
3300
00bc
3300
0bcb
3300
0bba
0000
bca0
0000
cc00
0000
cc00
0000
cc00
0000
bc00
0000
cb00
0000
aa00
0000
0000
0000
0000
0000
0000
9900
0000
bb00
0000
bbb9
0000
bbbb
0009
bbbb
0099
aabc
009b
bbcc
00bb
aacc
00bb
bbcc
00bb
bbcc
00bb
bbbc
09bb
bbcc
aaaa
aaec
bbbb
bbcc
bbbb
bbcc
aeee
eebc
aeef
eecc
aeee
eecc
aeee
eecc
aeee
ee0c
bbbb
bb00
bbbb
bb99
aaaa
aaaa
0000
00aa
00aa
00aa
00aa
00aa
00aa
00aa
0000
0000
0000
0000
0000
0000
0000
0000
0000
0000
0000
0000
0000
0000
0000
0000
0000
0000
00cc
0000
00cc
0000
00cb
0000
0bbb
0000
0bbb
0000
0b00
0000
0b00
0000
0000
0000
0000
0b00
c000
bb00
ccbb
bc00
ccaa
0000
cc00
bb00
cc00
aa00
cc00
bb00
cc00
bb00
cc00
bb00
9900
bb00
aa00
0b00
a000
0000
0000
0000
0000
0000
0000
0000
0000
0000
0000
0000
0000
0000
0000
0000
0000
0000
0000
0000
0000
0000
0000
0000
0000
0000
0000
0000
0090
0000
0999
0009
99cc
009b
9ccc
00bb
cccc
99b4
cfbc
bbbb
cccb
b499
ccbc
bbcc
cccb
999c
ccbc
9a9c
cbcb
9a9c
bcbb
999c
cbbb
909c
bcbb
909c
bbbb
909c
bbab
999c
cbba
bb9c
9cab
b499
99cc
bbbb
0999
99b4
0090
00bb
0000
009b
0000
0009
0000
0000
0000
0000
0000
0000
0000
0000
9000
0000
cc00
0000
cf00
0000
fc00
0000
cfcc
0000
cccc
0000
cccc
0000
9cac
9900
9c5a
cc00
b955
cc00
b955
cc00
99cc
cc00
99bc
cc00
99cb
cc00
09cc
cc90
09cc
cc00
00cc
cc00
00bc
4c00
09cb
cc00
9bbc
cc00
bbab
cc00
bbbb
bb00
b9ba
ba00
90ab
9900
99a9
0000
ba90
0000
aa00
0000
9900
0000
0000
0000
0000
0000
0000
0000
0000
0000
0000
0000
0000
0000
0000
0000
000a
0000
00ab
0000
00bb
a000
00aa
a000
000a
0000
000a
0000
000a
0000
000a
0000
000a
0000
000a
00a0
000a
0000
000a
00a0
000a
0a00
000a
0a00
00aa
aaa0
00ba
aaa0
0acc
aaa0
0afc
aaa0
acff
aa00
cccf
aaa0
cccc
aaa0
cccc
aaa0
cccc
aaa0
cccc
aaaa
3ccc
aaaa
33cc
aa33
33aa
3a33
3333
33aa
3a33
333a
3333
33a0
3333
33a0
333a
33a0
33aa
33a0
33a3
a3a0
a3a3
a3a0
aaa3
a300
a333
a300
aa33
a300
0aa3
a300
00aa
a300
00aa
a300
00aa
a300
00a0
a300
00a0
0a00
00a0
0a00
00a0
0a00
0000
0000
00a0
0000
0000
0000
0000
0000
0000
0000
0000
0000
0000
0000
0000
0000
0000
0000
0000
0000
0000
0000
0000
0000
0000
0000
0000
0000
0000
0000
0000
0000
0000
0000
0000
0000
0000
0000
0000
0e00
0000
0000
00e0
0000
0000
0000
0ee0
e000
000e
0e00
00ef
ee00
00ff
fe00
00ff
fe00
0eff
e000
00ff
e000
00ef
0f00
00ef
0000
000e
e000
000e
0000
000e
0000
00e0
0000
0000
0000
0000
0000
0000
e000
00e0
0000
0000
0000
0000
0000
0000
0000
0000
0000
0000
0000
0000
0000
0000
0000
0000
0000
0000
0000
0000
0000
0000
0000
0000
0e00
0000
0000
0000
0000
000e
0e00
0000
0000
0000
f000
0000
0000
0000
0f00
000e
e000
00ef
e000
00ff
fe00
00ff
fe00
0eff
fe00
00ff
e000
00ff
0000
e0ef
f000
000e
0000
00e0
0000
0000
0000
00f0
0000
0000
0000
0000
0000
00e0
0000
0000
0000
0000
0000
0000
0000
0000
0000
0000
0000
0000
0000
0000
0000
0000
0000
0000
0000
0000
0000
000e
0000
0000
0000
000e
0000
00ee
0000
000e
0e00
000e
0000
000f
0000
000e
0e00
000e
0000
00ee
e000
000e
0000
000f
0f00
000e
0000
000e
0000
000f
0000
000e
0e00
000e
0000
000e
0000
000e
0000
000e
0000
0000
0000
00e0
0000
0000
0000
0000
0000
0000
0000
0000
0000
0000
0000
0000
0000
0000
0000
0000
0000
0000
0000
0000
0000
0000
0000
0000
0000
0000
0000
0000
0000
0000
0000
5555
5555
5555
5555
5555
5555
5555
5555
5555
5555
5555
5555
ffff
fcff
ccfc
cfcf
55f5
5f5f
55f5
5f5f
fff5
ffff
cff5
cffc
5ff5
5ff5
5ff5
5fff
fff5
5fcf
fff5
5fcf
ccc5
5ccc
5555
5555
5555
5555
5555
5555
5555
5555
0000
0000
0000
0000
0000
0000
0000
0000
0000
0000
0000
0000
0000
0000
0000
0000
0000
0000
0000
0000
0000
0000
5555
5555
5555
5555
5555
5555
5555
5555
5555
5555
5555
5555
fffc
ffff
cfcf
cccc
5f5f
5555
5f5f
5555
ffff
ffff
cfcf
ffcc
5f5f
cf55
5f5f
5f55
5f5f
5f55
ff5f
ffff
cc5c
cccc
5555
5555
5555
5555
5555
5555
5555
5555
5555
5555
5555
5555
5555
5555
5555
5555
5555
5555
5555
5555
5555
5555
5555
5555
5544
4444
5544
3333
5544
5555
5544
5555
5544
5545
5544
5535
5544
5555
5544
5555
5544
5555
5544
5544
5533
5533
5555
5555
5555
5555
5555
5555
5555
5555
5555
5555
0000
0000
0000
0000
0000
0000
0000
0000
0000
0000
0000
0000
0000
0000
0000
0000
5555
5555
5555
5555
5555
5555
5555
5555
5555
5555
5555
5555
5555
5555
5555
5555
4444
4445
3333
3344
5555
5544
5555
5544
3555
5544
4355
5544
4455
5544
4455
5544
4455
5544
4355
4443
3555
3335
5555
5555
5555
5555
5555
5555
5555
5555
5555
5555
0000
0000
0000
0000
0000
0000
0000
0000
0000
0000
0000
0000
0000
0000
0000
0000
0000
0000
0000
0000
0000
0000
0000
0000
0000
0000
0000
0000
0000
0000
0000
0000
0000
0000
0000
0000
0000
0000
5555
5555
5555
5555
5555
5555
5555
5555
5555
5555
5555
5555
ff55
5555
cc55
55f5
5555
55f5
5555
55f5
ffff
55c5
cfcc
5555
5f55
5555
5f55
5555
ff55
5555
ff55
5555
cc55
5555
5555
5555
5555
5555
5555
5555
5555
5555
0000
0000
0000
0000
0000
0000
0000
0000
0000
0000
0000
0000
0000
0000
0000
0000
0000
0000
0000
0000
0000
0000
5555
5555
5555
5555
5555
5555
5555
5555
5555
5555
5555
5555
55cf
ff5f
f5ff
cf5f
ffff
5f5f
cfff
5f5f
5cff
5f5f
55ff
5fff
55ff
5fff
55ff
5fff
55ff
ffcf
55cf
ff5f
55cc
cc5c
5555
5555
5555
5555
5555
5555
5555
5555
0000
0000
0000
0000
0000
0000
0000
0000
0000
0000
0000
0000
0000
0000
0000
0000
0000
0000
0000
0000
0000
0000
5555
5555
5555
5555
5555
5555
5555
5555
5555
5555
5555
5555
eeed
ed55
edde
de55
e55e
5e55
e55e
5ee5
e5ee
eee5
e5e5
dede
e5ee
5e5e
e5ee
5e5d
e5de
5e55
e55e
5e55
d55d
5d55
5555
5555
5555
5555
5555
5555
5555
5555
0000
0000
0000
0000
0000
0000
0000
0000
0000
0000
0000
0000
0000
0000
0000
0000
0000
0000
0000
0000
0000
0000
5555
5555
5555
5555
5555
5555
5555
5555
5555
5555
5555
5555
eeee
eeee
dddd
ddde
5555
555e
5555
555e
eee5
e5ee
ded5
d5e5
5e55
55ee
5e55
55ee
ee55
55de
ee55
ee5e
dd55
dd5d
5555
5555
5555
5555
5555
5555
5555
5555
5555
5555
5555
5555
5555
5555
5555
5555
5555
5555
5555
5555
5555
5555
5555
5555
eeee
5555
eeee
5555
eeee
5555
eeee
5555
eeee
5555
eeee
5555
eeee
5555
eeee
5555
eeee
5555
eeee
5555
dddd
5555
5555
5555
5555
5555
5555
5555
5555
5555
5555
5555
0000
0000
0000
0000
0000
0000
0000
0000
0000
0000
0000
0000
0000
0000
0000
0000
5555
5555
5555
5555
5555
5555
5555
5555
5555
5555
5555
5555
5555
5555
5555
5555
5555
5555
5555
5555
5555
5555
5555
5555
5555
5555
5555
5555
5555
5555
5555
5555
5555
5555
5555
5555
5555
5555
5555
5555
5555
5555
5555
5555
5555
5555
5555
5555
0000
0000
0000
0000
0000
0000
0000
0000
0000
0000
0000
0000
0000
0000
0000
0000
0000
0000
0000
0000
0000
0000
0000
0000
0000
0000
0000
0000
0000
0000
0000
0000
0000
0000
0000
0000
0000
0000
5555
5555
5555
5555
5555
5555
5555
5555
5555
5555
5555
5555
5555
5555
5555
5555
5555
5555
5555
5555
5555
5555
5555
5555
5555
5555
5555
5555
5555
5555
5555
5555
5555
5555
5555
5555
5555
5555
5555
5555
5555
5555
0000
0000
0000
0000
0000
0000
0000
0000
0000
0000
0000
0000
0000
0000
0000
0000
0000
0000
0000
0000
0000
0000
5555
5555
5555
5555
5555
5555
5555
5555
5555
5555
5555
5555
5555
ff55
5555
ff55
55f5
ff55
55ff
ff55
55cf
ff55
555c
ff55
5555
ff55
5555
ff55
5555
ff55
5555
ff55
5555
cc55
5555
5555
5555
5555
5555
5555
5555
5555
5555
5555
5555
5555
5555
5555
5555
5555
5555
5555
5555
5555
5555
5555
5555
5555
5555
5555
5555
f5f5
5555
f5f5
5555
f5c5
5555
f555
5555
f555
5555
f555
5555
f5f5
5555
f5f5
5555
c5f5
5555
55c5
5555
5555
5555
5555
5555
5555
5555
5555
5555
5555
0000
0000
0000
0000
0000
0000
0000
0000
0000
0000
0000
0000
0000
0000
0000
0000
5555
5555
5555
5555
5555
5555
5555
5555
5555
5555
5555
5555
5555
5555
5555
5555
55ff
5555
f5cf
5555
f55f
5555
c55f
5555
555f
5555
f55f
5555
f55f
5555
f55f
5555
f55f
5555
c55f
5555
555c
5555
5555
5555
5555
5555
5555
5555
5555
5555
5555
5555
0000
0000
0000
0000
0000
0000
0000
0000
0000
0000
0000
0000
0000
0000
0000
0000
0000
0000
0000
0000
0000
0000
0000
0000
0000
0000
0000
0000
0000
0000
0000
0000
0000
0000
0000
0000
0000
0000
5555
5555
5555
5555
5555
5555
5555
5555
5555
5555
5555
5555
fff5
f5f5
fcf5
c5f5
f5f5
55f5
f5f5
55f5
f5f5
55f5
f5f5
55f5
f5f5
55c5
f5f5
5555
f5f5
5555
fff5
5555
ccc5
5555
5555
5555
5555
5555
5555
5555
5555
5555
0000
0000
0000
0000
0000
0000
0000
0000
0000
0000
0000
0000
0000
0000
0000
0000
0000
0000
0000
0000
0000
0000
5555
5555
5555
5555
5555
5555
5555
5555
5555
5555
5555
5555
fffc
ffff
cfcf
ccfc
5f5f
55f5
5f5f
55f5
ff5f
fff5
cc5f
fff5
555f
cff5
555f
5ff5
555f
5ff5
55ff
fff5
55cc
ccc5
5555
5555
5555
5555
5555
5555
5555
5555
0000
0000
0000
0000
0000
0000
0000
0000
0000
0000
0000
0000
0000
0000
0000
0000
0000
0000
0000
0000
0000
0000
5555
5555
5555
5555
5555
5555
5555
5555
5555
5555
5555
5555
fffc
ffff
cfcf
cffc
5f5f
5ff5
5f5f
5ff5
ff5f
fff5
cc5f
fcf5
555f
f5f5
555f
fff5
555f
cff5
55ff
5ff5
55cc
5cc5
5555
5555
5555
5555
5555
5555
5555
5555
0000
0000
0000
0000
0000
0000
0000
0000
0000
0000
0000
0000
0000
0000
0000
0000
0000
0000
0000
0000
0000
0000
5555
5555
5555
5555
5555
5555
5555
5555
5555
5555
5555
5555
555f
5555
5f5f
5555
5f5f
5555
5f5f
5555
5c5f
5555
555f
5555
555f
5555
555f
5555
5f5f
5555
5f5f
5555
5c5c
5555
5555
5555
5555
5555
5555
5555
5555
5555
0000
0000
0000
0000
0000
0000
0000
0000
0000
0000
0000
0000
0000
0000
0000
0000
0000
0000
0000
0000
0000
0000
5555
5555
5555
5555
5555
5555
5555
5555
5555
5555
5555
5555
5555
5f55
5555
5f55
5555
5f55
5555
5f55
5555
5f55
5555
5f55
5555
5f55
5555
5f55
5555
5f55
5555
5f55
5555
5c55
5555
5555
5555
5555
5555
5555
5555
5555
0940
4000
9909
0900
9099
0000
099b
9400
99cc
9900
99bc
9900
cb9c
cc00
9b9b
bc90
99c9
9b04
a999
cc90
c99c
9c90
c9c9
9900
9999
9909
999c
0999
c9cc
9090
b9f9
9090
b999
9090
bcac
9494
bccf
9090
bbfb
0090
9bba
4090
9caf
9090
99cc
0990
999a
9099
bb9c
9099
bbbb
099c
c9bb
99c9
99bb
99c9
99cb
949c
b9bb
099c
90b9
9999
0099
0909
0999
9900
04bb
0400
009b
0900
0099
9900
0999
0000
0099
9900
9099
0400
4909
0400
0000
9900
0909
9900
9999
9900
0900
c900
9990
c900
0999
c900
09c9
fc00
00cc
c900
09bb
cc90
009b
9c09
0040
9900
0400
c999
0049
c3c3
0000
cccc
0000
3cfc
0000
cbc3
0000
c3cc
0000
9ccb
0040
9c3c
0000
99cb
0000
009c
0000
949c
0000
009c
0000
0009
0009
0400
0000
0900
0009
0000
0099
0000
009b
9990
00bc
cb00
00cf
cc00
00cc
ff00
00ff
ff00
09cc
fc00
009c
cf00
009c
fc00
009c
cf00
00cf
fc00
40f9
cb00
0099
bc00
00cc
cc00
90ff
cc00
009c
cb00
009f
ba00
0499
9900
0099
9900
09f9
9900
00cf
9a00
00cc
a000
00bb
0a00
0099
0000
009a
0000
0090
9000
0000
0000
0000
0000
0000
0000
0076
0000
0077
0000
6077
7706
6077
7706
6677
7706
7676
7606
7766
7606
7760
7606
7760
7006
7700
7006
7700
7006
7700
7006
7700
7006
7700
7006
7744
7746
7700
7706
7700
7706
7700
7706
7700
7606
7770
7606
7770
7706
7770
7706
7670
7706
7677
7706
7677
7706
7677
7776
7677
7776
6677
7776
6677
7776
6777
7766
6077
6666
0066
0606
0077
7777
0070
7777
0070
7777
0000
7777
0000
7777
0000
6777
0000
6677
0000
3677
0007
0677
0077
0667
0077
0067
0077
3067
7077
0067
7077
0067
7477
4467
7777
0067
7777
0067
7777
0066
7777
0066
7777
0066
6777
0066
6777
0066
6776
0066
0676
0066
0606
0766
0606
7766
0007
7766
0007
7706
0000
7606
0000
7706
0000
7606
0000
6009
0000
0077
7000
0077
7760
0077
7760
0077
7760
0067
7760
0066
7760
0066
7760
0066
7760
0006
7700
0006
7700
0706
7700
0700
7700
0700
7700
0700
7600
0700
7677
4744
6677
0700
6077
0700
0066
0700
0060
0700
0060
0700
0060
0700
0000
0000
0000
0000
0000
6007
0000
6077
0000
6077
0000
6077
0000
6077
0000
6077
0000
6077
0000
6077
7770
7777
7777
7776
7777
7777
7777
7777
7767
7776
7767
7766
7766
7766
0767
7700
0766
7700
0706
7700
0707
6700
0777
7700
0777
7770
0776
7770
0776
7770
4777
7777
0777
7777
0777
7760
0777
7760
0766
7700
0766
6700
0766
6600
0706
7600
0700
7600
0000
6600
0000
6606
0000
6666
0060
6677
0077
6777
0077
6777
0777
7777
0777
7777
0000
0000
0000
0000
00e0
0000
00ee
e000
00ee
0d00
00ee
ee00
00ee
ee00
00ee
ee00
e0ee
ee00
0eee
ee00
0eee
ee00
eeee
ee00
eeee
ee00
eeee
ee00
eeee
ee00
eeee
ee00
eeee
ee00
eeee
ee00
eeee
ee00
eeee
ee00
eeee
ee00
0eee
ee00
0eee
ee00
e0ee
ee00
00ee
ee00
00ee
ee00
00ee
ee00
00ee
d000
00ee
e000
00ed
0000
0000
0000
0000
0000
0099
0000
00aa
9000
09aa
e900
9a9a
9900
9a99
cc00
c999
fc00
c99c
ff00
c99c
cf00
c99c
cc00
cbcc
cc00
9ccb
cc00
9cb9
cc00
9b99
cc00
a99b
c900
cbcb
9990
cbcb
9b99
cbcb
99c9
cbcb
9999
bbcb
99bb
bbcc
9cbf
9bcc
cc99
9bcc
cabb
9bca
c999
99cc
99cc
99b9
94cc
9993
44bc
9d93
44c9
9dd9
4399
93d9
3490
9339
4900
9939
3300
0999
9900
0099
0000
00aa
9000
09aa
e900
9a9a
9900
9a99
cc00
c999
fc00
c99c
cf00
c99c
cf00
c99c
cf00
cbcc
cc00
9ccb
cc00
9cb9
cc00
9b99
cc00
a99b
c900
cbcb
9900
cbcb
9b90
cbcb
9990
cbcb
9990
bbcb
9999
bbcc
99b9
9bcc
ccfb
9bcc
ca99
9bcc
c9bf
99c9
949b
9994
44c9
9934
34b9
9d93
4490
9d93
4390
93d9
3400
9339
4300
9939
9900
0999
9900
09aa
9900
09aa
b900
09a9
bb00
09a9
cb00
09a9
bc00
09a9
cb00
9ba9
bc00
9c99
cb00
9c99
bc00
9cb9
cc00
9c90
cc00
9c90
cc00
9c00
cc00
9900
9900
9b00
bb00
bb00
bf00
bb00
bb00
bb00
bb90
9b00
9990
9900
9a99
0900
0999
0990
09c9
0990
00c9
0990
00cc
0999
00bb
09c9
00cc
99c9
99cc
bbbb
bbcc
8c99
cccb
cfcc
ccb9
cccc
cc9c
9999
9999
09aa
9900
00aa
b900
00a9
bb00
00a9
bb00
00a9
cb00
00ab
cb00
009b
cc00
009b
cb00
00b9
cb00
00a9
cb00
00a9
ba00
00aa
ba00
00ba
a900
00ca
ab00
009c
9b00
009a
9b00
00b9
bb00
00b9
9900
00ba
cc00
00a9
bb90
0099
bc99
00cc
9b9c
009c
9b9c
009a
09b9
009b
009b
0099
90c9
00b9
90c9
00fc
9990
00cf
9a90
00cc
9a00
00cc
9a00
0099
9a00
09a9
aa00
0099
aa00
009c
b900
00cc
bb00
00cc
bb00
00cc
bb00
00cc
bb00
00cc
c900
00cc
9900
00cc
9000
00cc
9000
00cc
9000
00cc
0000
009c
0000
00b9
0000
00b9
0000
00bb
0000
0099
0000
0099
9000
00c9
9000
00c9
b900
99c9
b900
cccc
c900
ccbc
cb00
cccc
cb00
cccb
cb00
9bbc
bc00
99cc
cc00
00aa
c900
00cc
9c00
0099
9c00
0099
9900
09aa
9a00
09aa
9900
09a9
bb00
09a9
bb00
09a9
bc00
09ab
cb00
099b
cc00
099b
cb00
0999
cb00
099c
cb00
0099
bc00
0099
b900
009c
c900
009c
c900
009c
9900
0099
9900
00ab
9a00
00bf
ab00
00bb
9900
009b
9a00
0099
9b00
0099
9b00
0099
9900
0009
9900
0009
9900
0099
9900
0099
c900
00bb
9900
00cb
9900
00cc
c900
00cc
c900
0099
9900
0000
b99a
0009
99b9
009b
99bb
00bb
9ccc
00bc
bccb
00cc
bccc
00cc
bccc
00cc
cccc
00cc
ccc9
009c
cc99
009c
cc90
0099
bc00
00b9
9900
0099
9b00
0099
9b00
00c9
9b00
00cb
9900
00cb
bc00
00b9
cb00
99bc
cc00
cccb
cc00
cfbb
bc00
ccb9
bb00
9c99
cb00
99cc
bc00
99cc
cc00
00cc
b900
00cc
0c00
009b
cc00
0009
cc00
0000
cb00
0000
9900
09aa
9900
00aa
b900
00a9
bb00
00a9
bb00
00a9
cb00
00ab
cb00
009b
cc00
009b
cb00
0099
cb00
09b9
cb00
09b9
ba00
099a
ba00
9b09
a900
9b00
ab00
9b90
9b00
9999
9b00
9b9b
bb99
9bbb
99c9
9bbb
cccc
09bb
bbcc
00bc
bc9c
0099
9bb9
0009
9bb9
0000
b99c
0000
b9cc
0000
b9cc
0000
c9cc
0000
c9cc
0000
b9cc
0000
90bc
0000
009b
0000
0009
0000
0000
0000
0000
0000
0000
0000
0000
0000
0000
0000
0000
0000
0000
0000
0000
0000
0000
0000
0000
9900
0099
9400
00ab
9499
99ba
9499
cbbb
9493
cacb
9933
cabb
3933
aacb
9393
aabb
3499
aaba
9399
baaa
990a
aa99
0000
9900
0000
0000
0000
0000
0000
0000
0000
0000
0000
0000
0000
0000
0000
0000
0000
0000
0000
0000
0000
0000
0000
0000
9900
0000
9400
0000
4300
0000
3900
0000
9300
0000
9400
0000
9900
0000
9900
0000
9990
0000
9999
0000
9944
0000
9934
0000
9933
0000
0033
0000
0033
9000
0033
9900
0039
fc00
0099
cc00
009a
bc00
0099
cc90
0009
bca9
0000
bba9
0000
bbb9
0000
abbb
0000
9bba
0000
99ab
0000
09ba
0000
00ab
0000
00a9
0000
0099
0000
0000
0000
0090
0000
0099
0000
09b9
0000
9aaa
0000
bcba
0000
ccaa
0000
cfba
0000
fcb9
0000
cc90
0000
cb90
0000
bb00
0000
cb00
0000
bb00
0000
aa00
0009
aa00
0099
ab00
0049
aa00
0034
9900
0033
9000
0033
0000
0093
0000
0939
0000
9993
0000
9499
0000
9499
0000
9499
0000
9399
0000
9999
0000
3990
0000
4300
0000
9900
0000
0900
0000
0000
0000
0000
0000
0000
0000
0000
0000
0000
0000
0000
0000
0000
0000
0000
0007
0077
7707
0077
7777
0777
7777
7777
7777
7777
7777
7777
7777
7777
7777
7777
7777
7777
7777
7777
7777
7777
7777
7777
7777
7777
7777
7777
7777
7777
77cc
7777
7777
7777
7777
6777
cc77
0677
7777
0077
7766
0077
7700
0077
6600
0066
0000
0000
0000
0000
0000
0000
0000
0000
0000
0000
0000
0000
0000
0077
0000
077c
0007
0077
0000
0066
7776
7700
7760
7707
7700
7777
6600
7777
0000
7777
0000
7777
0000
7777
7000
7777
7700
7777
7700
7777
7c00
7777
c700
7777
7700
7777
7700
7c77
7600
7766
6000
7700
0077
6600
0777
0007
0777
0000
777c
0070
7777
0007
c777
0006
7766
0000
6600
0000
0000
7000
0000
c700
0000
76c7
0000
607c
6666
0077
7760
7777
7c66
7c66
776c
7766
7767
7767
0677
6777
6667
6677
7667
0666
7776
0066
6777
0676
6677
6766
7c77
7766
7767
c766
7767
777c
6676
77c7
6777
7777
7677
7677
7777
6776
7777
7666
7677
6767
6777
7776
7677
7667
7777
7677
7666
6676
6666
6666
6060
0060
0000
0000
0000
0000
0000
7700
6000
7700
6000
7c00
6076
c700
0676
7600
6676
6600
7776
6066
7c76
6677
7766
6767
7760
6777
7700
7776
7700
7767
6760
7777
6666
7777
6776
7677
7cc6
6777
7777
7777
6667
7777
6676
7677
7667
7766
7766
7777
7700
c777
7766
7777
7776
7777
6c70
7667
7666
6677
6600
6677
6700
7767
6600
7766
0600
7766
6000
0606
6000
0000
0000
0000
0000
0000
0000
0000
0000
0000
0000
0000
0000
0000
0000
0000
0000
0000
0000
0000
0000
0000
0000
0000
0000
000d
0000
00dd
0000
00dd
d000
00fd
dd00
00fd
dd00
00dd
da00
00dd
a000
00dd
0000
00dd
0000
00da
0000
00a0
0000
0000
0000
0000
0000
0000
0000
0000
0000
0000
0000
0000
0000
0000
0000
0000
0000
0000
0000
0000
0000
0000
0000
0000
0000
0000
0000
0000
0000
0000
0000
0000
0000
0000
0000
00dd
dd00
00dd
dd00
00ff
dd00
00ff
dd00
00ff
dd00
00ff
dd00
00ff
dd00
00dd
dd00
00dd
dd00
00dd
dd00
00dd
dd00
00aa
aa00
0000
0000
0000
0000
0000
0000
0000
0000
0000
0000
0000
0000
0000
0000
0000
0000
0000
0000
0000
0000
0000
0000
0000
0000
0000
0000
0000
0000
0000
0000
0000
0000
0000
0000
0000
0000
000f
0000
00ff
0000
00ff
0000
00ff
0000
cc99
a000
ffff
fa00
fcff
ff00
fff9
ff00
cf9f
ffa0
afff
9fa0
acff
ff00
0af9
ff00
00ff
fc00
00ff
cfa0
00ff
ff00
00ff
fa00
00ff
aa00
00ff
a000
00aa
0000
00a0
0000
000a
0000
0000
0000
0000
0000
0000
0000
0000
0000
0000
0000
0000
0000
0004
0000
0099
0900
9094
9499
7949
4949
7799
6999
6666
b999
6666
cbb0
9666
96c0
6667
69c9
766b
77bb
66bc
669b
6699
969b
7a69
c9ab
99c9
abab
cccc
acab
cccc
abab
cccc
ab99
cb9b
ab99
b999
9a69
b949
9b79
c944
9a79
c999
9999
cc99
9960
bccb
9900
bccc
6979
cccc
6967
cccc
6969
cb6c
6999
c9cc
9990
b9c6
9900
b9c6
9900
b9cc
9900
9aba
aa00
9aaa
9a00
a09a
6690
0a9a
9699
a09a
46b9
0a99
49a9
009a
9b90
909a
9b90
c9ac
9b79
c9cc
bc67
f9cc
ca66
c4c7
99c9
c4c7
99bc
c467
969b
6469
ccbc
4479
c99b
3379
9999
3699
9999
369c
9999
3696
9990
369c
4690
7634
4790
7943
9990
9033
9390
0093
9390
0099
3400
0099
4300
0099
3300
0099
9900
0099
9000
0099
0000
0000
0000
0000
0000
0000
0000
0000
0000
0000
0000
0000
0000
0000
0000
0000
9000
0009
9900
0009
6900
0009
6900
0099
9900
0044
9900
0044
9900
0967
9400
4976
9400
9666
4400
966c
a400
466c
a400
6cbb
6a00
6c99
6900
9c99
6600
9c99
6600
9999
6690
69c9
6690
69cc
6c49
09cc
c609
79cc
cc09
7bcc
6c99
9bcc
c706
9ccc
7600
9ccc
6900
9499
9900
9499
9900
0999
9600
0949
9600
0999
6600
0096
6600
0096
9600
0099
9600
0099
9900
0099
9900
0099
6900
009a
6600
009b
9600
009a
7900
009a
6900
0099
6700
0043
9600
0034
b900
0034
bb00
0093
9900
0093
b900
0093
b900
0093
9000
0093
0000
0093
0000
0093
0000
0099
0000
0099
0000
0099
0000
0009
0000
0000
0000
0000
0000
0000
0000
0000
0000
0000
0000
0000
0000
0000
0000
0000
0000
0000
0000
0000
0000
0009
0000
0097
9000
0077
7900
0077
c700
0077
c700
00a7
c700
009a
7700
0009
7c00
0000
7c00
00a0
a700
00ba
9a00
00bb
0900
00bb
0000
00a9
0000
0a00
0000
ab00
0000
bc00
0000
ab00
0000
0a00
0000
000a
0000
0000
0000
0000
0000
0000
0000
0000
0000
0000
0000
0000
0000
0000
0000
0000
0000
0000
0000
0000
0000
0000
0000
0000
0000
0000
9900
0000
bb00
0000
bca0
0000
bb00
0000
bba0
0099
bb00
00aa
bb00
0044
ba00
0044
a900
0944
9a00
0934
a000
0934
0a00
0934
a000
0033
0000
0033
0000
0099
0000
00a0
0000
000a
0000
0000
0000
0000
0000
0000
0000
0000
0000
0000
0000
0000
0000
0000
0000
0000
0000
0000
0000
0000
0000
0000
0000
0000
0000
0000
0000
0000
0000
0099
0000
009b
0000
0099
0000
0009
0000
0009
0000
009b
0000
00bf
0000
00bc
0000
00bc
0000
0067
0a00
0067
a000
0067
0a00
0067
a000
0067
0a00
00bc
a000
00bc
0c00
00bc
0a00
00bb
0000
0099
0000
000a
0000
0000
0000
0000
0000
0000
0000
0000
0000
0000
0000
0000
0000
0000
0000
0000
0000
0000
0000
0000
0000
0000
0000
0000
0000
0000
9900
0000
ff00
0000
fa00
0000
af00
0000
ff00
0000
ff00
0000
ff00
0009
9900
409c
a000
00cf
0a00
00ff
a030
09ff
0000
9a4c
0000
9ff9
0000
9cf9
0000
9af9
0000
a9c9
0000
0a9a
0000
00a0
0000
000a
0000
00a0
0000
0000
0000
0000
0000
0000
0000
0000
0000
0000
0000
0000
9000
0000
9900
0009
d900
009d
dd00
00de
dd00
00dd
dd00
00dd
dd00
00dd
d900
00dd
9b00
00dd
bb00
009d
bb00
00b9
bb00
00bc
b900
00bc
9d00
009c
dd00
00d9
dd00
00dd
dd00
00dd
dd00
00dd
dd00
09dd
dda0
09dd
da00
09dd
9900
09ad
49a0
0099
9a00
0094
a000
0009
0000
0000
0000
0000
0000
0000
0000
0000
0000
0000
0000
0000
0000
0090
aa00
0099
dd00
0009
9900
0000
0000
0000
0000
0009
0000
009b
0000
009b
0000
009b
0000
009b
0000
0093
0000
0093
0000
0093
0000
0093
0000
0093
0000
0093
0a00
0093
a000
0093
0a00
0093
a000
0093
0a00
0093
a000
0093
0a00
0093
a000
0093
0a00
0093
a000
0093
0a00
0009
a000
0000
0000
0000
a000
0000
0000
0000
0000
0000
0000
0000
0000
0000
0000
0000
0000
0000
0000
0000
0000
0000
0000
0000
0000
0000
0000
0000
0000
0000
0000
0000
0000
0000
0000
0000
0000
0000
0000
0000
0000
0000
0000
0000
0000
0000
0000
0000
0000
0000
0000
0000
0000
0000
0000
0000
0000
0000
0000
0000
0000
0000
0000
0000
0000
0000
0000
0000
0000
0000
0000
ffff
ffff
ffff
ffff
ffff
ffff
ffff
ffff
ffff
ffff
ffff
ffff
ffff
ffff
ffff
ffff
ffff
ffff
ffff
ffff
ffff
ffff
ffff
ffff
ffff
ffff
ffff
ffff
ffff
ffff
ffff
ffff
ffff
ffff
ffff
ffff
ffff
ffff
ffff
ffff
ffff
ffff
ffff
ffff
ffff
ffff
ffff
ffff
ffff
ffff
ffff
ffff
ffff
ffff
ffff
ffff
ffff
ffff
ffff
ffff
ffff
ffff
ffff
ffff
ffff
ffff
ffff
ffff
ffff
ffff
ffff
ffff
ffff
ffff
ffff
ffff
ffff
ffff
ffff
ffff
ffff
ffff
ffff
ffff
ffff
ffff
ffff
ffff
ffff
ffff
ffff
ffff
ffff
ffff
ffff
ffff
ffff
ffff
ffff
ffff
ffff
ffff
ffff
ffff
ffff
ffff
ffff
ffff
ffff
ffff
ffff
ffff
ffff
ffff
ffff
ffff
ffff
ffff
ffff
ffff
ffff
ffff
ffff
ffff
ffff
ffff
ffff
ffff
ffff
ffff
ffff
ffff
ffff
ffff
ffff
ffff
ffff
ffff
ffff
ffff
ffff
ffff
ffff
ffff
ffff
ffff
ffff
ffff
ffff
ffff
ffff
ffff
ffff
ffff
ffff
ffff
ffff
ffff
ffff
ffff
ffff
ffff
ffff
ffff
ffff
ffff
ffff
ffff
ffff
ffff
ffff
ffff
ffff
ffff
ffff
ffff
ffff
ffff
ffff
ffff
ffff
ffff
ffff
ffff
ffff
ffff
ffff
ffff
ffff
ffff
ffff
ffff
ffff
ffff
ffff
ffff
ffff
ffff
ffff
ffff
ffff
ffff
ffff
ffff
ffff
ffff
ffff
ffff
ffff
ffff
ffff
ffff
ffff
ffff
ffff
ffff
ffff
ffff
ffff
ffff
ffff
ffff
ffff
ffff
ffff
ffff
ffff
ffff
ffff
ffff
ffff
ffff
ffff
ffff
ffff
ffff
ffff
ffff
ffff
ffff
ffff
ffff
ffff
ffff
ffff
ffff
ffff
ffff
ffff
ffff
ffff
ffff
ffff
ffff
ffff
ffff
ffff
ffff
ffff
ffff
ffff
ffff
ffff
ffff
ffff
ffff
ffff
ffff
ffff
ffff
ffff
ffff
ffff
ffff
ffff
ffff
ffff
ffff
ffff
ffff
ffff
ffff
ffff
ffff
ffff
ffff
ffff
ffff
ffff
ffff
ffff
ffff
ffff
ffff
ffff
ffff
ffff
ffff
ffff
ffff
ffff
ffff
ffff
ffff
ffff
ffff
ffff
ffff
ffff
ffff
ffff
ffff
ffff
ffff
ffff
ffff
ffff
ffff
ffff
ffff
ffff
ffff
ffff
ffff
ffff
ffff
ffff
ffff
ffff
ffff
ffff
ffff
ffff
ffff
ffff
ffff
ffff
ffff
ffff
ffff
ffff
ffff
ffff
ffff
ffff
ffff
ffff
ffff
ffff
ffff
ffff
ffff
ffff
ffff
ffff
ffff
ffff
ffff
ffff
ffff
ffff
ffff
ffff
ffff
ffff
ffff
ffff
ffff
ffff
ffff
ffff
ffff
ffff
ffff
ffff
ffff
ffff
ffff
ffff
ffff
ffff
ffff
ffff
ffff
ffff
ffff
ffff
ffff
ffff
ffff
ffff
ffff
ffff
ffff
ffff
ffff
ffff
ffff
ffff
ffff
ffff
ffff
ffff
ffff
ffff
ffff
ffff
ffff
ffff
ffff
ffff
ffff
ffff
ffff
ffff
ffff
ffff
ffff
ffff
ffff
ffff
ffff
ffff
ffff
ffff
ffff
ffff
ffff
ffff
ffff
ffff
ffff
ffff
ffff
ffff
ffff
ffff
ffff
ffff
ffff
ffff
ffff
ffff
ffff
ffff
ffff
ffff
ffff
ffff
ffff
ffff
ffff
ffff
ffff
ffff
ffff
ffff
ffff
ffff
ffff
ffff
ffff
ffff
ffff
ffff
ffff
ffff
ffff
ffff
ffff
ffff
ffff
ffff
ffff
ffff
ffff
ffff
ffff
ffff
ffff
ffff
ffff
ffff
ffff
ffff
ffff
ffff
ffff
ffff
ffff
ffff
ffff
ffff
ffff
ffff
ffff
ffff
ffff
ffff
ffff
ffff
ffff
ffff
ffff
ffff
ffff
ffff
ffff
ffff
ffff
ffff
ffff
ffff
ffff
ffff
ffff
ffff
ffff
ffff
ffff
ffff
ffff
ffff
ffff
ffff
ffff
ffff
ffff
ffff
ffff
ffff
ffff
ffff
ffff
ffff
ffff
ffff
ffff
ffff
ffff
ffff
ffff
ffff
ffff
ffff
ffff
ffff
ffff
ffff
ffff
ffff
ffff
ffff
ffff
ffff
ffff
ffff
ffff
ffff
ffff
ffff
ffff
ffff
ffff
ffff
ffff
ffff
ffff
ffff
ffff
ffff
ffff
ffff
ffff
ffff
ffff
ffff
ffff
ffff
ffff
ffff
ffff
ffff
ffff
ffff
ffff
ffff
ffff
ffff
ffff
ffff
ffff
ffff
ffff
ffff
ffff
ffff
ffff
ffff
ffff
ffff
ffff
ffff
ffff
ffff
ffff
ffff
ffff
ffff
ffff
ffff
ffff
ffff
ffff
ffff
ffff
ffff
ffff
ffff
ffff
ffff
ffff
ffff
ffff
ffff
ffff
ffff
ffff
ffff
ffff
ffff
ffff
ffff
ffff
ffff
ffff
ffff
ffff
ffff
ffff
ffff
ffff
ffff
ffff
ffff
ffff
ffff
ffff
ffff
ffff
ffff
ffff
ffff
ffff
ffff
ffff
ffff
ffff
ffff
ffff
ffff
ffff
ffff
ffff
ffff
ffff
ffff
ffff
ffff
ffff
ffff
ffff
ffff
ffff
ffff
ffff
ffff
ffff
ffff
ffff
ffff
ffff
ffff
ffff
ffff
ffff
ffff
ffff
ffff
ffff
ffff
ffff
ffff
ffff
ffff
ffff
ffff
ffff
ffff
ffff
ffff
ffff
ffff
ffff
ffff
ffff
ffff
ffff
ffff
ffff
ffff
ffff
ffff
ffff
ffff
ffff
ffff
ffff
ffff
ffff
ffff
ffff
ffff
ffff
ffff
ffff
ffff
ffff
ffff
ffff
ffff
ffff
ffff
ffff
ffff
ffff
ffff
ffff
ffff
ffff
ffff
ffff
ffff
ffff
ffff
ffff
ffff
ffff
ffff
ffff
ffff
ffff
ffff
ffff
ffff
ffff
ffff
ffff
ffff
ffff
ffff
ffff
ffff
ffff
ffff
ffff
ffff
ffff
ffff
ffff
ffff
ffff
ffff
ffff
ffff
ffff
ffff
ffff
ffff
ffff
ffff
ffff
ffff
ffff
ffff
ffff
ffff
ffff
ffff
ffff
ffff
ffff
ffff
ffff
ffff
ffff
ffff
ffff
ffff
ffff
ffff
ffff
ffff
ffff
ffff
ffff
ffff
ffff
ffff
ffff
ffff
ffff
ffff
ffff
ffff
ffff
ffff
ffff
ffff
ffff
ffff
ffff
ffff
ffff
ffff
ffff
ffff
ffff
ffff
ffff
ffff
ffff
ffff
ffff
ffff
ffff
ffff
ffff
ffff
ffff
ffff
ffff
ffff
ffff
ffff
ffff
ffff
ffff
ffff
ffff
ffff
ffff
ffff
ffff
ffff
ffff
ffff
ffff
ffff
ffff
ffff
ffff
ffff
ffff
ffff
ffff
ffff
ffff
ffff
ffff
ffff
ffff
ffff
ffff
ffff
ffff
ffff
ffff
ffff
ffff
ffff
ffff
ffff
ffff
ffff
ffff
ffff
ffff
ffff
ffff
ffff
ffff
ffff
ffff
ffff
ffff
ffff
ffff
ffff
ffff
ffff
ffff
ffff
ffff
ffff
ffff
ffff
ffff
ffff
ffff
ffff
ffff
ffff
ffff
ffff
ffff
ffff
ffff
ffff
ffff
ffff
ffff
ffff
ffff
ffff
ffff
ffff
ffff
ffff
ffff
ffff
ffff
ffff
ffff
ffff
ffff
ffff
ffff
ffff
ffff
ffff
ffff
ffff
ffff
ffff
ffff
ffff
ffff
ffff
ffff
ffff
ffff
ffff
ffff
ffff
ffff
ffff
ffff
ffff
ffff
