0007
0800
0000
1b4a
0000
1b4a
0000
1aba
0000
1af0
0000
1b4a
0000
1b4a
0000
1b4a
0000
1b4a
0000
1b4a
0000
1b4a
0000
1b4a
0000
1b4a
0000
1b4a
0000
1b4a
0000
1b4a
0000
1b4a
0000
1b4a
0000
1b4a
0000
1b4a
0000
1b4a
0000
1b4a
0000
1b4a
0000
1b4a
0000
1b4a
0000
1ab8
0000
1ab8
0000
1a96
0000
0438
0000
1ab8
0000
1ab8
0000
1ab8
0000
1b4a
0000
1b4a
0000
1b4a
0000
1b4a
0000
1b4a
0000
1b4a
0000
1b4a
0000
1b4a
0000
1b4a
0000
1b4a
0000
1b4a
0000
1b4a
0000
1b4a
0000
1b4a
0000
1b4a
0000
1b4a
0000
1b4a
0000
1b4a
0000
1b4a
0000
1b4a
0000
1b4a
0000
1b4a
0000
1b4a
0000
1b4a
0000
1b4a
0000
1b4a
0000
1b4a
0000
1b4a
0000
1b4a
0000
1b4a
0000
1b4a
0000
1b4a
0000
1b4a
0000
1b4a
0000
1b4a
0000
1b4a
0000
1b4a
0000
1b4a
0000
1b4a
0000
1b4a
0000
1b4a
0000
1b4a
0000
1b4a
0000
1b4a
0000
1b4a
0000
1b4a
0000
1b4a
0000
1b4a
0000
1b4a
0000
1b4a
0000
1b4a
0000
1b4a
0000
1b4a
0000
1b4a
0000
1b4a
0000
1b4a
0000
1b4a
0000
1b4a
0000
1b4a
0000
1b4a
0000
1b4a
0000
1b4a
0000
1b4a
0000
1b4a
0000
1b4a
0000
1b4a
0000
1b4a
0000
1b4a
0000
1b4a
0000
1b4a
0000
1b4a
0000
1b4a
0000
1b4a
0000
1b4a
0000
1b4a
0000
1b4a
0000
1b4a
0000
1b4a
0000
1b4a
0000
1b4a
0000
1b4a
0000
1b4a
0000
1b4a
0000
1b4a
0000
1b4a
0000
1b4a
0000
1b4a
0000
1b4a
0000
1b4a
0000
1b4a
0000
1b4a
0000
1b4a
0000
1b4a
0000
1b4a
0000
1b4a
0000
1b4a
0000
1b4a
0000
1b4a
0000
1b4a
0000
1b4a
0000
1b4a
0000
1b4a
0000
1b4a
0000
1b4a
0000
1b4a
0000
1b4a
0000
1b4a
0000
1b4a
0000
1b4a
0000
1b4a
0000
1b4a
0000
1b4a
0000
1b4a
0000
1b4a
0000
1b4a
0000
1b4a
0000
1b4a
0000
1b4a
0000
1b4a
0000
1b4a
0000
1b4a
0000
1b4a
0000
1b4a
0000
1b4a
0000
1b4a
0000
1b4a
0000
1b4a
0000
1b4a
0000
1b4a
0000
1b4a
0000
1b4a
0000
1b4a
0000
1b4a
0000
1b4a
0000
1b4a
0000
1b4a
0000
1b4a
0000
1b4a
0000
1b4a
0000
1b4a
0000
1b4a
0000
1b4a
0000
1b4a
0000
1b4a
0000
1b4a
0000
1b4a
0000
1b4a
0000
1b4a
0000
1b4a
0000
1b4a
0000
1b4a
0000
1b4a
0000
1b4a
0000
1b4a
0000
1b4a
0000
1b4a
0000
1b4a
0000
1b4a
0000
1b4a
0000
1b4a
0000
1b4a
0000
1b4a
0000
1b4a
0000
1b4a
0000
1b4a
0000
1b4a
0000
1b4a
0000
1b4a
0000
1b4a
0000
1b4a
0000
1b4a
0000
1b4a
0000
1b4a
0000
1b4a
0000
1b4a
0000
1b4a
0000
1b4a
0000
1b4a
0000
1b4a
0000
1b4a
0000
1b4a
0000
1b4a
0000
1b4a
0000
1b4a
0000
1b4a
0000
1b4a
0000
1b4a
0000
1b4a
0000
1b4a
0000
1b4a
0000
1b4a
0000
1b4a
0000
1b4a
0000
1b4a
0000
1b4a
0000
1b4a
0000
1b4a
0000
1b4a
0000
1b4a
0000
1b4a
0000
1b4a
0000
1b4a
0000
1b4a
0000
1b4a
0000
1b4a
0000
1b4a
0000
1b4a
0000
1b4a
0000
1b4a
0000
1b4a
0000
1b4a
0000
1b4a
0000
1b4a
0000
1b4a
0000
1b4a
0000
1b4a
0000
1b4a
0000
1b4a
0000
1b4a
0000
1b4a
0000
1b4a
0000
1b4a
0000
1b4a
0000
1b4a
c67e
6402
3a82
9cfe
436f
7079
7269
6768
7420
3139
3835
2c22
4d69
6477
6179
204d
6667
2e20
436f
2e00
0000
4256
0007
0004
0000
4256
0007
0004
48e7
fffe
1239
0006
0000
1039
0006
0002
0200
000f
13fc
003e
0006
0004
1439
0006
0004
6af8
1239
0006
0002
1439
0006
0000
13fc
003d
0006
0004
e901
d001
6000
004e
103c
0081
4239
0007
00d1
23fc
0000
0000
0007
0038
6000
008e
103c
0073
6000
0086
103c
007a
6000
007e
103c
007c
6000
0076
103c
0082
6000
006e
4280
1039
0007
00ce
13fc
ffff
0007
00ce
6000
0022
207c
0007
00c6
1210
d1fc
ffff
ffff
1141
0002
b1fc
0007
00c0
6cec
13c0
0007
00c0
0c00
00ef
6400
14fc
0c00
0007
6700
106a
0c00
001c
6700
06b8
0c00
0066
6700
0706
0c00
0032
6786
0c00
000a
6788
0c00
0006
678a
0c00
000b
678c
4cf9
0300
0000
0428
4241
1200
e341
3470
1000
0c00
0000
6700
0afc
0c00
008a
6300
008a
0c00
00a1
6300
0a06
0c00
00af
6300
02ae
0c00
00e4
6300
0732
0c00
00e5
6300
07ae
0c00
00ed
6300
0acc
6000
0132
6000
147a
0c39
0012
0007
00a5
6700
146e
6000
011e
0c00
008a
6e00
0080
b039
0007
00a0
6700
02a8
b039
0007
00a1
6700
0310
b039
0007
00a2
6700
0378
b039
0007
00a3
6700
03e0
b039
0007
00a4
6700
0994
b039
0007
00a5
6700
00da
6000
0040
0c00
0054
6400
0450
0c00
003c
6e00
1412
122a
000d
0c00
0019
6700
00ba
0c00
003b
6700
00b2
0c00
0004
6796
0c00
0007
6790
0c00
0054
6c8a
0c00
0036
6700
09a6
0c39
0000
0007
00a5
6700
008c
0c39
0000
0007
00a4
6700
0930
0c39
0000
0007
00a6
6700
0982
0c39
0000
0007
00a0
6700
0204
0c39
0000
0007
00a1
6700
026a
0c39
0000
0007
00a2
6700
02d0
122a
000d
b239
0007
009a
6e00
0042
b239
0007
009c
6e00
0946
b239
0007
0098
6e00
08de
b239
0007
0096
6e00
0316
b239
0007
0090
6e00
01b6
b239
0007
0092
6e00
021e
b239
0007
0094
6e00
0286
6000
134e
122a
000d
b239
0007
009a
6d00
1340
221a
23c1
0007
0050
23fc
0000
0000
0007
0018
241a
9481
33c2
0007
0062
241a
6700
000e
9481
6600
0008
243c
0000
0001
33c2
0007
0070
13da
0007
00b3
13da
0007
009a
23fc
0000
0001
0007
0034
13c0
0007
00a5
0c00
001f
6700
0036
0c00
003b
6700
002e
0c00
0019
6700
0086
0c00
0010
6400
12d0
6000
12cc
4a39
0007
00cf
6600
12c2
23fc
0000
0000
0007
0038
6000
12b4
23fc
0000
0002
0007
0034
6000
12a6
23fc
0000
0003
0007
0034
6000
1298
23fc
0000
0004
0007
0034
6000
128a
23fc
0000
0005
0007
0034
6000
127c
23fc
0000
0006
0007
0034
6000
126e
23fc
0000
0005
0007
0034
6000
1260
13fc
0001
0007
00d1
6000
1254
4a39
0007
00cc
6700
0008
4239
0007
00cc
13fc
0001
0007
00cc
23fc
0000
0003
0007
0034
6000
122e
23fc
0000
0001
0007
0038
6000
1220
23fc
0000
0000
0007
0038
6000
1212
40c0
0240
2000
67dc
4239
0007
00cc
13fc
0000
0007
00a5
23fc
0000
0001
0007
0038
6000
11ee
0c00
00aa
6e00
11e6
1439
0007
0144
0c02
0001
6700
008c
0c02
0002
6700
00f6
0c02
0003
6700
0160
0c02
0004
6c00
11c0
122a
000d
b239
0007
0090
6d00
11b2
304a
2218
23c1
0007
003c
23fc
0000
0000
0007
0004
2418
9481
33c2
0007
0058
2418
6700
000e
9481
6600
0008
243c
0000
0001
33c2
0007
0066
0c39
00a8
0007
00a0
6700
000c
23fc
0001
0000
0007
0020
13d8
0007
00ae
13d8
0007
0090
13c0
0007
00a0
4280
6000
114e
122a
000d
b239
0007
0092
6d00
1140
304a
2218
23c1
0007
0040
23fc
0000
0000
0007
0008
2418
9481
33c2
0007
005a
2418
6700
000e
9481
6600
0008
243c
0000
0001
33c2
0007
0068
13d8
0007
00af
13d8
0007
0092
0c39
00a8
0007
00a1
6700
000c
23fc
0001
0000
0007
0024
13c0
0007
00a1
4280
6000
10dc
122a
000d
b239
0007
0094
6d00
10ce
304a
2218
23c1
0007
0044
23fc
0000
0000
0007
000c
2418
9481
33c2
0007
005c
2418
6700
000e
9481
6600
0008
243c
0000
0001
33c2
0007
006a
13d8
0007
00b0
13d8
0007
0094
0c39
00a8
0007
00a2
6700
000c
23fc
0001
0000
0007
0028
13c0
0007
00a2
4280
6000
106a
122a
000d
b239
0007
0096
6d00
105c
304a
1228
000d
b239
0007
0096
6d00
104c
2218
23c1
0007
0048
23fc
0000
0000
0007
0010
2418
9481
33c2
0007
005e
2418
6700
000e
9481
6600
0008
243c
0000
0001
33c2
0007
006c
13d8
0007
00b1
13d8
0007
0096
0c39
00a8
0007
00a3
6700
000c
23fc
0001
0000
0007
002c
13c0
0007
00a3
4280
6000
0fea
103c
0080
4cf9
0300
0000
0428
4241
1200
e341
3470
1000
122a
0011
6000
005e
122a
0011
0c39
0000
0007
00a0
6700
007a
0c39
0000
0007
00a1
6700
00c8
0c39
0000
0007
00a2
6700
0116
0c39
0000
0007
00a3
6700
048e
b039
0007
00a0
6700
004c
b039
0007
00a1
6700
009c
b039
0007
00a2
6700
00ec
b039
0007
00a3
6700
0466
b239
0007
0090
6e00
0024
b239
0007
0092
6e00
0074
b239
0007
0094
6e00
00c4
b239
0007
0096
6e00
043e
6000
0f44
204a
2218
23c1
0007
003c
23fc
0000
0000
0007
0004
2418
9481
33c2
0007
0058
2418
6700
000e
9481
6600
0008
243c
0000
0001
33c2
0007
0066
23d8
0007
0020
13d8
0007
00ae
13d8
0007
0090
13c0
0007
00a0
0c00
007f
6700
ff06
6000
0eea
204a
2218
23c1
0007
0040
23fc
0000
0000
0007
0008
2418
9481
33c2
0007
005a
2418
6700
000e
9481
6600
0008
243c
0000
0001
33c2
0007
0068
23d8
0007
0024
13d8
0007
00af
13d8
0007
0092
13c0
0007
00a1
0c00
007f
6700
feac
6000
0e90
204a
2218
23c1
0007
0044
23fc
0000
0000
0007
000c
2418
9481
33c2
0007
005c
2418
6700
000e
9481
6600
0008
243c
0000
0001
33c2
0007
006a
23d8
0007
0028
13d8
0007
00b0
13d8
0007
0094
13c0
0007
00a2
0c00
007f
6700
fe52
6000
0e36
4a39
0007
00cf
6600
0e2c
2079
0007
011c
1018
6700
000c
23c8
0007
011c
6000
f94c
207c
0000
0be0
23c8
0007
011c
60e2
1c28
292a
2b2b
2a1c
2a2a
2b29
281c
282a
282a
2b1c
1c2b
2829
2a29
2b2b
2b1c
2829
2b2b
1c2b
1c1c
00ff
4a39
0007
00cf
6600
0dd6
2079
0007
0120
1018
6700
000c
23c8
0007
0120
6000
f8f6
207c
0000
0c36
23c8
0007
0120
60e2
6679
6679
6679
7979
6666
6679
6666
7900
2079
0000
4256
23c8
0007
00e8
1039
0007
009f
4239
0007
009f
4239
0007
0078
4239
0007
0149
4ef9
0000
05c6
6100
1474
6100
0978
6000
0090
13c0
0007
013e
6000
0d62
4281
1200
0c00
00d8
6c00
015c
0c00
00cb
6c00
00e0
0c00
00be
6c00
01c0
b039
0007
013e
6700
0d3c
4239
0007
00ae
4239
0007
00af
40c2
0242
2000
6700
002a
4239
0007
00d2
13fc
ffff
0007
0143
13fc
0001
0007
00ca
4239
0007
0147
4239
0007
00cf
4239
0007
00bf
0c00
00b3
6e00
0cf6
0601
0066
13c1
0007
013a
6100
13e8
6100
08ec
13c0
0007
013e
0c00
00e5
6e00
0cd6
13fc
ffff
0007
00b5
13fc
ffff
0007
00ba
247c
0007
0126
6100
13ce
23fc
0007
00d8
0007
0108
13c0
0007
0148
103c
00a6
6100
13c6
1039
0007
0148
41f9
0000
4256
e340
3470
0000
23ca
0007
00ec
23ca
0007
00d8
4239
0007
0144
6100
1424
6100
1c32
6100
134a
6000
0c70
0c00
00ce
6e00
0c68
4a39
0007
00ca
6600
000c
40c2
0242
2000
6600
0c54
13fc
ffff
0007
00b6
13fc
ffff
0007
00bb
247c
0007
0127
6100
134c
23fc
0007
00dc
0007
0108
0240
00ff
41f9
0000
4256
e340
3470
0000
23ca
0007
00f0
23ca
0007
00dc
13fc
0001
0007
0144
6100
13b0
6100
1bbe
6100
12d6
6000
0bfc
0c00
00db
6e00
0bf4
4a39
0007
00ca
6600
000c
40c2
0242
2000
6600
0be0
13fc
ffff
0007
00b7
13fc
ffff
0007
00bc
247c
0007
0128
6100
12d8
23fc
0007
00e0
0007
0108
0240
00ff
41f9
0000
4256
e340
3470
0000
23ca
0007
00f4
23ca
0007
00e0
13fc
0002
0007
0144
6100
133c
6100
1b4a
6100
1262
6000
0b88
13c0
0007
013d
0c00
00c1
6e00
0b7a
4a39
0007
00ca
6600
000c
40c2
0242
2000
6600
0b66
13fc
ffff
0007
00b8
13fc
ffff
0007
00bd
247c
0007
0129
6100
125e
23fc
0007
00e4
0007
0108
41f9
0000
4256
0240
00ff
e340
41f0
0000
3450
23ca
0007
00f8
23ca
0007
00e4
13fc
0003
0007
0144
6100
12c0
6100
1ace
6100
11e6
6000
0b0c
221a
23c1
0007
0048
23fc
0000
0000
0007
0010
241a
9481
33c2
0007
005e
241a
6700
000e
9481
6600
0008
243c
0000
0001
33c2
0007
006c
23da
0007
002c
13da
0007
00b1
13da
0007
0096
13c0
0007
00a3
0c00
007f
6700
fad0
6000
0ab4
4cf9
0300
0000
0428
4241
1200
e341
3470
1000
6000
0002
221a
23c1
0007
004c
23fc
0000
0000
0007
0014
23fc
0000
0001
0007
0030
241a
9481
33c2
0007
0060
241a
6700
000e
9481
6600
0008
243c
0000
0001
33c2
0007
006e
13da
0007
00b2
13da
0007
0098
13c0
0007
00a4
4a39
0007
013e
6600
0006
6000
0a40
4cf9
0300
0000
0428
4241
1200
e341
3470
1000
204a
221a
23c1
0007
0054
23fc
0000
0000
0007
001c
23fc
0000
0001
0007
0038
241a
9481
33c2
0007
0064
241a
6700
000e
9481
6600
0008
243c
0000
0001
33c2
0007
0072
13da
0007
00b4
13da
0007
009c
13c0
0007
00a6
4a39
0007
013e
6600
0006
6000
09ce
4cf9
0300
0000
0428
4241
1200
e341
3470
1000
6000
f66c
0c00
0000
6700
0852
0c00
00e7
6700
002e
0c00
00e8
6700
002e
0c00
00e9
6700
0062
0c00
00ea
6700
0062
0c00
00eb
6700
003e
0c00
00ec
6700
0022
6000
097c
103c
0001
6000
01d6
103c
0036
123c
0037
143c
003a
163c
00ff
6000
003a
103c
0074
123c
0075
143c
0076
163c
0077
6000
0026
103c
0030
123c
0030
143c
0026
163c
0026
6000
0012
103c
0073
6000
0192
103c
001e
6000
018a
b039
0007
00a6
6600
0006
6700
0186
b239
0007
00a6
6600
0006
6700
0178
b439
0007
00a6
6600
0006
6700
016a
b639
0007
00a6
6600
0006
6700
015c
b039
0007
00a5
6600
0006
6700
0186
b239
0007
00a5
6600
0006
6700
0178
b439
0007
00a5
6600
0006
6700
016a
b639
0007
00a5
6600
0006
6700
015c
b039
0007
00a4
6600
0006
6700
0186
b239
0007
00a4
6600
0006
6700
0178
b439
0007
00a4
6600
0006
6700
016a
b639
0007
00a4
6600
0006
6700
015c
b039
0007
00a3
6600
0006
6700
0186
b239
0007
00a3
6600
0006
6700
0178
b439
0007
00a3
6600
0006
6700
016a
b639
0007
00a3
6600
0006
6700
015c
b039
0007
00a0
6600
0006
6700
0186
b239
0007
00a0
6600
0006
6700
0178
b439
0007
00a0
6600
0006
6700
016a
b639
0007
00a0
6600
0006
6700
015c
b039
0007
00a1
6600
0006
6700
0186
b239
0007
00a1
6600
0006
6700
0178
b439
0007
00a1
6600
0006
6700
016a
b639
0007
00a1
6600
0006
6700
015c
b039
0007
00a2
6600
0006
6700
0186
b239
0007
00a2
6600
0006
6700
0178
b439
0007
00a2
6600
0006
6700
016a
b639
0007
00a2
6600
07a4
6700
015c
b039
0007
00a6
6600
0030
4239
0007
00b4
4239
0007
00a6
4239
0007
009c
42b9
0007
0054
4279
0007
0064
42b9
0007
0038
4279
0007
0072
6000
0768
b039
0007
00a5
6600
0030
4239
0007
00b3
4239
0007
00a5
4239
0007
009a
42b9
0007
0050
4279
0007
0062
42b9
0007
0034
4279
0007
0070
6000
0730
b039
0007
00a4
6600
0030
4239
0007
00b2
4239
0007
00a4
4239
0007
0098
42b9
0007
004c
4279
0007
0060
42b9
0007
0030
4279
0007
006e
6000
06f8
b039
0007
00a3
6600
0030
4239
0007
00b1
4239
0007
00a3
4239
0007
0096
42b9
0007
0048
4279
0007
005e
42b9
0007
002c
4279
0007
006c
6000
06c0
b039
0007
00a0
6600
0030
4239
0007
00ae
4239
0007
00a0
4239
0007
0090
42b9
0007
003c
4279
0007
0058
42b9
0007
0020
4279
0007
0066
6000
0688
b039
0007
00a1
6600
0030
4239
0007
00af
4239
0007
00a1
4239
0007
0092
42b9
0007
0040
4279
0007
005a
42b9
0007
0024
4279
0007
0068
6000
0650
b039
0007
00a2
6600
0646
4239
0007
00b0
4239
0007
00a2
4239
0007
0094
42b9
0007
0044
4279
0007
005c
42b9
0007
0028
4279
0007
006a
6000
0618
4239
0007
00b3
4239
0007
00a5
4239
0007
009a
42b9
0007
0050
4279
0007
0062
42b9
0007
0034
4279
0007
0070
6000
05ea
0c39
0026
0007
00a4
6700
000e
0c39
0030
0007
00a4
6600
0030
4239
0007
00b2
4239
0007
00a4
4239
0007
0098
42b9
0007
004c
4279
0007
0060
42b9
0007
0030
4279
0007
006e
6000
05a4
0c39
0026
0007
00a3
6700
000e
0c39
0030
0007
00a3
6600
0030
4239
0007
00b1
4239
0007
00a3
4239
0007
0096
42b9
0007
0048
4279
0007
005e
42b9
0007
002c
4279
0007
006c
6000
055e
0c39
0026
0007
00a0
6700
000e
0c39
0030
0007
00a0
6600
0030
4239
0007
00ae
4239
0007
00a0
4239
0007
0090
42b9
0007
003c
4279
0007
0058
42b9
0007
0020
4279
0007
0066
6000
0518
0c39
0026
0007
00a1
6700
000e
0c39
0030
0007
00a1
6600
0030
4239
0007
00af
4239
0007
00a1
4239
0007
0092
42b9
0007
0040
4279
0007
005a
42b9
0007
0024
4279
0007
0068
6000
04d2
0c39
0026
0007
00a2
6700
000e
0c39
0030
0007
00a2
6600
04ba
4239
0007
00b0
4239
0007
00a2
4239
0007
0094
42b9
0007
0044
4279
0007
005c
42b9
0007
0028
4279
0007
006a
6000
048c
0879
0004
0006
0002
0879
0005
0006
0002
13fc
0001
0007
00cb
6000
0470
3039
0006
0000
0040
0030
41f9
0006
0000
0188
0000
203c
0000
0064
57c8
fffe
3039
0006
0000
0240
ffcf
41f9
0006
0000
0188
0000
203c
0000
0064
57c8
fffe
3039
0006
0000
0040
0030
41f9
0006
0000
0188
0000
203c
0000
0064
57c8
fffe
3039
0006
0000
0240
ffcf
41f9
0006
0000
0188
0000
6000
03fe
6000
0914
343c
0002
13c2
0007
013f
13c2
0007
0140
13c2
0007
0141
13c2
0007
0142
33f9
0007
008e
0007
0124
4e75
343c
0002
13c2
0007
0142
5342
13c2
0007
013f
13c2
0007
0141
13c2
0007
0140
33f9
0007
008e
0007
0124
4e75
6100
0f54
6100
0fa6
6100
0ff8
6100
1050
6100
0ee2
103c
004f
6100
0aae
6100
0a88
33fc
0000
0007
0058
33fc
0000
0007
005a
33fc
0000
0007
005c
33fc
0000
0007
005e
33fc
0000
0007
0060
33fc
0000
0007
0062
33fc
0000
0007
0064
23fc
0000
4256
0007
004c
23fc
0000
4256
0007
0050
23fc
0000
4256
0007
0054
23fc
0000
4256
0007
003c
23fc
0000
4256
0007
0040
23fc
0000
4256
0007
0044
23fc
0000
4256
0007
0048
42b9
0007
0030
42b9
0007
0034
42b9
0007
0038
42b9
0007
0020
42b9
0007
0024
42b9
0007
0028
42b9
0007
002c
33fc
ffff
0007
008e
33f9
0007
008e
0007
0124
4239
0007
013e
13c0
0007
00d5
4239
0007
009f
4239
0007
0090
4239
0007
0092
4239
0007
0094
4239
0007
0096
4239
0007
0098
4239
0007
00a0
4239
0007
00a1
4239
0007
00a2
4239
0007
00a3
4239
0007
00a4
4239
0007
00a5
4239
0007
00a6
4239
0007
00ae
4239
0007
00af
4239
0007
00b0
4239
0007
00b1
4239
0007
00b2
4239
0007
00b3
4239
0007
00b4
4239
0007
00ca
33ca
0007
007e
33ca
0007
0080
4240
4241
4242
4243
203c
0000
0000
13c0
0007
00d1
13c0
0007
00d2
13c0
0007
00bf
13c0
0007
00cf
23c0
0007
00dc
23c0
0007
00e0
23c0
0007
00e4
33c0
0007
0066
33c0
0007
0068
33c0
0007
006a
33c0
0007
006c
33c0
0007
006e
33c0
0007
0070
33c0
0007
0072
33c0
0007
008e
33c0
0007
0124
13c0
0007
00ae
13c0
0007
00af
13c0
0007
00b0
13c0
0007
00b1
13c0
0007
00b2
13c0
0007
00b3
13fc
001b
0007
00d3
13fc
0028
0007
00d4
13fc
0000
0007
00a5
103c
00ff
13c0
0007
0143
103c
0002
13c0
0007
013f
13c0
0007
0140
13c0
0007
0141
13c0
0007
0142
6100
0864
6000
0160
13c0
0007
00d5
4239
0007
009f
4239
0007
0090
4239
0007
0092
4239
0007
0094
4239
0007
0096
4239
0007
0098
4239
0007
00a1
4239
0007
00a2
4239
0007
00a3
4239
0007
00af
4239
0007
00b0
4239
0007
00b1
4239
0007
00b2
33ca
0007
007e
33ca
0007
0080
4a39
0007
013e
6600
0096
4239
0007
00ca
4240
4241
4242
4243
203c
0000
0000
13c0
0007
00d1
13c0
0007
00d2
13c0
0007
00bf
13c0
0007
00cf
23c0
0007
00dc
23c0
0007
00e0
23c0
0007
00e4
33c0
0007
008e
33c0
0007
0124
13fc
001b
0007
00d3
13fc
0028
0007
00d4
13fc
0000
0007
00a5
103c
00ff
13c0
0007
0143
103c
0002
13c0
0007
013f
13c0
0007
0140
13c0
0007
0141
13c0
0007
0142
6100
076a
103c
003f
6100
0784
33c0
0007
0066
33c0
0007
0068
33c0
0007
006a
33c0
0007
006c
33c0
0007
006e
33c0
0007
0070
33c0
0007
0072
13c0
0007
00ae
13c0
0007
00af
13c0
0007
00b0
13c0
0007
00b1
13c0
0007
00b2
13c0
0007
00b3
13fc
00ff
0007
00cd
6000
0008
4239
0007
00cd
40c0
0240
2000
6700
002c
4a39
0007
00cb
6600
006c
4a39
0007
00ca
6600
0038
4a39
0007
0147
6700
0044
4239
0007
00ca
4cdf
7fff
4e73
4280
1039
0007
0143
6b00
000c
5300
13c0
0007
0143
4e75
2e7c
0007
079c
6000
04c8
4280
1039
0007
0143
6b00
000c
5300
13c0
0007
0143
4e75
13fc
ffff
0007
0143
4239
0007
00ca
4239
0007
0147
4239
0007
00cb
2e7c
0007
0800
4cdf
7fff
027c
d8ff
2e7c
0007
079c
6000
0480
40c0
0240
2000
67a6
4cdf
7fff
027c
d8ff
6000
046c
48e7
fffe
1039
0007
00c9
5200
0c00
003c
6300
0006
103c
0011
13c0
0007
00c9
6000
ea2e
60c8
103c
003c
13c0
0006
0006
303c
ffff
5340
66fc
303c
ffff
5340
66fc
103c
0034
13c0
0006
0006
303c
ffff
5340
66fc
303c
ffff
5340
66fc
60ca
103c
003c
13c0
0006
0006
303c
ffff
5340
66fc
103c
0034
13c0
0006
0006
303c
ffff
5340
66fc
103c
003c
13c0
0006
0006
303c
ffff
5340
66fc
303c
ffff
5340
66fc
103c
0034
13c0
0006
0006
303c
ffff
5340
66fc
303c
ffff
5340
66fc
60a6
41f9
0006
0000
4240
0188
0004
303c
fff0
0188
0000
303c
3d34
0188
0004
0308
0000
43f9
0000
0400
103c
003c
13c0
0006
0006
1229
0001
6700
0018
41f8
0000
4240
d018
5248
b1fc
0001
fffe
63f4
b200
66fe
303c
ffff
5340
66fc
103c
0034
13c0
0006
0006
303c
ffff
5340
66fc
103c
003c
13c0
0006
0006
1211
6700
0018
41f8
0001
4240
d018
5248
b1fc
0001
ffff
63f4
b200
66fe
303c
ffff
5340
66fc
103c
0034
13c0
0006
0006
303c
ffff
5340
66fc
103c
003c
13c0
0006
0006
1229
0003
6700
001a
41f9
0002
0000
4240
d018
5248
b1fc
0003
fffe
63f4
b200
66fe
303c
ffff
5340
66fc
103c
0034
13c0
0006
0006
303c
ffff
5340
66fc
103c
003c
13c0
0006
0006
1229
0002
6700
001a
41f9
0002
0001
4240
d018
5248
b1fc
0003
ffff
63f4
b200
66fe
303c
ffff
5340
66fc
103c
0034
13c0
0006
0006
303c
ffff
5340
66fc
103c
003c
13c0
0006
0006
4df9
0007
0000
303c
8000
3c80
b056
66fe
e248
66f6
303c
8000
548e
bdfc
0007
1000
66e8
303c
ffff
5340
66fc
103c
0034
13c0
0006
0006
303c
ffff
5340
66fc
103c
003c
13c0
0006
0006
103c
0080
13c0
0006
0000
b039
0006
0000
66fe
e208
66ee
103c
007f
13c0
0006
0000
4e71
4e71
4e71
4e71
103c
003d
13c0
0006
0004
303c
ffff
5340
66fc
103c
0034
13c0
0006
0006
207c
0007
0000
323c
0400
4240
30c0
5341
66fa
323c
0400
207c
0007
0800
30c0
5341
66fa
33fc
0100
0007
0088
33fc
007f
0007
008a
247c
0000
0000
4cf9
0300
0000
0428
3450
2e7c
0007
079c
13fc
001b
0007
00d3
13fc
0028
0007
00d4
4280
13c0
0007
00d2
13c0
0007
00d5
13c0
0007
00d1
13c0
0007
00ca
13c0
0007
00bf
13c0
0007
0144
13c0
0007
0145
33c0
0007
0084
13c0
0007
009f
13c0
0007
00a0
13c0
0007
00a1
13c0
0007
00a2
13c0
0007
00a3
13c0
0007
00a4
13c0
0007
00cf
13c0
0007
00d0
13fc
0000
0007
00a5
13c0
0007
00a6
13c0
0007
00ae
13c0
0007
00af
13c0
0007
00b0
13c0
0007
00b1
13c0
0007
00b2
13c0
0007
00b3
13c0
0007
00b4
13c0
0007
0090
13c0
0007
0092
13c0
0007
0094
13c0
0007
0096
13c0
0007
0098
13c0
0007
009a
13c0
0007
009c
13fc
ffff
0007
00ce
47f9
0007
0020
26c0
26c0
26c0
26c0
26c0
26c0
26c0
47f9
0007
0004
26c0
26c0
26c0
26c0
26c0
26c0
26c0
47f9
0007
0058
36c0
36c0
36c0
36c0
36c0
36c0
36c0
103c
00ff
13c0
0007
0143
13c0
0007
00b5
13c0
0007
00b6
13c0
0007
00b7
13c0
0007
00b8
13c0
0007
00ba
13c0
0007
00bb
13c0
0007
00bc
13c0
0007
00bd
207c
0000
0be0
23c8
0007
011c
47f9
0000
4256
23cb
0007
003c
23cb
0007
0040
23cb
0007
0044
23cb
0007
0048
23cb
0007
004c
23cb
0007
0050
23cb
0007
0054
33fc
0238
0007
008e
6100
f700
4239
0007
0146
027c
d8ff
2e7c
0007
0800
4cf9
7f7f
0007
0004
d088
d289
d48a
d68b
d88c
da8d
dc8e
48f9
007f
0007
0004
4cb9
7f00
0007
0058
4840
4841
4842
4843
b0c0
6500
0b2c
b2c1
6500
0c44
b4c2
6500
0d5c
b6c3
6500
0e68
b8c4
6500
0f78
bac5
6500
1030
bcc6
6500
121a
4cf9
7f00
0007
003c
1030
0000
1231
1000
1432
2000
1633
3000
1834
4000
1a35
5000
1c36
6000
3e3c
00ff
c047
c247
c447
c647
c847
ca47
cc47
d041
d042
d043
d044
d045
d046
eb40
6400
0006
303c
ffc0
41f9
0006
0000
4241
1228
0002
0201
0030
8041
0188
0000
5379
0007
0124
6600
ff3e
6000
0002
13fc
0001
0007
0147
4a39
0007
013e
6700
0032
45f9
0007
0126
6100
0142
33f9
0007
008e
0007
0124
4240
1039
0007
013f
5300
13c0
0007
013f
6600
0006
6100
002a
6100
00b4
4239
0007
0147
2e7c
0007
079c
40c0
0240
2000
6700
fee2
027c
d8ff
2e7c
0007
079c
6000
fed4
45f9
0007
012a
6100
00ee
13fc
0002
0007
013f
1039
0007
0140
5300
13c0
0007
0140
6600
0006
6100
0004
4e75
45f9
0007
012e
6100
00c4
13fc
0002
0007
0140
1039
0007
0141
5300
13c0
0007
0141
66dc
6100
0004
4e75
45f9
0007
0132
6100
009c
13fc
0002
0007
0141
1039
0007
0142
5300
13c0
0007
0142
66b4
6100
0004
4e75
45f9
0007
0136
6100
0074
13fc
0002
0007
0142
4e75
1039
0007
0143
0c00
00ff
6600
0018
45f9
0007
0126
1012
6b00
000e
101a
b5fc
0007
013a
6df0
4e75
441a
60ea
45f9
0007
0126
421a
b5fc
0007
013a
6df6
4e75
4212
422a
0004
422a
0008
422a
000c
4e75
0639
0001
0007
0143
6100
e3d2
4e75
0639
0001
0007
0143
6100
ed46
4e75
303c
0004
0c1a
0001
6700
000e
0440
0001
6b00
0004
66ee
4e75
23ca
0007
0110
13c0
0007
0084
422a
ffff
247c
0007
00d8
203c
0000
0004
9039
0007
0084
13c0
0007
0144
e540
d5c0
23ca
0007
0108
2452
6100
001c
6100
082a
2479
0007
0110
4280
1039
0007
0084
0440
0001
67ae
609a
4280
1039
0007
0144
1200
6700
0088
0c00
0001
6700
0168
0c00
0002
6700
01ea
101a
0c00
fffe
6700
05a6
0c00
fffc
6700
06d2
0c00
fff7
6700
072c
0c00
fffa
6700
0742
0c00
fff9
6700
0506
0c00
fff8
6700
02e4
0c00
fffd
6700
001e
0c00
fff3
6700
05de
0c00
fff2
6700
0638
0c00
fff6
6700
0008
6100
ff08
4e75
2f0a
103c
0098
6100
fefc
245f
95fc
0000
0001
227c
0007
0108
2251
228a
4e75
301a
121a
0c40
fffe
6700
052e
0c40
fffc
6700
065a
0c40
fff7
6700
06b4
0c40
fffa
6700
06ca
0c40
fff9
6700
048e
0c40
fff8
6700
026c
0c40
fffd
6700
009c
0c40
fff6
6700
0088
0c40
fff4
6700
06ec
0c40
fff5
6700
04cc
0c40
fff3
6700
0550
0c40
fff2
6700
05aa
0c40
fff1
6700
04e4
0c40
fff0
6700
047e
0c40
ffef
6700
0460
2f0a
1039
0007
00a7
6100
fe60
245f
4280
1022
1022
528a
d039
0007
00d2
0c00
0058
6600
000e
9039
0007
00d2
4239
0007
00d2
e540
227c
0000
4b9e
2031
0000
23c0
0007
0020
227c
0007
0108
2251
228a
4e75
2f0a
103c
00a3
6100
fe14
245f
95fc
0000
0001
227c
0007
0108
2251
228a
4e75
301a
121a
0c40
fff8
6700
0282
0c40
fffe
6700
0102
0c40
fffd
6700
018e
0c40
00a3
6700
0102
0c40
fff4
6700
063c
0c40
fff3
6700
0490
0c40
fff2
6700
04ea
2f0a
1039
0007
00a8
6100
fdb8
245f
4280
1022
1022
528a
d039
0007
00d2
0c00
0058
6600
000e
9039
0007
00d2
4239
0007
00d2
e540
227c
0000
4b9e
2031
0000
23c0
0007
0024
227c
0007
0108
2251
228a
4e75
301a
121a
0c40
fff8
6700
024e
0c40
fffe
6700
0078
0c40
fffd
6700
0104
0c40
fff4
6700
05d2
0c40
00a3
6700
0070
0c40
fff3
6700
0406
0c40
fff2
6700
0460
2f0a
1039
0007
00a9
6100
fd2e
245f
4280
1022
1022
528a
d039
0007
00d2
0c00
0058
6600
000e
9039
0007
00d2
4239
0007
00d2
e540
227c
0000
4b9e
2031
0000
23c0
0007
0028
227c
0007
0108
2251
228a
4e75
4e71
4e71
1012
6100
fce2
201f
6000
fd4c
0c39
0001
0007
0144
6600
002a
0c39
00a2
0007
00a1
6700
0046
0c39
00a5
0007
00a1
6700
003a
0c39
00a7
0007
00a1
6700
002e
6000
0046
0c39
00a2
0007
00a2
6700
002c
0c39
00a5
0007
00a2
6700
0020
0c39
00a7
0007
00a2
6700
0014
6000
001e
103c
00a8
13c0
0007
00a1
6000
0014
103c
00a8
13c0
0007
00a2
6000
0006
103c
00a3
2f0a
6100
fc5a
245f
1022
227c
0007
0108
2251
228a
4e75
123c
008a
b239
0007
00a0
6400
0006
6100
0064
b239
0007
00a1
6400
0006
6100
00b8
b239
0007
00a2
6400
0006
6100
0100
b239
0007
00a3
6400
0006
6100
0148
b239
0007
00a4
6400
000e
6100
0196
103c
004f
6100
fbf8
6100
fbd2
33fc
ffff
0007
008e
33f9
0007
008e
0007
0124
4239
0007
013e
201f
6000
fc46
42b9
0007
0004
4239
0007
00a0
4239
0007
0090
42b9
0007
0020
4279
0007
0058
4279
0007
0066
23fc
0000
4256
0007
003c
4239
0007
00bf
4239
0007
00b5
4239
0007
013a
42b9
0007
00d8
4279
0007
0066
4239
0007
00ae
2f0a
247c
0007
0126
6100
fb68
245f
4e75
4239
0007
00a1
4239
0007
0092
42b9
0007
0008
42b9
0007
0024
4279
0007
005a
4279
0007
0068
23fc
0000
4256
0007
0040
4239
0007
00b6
42b9
0007
00dc
4279
0007
0068
4239
0007
00af
2f0a
247c
0007
0127
6100
fb12
245f
4e75
4239
0007
00a2
4239
0007
0094
42b9
0007
000c
42b9
0007
0028
4279
0007
005c
4279
0007
006a
23fc
0000
4256
0007
0044
4239
0007
00b7
42b9
0007
00e0
4279
0007
006a
4239
0007
00b0
2f0a
247c
0007
0128
6100
fabc
245f
4e75
4239
0007
00a3
4239
0007
0096
42b9
0007
0010
42b9
0007
002c
4279
0007
005e
4279
0007
006c
23fc
0000
4256
0007
0048
4239
0007
00b8
4239
0007
013d
42b9
0007
00e4
4279
0007
006c
4239
0007
00b1
2f0a
247c
0007
0129
6100
fa60
245f
4e75
4239
0007
00a4
4239
0007
0098
42b9
0007
0014
42b9
0007
0030
4279
0007
0060
4279
0007
006e
23fc
0000
4256
0007
004c
4239
0007
00a4
4239
0007
00b2
4e75
534a
33da
0007
008e
33f9
0007
008e
0007
0124
227c
0007
0108
2251
228a
6100
fa96
4e75
13da
0007
00d2
227c
0007
0108
2251
228a
6100
fa80
4e75
101a
d139
0007
00d2
0c39
0015
0007
00d2
6700
0012
227c
0007
0108
2251
228a
6100
fa5c
4e75
13fc
0001
0007
00d2
60e6
101a
2f0a
6100
f9c2
245f
227c
0007
0108
2251
228a
6100
fa38
4e75
1012
6100
f9aa
4a39
0007
0144
6600
fa9a
201f
6000
fa0a
538a
4280
1039
0007
00bf
5239
0007
00bf
e540
264a
2472
0000
220a
6700
0028
b5fc
ffff
ffff
6700
0012
227c
0007
0108
2251
228a
6100
f9ea
4e75
4240
4239
0007
00bf
244b
60d0
d7fc
0000
0004
d7c0
244b
4239
0007
00bf
6100
f9c8
4e75
548a
538a
207c
0007
00b5
4281
4280
1239
0007
0144
1030
1000
6700
0030
6a00
0024
102a
0005
6700
0008
5540
1180
1000
265a
227c
0007
0108
2251
228b
244b
6100
f986
4e75
5340
1180
1000
60e4
11bc
ffff
1000
5c8a
227c
0007
0108
2251
228a
6100
f966
4e75
548a
538a
207c
0007
00ba
4281
4280
1239
0007
0144
1030
1000
6700
0030
6a00
0024
102a
0005
5540
6b00
0022
1180
1000
265a
227c
0007
0108
2251
228b
244b
6100
f924
4e75
5340
1180
1000
60e4
11bc
ffff
1000
5c8a
227c
0007
0108
2251
228a
6100
f904
4e75
4a39
0007
0144
6700
0036
0c39
0003
0007
0144
6700
0006
6000
0020
2f0a
247c
0007
0129
6100
f846
245f
4280
1039
0007
013d
6700
0006
6100
f844
201f
6000
f8ae
2f0a
247c
0007
0126
6100
f822
245f
4280
1039
0007
013a
6700
0006
6100
f820
201f
6000
f88a
2f0a
247c
0007
0126
6100
f7fe
245f
1039
0007
013a
6100
f802
201f
6000
f86c
4280
101a
227c
0007
0108
2251
228a
23f9
0007
0108
0007
010c
13f9
0007
0144
0007
0145
6100
f7d6
13f9
0007
0145
0007
0144
23f9
0007
010c
0007
0108
227c
0007
0108
2451
2452
6100
f83a
4e75
4280
101a
13c0
0007
00a7
2f0a
6100
f7a2
245f
6100
f822
4e75
4280
101a
13c0
0007
00a8
2f0a
6100
f78a
245f
6100
f80a
4e75
4280
101a
13c0
0007
00a9
2f0a
6100
f772
245f
6100
f7f2
4e75
227c
0007
0108
247c
0000
0000
2251
2451
4280
101a
101a
228a
0c00
fff5
6700
001a
247c
0007
0126
e500
d039
0007
0144
d5c0
103c
ffff
1480
4e75
6100
f7b4
61c2
4e75
2479
0007
00f4
102a
0008
13c0
0007
0149
5500
6b00
0006
6000
dbce
4279
0007
0149
6000
0028
2479
0007
00f4
102a
0008
6700
001a
1039
0007
0149
67c6
5300
13c0
0007
0149
6700
0006
6000
db9e
2479
0007
00f4
102a
000b
6700
e210
13c0
0007
013c
2479
0000
4256
e300
2472
0000
23ca
0007
00f4
13ea
000b
0007
0094
4ef9
0000
05c6
4287
3e39
0007
0066
6700
0018
42b9
0007
0004
2047
33c8
0007
0006
2007
4840
6000
f4b6
41f9
0000
0428
3068
0002
4280
1039
0007
00ae
6600
0008
203c
0000
0081
13c0
0007
00a0
0c00
0054
6400
006e
e340
3070
0000
2e18
23c7
0007
003c
23fc
0000
0000
0007
0004
2018
9087
33c0
0007
0058
2018
6700
0004
9087
33c0
0007
0066
13d8
0007
00ae
13d8
0007
0090
23fc
0001
0000
0007
0020
203c
0000
00ff
0c39
0081
0007
00a0
6600
0012
4239
0007
00a0
23fc
0000
0000
0007
0020
6000
f420
e340
3070
0000
2e18
23c7
0007
003c
23fc
0000
0000
0007
0004
2018
9087
33c0
0007
0058
2018
6700
0004
9087
33c0
0007
0066
23d8
0007
0020
13d8
0007
00ae
13d8
0007
0090
203c
0000
00ff
0c39
0081
0007
00a0
66aa
4239
0007
00a0
23fc
0000
0000
0007
0020
6000
f3ba
4287
3e39
0007
0068
6700
0018
3247
42b9
0007
0008
33c9
0007
000a
2207
4841
6000
f39e
43f9
0000
0428
3269
0002
4287
1e39
0007
00af
6600
0008
2e3c
0000
0081
13c7
0007
00a1
0c07
0054
6400
006e
e347
3271
7000
2e19
23c7
0007
0040
23fc
0000
0000
0007
0008
2219
9287
33c1
0007
005a
2219
6700
0004
9287
33c1
0007
0068
13d9
0007
00af
13d9
0007
0092
23fc
0001
0000
0007
0024
2e3c
0000
00ff
0c39
0081
0007
00a1
6600
0012
4239
0007
00a1
23fc
0000
0000
0007
0024
6000
f308
e347
3271
7000
2e19
23c7
0007
0040
23fc
0000
0001
0007
0008
2219
9287
33c1
0007
005a
2219
6700
0004
9287
33c1
0007
0068
23d9
0007
0024
13d9
0007
00af
13d9
0007
0092
223c
0000
00ff
0c39
0081
0007
00a1
66aa
4239
0007
00a1
23fc
0000
0000
0007
0024
6000
f2a2
4287
3e39
0007
006a
6700
0018
3447
42b9
0007
000c
33ca
0007
000e
2407
4842
6000
f286
45f9
0000
0428
346a
0002
1e39
0007
00b0
6600
0008
2e3c
0000
0081
13c7
0007
00a2
0c07
0054
6400
0064
e347
3472
7000
2e1a
23c7
0007
0044
23fc
0000
0000
0007
000c
241a
9487
33c2
0007
005c
241a
6700
0004
9487
33c2
0007
006a
13da
0007
00b0
13da
0007
0094
2e3c
0000
00ff
0c39
0081
0007
00a2
6600
0012
4239
0007
00a2
23fc
0000
0000
0007
0028
6000
f1fc
e347
3472
7000
2e1a
23c7
0007
0044
23fc
0000
0002
0007
000c
241a
9487
33c2
0007
005c
241a
6700
0004
9487
33c2
0007
006a
23da
0007
0028
13da
0007
00b0
13da
0007
0094
243c
0000
00ff
0c39
0081
0007
00a2
66aa
4239
0007
00a2
23fc
0000
0000
0007
0028
6000
f196
4287
3e39
0007
006c
6700
0018
3647
42b9
0007
0010
33cb
0007
0012
2607
4843
6000
f17a
47f9
0000
0428
366b
0002
1e39
0007
00b1
6600
0008
2e3c
0000
0081
13c7
0007
00a3
0c07
0054
6400
0068
e347
3673
7000
2e1b
23c7
0007
0048
23fc
0000
0000
0007
0010
261b
9687
33c3
0007
005e
261b
6700
0004
9687
33c3
0007
006c
13db
0007
00b1
13db
0007
0096
23fc
0000
0000
0007
002c
0c39
0081
0007
00a3
6600
0012
4239
0007
00a3
23fc
0000
0000
0007
002c
6000
f0ec
e347
3673
7000
2e1b
23c7
0007
0048
23fc
0000
0003
0007
0010
261b
9687
33c3
0007
005e
261b
6700
0004
9687
33c3
0007
006c
23db
0007
002c
13db
0007
00b1
13db
0007
0096
263c
0000
00ff
0c39
0081
0007
00a3
66aa
4239
0007
00a3
23fc
0000
0000
0007
002c
6000
f086
4287
3e39
0007
006e
6700
0014
3847
42b9
0007
0014
33cc
0007
0016
6000
f06e
1e39
0007
00b2
6600
0008
2e3c
0000
0010
49f9
0000
0428
386c
0002
13c7
0007
00a4
e347
3874
7000
2e1c
23c7
0007
004c
23fc
0000
0000
0007
0014
281c
9887
33c4
0007
0060
281c
6700
0004
9887
33c4
0007
006e
13dc
0007
00b2
13dc
0007
0098
2879
0007
004c
23fc
0000
0000
0007
0030
0c39
0010
0007
00a4
6600
0008
4287
6000
000c
23fc
0000
0001
0007
0030
e247
4239
0007
00a4
2e3c
0000
00ff
6000
efd4
2e3c
0000
0000
4287
3e39
0007
0070
6700
0064
3a47
3a07
42b9
0007
0018
33cd
0007
001a
6000
efb4
13fc
0030
0007
00a5
4bf9
0000
0428
3a6d
0002
1e3c
0000
6000
0056
13fc
002b
0007
00a5
4bf9
0000
0428
3a6d
0002
1e3c
0000
6000
003c
13fc
0019
0007
00a5
4bf9
0000
0428
3a6d
0002
1e3c
0000
6000
0022
1e39
0007
00b3
6600
0008
2e3c
0000
0010
4bf9
0000
0428
3a6d
0002
13c7
0007
00a5
e347
3a75
7000
2e1d
23c7
0007
0050
23fc
0000
0000
0007
0018
2a1d
9a87
33c5
0007
0062
2a1d
6700
0004
9a87
33c5
0007
0070
13dd
0007
00b3
13dd
0007
009a
2a39
0007
0050
0c39
0010
0007
00a5
6700
006a
0c39
0019
0007
00a5
6700
006a
0c39
0021
0007
00a5
6700
00f0
0c39
0022
0007
00a5
6700
00e4
0c39
0023
0007
00a5
6700
00d8
0c39
0024
0007
00a5
6700
00cc
0c39
00f3
0007
00a5
6700
00c0
0c39
0000
0007
00a5
6700
002a
23fc
0000
0001
0007
0034
2e3c
0000
00ff
6000
ee90
13fc
0000
0007
00a5
6000
000a
13fc
0000
0007
00a5
23fc
0000
0000
0007
0034
23fc
0000
0000
0007
009a
2e3c
0000
00ff
6000
ee5e
13fc
0000
0007
00d1
23fc
0000
0000
0007
0034
23fc
0000
0000
0007
009a
13fc
0000
0007
00a5
1e39
0007
013e
0c07
0001
6700
0016
0c07
0000
6700
000e
13fc
0000
0007
013e
6000
d3aa
2e3c
0000
00ff
6000
ee0e
23fc
0000
0004
0007
0034
6000
ee00
23fc
0000
0003
0007
0034
6000
edf2
23fc
0000
0002
0007
0034
6000
ede4
4287
3e39
0007
0072
6700
0014
3c47
42b9
0007
001c
33ce
0007
001e
6000
edcc
1e39
0007
00b4
6600
0008
2e3c
0000
0010
4df9
0000
0428
3c6e
0002
13c7
0007
00a6
e347
3c76
7000
2e1e
23c7
0007
0054
23fc
0000
0000
0007
001c
2c1e
9c87
33c6
0007
0064
2c1e
6700
0004
9c87
33c6
0007
0072
13de
0007
00b4
13de
0007
009c
2c79
0007
0054
23fc
0000
0000
0007
0038
0c39
0010
0007
00a6
6600
000e
4287
4239
0007
00a6
6000
000c
23fc
0000
0001
0007
0038
e247
2e3c
0000
00ff
6000
ed32
40c2
0242
2000
6700
ecd0
2e7c
0007
0800
027c
d8ff
6000
ecc2
0071
0077
007e
0086
008e
0096
009f
00a9
00b3
00bd
00c8
00d4
00e1
00ee
00fd
010c
011b
012c
013e
0151
0165
017a
0191
01a9
01c2
01dd
01f9
0217
0237
0259
027c
02a2
02ca
02f5
0322
0351
0384
03b9
03f2
042e
046e
04b1
04f9
0544
0594
05e9
0643
06a3
0708
0773
07e4
085c
08dc
0962
09f1
0a89
0b29
0bd3
0c87
0d45
0e0f
0ee6
0fc8
10b9
11b7
12c5
13e2
1511
1652
17a6
190e
1a8b
1c1f
1dcb
1f91
2171
236e
2589
27c5
2a22
2ca4
2f4b
321b
3516
383e
3b96
3f21
ffef
00ff
fff9
03c9
fffa
00be
fffa
00cb
fffa
00d8
fff4
00a6
fff3
0000
3452
0000
ffef
00ff
fff9
03c9
fffa
00c0
fffa
00cd
fffa
00da
fff3
0000
33d2
0000
ffef
00ff
fff9
03c9
fffa
00bf
fffa
00cc
fffa
00d9
fff3
0000
33d2
0000
fff4
00a6
fffa
00c0
002f
0001
0036
0001
003b
0001
002f
0001
0039
0001
002f
0001
0038
0001
0036
0001
002f
0001
0036
0001
0038
0001
002f
0001
0038
0001
0039
0001
002f
0001
0036
0001
002f
0001
0036
0001
003b
0001
002f
0001
0039
0001
002f
0001
0038
0001
0036
0001
0032
0001
0034
0001
0036
0001
0032
0001
0034
0001
0031
0001
002d
0002
fff3
0000
3346
0001
fff4
00a6
002f
0001
0036
0001
003b
0001
002f
0001
0039
0001
002f
0001
0038
0001
0036
0001
002f
0001
0036
0001
0038
0001
002f
0001
0038
0001
0039
0001
002f
0001
0036
0001
002f
0001
0036
0001
003b
0001
002f
0001
0039
0001
002f
0001
0038
0001
0036
0001
0032
0001
0034
0001
0036
0001
0032
0001
0034
0001
0031
0001
002d
0002
002f
0001
0036
0001
003b
0001
002f
0001
0039
0001
002f
0001
0038
0001
0036
0001
002f
0001
0036
0001
0038
0001
002f
0001
0038
0001
0039
0001
002f
0001
0036
0001
002f
0001
0036
0001
003b
0001
002f
0001
0039
0001
002f
0001
0038
0001
0036
0001
0032
0001
0034
0001
0036
0001
0032
0001
0034
0001
0031
0001
002d
0002
002f
0002
fffd
0002
fffd
0002
fffd
0002
fffd
0000
fff8
0000
ffef
00ff
fff9
03c9
fffa
00c1
fffa
00ce
fffa
00db
fff4
00a6
003b
0002
fffd
0002
003b
0002
fffd
0002
003b
0002
fffd
0001
0032
0001
fffd
0001
0031
0001
0034
0001
002d
0001
fff9
0571
002f
0002
00a3
0001
002a
0001
0039
0000
00a3
0000
0039
0000
00a3
0000
0032
0000
0032
0000
0032
0000
00a3
0000
002f
0002
fffd
0001
002a
0000
00a3
0000
002f
0000
00a3
0000
002f
0000
002f
0000
002f
0001
0034
0001
0032
0001
0036
0001
0031
0002
fffd
0002
00a3
0001
0036
0000
0038
0000
0039
0002
fffd
0001
0039
0001
0039
0001
003d
0001
003b
0000
0036
0000
fffd
0000
0036
0000
fff9
04f7
0036
0002
fffd
0002
00a3
0001
002a
0001
fff9
04c6
002f
0001
fffd
0001
fffd
0001
0033
0001
00a3
0001
0033
0000
0032
0000
0031
0001
fffd
0001
fffd
0001
fffd
0001
0036
0001
0038
0001
fff9
04da
0039
0001
fffd
0001
0038
0000
0036
0000
003b
0000
003d
0000
0039
0000
003b
0000
0038
0000
0039
0000
003b
0000
003d
0000
003b
0000
0039
0000
0038
0000
0036
0000
0036
0001
fffd
0001
002a
0001
fff9
047f
002f
0001
fffd
0001
fffd
0001
003b
0001
fffd
0001
0033
0001
0031
0001
fffd
0001
fffd
0001
fffd
0001
0033
0001
0034
0001
fff9
0499
0036
0001
fffd
0001
0034
0000
0032
0000
0034
0001
fffd
0001
0032
0001
fff9
05f0
002f
0001
fffd
0000
00a3
0000
fff9
06f6
00a3
0001
0028
0001
fffd
0000
00a3
0000
00a3
0001
0023
0001
fffd
0001
fffd
0001
fffd
0001
fff8
0000
fff4
00a2
002f
0001
0031
0001
0033
0001
002f
0001
0033
0001
0034
0001
0036
0001
0033
0001
0036
0001
0038
0001
0039
0001
0036
0001
0038
0001
0034
0001
0031
0002
002f
0001
003b
0000
003b
0000
003b
0001
003b
0001
002f
0001
003b
0000
003b
0000
003b
0000
003b
0000
0036
0001
003b
0001
fffd
0000
00a3
0000
003b
0001
fffd
0000
00a3
0000
003b
0001
fffd
0000
00a3
0000
003b
0001
fffd
0000
00a3
0000
0039
0001
fffd
0000
00a3
0000
0039
0001
fffd
0000
00a3
0000
0039
0001
fffd
0000
00a3
0000
0039
0001
fffd
0000
00a3
0000
003d
0001
fffd
0000
00a3
0000
003d
0001
fffd
0000
00a3
0000
003b
0001
fffd
0000
00a3
0000
003b
0001
fffd
0000
00a3
0000
002f
0001
003b
0000
003b
0000
003b
0001
003b
0001
003b
0001
0036
0001
002f
0001
003b
0000
003b
0000
003b
0001
003b
0001
003b
0001
0036
0001
002f
0001
003b
0000
003b
0000
003b
0001
003b
0001
003b
0001
0038
0001
0039
0001
0039
0000
0039
0000
0039
0001
003b
0001
0039
0001
0039
0001
003b
0001
0039
0001
0038
0000
0036
0000
0036
0001
fffd
0001
0036
0001
002f
0001
003b
0000
003b
0000
003b
0001
003b
0001
003b
0001
0036
0001
002f
0001
003b
0000
003b
0000
003b
0001
003b
0001
003b
0001
003b
0001
003a
0001
003a
0000
003a
0000
003a
0001
0038
0001
0038
0001
0039
0001
003b
0001
fffd
0001
00a3
0000
0037
0000
0038
0001
fff6
0001
0037
0001
0036
0001
fffd
0001
fffd
0001
00a3
0001
fffe
0000
fff4
00a2
00a3
0002
00a3
0002
002f
0001
0031
0001
0033
0001
0031
0001
0033
0001
0034
0001
0036
0001
0032
0001
0034
0001
0031
0001
002d
0001
002c
0001
002a
0001
0036
0000
0036
0000
0036
0001
0036
0001
0036
0001
0036
0000
0036
0000
0036
0000
0036
0000
002f
0001
002f
0001
fffd
0000
00a3
0000
0039
0001
fffd
0000
00a3
0000
0038
0001
fffd
0000
00a3
0000
0036
0001
fffd
0000
00a3
0000
0038
0001
fffd
0000
00a3
0000
0034
0001
fffd
0000
00a3
0000
0036
0001
fffd
0000
00a3
0000
0033
0001
fffd
0000
00a3
0000
0036
0000
0036
0000
fffd
0000
00a3
0000
0034
0000
0034
0000
fffd
0000
00a3
0000
0034
0000
0034
0000
fffd
0000
00a3
0000
0033
0000
0033
0000
fffd
0000
00a3
0000
002a
0001
0036
0000
0036
0000
0036
0001
0036
0001
0036
0001
002f
0001
0033
0001
0033
0000
0033
0000
0033
0001
0033
0001
0033
0001
002a
0001
0034
0001
0034
0000
0034
0000
0034
0001
0034
0001
0036
0001
0034
0001
0034
0001
0034
0000
0034
0000
0034
0001
0033
0001
0036
0001
0034
0001
0036
0001
0034
0001
0033
0000
0031
0000
0031
0001
fffd
0001
003b
0001
0033
0001
0033
0000
0033
0000
0033
0001
0033
0001
0033
0001
002a
0001
0034
0001
0034
0000
0034
0000
0034
0001
0034
0001
0036
0001
0038
0001
0034
0001
0034
0000
0034
0000
0034
0001
0032
0001
0032
0002
0033
0001
fffd
0001
00a3
0000
0032
0000
0034
0001
00a3
0001
0032
0001
0033
0001
fffd
0001
fffd
0001
00a3
0001
fffe
0000
9802
9102
9802
9102
9802
9102
9801
9101
fd01
9101
8b01
9600
9600
9601
9601
8b00
9600
9600
9600
9600
9600
9600
9600
8b01
9100
9600
9601
9601
8b01
9100
9600
9600
9600
9600
9600
8b01
9100
9600
9601
9601
8b01
9100
9600
9600
9600
9600
9600
8b01
9101
9600
9800
9600
9600
8b01
9101
9600
9600
9600
9600
8b01
9600
9600
9600
9600
8b01
9601
9600
9600
8b01
9600
9600
9601
8b01
9101
9600
9600
8b00
9600
9100
9600
9601
8b01
9101
9601
8b01
9100
9600
9601
8b01
9100
9600
9600
9800
8b01
9100
9600
9601
8b01
9100
9600
9600
9800
8b01
9600
9600
9101
8b01
9601
9601
8b01
9600
9600
9101
8b01
9601
9101
8b01
9600
9600
9101
8b01
9601
9101
8b01
9601
9801
9101
9800
9600
9101
fd01
fd01
00a3
0004
fff3
0000
3c16
0000
fff4
00a2
002f
0002
0033
0000
00a3
0000
0031
0001
fffd
0001
0034
0000
00a3
0000
0033
0002
0036
0000
00a3
0000
0034
0001
fffd
0001
0038
0001
0039
0001
0036
0001
0038
0001
0034
0001
fff4
00a5
0036
0004
fffd
0004
fffd
0004
fffd
0004
fff4
00a2
002f
0001
0031
0001
0032
0001
0034
0001
0036
0001
0038
0001
0039
0000
0034
0000
0031
0001
fff4
00a5
0033
0004
00a3
0004
00a3
0004
00a3
0004
00a3
0004
fff4
00a2
00a3
0004
00a3
0004
fff4
00a2
002f
0002
0033
0000
00a3
0000
0031
0001
fffd
0001
0034
0000
00a3
0000
0033
0002
0036
0000
00a3
0000
0034
0001
fffd
0001
0038
0001
0039
0001
0036
0001
0038
0001
0039
0001
fff4
00a5
003b
0004
00a3
0004
00a3
0004
fff4
00a2
0036
0002
0038
0001
0039
0001
fff4
00a8
0039
0001
fff4
00a2
0038
0001
fffd
0001
0036
0001
0036
0002
0038
0001
0039
0001
fff4
00a8
0039
0001
fff4
00a2
003b
0001
fffd
0001
0038
0001
0036
0002
0038
0001
0039
0001
fff4
00a8
0039
0001
fff4
00a2
0038
0001
fffd
0001
0036
0001
0034
0002
fffd
0001
fffd
0000
00a3
0000
0034
0001
fffd
0000
00a3
0000
fff4
00a7
0034
0002
fff4
00a5
0036
0004
00a3
0001
fff4
00a2
002f
0000
0031
0000
fff4
00a7
0032
0000
fff4
00a2
0031
0000
0032
0000
fff4
00a7
0034
0000
fff4
00a2
0032
0000
fff4
00a7
0034
0000
fff4
00a2
0036
0000
0034
0000
fff4
00a7
0036
0000
fff4
00a2
0038
0000
0034
0000
0039
0000
fff4
00a7
003b
0000
fff4
00a2
0039
0000
0036
0000
0039
0000
fff4
00a7
003b
0000
fff4
00a2
0039
0000
003b
0000
fff4
00a7
003d
0000
fff4
00a2
003b
0000
003d
0000
fff4
00a7
003e
0000
fff4
00a2
0040
0000
fff4
00a7
003e
0000
fff4
00a2
003d
0000
003e
0000
0040
0000
fff4
00a7
0042
0001
fffd
0000
fff4
00a2
0040
0000
fffd
0001
003e
0001
003d
0001
fffd
0000
0039
0000
fffd
0001
003b
0001
fff4
00a5
003b
0004
fffd
0004
fff3
0000
3d22
0000
fff4
00a2
002f
0002
0031
0001
0032
0001
fff4
00a8
0032
0001
fff4
00a2
0031
0001
fffd
0001
002f
0001
002f
0002
0031
0001
0032
0001
fff4
00a8
0032
0001
fff4
00a2
0034
0001
fffd
0001
0031
0001
002f
0002
0031
0001
0032
0001
fff4
00a8
0032
0001
fff4
00a2
0031
0001
fffd
0001
002f
0001
002d
0002
fffd
0001
fffd
0000
00a3
0000
002f
0002
0031
0001
0032
0001
fff4
00a5
002f
0004
00a3
0001
fff4
00a2
0023
0000
0025
0000
fff4
00a7
0026
0000
fff4
00a2
0025
0000
0026
0000
fff4
00a7
0028
0000
fff4
00a2
0026
0000
fff4
00a7
0028
0000
fff4
00a2
002a
0000
0028
0000
fff4
00a7
002a
0000
fff4
00a2
002c
0000
0028
0000
002d
0000
fff4
00a7
002f
0000
fff4
00a2
002d
0000
002a
0000
002d
0000
fff4
00a7
002f
0000
fff4
00a2
002d
0000
002f
0000
fff4
00a7
0031
0000
fff4
00a2
002f
0000
0031
0000
fff4
00a7
0032
0000
fff4
00a2
0034
0000
fff4
00a7
0032
0000
fff4
00a2
0031
0000
0032
0000
0034
0000
fff4
00a7
0036
0001
fffd
0000
fff4
00a2
0034
0000
fffd
0001
0032
0001
0031
0001
fffd
0000
002d
0000
fffd
0001
002f
0001
fff4
00a5
002f
0004
fffd
0004
fffd
0004
fffd
0004
fffd
0004
fffd
0004
fffd
0004
fffd
0004
fff3
0000
3cbe
0000
fff4
00a2
0036
0002
0038
0001
0039
0001
fff4
00a8
0039
0001
fff4
00a2
0038
0001
fffd
0001
0036
0001
0036
0002
0038
0001
0039
0001
fff4
00a8
0039
0001
fff4
00a2
003b
0001
fffd
0001
0038
0001
0036
0002
0038
0001
0039
0001
fff4
00a8
0039
0001
fff4
00a2
0038
0001
fffd
0001
0036
0001
0034
0002
fffd
0001
fffd
0000
00a3
0000
0034
0001
fffd
0000
00a3
0000
0034
0002
fff4
00a5
0036
0004
fffd
0004
fffd
0004
fffd
0004
fffd
0004
fffd
0004
fff4
00a2
002f
0002
0031
0001
0032
0001
fff4
00a8
0032
0001
fff4
00a2
0031
0001
fffd
0001
002f
0001
002f
0002
0031
0001
0032
0001
fff4
00a8
0032
0001
fff4
00a2
0034
0001
fffd
0001
0031
0001
002f
0002
0031
0001
0032
0001
fff4
00a8
0032
0001
fff4
00a2
0031
0001
fffd
0001
002f
0001
002d
0002
fffd
0001
fff4
00a8
002d
0001
fff4
00a2
002f
0002
0031
0001
0032
0001
fff4
00a5
002f
0004
fffd
0004
fffd
0004
fffd
0004
fffd
0004
fffd
0004
8b02
9801
8b01
9602
9801
8b01
8b02
9801
8b01
9602
9100
9100
9601
8b02
9801
8b01
9602
9801
8b00
8b00
8b02
9801
8b01
9801
9101
9101
9601
8b02
9801
8b01
9602
9801
8b01
8b02
9801
8b01
9602
9100
9100
9601
8b02
9801
8b01
9602
9801
8b00
8b00
8b02
9801
8b01
9801
9601
9601
9101
9102
9804
9804
9804
9804
f801
9803
fe92
4434
4a4e
4a5c
4a6a
4a94
4a94
4abe
4a78
4aa2
4a86
4abe
4ab0
4ab0
4434
4abe
4434
4b90
4856
4864
4872
4434
48b8
48c6
4944
4952
4952
4a32
496e
497c
49c2
49d0
49ec
48d4
4434
4880
488e
489c
48aa
49fa
4a32
498a
4998
49a6
49b4
49de
4a16
4b20
4a24
4a08
4434
4434
4a32
4a40
4a40
48fe
490c
4acc
4ada
491a
4960
4936
4434
4434
4434
4434
4434
4434
4434
4434
4434
4434
4434
4434
4434
4434
4434
4434
4434
4434
4434
4434
4434
4434
4434
4466
4478
448a
4628
463a
464c
465e
4508
451a
452c
453e
4550
4562
4574
4586
4598
449c
44ae
44c0
44e4
46b8
4694
46ee
4700
4712
4724
46a6
4736
45aa
45bc
45ce
4748
475a
476c
477e
4790
47a2
44d2
47c6
47ea
47d8
47fc
44f6
480e
4820
4832
4844
46ca
46dc
45e0
4670
4682
45f2
4604
4616
4af6
4b12
4b12
4b04
4b04
4b20
4b04
4b04
4b04
4b12
4b12
4b12
4b12
4b90
4434
4434
4434
4434
4434
4434
4434
4434
4434
4b20
4b90
4b4a
4b58
4b74
4b66
4b2e
4b12
4b12
4434
4434
4434
4434
4434
32ee
332a
34e6
330e
4434
4434
4434
4434
4434
4434
4434
4434
4434
4434
4210
41da
41da
3b0e
4434
4434
4434
4434
4434
4434
4434
4434
4434
3c22
3d22
4082
36ee
4434
4434
4434
4434
4434
4434
4434
4434
4434
3cbe
3eca
412e
38fa
4434
4434
4434
4434
4434
4434
4434
4434
4434
4434
4434
4434
4434
4434
4434
4434
4434
4434
4434
0001
327c
0001
327c
0000
0000
0009
0001
327c
0001
327c
0000
0000
0000
0000
0009
0000
0400
0001
03fa
0000
0000
0001
baf0
0051
0000
28e4
0000
4d58
0000
0000
0006
4d00
5551
0000
829c
0000
952c
0000
0000
0003
0000
5651
0000
6cb8
0000
952c
0000
0000
000b
5430
0051
0002
2638
0002
3a6a
0000
0000
0000
baf0
0051
0002
2638
0002
3a6a
0000
0000
0001
4000
0051
0001
45c0
0001
5f86
0000
0000
0006
0000
005e
0001
45c0
0001
5f86
0000
0000
0009
3000
005e
0003
14f0
0003
6ad6
0000
0000
0000
8000
3e53
0003
14f0
0003
6ad6
0000
0000
0001
0000
3e53
0003
9ae0
0003
a8cc
0000
0000
0002
d780
0062
0003
9ae0
0003
a8cc
0000
0000
0002
4380
0062
0003
9ae0
0003
a8cc
0000
0000
0001
d780
0062
0003
9ae0
0003
a8cc
0000
0000
0001
3aa0
0062
0003
9ae0
0003
a8cc
0000
0000
0001
1aa0
0062
0003
9ae0
0003
a8cc
0000
0000
0000
f0a0
0062
0003
7718
0003
9ae0
0000
0000
0001
3210
0062
0003
7718
0003
9ae0
0000
0000
0001
0000
0062
0003
7718
0003
9ae0
0000
0000
0000
ede0
0062
0001
45c0
0001
5f86
0000
0000
0000
b000
0062
0001
45c0
0001
5f86
0000
0000
0000
a000
0062
0001
45c0
0001
5f86
0000
0000
0000
9000
0062
0002
04f6
0002
1438
0000
0000
0000
6000
885f
0002
04f6
0002
08b6
0000
0000
0000
8300
895f
0002
04f6
0002
08b8
0000
0000
0000
5a00
8a5f
0002
04f6
0002
0a36
0000
0000
0000
6000
005f
0002
04f6
0002
08b6
0000
0000
0000
6000
585f
0002
04f6
0002
0a36
0000
0000
0000
5a00
005f
0002
04f6
0002
08b6
0000
0000
0000
6000
5a5f
0002
04f6
0002
0a36
0000
0000
0000
8300
005f
0003
7718
0003
9ae0
0000
0000
0002
77e0
0062
0003
7718
0003
9ae0
0000
0000
0001
ede0
0062
0003
7918
0003
7d27
0000
0000
0000
4210
005f
0001
1cfa
0001
277c
0000
0000
0000
7270
005f
0001
1726
0001
18f9
0000
0000
0000
c370
8362
0001
1726
0001
1bf6
0000
0000
0000
9970
8462
0001
18a6
0001
1bf9
0000
0000
0000
71b0
0061
0001
1bfa
0001
27a4
0000
0000
0000
3d10
005f
0003
7cd8
0003
8ad8
0000
0000
0000
3860
005f
0003
7918
0003
7d34
0000
0000
0000
1ae0
005f
0003
b24e
0003
bb58
0000
0000
0001
0aa0
005e
0000
afee
0000
d420
0000
0000
0003
7000
0062
0001
bf34
0001
e024
0001
bf34
0003
1ae0
0046
0003
07ae
0003
0b18
0000
0000
0000
1520
7660
0003
087e
0003
0d4e
0000
0000
0000
1210
7760
0002
9f24
0002
a04c
0000
0000
0000
0ba0
7560
0002
9f24
0002
a04c
0000
0000
0000
0c80
7460
0002
9f24
0002
a04c
0000
0000
0000
0a80
6c60
0001
0a64
0001
1726
0000
0000
0002
0000
0059
0000
d420
0000
fde2
0000
0000
0000
98e0
0063
0000
d420
0000
fde2
0000
0000
0001
3580
0063
0000
e220
0000
f8aa
0000
0000
0000
f110
0063
0001
1726
0001
1bf9
0000
0000
0000
9aa0
0059
0002
3a6a
0002
a04c
0000
0000
0000
c120
0063
0002
3a6a
0002
a04c
0000
0000
0000
e120
0063
0002
3a6a
0002
3a6a
0000
0000
0000
0000
0000
0000
fde2
0001
0a64
0000
0000
0000
7410
0046
0001
327c
0001
3d1e
0000
0000
003c
0001
1bfa
0001
327c
0000
0000
0046
0001
6c18
0001
73da
0000
0000
0028
0001
431a
0001
45c0
0000
0000
0028
0001
415b
0001
45c0
0000
0000
003c
0001
401a
0001
45c0
0000
0000
0046
0001
3d1e
0001
45c0
0000
0000
0050
0001
45c0
0001
5f86
0000
0000
0046
0001
5f86
0001
6c18
0000
0000
0046
0002
2638
0002
3a6a
0000
0000
0050
0003
a8cc
0003
b24e
0000
0000
0050
0003
b24e
0003
bb58
0000
0000
0050
0003
a8cc
0003
b24e
0000
0000
3764
0003
b24e
0003
bb58
0000
0000
3a64
0003
a8cc
0003
b24e
0000
0000
3664
0001
1726
0001
1bf9
0000
0000
0059
0001
0a64
0001
1726
0000
0000
0059
0001
b372
0001
bf34
0000
0000
0028
0002
c228
0002
e10a
0000
0000
0032
0002
c228
0002
e10a
0000
0000
0032
0001
bf34
0002
04f6
0000
0000
003c
0001
bf34
0001
d0d9
0000
0000
0046
0001
c3bb
0001
d4d9
0000
0000
0046
0001
cf44
0001
d9d9
0000
0000
0046
0001
db34
0001
dfd9
0000
0000
0046
0001
da34
0001
e024
0000
0000
0046
0001
def4
0002
04f6
0000
0000
005a
0002
04f6
0002
2638
0002
2338
005f
0002
3a6a
0002
a04c
0000
0000
0064
0001
1bfa
0001
327c
0000
0000
005a
0001
73da
0001
b372
0000
0000
305f
0001
8fda
0001
b372
0000
0000
2650
0002
a04c
0002
c228
0000
0000
0046
0002
e10a
0002
f36c
0000
0000
003c
0003
9ae0
0003
a8cc
0000
0000
0050
0003
7718
0003
9ae0
0000
0000
0050
0000
4d02
0000
69ef
0000
4e02
005f
0000
6cb8
0000
762a
0000
0000
0028
0000
762a
0000
829c
0000
0000
0028
0000
952c
0000
afee
0000
0000
001e
0000
afee
0000
d420
0000
0000
0032
0002
f36c
0003
07ae
0000
0000
0032
0000
829c
0000
952c
0000
0000
0032
0000
fde2
0001
0a64
0000
0000
003c
0000
d420
0000
fde2
0000
0000
005a
0003
07ae
0003
0d4e
0000
0000
0050
0003
0d4e
0003
14f0
0000
0000
005a
0003
7386
0003
7718
0000
0000
0004
0003
6ad6
0003
7088
0000
0000
0001
0003
7088
0003
7386
0000
0000
0001
0003
7386
0003
7718
0000
0000
0001
0003
14f0
0003
6ad6
0000
0000
0063
0003
5d70
0003
6ad6
0000
0000
0063
0003
14f0
0003
6ad6
0000
0000
0063
0003
15f4
0003
6ad6
0000
0000
0001
0003
14f0
0003
412a
0003
1ef0
0063
0003
1626
0003
2438
0003
2af0
0063
0003
bb58
0003
f47e
0000
0000
0063
0001
3d1d
0001
3d1e
0000
0000
3f00
0001
3d1e
0001
3d1e
0000
0000
0000
0000
0000
0000
0d74
0000
0e41
0000
0f1a
0000
1000
0000
10f3
0000
11f6
0000
1307
0000
1429
0000
155b
0000
16a1
0000
17f9
0000
1966
0000
1ae9
0000
1c82
0000
1e34
0000
2000
0000
21e7
0000
23eb
0000
260e
0000
2851
0000
2ab7
0000
2d41
0000
2ff2
0000
32cc
0000
35d1
0000
3904
0000
3c68
0000
4000
0000
43ce
0000
47d6
0000
4c1c
0000
50a2
0000
556e
0000
5a82
0000
5fe4
0000
6598
0000
6ba2
0000
7209
0000
78d1
0000
8000
0000
879c
0000
8fad
0000
9838
0000
a145
0000
aadc
0000
b505
0000
bfc8
0000
cb30
0000
d745
0000
e412
0000
f1a2
0001
0000
0001
0f39
0001
1f5a
0001
3070
0001
428a
0001
55b8
0001
6a0a
0001
7f91
0001
9660
0001
ae8a
0001
c824
0001
e343
0002
0000
0002
1e72
0002
3eb3
0002
60e0
0002
8514
0002
ab70
0002
d414
0002
ff22
0003
2cc0
0003
5d14
0003
9048
0003
c687
0004
0000
0004
3ce4
0004
7d67
0004
c1bf
0005
0a29
0005
56e0
0005
a828
0005
fe44
0006
5980
0006
ba28
0007
208f
0007
8d0e
0008
0000
4d57
6d80
93a4
afb4
b4ac
9f8f
7c68
5346
3c3a
3c4a
5b6d
8297
a7b4
b9bc
b5a9
9782
6f5a
4b3c
3c40
4b5b
6d82
94a7
b4ba
bcb5
ac9a
856f
5749
3e39
3c45
5365
7a8f
a0af
b8bc
b6a9
9880
6b56
4336
3134
3d4d
6075
8d9f
b1b9
b9b8
a79a
8570
5b49
3c34
363e
4b5f
758d
9faf
babc
bdb4
a48f
7a64
5042
3a38
404d
6375
8aa0
adbc
c2c1
b6a7
927a
6550
4139
363e
4958
6f7e
97a9
b8be
bfb9
a997
8067
503e
342f
313d
4963
7a92
a7b6
bec3
bcad
9a82
6b58
4336
312f
3c4b
6076
8da3
b4be
c3bf
b6a4
9278
604d
3936
363e
4b5f
758f
a1b5
c2c9
c6bc
ac94
7c60
4e3e
3436
3946
5b6d
829a
acbc
c6c3
bead
9480
6850
3e31
2c31
3646
5c75
8da7
b6c1
c7bd
b29f
856d
5340
3129
2c34
4358
728a
a1b5
bec7
c6ba
a993
7a63
4d3c
312f
3643
586f
899f
b6c6
cece
c3b4
9c81
654e
3c2f
2f31
3c52
6582
9ab1
c1ca
cbc3
b59f
856b
503e
2d25
282c
4158
728d
a5b9
c6cb
c6b9
a48a
6d53
3c2b
1f21
2b3c
536d
8aa4
b9c9
cecb
c1ad
9478
5e41
3127
242b
3950
6b87
a4bd
ced7
d6cb
b9a0
7d63
4932
2521
2736
4b68
85a1
b9cb
d4d3
cab2
9c80
634b
3224
1f21
2f42
5e7a
97b1
c3ce
cbc9
b9a1
8567
4931
1f17
1a27
3c58
7594
adbe
ced3
cbbe
a98d
7052
3927
1f1f
293d
5674
8dac
c3d3
ded6
c9b4
977a
5b40
2c1f
1f27
3a4e
708f
acc3
d3d8
d6c9
b69b
7d5e
432f
1f1e
1f31
4b68
85a1
bace
d3d2
c6b4
9a7d
5e41
2b17
161c
2c43
6080
9fb6
c9d0
d0c9
b69f
8164
4331
211c
212f
4560
809c
b6cb
d6d6
d0be
ab8a
6d50
3927
1f21
2d43
5e7d
9ab5
cbd6
d7d2
bca9
8d70
563d
2c23
232c
3e58
7697
b0c3
cfce
cbbe
a98f
7256
3c29
1f1c
2436
5370
8da9
bccb
d0cb
bfab
9072
5840
2d24
2129
3a50
6f87
a7bc
cbd0
cec2
af97
7c60
4938
2f29
3140
5370
8da7
bdcb
d3d0
c5b1
9b80
654e
3c2f
2b2c
3d50
6885
9fb4
c3cb
c9bf
af98
7e65
4d3a
2927
2934
4660
7a97
afbe
c6c7
beb1
9a82
694d
3c2f
292c
3649
607d
97af
bec9
cbc3
b4a0
8570
5846
3931
343c
4d63
7a94
acbd
c9c9
c5b4
a48d
7560
4939
3131
3a49
5f78
92a7
b6c2
c1be
b4a1
8b75
5e49
3931
2f34
4153
6b82
9ba9
b9be
bcb4
a18d
7860
4b3c
322f
3441
5369
8098
acb9
bebc
b4a5
927d
6753
433a
383a
4553
6b82
9aaf
bcc1
c3b9
ab97
826d
5849
3e3a
3643
5368
8094
a9b9
bdbc
b5a8
9782
6d58
4a3a
3939
4150
6378
8f9f
adb4
b4af
a793
806c
5649
3c36
383e
4e60
758a
9fac
b4b6
b1a4
967e
705f
5045
3e40
4653
6376
8d9f
adb9
bcb8
a99f
8d7a
6857
4b43
4146
5060
7287
9ba9
b4b4
b4ac
9f8d
7a69
5b4d
4542
464f
5e70
8293
9fac
b1af
a79a
8a78
6858
4b42
3e43
4956
6976
8d9c
a7ac
aca7
9b8d
7d6c
5e56
4946
464f
566b
7d8f
9fac
b1b1
ada4
9687
7668
5b4f
4a46
4e58
6778
8a9a
a7af
afab
a497
877a
6b5f
4e4a
494d
5663
7285
94a1
a9ac
a9a1
9787
7963
584e
4643
464e
5b6b
7d8d
9ba4
aca9
a198
857a
6b5e
534b
494b
535e
6d80
8fa1
a9ad
ada4
9e8f
8275
655b
534e
4f56
606d
7d8f
9ba8
a9ac
a79f
9282
7568
5b53
5050
565f
6d7a
8b94
a4a9
a9a4
9b8f
8072
6458
4f49
494e
5867
7285
929f
a4a7
a19a
8d80
7164
5853
4e4b
5258
6878
8797
a1a7
a9a4
9c92
8576
695f
5652
4e57
606d
7d8b
9aa4
a9a9
a59f
9287
786b
6153
5353
5660
6c7a
8794
9fa4
a7a1
9c8f
8275
635b
534e
4d50
5865
7281
8e9a
9fa1
9f97
8e7d
7568
5e56
5050
535b
6875
8392
9ca4
a4a3
9792
8579
6d63
5a56
5358
606b
7a87
949f
a5a3
a49c
928a
7a6d
655b
5756
5a60
6d7a
8593
98a1
a4a1
9a90
857a
6b60
5753
5658
5e6b
757d
8d94
9a9f
9a94
8f80
7569
6058
5356
565f
6575
808d
949c
9c9c
968d
8178
6d64
5e58
5a58
636c
7885
8f9a
9fa1
9f9a
9287
7d72
6b61
5a5c
6065
707a
8792
9a9f
9f9c
9792
857a
7063
5f5b
5a60
636c
7682
8d94
9a9a
9790
877e
7069
615b
5858
5b63
6b76
818d
9397
9a94
9083
7d75
6b63
5e5b
5c60
6770
7a85
9297
9a9b
9492
8a82
7a70
6965
6363
656b
757d
878f
9897
9a97
8f8a
8078
7068
6360
6063
6972
7a83
8792
9494
928d
857c
726b
635e
5b5e
6065
6f75
818a
8f92
928f
8a82
7971
6b63
6360
6064
6572
7a85
8d92
9494
928d
867e
7872
6c68
6865
6b70
7880
878f
9497
9793
8d87
8278
706c
6365
686b
7076
7d85
8b8f
9292
8e8d
837a
7469
6865
6364
656b
7279
8087
8a8d
8d8a
8581
7572
6c68
6563
6568
6d72
7a81
878d
8f8e
8e85
827d
7570
6c69
696b
7075
7a82
878e
9092
8d8e
8a83
7d78
7270
6b6b
6c70
757d
8286
8b8a
8f8d
8a8a
807a
756f
6b68
6869
6d72
787e
7e85
8787
8a85
807a
7570
6b68
6768
6b6d
7475
7d82
858a
8787
8581
7d76
726f
6d6b
6b6f
7078
7d82
8a8b
8d8f
8d8a
8580
7a78
7270
6f6b
7075
7a7e
8287
8a8a
8a8a
8582
7d78
7271
686b
6b6d
7576
7c80
8385
8785
8282
7c75
7169
6968
6868
6c70
757a
7e82
8585
8782
7e7c
7272
706d
6c6c
6d70
757a
8082
878d
8a8a
8981
807d
7875
7270
7072
7578
7d82
878a
8a8a
8585
8280
7a75
7270
7070
7074
787d
8082
8682
8585
817d
7a75
706d
6b69
6b6c
7275
787e
7d82
8583
8280
7a78
7270
6c6c
6d6d
7175
797a
8185
868a
8785
857e
7a76
7572
7272
7276
757d
8285
8a8a
8a87
8582
7d7a
7572
7170
716f
7579
8080
8385
8785
8581
7d7a
7872
706d
686c
6d70
7578
7d80
8282
8282
7e7d
7875
716b
6c6c
6d70
7276
7a7e
8285
8585
8382
7d7a
7574
7270
7072
757a
7d80
8587
8a8d
8a87
867d
7d78
7575
7070
7275
787c
8185
878a
8787
8080
7d78
7572
7070
6d70
7175
797d
8182
8380
8280
8078
7570
706c
6b6b
6d70
7879
7d81
7e83
8382
807d
7a7a
7270
7070
7072
7578
7e7d
8587
8a8a
8785
827d
7a76
7472
7272
7278
787e
8285
8a87
8786
8580
7d78
7572
7170
7170
7578
8080
8285
8583
827d
7a78
7270
6d6c
686d
6f72
757a
7e81
8282
8281
7e7d
7874
716b
6d6d
7075
757a
7e82
8586
8787
8783
807d
7575
7272
7574
757a
7d81
8587
8789
8785
837a
7a78
7575
7070
7275
787a
8082
8385
8583
7d7d
7a75
7570
6d6c
6c6d
7075
787d
8082
837e
8280
8078
7571
706d
6d6c
7072
787a
7d83
8085
8585
8280
7d7a
7572
7172
7278
797c
817e
8587
878a
8783
807d
7975
7272
7272
7579
787d
8082
8585
8585
807d
7875
7272
706d
6f6d
7275
787d
7e80
8581
807d
7a78
7471
6d6f
696d
7072
787a
7e81
8285
8382
807d
7a78
766f
7170
7275
787d
8082
8587
8787
8783
807d
7574
7272
7572
757a
7c80
8185
8687
8682
817a
7975
7270
7070
7072
7578
7a7d
8282
8081
7a7a
7875
7570
6d6d
6d6d
7072
767d
7e80
837e
8280
807a
7875
7270
7070
7275
787d
8083
8287
8787
8582
7e7a
7875
7572
7278
7879
7d7d
8285
858a
8583
807d
7a76
7572
7272
7276
757a
7d80
8282
8282
807c
7875
7272
706d
706d
7275
787a
7d80
8181
8080
7d7a
7875
7271
6d71
7275
787a
7e85
8285
8585
8282
807a
7872
7575
7576
787a
7d80
8285
8585
8785
807e
7878
7575
7572
7576
797a
7c80
8282
8381
8179
7a76
7270
706d
7070
7275
787a
7d80
8081
7c7d
7a78
7572
7170
7070
7275
787d
7e80
8280
8282
8280
7d7a
7a76
7575
7578
7d7d
8083
8085
8585
8582
807d
7a78
7575
7578
7878
7c7a
8081
8282
8282
807d
7a78
7572
7270
7070
6f75
787a
7d80
8080
7e7d
7a78
7572
7270
716d
7172
757a
7d7e
8081
8281
807d
7d7a
7876
7072
7575
787a
7d80
8285
8585
8582
827d
7c75
7675
7575
7578
7a7d
8082
8385
8783
8181
7879
7675
7571
7172
7275
767a
7d82
8180
817a
7c7a
7675
7270
7070
7072
7578
7d7d
8081
7d80
7e80
7a78
7675
7272
7275
7578
7d80
8282
8687
8685
8280
7d7a
7875
7575
7878
787c
7a81
8285
8585
8280
7d7a
7675
7272
7271
7471
787a
8080
8181
8580
7d7a
7674
7270
6d6f
6b70
7275
797d
7e80
8181
807e
7c79
7875
746d
7172
7275
797d
8082
8586
8785
8782
7e7c
7574
7572
7575
787a
7d80
8285
8687
8682
817a
7a75
7475
7070
7274
7679
7d80
8283
8283
7c7d
7875
7570
6d70
6d6d
7072
787d
8080
837e
8280
807a
7875
7270
6f70
7072
787a
7d83
8286
8787
8582
807d
7a78
7572
7272
7578
7c7c
8285
878a
8786
8580
7d78
7572
7271
7074
7279
7d80
8385
8685
8280
7d78
7572
706c
6c68
6d70
757a
7d80
8585
8381
807d
7875
706d
686c
6d70
7578
7c80
8587
8787
8582
807a
7971
7270
7175
7578
7a80
8386
8a8a
8d8a
8582
7a79
7572
7070
7071
7578
7c80
8587
8a87
8680
807a
7575
6d6c
6b6b
6d70
7278
7d81
8386
8283
8080
7975
706d
6b69
696c
7078
7a7e
8382
8a8a
878a
827d
7a75
706f
6d6f
7275
787d
7e86
8a8d
8d8b
8985
807c
7672
706d
6f6f
7472
7a80
858a
8a8b
8a87
827e
7972
726d
6b69
676d
7175
7a80
8285
8786
8580
7c78
726d
6964
6768
6b6f
7279
8085
878a
8a87
8380
7a76
6d6d
6b69
6b6d
727a
7d85
8a8d
8f92
8d8a
867c
7a75
706d
6b6d
7072
787d
8289
8d8f
8f8e
8585
7d78
756d
6968
6869
6d72
7882
8587
8b87
8785
807a
756f
6b67
6565
686b
7278
7d83
858a
8a8a
8a82
7d76
706c
6867
6769
6f72
7c7d
878d
8f92
8f8d
8782
7a75
706c
696b
6b70
727a
8287
8d8f
928f
8d87
817a
726d
6965
6763
6b70
787d
858a
8f8d
8d87
827c
7870
6b64
5e60
6368
6d75
7c82
878b
8d8d
8a83
7e78
7168
6765
6465
6b70
7a80
858b
8f92
928f
8983
7875
706b
6868
696d
727a
8087
8d92
9394
8f85
827a
7570
6b68
6568
6b70
787d
878b
8f90
8d8d
8780
7870
6965
6060
6165
6b72
7a82
898a
8f8f
8a8a
8078
706b
6563
6364
6870
757e
828a
8f92
928f
8a85
7d75
706b
6868
6b6d
7475
8087
8d92
9292
8f8a
857d
7570
6d68
6569
6870
7880
858a
8f90
8f8d
8681
7972
6c65
645f
6365
6b75
7a81
878a
8d8d
8a85
8279
716c
6363
6364
686d
757d
858a
8f92
8f8d
8a82
7c70
6d68
6565
686d
747a
828a
8f92
9393
8f8b
807d
7570
6b68
6868
6d72
7a81
878e
9292
908a
8780
7a75
6b65
6563
6468
6d75
7d82
878b
8a8b
8782
7d76
7069
6563
6163
686d
757a
8385
8d8f
8f8b
8680
7a72
6c67
6565
686d
7179
7d87
8d92
9493
8f8a
837d
7570
6b68
6868
6d6d
7880
878d
9294
938f
8a82
7a72
6d68
6464
6168
6d75
7d82
8a8f
8f8d
8a85
7d78
706b
635e
6063
656d
747a
8589
8d8f
8f8d
8782
7874
6865
6363
6569
7078
8087
8b92
9497
928d
867a
7570
6b67
6568
6b70
7880
878d
9294
9490
8785
7d75
6d68
6465
6468
6d75
7d87
8b8f
928d
8d87
8078
6f68
615e
5e60
646b
727a
828b
8a90
8f8d
8a80
7870
6863
6060
6168
6d75
7e82
8d92
9494
928d
857d
756f
6965
6868
6b71
7580
878f
9497
9794
8f87
8076
6f68
6563
6463
6c72
8083
8a92
9494
928d
857d
786d
6561
5a5e
6068
7078
8087
8f92
9292
8d87
7d75
6c61
5f5e
5e61
6870
7a82
8a92
9697
9792
8a83
7671
6964
6363
6570
727d
858d
9498
9a98
968a
857a
7269
6360
6063
686d
7880
8d92
9698
9493
8d83
7a70
6560
5b5a
5b60
6872
7c85
8d8f
9494
928a
8278
7065
5e5a
585b
6368
707c
828e
949a
9a97
9289
7e75
6b63
5e5e
5e63
6c72
808a
949f
9f9f
9c94
8d81
756b
635e
5b5c
5e69
7280
8a92
9a9f
9f9c
948d
8078
695e
5850
565b
636d
7883
8f94
9a9b
9a92
8d80
7167
5853
5052
5760
6b7a
828d
979c
9f9c
978d
8372
685e
5653
5358
616d
7a86
949f
a7a8
a4a0
9087
7a6d
6058
5353
5760
6b78
8692
9fa4
a8a1
9f94
877a
6b5e
534e
4b4e
5863
7282
8f9b
9fa4
a39c
9285
7868
584e
4746
4953
606d
7e8a
9aa1
a7a4
9f97
8a7d
6d60
534b
494e
5361
6c80
8f9f
a9af
afab
a194
8575
6558
4e49
4d4e
5e6d
808f
9ca8
afaf
aca0
9485
7865
574d
4346
4b57
6578
879a
a4ac
ada9
a193
8371
614d
453e
3e43
4f60
7285
94a1
acaf
aca4
9686
7163
5349
4141
4650
6072
8597
a9b1
b6b4
ad9c
9280
6d60
4e46
4646
5060
7285
97a8
b1b8
b4af
a192
806c
5b4b
4340
424b
5a6d
8094
a3ab
b4b4
afa1
927e
6b58
493d
3939
4353
657a
8da1
adb4
b4af
a192
806b
5849
3e3e
3e46
5765
7d8f
a1af
b6b8
b4a9
9a86
7260
5346
4141
4556
6880
92a4
b1b9
bcb6
ac9e
8a78
6452
453a
3e46
5263
768a
9cab
b4b6
b4a9
9c8a
7561
4b41
3938
3c47
586b
8094
a4af
b4b2
ac9f
8e78
6856
463d
3a3e
4958
6c80
93a4
b1b6
b6b0
a093
806d
5b4b
413d
404b
5b6d
8297
a9b4
bcb6
b4a9
9a8a
725e
5043
3e3e
4756
687d
90a3
acb6
b6b4
a99a
8672
5e4e
413a
3a43
4f60
7482
97a7
afb4
b1a7
9a89
7561
5043
3e3c
414b
586d
8294
a4af
b4b4
ac9f
8f7d
6b58
4b41
4040
4d5c
7085
97a7
b1b8
b6b1
a797
8772
6052
4241
434b
586b
7e92
a1ad
b4b5
b0a7
9785
745b
4f43
3e3e
4653
6575
899a
a4ac
b1ac
a196
8274
6352
463e
3e43
4e5e
7082
94a1
acaf
ada1
9a8a
7a68
584b
4643
4952
6072
8394
a1ad
afb2
aca1
9485
7265
564b
4749
505e
6d7e
909a
a9af
b1ac
a396
8675
6556
4b46
434b
5364
7085
939f
a7a9
a79f
9385
7565
584e
4643
474e
5e6d
808f
9ca4
a9a7
a197
8a7c
6d60
534d
464a
5360
7080
8f9c
a7ac
aba9
9f93
8776
6958
534e
4e53
5e6c
7a8a
98a3
a9a9
a79f
9486
7569
5e53
4e4d
505b
6575
8592
9ca7
a7a4
9e8f
8575
685b
504b
494d
5660
6f7d
8d9a
9fa4
9f9c
9287
7a6d
6057
504e
5057
6372
808d
9b9f
a7a7
a19a
8f85
7a6b
6058
5656
5e63
6d7c
8696
9fa4
a5a1
9a8f
8578
6b60
5854
5457
5f65
7582
8f9a
9fa1
9f9a
8f85
786b
6358
504f
4e58
636d
7c87
929a
9c9c
978f
857d
7063
5c50
5353
5a63
707c
8793
9b9f
9f9c
978d
8279
6864
5e5b
6060
6770
7d87
929b
a0a1
9f9a
9082
7a70
6760
5b5a
5c63
6b75
808a
939a
9c9b
928f
857a
7067
5f5b
5858
5b63
6d78
838d
9394
9894
8f8a
7d72
6960
5b58
585b
636d
7883
8793
9a9a
9792
8b85
7a70
6863
5f5f
6368
7075
828d
949a
9b9a
968f
877d
756d
6863
6061
636c
7580
8a8f
949a
9793
8e86
7d78
6d65
6158
5e60
656d
7580
878d
9292
908d
877e
756d
6360
5c5c
6063
6b75
7e87
8f94
9797
928b
8378
746d
6763
6363
6870
7881
8a92
979a
9796
8d87
8078
7069
6565
6468
6d75
7d87
8f94
9893
948f
8780
7870
6863
6060
6368
6f78
8086
878f
8f8f
8a85
7d75
6d68
6160
5e63
656c
757a
858a
8f92
8f8d
8780
7972
6b65
6363
6369
6b78
8087
8f93
9797
938f
8780
7872
6d6b
6763
686d
757d
858d
9294
9492
8d87
8278
7069
6363
6364
6870
7880
858a
8e8f
8d87
827a
7669
6863
6060
6365
7075
7d85
8a8f
928f
8a86
7d78
726b
6763
6365
6970
7880
8792
9394
968e
8d86
8078
726c
6865
686b
7078
8287
8e93
9294
928d
8a7e
7870
6b65
6363
656d
727a
8385
8d8f
8f8d
8780
7a72
6b65
605f
6363
6b71
7580
878d
8f8f
8d8a
827d
756d
6864
6363
6765
7078
818a
8f92
9392
8d87
827c
7870
6b69
6469
6d75
7c83
8a90
9496
9490
8a83
7d75
6f65
6565
6569
7078
7e86
8d92
9290
8d87
8079
6d6b
6560
6060
646b
727a
828a
8f92
928d
897d
7a72
6b65
6360
6365
6b71
7a83
8d92
9493
8d8d
8580
7870
6b68
6568
6b70
7882
878f
9392
9793
8f8a
8078
726b
6865
6568
6d75
7c83
878f
9292
8f8a
857d
756d
6763
6063
6365
6f72
7d85
8b8f
8f8f
8a85
7d75
6d68
6360
5f61
636d
7580
8a8e
9293
928e
8782
7a72
6d68
6460
676d
727a
858d
9297
9796
928d
877d
756d
6464
6365
6970
7881
8a8f
9494
9492
8a82
7c6d
6b65
6060
6065
6b72
7a82
8a8f
9290
8d87
7d78
7068
6360
5e5f
6368
707a
828d
8f94
938b
8982
7a75
6c65
6360
6367
6d75
828a
8f96
949a
948f
8a81
7870
6965
6163
656d
757d
868a
9294
9793
8e87
8075
6d67
635f
6363
6b71
7581
8a8f
9292
8f8a
827c
726b
6463
5e5e
6163
6d75
808a
8d92
9292
8d85
7e75
6d68
6361
5b63
6870
7a82
8d92
9798
9792
8d87
7d72
6c63
6363
656b
727a
858d
9296
9797
928d
827c
6d69
6360
6060
656d
7580
878f
9397
938f
897c
756d
6560
5b5b
5e63
6972
7d85
8d92
9493
8a87
8078
7068
635f
5e60
646c
7582
898f
9694
9792
8d8a
7d75
7068
6361
6368
6d78
8089
8d96
9797
948f
8780
756f
6763
6063
656b
7478
858d
9294
9492
8f85
7a71
6b63
5e5c
5b61
616d
7880
8a8f
9292
8f8a
837c
726d
6560
5f5b
6168
707a
828b
9297
9794
908a
827a
716c
6364
6365
6b72
7a85
8d93
9698
9792
8d82
7c6f
6b65
6363
6468
7078
818a
9094
9796
8f8b
7d78
7068
6360
5e5e
6368
717a
828d
9294
938a
8780
7870
6863
5e5e
5e63
6871
7d85
8d93
9294
928d
857d
7570
6863
6163
686d
7880
898d
979a
9a94
8f87
8078
7068
6563
6367
6b74
7985
8d92
9797
928f
857d
756d
6563
5f5e
6163
6d75
808a
8d92
928f
8b85
7d75
6d67
605f
5a5f
646b
757d
868f
9394
938f
8a82
7a72
6c63
6360
6368
6f78
818a
9296
9a98
978f
867e
726d
6865
6364
686d
757e
868f
9497
9793
8e82
7d75
6d65
6160
6063
6870
7881
878f
9493
8a89
827a
756b
6360
5e5e
6065
6d78
8086
8e8f
9392
8d8a
8078
7068
6360
6063
6870
7881
8590
979a
9793
8d85
7d75
6c68
6563
6568
6f72
8087
8f94
9797
938e
867d
756d
6863
6061
6069
707a
828a
9093
928f
8a82
7a72
6b63
605b
5e60
656d
7880
878f
9293
928d
877e
756f
6463
6060
6368
707a
828a
9097
9797
938d
8678
756d
6865
6565
6b70
7882
8a92
9798
9792
8783
7a72
6c65
6360
6365
6b72
7d87
8d94
968f
8f8a
8078
7068
635e
5c5c
6065
6d78
818a
8d92
938f
8a82
7a72
6b65
605f
6063
6870
797e
8a92
9797
9692
8a82
7a72
6c67
6465
656c
6d79
828b
9298
9a9a
938d
837a
726d
6863
6360
676d
757d
868f
9497
9692
8a82
7d72
6b64
5b5b
5b60
656d
7680
8a8f
9394
928d
857a
7265
6360
5c60
6065
6d76
808a
9297
9897
928b
7d78
7069
6563
6365
6970
7682
8d97
9a9c
9b92
8f85
8075
6c65
6561
6367
6d75
7d87
8f96
9497
948d
857c
726b
6360
5c5e
6064
6c75
7e85
8f94
9693
8e85
7d75
6b65
605b
5e5f
636c
707d
878f
9798
9792
8b82
7a72
6b68
6360
6464
6d78
808a
939a
9c9c
9a90
8a80
786f
6b64
5e61
656b
757d
858f
949a
9a94
8f87
7d72
6c60
5f5c
5b60
636b
727d
868f
9397
9790
877e
726c
6560
5b5b
5b60
6870
7a85
8d97
9a97
968a
857c
726b
6560
6060
6369
727c
8790
979e
9a9a
938b
8278
7068
6360
6063
686f
7982
8e92
9a9c
9a94
8d82
7a70
6861
5e5c
5e63
6870
7883
8d92
9694
928a
8178
6d65
605e
5b5b
5f60
6d75
808a
9297
9a96
8f86
8075
6d68
6360
5b61
656d
7881
8b94
9b9f
9c97
8f87
7d72
6c63
6160
6165
6b75
7d87
9298
9c9c
9c92
877e
716b
6560
605e
6065
6d78
818a
9297
9a94
9082
7d72
6963
5e5a
5b5b
6068
717a
878f
9498
9392
8a81
786d
6760
5e5c
5e63
6972
7d87
9396
9c9f
9b94
8a80
766d
6761
6060
6368
7079
808d
949b
9f9c
968f
8379
7068
605e
5e5e
6165
717d
868f
979b
9a96
8e83
796d
6860
5b5a
565e
636b
7580
8a93
989a
9692
877d
756b
645b
5b5b
5e63
6b75
808b
949c
9f9f
9c92
877e
706b
6360
6060
636b
727d
8992
9aa1
a09c
9487
8075
6b65
5f5c
5b5f
646c
7682
8d97
9c9e
9794
8a80
7568
605b
5656
585e
6572
7c85
9094
9c9b
978d
8278
7065
5e58
5858
5e65
6f7a
8292
9a9f
a19f
978d
8176
6d65
605e
5e60
676b
7885
8f9a
a1a4
a49a
9085
796d
6860
5b5c
5861
6872
7d8a
949c
a1a0
9c92
877d
7063
5c53
5356
5860
6975
858d
979c
9f9c
938a
7d71
635e
5756
5658
5f68
7280
8b97
9fa7
a49c
9382
7a70
6560
5b5b
5e63
6975
808d
97a1
a4a5
9c94
8a80
7065
5e5b
5858
5e65
707d
8794
9e9f
a19f
968a
7d70
655b
5452
5256
5e65
707e
8794
9ca1
9f98
8e82
7568
5c56
5653
535a
646b
7c8a
949f
a4a4
a497
8a7d
7165
5e58
565a
5865
7080
8a97
a1a7
a9a7
9f92
8578
6b60
5a50
5358
6069
7582
909c
a4a7
a79f
9787
786c
5b56
504e
5056
606b
7885
909c
a1a7
9f94
8978
6c60
564e
4b4e
525b
6572
8290
9ca7
a9a8
9c93
8576
685e
5650
5054
5b67
7583
929f
aba9
aca7
9c8d
7e70
6358
5350
5258
636f
7d8b
96a4
acac
a99f
9280
7063
564e
4b4e
5058
6570
8290
9ca5
a9a7
9f92
8271
6457
4e4a
494d
505f
6c80
8d9a
a4ac
aca7
9a8d
7c6d
6053
4e49
4e56
606d
7d8d
9ca9
b1b4
afa9
9787
7567
5650
4b4d
505b
6775
8697
a4af
b2b1
a89a
8772
6557
4e4b
464b
5360
6d80
8f9f
acaf
ada8
968a
7865
574b
4341
434b
5765
7887
9aa7
b0ad
aca1
9382
7060
5249
4546
4b56
6475
8798
a4b2
b9b6
af9f
8d7a
6858
4e49
464e
5360
7180
94a4
b1b6
b6af
a492
7d6b
5b4e
4943
464f
5668
7a8d
9fac
b4b4
afa1
907d
6b58
4b41
3d3c
4550
6075
8698
a7b1
b5b1
a797
8772
6050
4140
4046
5060
7185
98a9
b5bc
b9b1
a492
7e65
584b
4341
454e
5b6d
8194
a7b4
bcbd
b4a8
9280
6b5a
4b43
4041
4956
657a
8da1
afb6
bab1
a794
806b
5746
3c36
393e
4b5e
7287
9cad
b4ba
b6ac
9a85
705b
4b3e
3839
3e4e
5e70
8697
acb9
bebc
b1a1
8f78
6353
463e
3e43
4e5f
7087
9caf
bcc1
c1b9
a792
7a65
5643
3e3c
4046
586b
8094
a7b6
bdbd
b4a7
927a
6853
4138
3035
3e4e
6078
8fa4
b4bc
bdb6
a997
8068
543e
3834
3640
4e63
7a8f
a4b4
bec1
bcaf
9a85
6b5b
493e
393c
4353
657a
8fa4
b6c1
c5be
b49f
8a75
5e4b
3e39
3c40
4d60
758b
a1b4
bec2
b9b1
9f8a
755e
4b3c
3534
3945
5669
8196
abb4
bdbc
b2a1
8d76
604b
3d32
3136
4353
6b81
92a9
b9c1
bfb6
a793
7d65
5343
3c39
3d46
5768
829a
adbc
c3c6
bdaf
9a82
6b56
493c
363a
4053
6880
96ab
bac3
c3bd
af9a
826d
5745
3a31
353e
4e60
788d
a1b1
babd
b9ac
9c85
6d57
4138
3131
3949
5b70
879f
b1bc
bfbc
b19f
8a6f
5c4b
3e36
3840
4e60
788e
a4b4
c1c6
c1b6
a18f
7863
5041
3939
3e49
5b70
879c
b1be
c5bd
b6a7
8f7a
634e
3e36
3438
4656
6d83
97ab
b4bc
bab1
a18e
7861
4e3e
3632
3643
5367
7e8f
a5b4
bcbc
b4a7
937d
6853
4339
3939
4354
6580
97ac
bac3
c3be
b19c
8670
5b49
3e39
3a40
5265
8092
a7b6
bec1
bcaf
9c87
725b
493d
3236
3e4d
6078
8fa4
b4be
bfb9
ac9c
826b
573e
3531
3139
495b
728a
9faf
b9bc
b8ad
9b87
6d5b
493a
3634
3a49
5c74
8ba4
b6c1
c6c1
b8a1
8f78
634e
4139
383e
4b5c
758d
a1b4
bec5
beb6
a48f
7861
4e40
3635
3846
586f
879e
b2bc
c3c1
b6a4
8f76
604b
3930
2d32
4053
6b83
97af
b9bf
beb4
a48f
7860
4b3c
312f
3441
5265
829c
b1bf
c6c3
b9a9
937a
644f
4036
343a
4358
7089
9fb4
c1c9
c6bc
ac97
8068
5241
352c
3441
5369
829a
afbe
c6c5
bcac
977d
634d
382f
2b2f
394b
637a
94a9
bac3
c3bc
ac94
7e60
4d3a
2f28
2c36
4960
7a94
acbe
cbcb
c3b5
9c85
6b53
4032
2c2f
394d
6580
9bb6
c3ce
cfc3
b6a1
876d
5641
312c
2c36
4960
7d97
afc2
c9ce
c9b9
a48a
6d53
3e2d
2527
3043
5b75
90a4
bac6
c9c3
b6a1
876c
523c
2c24
242c
3c54
6b8a
a4b9
c9ce
cbbe
ac92
7558
412f
2524
2d3a
5672
8fac
c3d3
d8d2
c3af
9478
5e43
2f25
212c
3c53
708d
a9be
ced6
d3c9
b49c
7d60
452c
201f
2436
4b69
87a4
bdce
d3d0
c6b1
9779
583e
291c
181f
2f46
6380
9fb6
c9d2
d3c9
b89c
8265
4931
211c
1f2f
4363
82a1
bdd2
dbdc
cebe
a485
6549
3121
1a1f
2c43
6082
a1be
d2d8
ded6
c3ac
8e6d
5034
2117
1824
3957
7898
b2cb
d8db
d3c1
a989
6746
2c18
0f0f
1c31
4f6d
93b1
c9d8
dbd6
c6b0
9270
5034
1f13
121b
2c4d
7092
b4ce
dee3
ded0
b99a
7858
3921
160f
1c2f
4b6d
92b1
cede
e5e0
d3bc
a17d
5b3d
2014
0f16
2741
6387
acc9
dbe5
e3d6
c1a0
7e56
381c
0a05
0a1b
365a
80a4
c3d8
e5e3
d6c2
a182
5e3d
210f
070a
1a34
567d
a1c6
dbe8
ebde
ceb1
8f6b
472c
170d
0f1c
3456
799f
c1dc
e7ed
e5d3
b996
704b
2c16
090a
172f
4d70
98b6
d3e5
ebe5
d6bc
9a75
4e2c
1405
050a
1c3d
5e87
afcd
e0eb
e7d8
c19f
7a56
311a
0700
0917
355b
85a9
c9e0
eded
e0ca
ac87
6340
2110
050d
1c39
6085
acce
e3ef
efe3
ceb1
8d65
4220
0f07
0a1a
3456
7da4
c3db
ebec
e5d0
b492
6846
250e
0202
0f27
476d
93b6
d3e5
ebe3
d4b4
9670
4b29
1202
000a
1f3e
658d
b1d0
e3ec
e5d8
c19f
7a56
341c
0b07
0f24
4168
8fb4
d2e3
f0ed
e0c9
a985
5e3c
1f0d
070d
1f3c
6086
a7ca
e0eb
ebe0
cbaf
8763
3e21
0d05
0a18
3552
7ca1
c1d6
e3e3
dbc6
ab87
633e
240e
0509
122f
5075
9aba
d3e3
e3de
cbb1
906d
4b2c
180a
0e1a
3150
759a
bcd6
e5eb
e5d3
bc9a
7654
311f
1210
1a2f
4d70
93b5
cee0
e5e0
d3bc
9e78
5a3c
2114
0f17
2945
678a
acc6
dbe1
ded0
b69c
7a58
3921
100d
1224
3e60
82a7
bfd0
dbd6
cebc
a182
6343
2c1a
1417
253d
5e80
9fbd
cfdc
e0d6
c9ac
8d70
4e34
211a
1c29
3e5b
7c9a
b9ce
dbde
d3c2
a98d
6f50
3925
1f1c
2438
4e72
92af
c9d3
d8d3
c3ac
9072
5639
271a
181c
314b
688a
a7bd
ced3
d0c3
af97
7d5e
4330
1e1c
2131
4b65
86a4
7e9e
a14e
67b4
aaaf
6e40
786c
5d54
8554
a28c
6659
80bc
6e88
ac6e
aa9c
7a5e
4b58
646e
8e98
8158
8693
8882
8b69
5072
7a88
8864
8a8e
8894
aa8a
4e80
8073
4eb8
968a
352e
4672
9681
5d44
6e94
8cc2
4e50
a474
a83b
868c
8296
7871
7f60
786d
8abb
9401
e8e6
6ec0
4877
5601
7513
ce01
1ec8
d8a4
7044
7c68
6b80
36ce
645e
9e76
6bbd
7c62
9670
7a88
b1aa
867e
6a4a
436d
8b64
8f6a
9e4a
5066
8a71
5d62
8a70
706d
737c
6442
8090
ac3c
8432
a5ba
736e
5656
93a8
d7d4
76a2
966c
962d
ae82
848e
6280
7671
926a
7a7c
904a
7490
918c
6c92
748e
7988
5d50
7278
8082
9a7c
8671
818f
8876
7a68
8c8b
7c94
8678
6074
718e
8270
606f
5c7e
7898
8d78
866f
7998
6e1d
ffff
9bc8
425c
4f0f
7807
be4e
18d2
acf4
d060
9c8c
999a
1c66
c830
b893
74b6
525e
787e
788c
5c75
849a
7242
787a
8587
5c86
a82f
33c2
ca79
64b8
b25a
8268
794b
779e
6272
80a4
7458
967d
b280
6a7c
929b
9274
9491
6e5e
6e5c
4f66
7456
6086
7c6c
6f96
857b
948e
7e93
829c
7e80
a48c
6e7b
887e
7294
a279
594b
658e
947c
794a
7a82
bace
8f96
927a
8249
6888
76a0
6a65
8c70
726c
8669
9772
686e
8f8d
787c
6f7b
7c82
8e6e
5c70
7d86
708a
8674
7b77
747e
5e71
85a8
06ad
f2a5
566c
519c
385e
0860
a928
a69c
e273
84c4
6c86
9653
6170
6245
847e
9164
668f
6260
7a63
a43e
da96
5ebf
f8de
17ec
9101
33ee
e20a
17ac
facf
0c3d
abba
7ca8
1c01
56e0
be01
14e6
d03a
0142
e4cb
4664
cc2c
33c9
9a0f
3476
9501
169a
3f1a
727b
7e56
4088
7f56
caf7
6053
ae90
a63c
5ec0
a069
4c9c
79cf
2d56
38ae
d576
a454
bcbf
b8bd
8e8f
a888
662e
6244
2c3f
714c
6080
8f5e
7982
8e9a
8d94
7083
8886
6b45
89a6
98be
b601
5c6c
9c01
8bff
7e27
fff1
c427
bf01
0183
0e01
9bf6
8cc8
f8e6
2a80
a932
94e2
5654
018b
e87d
3479
6eda
a37a
308f
842c
725e
687e
7c1e
b286
35da
e06a
014a
c57c
64bc
a03c
4410
746a
4c35
ace0
3e9e
90df
8fa8
f49a
a182
9ad1
7e5f
bf96
2017
8c68
1b2b
cc44
485e
7345
8444
b080
73a8
bea9
7ac7
ce76
6ea2
7e5e
528f
6f70
546c
6066
b0a7
ad9e
a19a
9e98
908e
8c86
9465
675c
7e76
868f
5e78
7a66
8275
7964
7c5e
7b79
9852
a666
8c89
76a4
8e78
7678
7181
6e81
5eb4
6278
8a65
9062
8c72
baac
1068
fffc
a489
42c6
2155
010a
c51e
74be
e4ba
6ca2
757c
8d38
6783
5069
b192
cc8a
6a73
b48c
665c
8c6c
905e
6142
8b96
727e
7894
8672
749c
8e61
5c74
b27c
946f
4c6e
5258
6074
7a56
847e
a896
689a
8a92
81aa
8876
83b8
9884
5c74
5f41
6050
4656
4865
6e57
9896
a28c
94a4
92a8
8588
8e82
79a6
4657
2a58
a06a
535c
6496
8ac3
b85a
92a2
7c8b
689e
947c
a264
7e7e
767c
6057
807e
5872
6682
705c
7250
6b85
8478
5268
8480
9286
8897
7b80
868a
8070
749c
485f
855c
8252
6e84
74a6
8256
c450
a885
74ac
7084
606b
826d
8191
7f88
906e
6867
7480
7c54
6574
7e8a
987c
a992
a47f
5878
7586
7c6e
8e5e
8a6c
7a6e
7087
5e67
7270
8064
6e84
749d
d63a
01da
ffff
a301
4228
0101
0101
2650
6ee4
ffff
e293
72c0
c61c
4126
31aa
7eec
d49a
74d3
a4aa
620b
112e
7214
1938
c8b4
a436
6489
7e44
4ea6
9088
6f90
b7c6
881e
104c
407e
3866
454a
5886
a7aa
d0a3
c2dc
cae8
a8ca
7679
b054
5e89
3237
1b24
2619
4374
5270
898c
91b6
eeea
d8ac
a342
909e
5e48
4c6c
7075
8d58
1e60
8a98
8053
a4a2
86c7
d0a8
b292
8486
60c3
907f
ac9c
a85a
6792
3d70
7c52
4a45
6891
708a
8e8a
a29d
788d
9a96
7c88
948e
749a
8672
6066
7454
6958
5d78
7178
6c86
a8bc
9f71
ac74
927c
b685
6a8d
7c4a
6d78
8a54
9047
6448
5a66
9a9a
8a84
966a
62a8
848c
9e83
9574
6c90
8aa8
b586
5066
3f64
6398
c64f
6a10
51c4
8582
3d55
9166
90d8
52ac
bdd7
be76
d490
4a3e
6614
6847
6a33
4680
ca82
80c4
8ca8
9aa8
6482
84a0
7582
4d82
5890
b08e
88ae
9498
768a
6e6e
9b6d
8c7a
7e8f
5a58
4674
a865
7d3e
5b9a
404d
3d7f
582c
4a50
566e
7873
7a8c
8f8a
b3b4
aab5
b4ac
8e9d
80b5
7270
af5f
a558
37ba
8aa4
639b
672c
1438
7a2a
842b
7486
463e
7a36
7c6b
4d2a
124a
5947
7a46
c09e
a98e
9082
786e
ad6c
7e94
927e
96a0
b482
8061
434e
665c
5663
5c69
6660
705e
4f46
6752
5454
6656
a064
af72
8aa0
5a6c
7e76
9865
9eb0
95c4
92be
a8c0
7a8e
969c
6eb8
8690
a69a
48b4
646a
546e
5763
736c
92a8
b273
7d84
d695
8d88
8ac2
7965
8080
6a6e
6095
6464
7876
888c
8ea2
86aa
9782
9d84
706f
6660
7c76
8898
5eb0
aa6b
756b
6672
668c
6ea6
ba9e
889c
8ca6
8182
a498
8b96
bea4
73ce
789c
9868
c268
acac
86ac
8ca7
7e96
624f
785e
7666
7c76
906a
7986
98a5
93ac
929a
b240
6eff
c84a
9239
9133
6608
36c4
3482
c0de
90b2
bab4
b8b8
5675
7ca6
8c96
81ac
7a74
768e
3e88
a484
90a5
017c
f6a9
a059
3c9a
0e0e
017e
b938
b2b4
c4b4
9a7e
409c
452f
6780
5ca8
7e8a
a675
8d9d
7889
7a7a
7473
7a3e
01ae
a854
8834
7926
4c01
0197
7601
6589
9ea6
943c
52a4
1e79
6c68
895a
6f6b
9e89
6aa0
8a84
5893
527e
3a5f
601a
585a
6e68
736e
5250
8078
8a74
767d
8071
5a68
7250
4664
585c
3e5a
386b
7c80
847e
808a
887e
7684
735a
545a
453a
5a4e
4835
4f51
5266
5e6c
6a77
727c
8e81
7c83
767f
7e66
7464
626b
5e8a
5b56
6872
6e7c
7663
7c78
7680
9284
829c
758d
9082
7e8f
7e7c
7876
6078
7960
6e7e
7074
797c
8090
8f8c
928e
8e84
8a8c
7e80
7a78
706b
7e71
707c
7c8e
7a80
789a
8581
889f
8e78
8e8c
8f84
7c8e
8e81
8488
8c80
8889
8382
8a8b
827a
8e8e
8882
8c8c
8e8f
8c9b
968e
9892
a37c
9396
8f8c
889a
9481
8e96
8e84
8a98
8989
8994
9886
8892
9688
8d90
9194
8892
9092
8a88
9092
838a
8c8c
848a
8a90
8d86
9696
8e8e
969a
9292
9a92
9090
8c92
8d86
8892
8c82
9286
9884
8c8e
8e92
8a94
989c
72a8
937b
96a2
8e79
8f9c
8c96
888e
8d8e
9090
8686
8e9a
857f
8e9e
8f8a
8f91
9490
8f8c
958a
8e95
8882
8483
807c
8482
7f7c
8686
807e
868a
8188
8486
7e76
8e7a
788e
7e74
7588
947a
8e6e
837f
9380
928e
7866
7c90
6a8c
759d
885e
8994
9082
4780
617c
5c8c
7668
9170
6e6c
8a76
8866
8666
6c60
7e7a
6b70
7e80
7a65
7286
7460
5d98
7054
687e
8864
746a
8670
3881
866c
5873
795a
5268
8272
465c
7e8e
1e6a
7882
6a52
8b6c
524e
6e80
544e
648a
6d54
6282
7658
5c83
7857
5b80
7860
5e74
8666
6574
807e
5470
8364
6264
8a70
4c62
8476
5560
7e76
5e62
727d
5a4f
727c
5266
6e7a
6259
746e
6a5a
7474
6d64
6e6e
7862
6872
706c
6c69
7a68
6274
716b
5e7c
6a66
6e72
6b6e
746c
6d74
6e72
7270
7672
6c76
7279
716e
7883
7278
6e7c
7a76
757b
7c78
687a
807c
7274
7e86
7471
7e82
7273
7a7e
7c68
7c82
7e6c
7280
865e
7e88
7776
708c
6e76
7c78
8876
767e
7c82
6e80
8c72
708a
8f66
797e
8e6c
7c82
8c74
7c85
8d70
7a7f
8881
827e
8e74
8886
8481
7e88
887c
7f7f
8882
897e
868c
8284
8686
847e
9086
8288
7e8e
8285
8282
8683
848b
8a82
8a8a
8886
848e
8c84
868c
8486
828c
8084
7888
8882
7c7f
8a83
7e86
7f87
7e8a
8088
7d8c
8680
8c84
8e82
8886
9184
8688
8592
8080
8986
8484
848a
7e82
8985
7c79
8c86
7a84
828c
7a76
8985
7b76
7e7f
7f7f
8a89
807d
8688
847d
7c81
8485
d445
55ff
d233
d10b
bc01
8c01
65ff
323c
f4e4
af90
20d0
61c1
207a
cf35
ce71
6eae
6c4c
92bc
0150
66b4
1061
4a32
46c6
835e
c684
a8b4
3498
9ebb
4631
87ab
564c
1053
2e27
384b
685e
6c71
bcd0
c4ae
d2eb
e2c1
a28c
a266
684a
5a38
4842
583c
3b42
6e96
90af
909a
c6ca
c0c3
c098
907a
7865
535e
5a38
4564
6a6e
5c7f
aa95
9c82
b099
938c
9692
94a1
6686
9280
726c
766d
5a54
4854
4e5a
6d46
867a
8796
68b8
8c9e
96a6
7e74
a555
869c
ba17
35ff
b430
be0f
b001
7f01
22fc
384a
f2b4
bca0
4dc8
5c94
2e86
9448
9480
38a6
334b
a061
543a
54a4
2292
303f
7892
9860
b88f
a2aa
4793
9aa0
6864
7ea0
6420
3c68
593e
4e3a
7685
6e8a
c18a
aea8
a4c4
b0b6
7c7a
8266
5e62
367a
2260
464d
4859
667d
8c6d
797b
b28e
a09a
877c
866e
785e
6c60
5058
6d68
7287
6e94
839e
a291
9eac
aa9b
9ca6
94b9
a27e
a687
8682
7f7c
6e58
4864
5060
5961
6d75
766e
7e60
9582
a45a
62a8
73b8
01c0
ffd2
e564
565c
6601
0165
702f
e885
c0d8
7286
7fc2
464a
cd6c
a7aa
70a6
9258
8450
4a2e
2278
2146
2604
2c47
6c72
928e
84be
7682
78a2
888a
5896
acb0
4738
6016
192d
742a
3c7f
72a9
85a2
a6d9
d5ca
b2cf
9ace
b2ac
b424
409c
75a0
4a62
3240
2312
5494
1c84
eeff
ffff
be59
6e34
0116
215f
6ba0
d6c6
90ae
8a64
3880
2167
5642
5884
97c8
dcec
dad2
a293
8468
8075
4738
5a68
4e23
5c22
3344
308c
5e86
9e9e
b6c0
86b6
8ed2
9f9e
aa7f
98a8
747a
84ba
1562
fff4
d684
4c8b
4a1e
014c
beb0
8678
ca63
a44c
606e
744a
4582
5c8f
8848
7e82
94b2
bead
8a7f
7a64
808f
4a96
7cda
8ea8
8245
8358
1d7d
50ae
027c
ffb4
f27e
5278
0116
0c76
4184
a8ae
668a
7a74
ead0
8656
ce86
9ab6
7686
6950
609a
be96
9d9a
7278
6058
377a
688e
a69e
6c88
b601
32dc
fffc
6c80
3801
011c
011e
9d23
8573
c026
8bc2
978e
ac7c
c8e6
7eb7
6cb5
47be
e2b4
a69c
552a
1208
1126
3a84
8180
708a
6673
b27e
9c7d
be60
ba94
6a50
3c3e
2a26
6c6e
5a5c
7e65
899e
aea4
c9e2
cec4
c8a5
a98a
8a86
8550
3d40
4246
4438
2c58
5040
4a66
728c
a6bc
a69d
7e92
9a8c
947e
7c4d
6e4a
a478
6b5a
5a78
7d6a
8e64
6d94
7072
9868
b47c
a492
8ea4
709d
726e
6a66
495d
5666
6859
716c
7a86
807a
7776
807a
8e7c
8896
887a
7484
7e70
966a
8266
6678
5274
6e7a
6e84
908a
a5d8
3c26
ffff
bfa7
26a8
0124
0101
de7a
04c0
94a6
b22f
9d5b
b62e
86d8
8484
ce3c
a08c
7874
7292
5066
6710
922d
1850
9698
4488
9998
d28e
9eaa
b87f
4c8c
a47a
4e3e
5656
3134
3844
5886
5584
d6bc
b8d0
dad8
c1ba
967a
9a71
7254
7e2c
2a3f
5430
345e
6482
6d84
8daa
b4ba
c0b6
9a9a
78a0
8486
7858
5546
5067
6665
5682
7a75
8987
a090
9a98
acaa
9aae
9c9e
968c
787e
7c6a
5e52
5a56
5c5e
6874
7c83
7e9c
969a
ab9e
9aa1
9697
9ca4
9860
8254
b070
4486
4282
8089
9a5e
867e
729e
52b8
9075
8a80
d148
a676
aa3f
88ac
28b2
5e80
8a4e
a445
8e5a
8372
5882
828e
80a8
8094
957c
8c98
7aa4
6877
8a6b
a068
688a
7474
7886
7a69
688e
717a
967a
8a76
9793
8490
839d
9e38
aca2
b801
c9ff
dec4
3859
1601
2c01
a1ce
017e
aedf
9d22
84aa
bb95
0f54
d73e
5408
9fae
78e2
b0c5
a37c
aa0f
2478
2445
8480
6868
7c1e
7256
5889
a2ae
5c60
cb6e
7d28
6860
8030
842a
7840
6a82
a393
7ec5
c294
c2a1
a29e
8a80
5474
7c66
545a
633d
292c
764e
6159
6474
849a
beb4
aaa1
aa4e
be27
da87
5a6c
3e90
8ea8
803a
a488
3892
585e
a22c
7a7a
917a
7aaf
849a
9cb1
5eae
7282
8045
7658
6a78
5474
528c
8a78
ae78
74b6
9290
9284
a08e
c458
6e9c
8c76
647e
8470
6e87
5e7f
7387
7298
9894
9c85
9b8e
8890
8662
7472
7227
807c
7868
6a76
7034
8578
438e
4e6a
7a6d
8a80
9086
6a7f
7072
9876
9a76
7d6e
8870
8d78
8c72
827a
6a78
867e
8090
6e90
7689
6a85
748a
7882
8a70
8a79
7c79
7c7d
807e
7e7a
7f76
8a84
7782
7e78
818c
6a8d
61a0
829a
7d7b
de01
7dff
ffc6
5601
8601
3601
61f6
1c42
eb96
97ae
7c9a
88be
3ca2
dca8
b260
8a8c
20b1
5871
2c80
700a
4259
0129
989f
846a
c28c
b888
9282
a07c
922e
b44f
6c0f
3834
2636
533f
289a
a667
e0b9
e8c4
f2e6
c5ca
67be
7244
6c3f
6422
3049
2b30
3632
a87e
8e89
a2be
b0d2
dec6
5cc0
20c6
9e4a
5228
4865
4892
3f88
5e56
ac56
8eb4
6bba
ada0
909a
ae84
969a
a455
9474
7a5a
4869
425c
4e68
5e6a
767e
9a80
a492
90b0
8c98
9c87
ac8f
868c
688e
5a64
7671
8670
728e
728e
6f91
8e82
8c8c
8c8a
9284
9279
8074
806d
6c74
7d58
6679
6e62
6a62
767f
7668
8689
7d81
8290
9984
8886
888e
8a7d
7b84
8278
7c78
7674
7670
7679
7284
7a82
817f
7a92
8682
92d0
3a46
fffe
9dad
18ae
0154
0101
da64
01fa
7c48
5e27
da32
a26c
86d4
aa74
e647
ccb4
7ebe
8572
7248
3036
7e16
0c66
6154
4486
5cac
7494
a4b8
8498
76ac
926e
7e51
5874
4958
3250
5258
6186
88a8
9cb6
c4bc
b7b8
a1b2
8a9a
7f7e
6c65
5441
5033
2e52
604b
4e72
8e6a
a0c4
baa4
8aa8
98ab
9392
8586
866c
807e
744a
586a
495c
7879
6170
7e68
a0c1
5898
9285
cc96
a876
8c8a
7888
4c5a
8642
6974
7674
6e88
808e
869e
7196
89a8
6a8e
dc7f
02fa
ffc6
d856
6420
0401
0176
a216
a8d8
77dc
a662
93be
846e
c6d0
5ec9
4048
8630
b80b
583d
9094
0184
460f
7d50
8c68
81b6
7eb4
64a4
b098
8cbe
c640
0159
0112
eeff
3a14
ff1f
47ff
e450
34f6
5edd
0801
e2fa
601e
e084
0192
620c
0eb8
6001
1440
d5aa
a24a
c6a0
aae2
ba42
539a
821a
4458
144e
dcaf
4296
9482
9592
8475
b042
b87a
2638
8db0
7ac0
cfb8
aa91
3412
5656
9e3e
596e
a58c
7081
a072
9689
5f74
775c
5c68
9469
728b
827d
6466
8e92
9c9e
8388
8a8e
7879
827e
5879
9173
6896
7888
533d
7a70
7c8a
7882
747c
827d
7b80
8a90
8073
8570
3464
ae70
89ac
9860
786b
8072
9c90
8f8f
909c
9688
9268
788a
763c
a274
8e73
a07d
706c
6a7b
5976
876c
5a66
ba6c
9472
ad9c
8f60
727e
7c82
4684
bc8e
74ac
7c4c
8e5e
834f
7c9a
7086
80ac
8689
bd84
7572
618e
6882
5f78
947e
8068
8449
6da5
8a68
8378
8b88
6d63
6eb6
9e8f
8e88
6c5e
6e9e
4c69
706a
7c73
b244
b272
4694
5e82
6ca8
8a7c
a6a3
a268
9067
8750
7c9c
74aa
7a9c
7094
e82e
4eff
ffe6
a624
c401
2e01
04e8
4c01
d649
7648
b2ee
44af
92b0
cc80
a07a
5878
558c
9c55
865a
4fb2
0354
b6b2
f8b2
5c5c
0c17
0101
3ba0
9e54
a2c7
dc3b
b4b4
a8c4
2801
0157
29b8
ffff
981c
ff2a
26c6
ffb4
0ee6
16da
2334
fff4
7e2d
f82e
0142
ee3e
01e8
ffe8
c601
ada4
0101
011c
7372
9a01
76ff
ff66
65ff
5a7d
76ff
3e01
0101
1803
93d8
6d2e
b201
1d11
95cb
80ee
ba86
ab48
8aba
a6c8
aca4
014c
0178
ec01
01d0
c2ff
c476
1601
5c01
28f4
61b4
c1ee
ffff
ca7e
be6e
6c62
3e7d
9488
0121
dab1
c4b3
ea8a
5859
0182
0d86
dce2
4060
90ff
8901
3ce6
e2b4
7199
2a4c
5601
0101
b645
7c5b
a09c
ee8c
5eaf
b8da
c6c0
ca5a
6a4c
74c6
1c01
681e
e801
01b6
62b2
a858
e601
5d06
1ce4
81c5
ea26
d9ff
791a
f8c6
3cec
4cdc
1819
a832
8212
e638
92f0
8cc8
80c4
abcc
c4c8
c458
8420
c222
0175
4266
263c
9801
a606
5159
01a4
947a
83d0
a6c2
88a6
aaa8
a6a6
a846
6895
0162
bed4
9253
2e77
3c3d
0160
c0a8
61f0
c2d4
cabe
96c8
9a44
9aaa
9258
6015
741b
3f5e
2162
4638
8065
8646
76d4
d8de
b8c2
6bae
b68d
60a2
7b4c
9f3a
9408
806c
146a
018a
1a51
c8b2
a6c2
9c25
ff64
ba4a
a83c
9826
3cb6
214f
2c36
3636
315a
3c93
70fe
aa38
e888
88aa
8fa0
4aaa
e08f
5ab8
8852
72ba
448c
0198
012a
b04e
c14e
9ec4
5eb2
c6b0
06e3
9c0c
6470
cf70
5694
1149
54b7
083c
88be
5e7a
8c7b
4a80
c892
4aee
0d50
c62d
842a
767c
404c
6cd9
1588
7a3c
849d
4d7c
c680
9a9c
527c
80d6
5989
6092
a5a2
89ae
849e
4088
8060
858a
507d
9aaa
76b6
5aa7
4f80
c048
a884
a0be
8ac0
759c
8e4a
a898
686a
bc60
54ae
c06a
c458
d80d
d160
b2d4
50ff
57e4
929c
c838
f45e
5a5e
5db0
3dcf
30b6
39aa
a8a0
7658
9a7e
8cd0
8c72
6486
4a44
6e4f
32b6
2db8
525e
b238
ca34
715a
80a6
25ac
ba14
f464
e42e
ea40
6ea8
2ec8
14da
4a68
d45a
e862
7366
c19d
17b6
6f89
2cfd
539a
8e4e
9762
d2ba
5050
7460
c601
2ac3
388e
b6be
36b0
e827
f81d
42a2
9058
63aa
4a8d
88de
528a
3764
7868
4c68
ac4c
6cc5
6c58
eb78
5a9e
9619
bc28
38ac
20b8
7c70
7a74
ba58
c632
5278
7660
6266
564c
ba2f
6466
9c39
82bc
32c0
4c4d
9c31
af64
42ba
38e0
18d8
14ce
4652
6436
a728
7662
7058
af5c
a878
6866
9260
7ab2
3e74
814a
9270
34a3
404e
9336
989a
6a8a
887e
c7a8
88be
ae58
ab9e
4ca1
7870
8e5c
8a6c
54a5
5844
b44e
7483
9c24
e055
68c1
6782
b458
aa76
7e58
7a38
6694
2484
5c78
665a
9b62
6491
881e
d854
4eb2
428c
6a8e
4ca4
6c5e
8650
ab2a
8a5a
4d7c
7466
549b
689c
6cb5
6e82
72c2
5378
5e6a
7a7f
509c
8458
6a74
786a
7e82
828c
a870
84b8
5aa8
aa71
8a7d
7c90
7e66
759a
4e65
7a79
5e52
38a4
985e
b875
6086
4894
43a1
a050
b698
b476
7c97
586c
5650
6e84
68a5
a346
d28a
7a94
5d84
7ea6
5988
7946
7994
8a6c
8a88
64b0
7e84
7c74
6495
7c8a
6664
9079
9382
7e90
6c87
a26e
9258
a060
8c6e
9246
a45e
72a4
6882
678b
946e
8494
6c7c
968e
5c9f
6a8c
6ea0
6c86
9a8a
44a8
6890
7a8e
5890
59be
4e86
756a
bc98
3cd8
34e0
4fa0
aa66
9a61
9567
8e60
6e92
60a4
628e
6e92
6296
a66a
765c
9a72
6ab0
569c
848a
9e68
9988
a278
6ca5
5e98
5780
8c74
7c70
8d8e
5980
7e7f
7f7f
946e
0101
e206
d671
946d
6eae
0180
b201
ce6c
6ddc
44b2
643a
99b0
014e
e638
ff52
e401
8e3a
5934
6ab4
2681
01c4
8498
782e
d614
d801
8eb8
20aa
9201
2bee
1af2
0af4
782e
a827
f6d4
0184
b242
ff7f
ae56
babc
3acf
7e34
69ff
3fff
a96a
5c5c
ce80
5a96
9a01
32ac
2cea
0eb8
386e
aa1f
4c7b
ae2c
a26a
70a6
6660
a865
4aaa
01e3
aa90
c75d
e402
f811
c43e
88c2
01a8
d160
b235
fa09
e674
12aa
8cda
2180
d7cc
019b
8e3e
44ff
45f0
7286
a074
ff46
c09c
0184
bb3a
92ae
9041
866c
d892
4350
5ebc
01dc
ad74
804a
d601
ed2a
9601
a8aa
53ba
36f4
0150
ae3e
4a3c
8c77
e237
7ec4
1ac8
01b2
d12e
52e0
4272
4284
a40d
3088
5974
b262
7ec6
0190
e442
ff60
c11f
9ebc
128a
9dae
aa28
897c
dc09
a316
c0d4
0bcc
4ac4
6838
72ca
24a1
4292
5c78
2658
62cb
01ce
d24d
b06a
e001
ff42
28ce
6dde
b232
da42
cea8
0158
fa20
58a8
ca70
497e
9abc
0171
ccbc
3242
64a2
ba4c
a908
b0b4
01ee
44ac
65e4
7d54
63ff
884d
b8ad
78b0
9860
62ce
8a39
b096
2c76
6d66
5ea8
4324
9460
4262
6b09
6678
2438
2898
01ba
7653
4238
c401
fe0c
946d
62e6
30b0
a44a
de06
d848
c8a9
0bb6
6cc0
0d70
a878
326a
5874
5861
4e54
1d82
8e2b
6575
7255
a65a
8e98
6cac
c28f
a894
c48a
bcaa
a772
a69e
8088
6876
6c96
5330
31e6
2ed4
5d61
864a
be4a
886c
9e44
b458
45cf
644a
b342
c53e
707c
ae8a
5270
7885
a632
fe3a
9e8c
5c61
4e90
8458
60a6
8a38
b7c0
55aa
82bf
9e70
b798
8bb4
549c
9e74
8476
845f
7764
627c
546f
7c52
8a68
6e7a
7c78
818e
5aa2
6e86
8a70
856a
6974
808c
5789
7978
7478
6480
7a7c
8085
6a90
7880
7886
8074
8874
7d80
be46
4472
9fac
5a8c
854a
a48e
5068
be6e
b174
6a8c
b96f
8070
6e9a
8482
5a80
87a4
705c
7996
7e7f
596a
a076
6e8e
5a86
846e
737a
7588
7e68
7491
7484
8e76
7884
9378
8086
789a
6e7a
9092
798c
8e78
838c
7a6f
8478
8881
7e80
8e83
728f
8292
8286
7887
7976
9273
717b
868e
7872
8c80
8e76
857c
787e
7c79
8c64
8672
8a76
8676
7a82
887a
7e82
7e80
8288
8387
8386
9080
857f
8a7e
8a8e
bf9c
544d
8978
923a
7ad0
8c64
bc22
54f2
6096
3a46
e376
496a
50aa
9376
5374
9a7e
b254
4ca8
bf59
7e4c
84c4
664f
8466
9c76
6a53
888e
9674
60ae
9ca6
808a
94a0
6d82
9a6c
6ea0
5e80
7c70
6879
5f68
727a
6c6f
7270
7ca0
8874
8ca6
7a8c
8875
8c76
787c
8379
7b80
556e
7f67
907d
5c81
3564
a266
81be
5660
9658
809a
36de
1384
82b1
156f
608c
3f84
7e74
24d0
9a30
9c4b
d590
4c91
5a8a
a433
7c6f
5484
4d7a
5a6c
6b60
6654
64a2
4e78
7972
a04e
60a1
864e
ac5c
9666
40c8
22b2
605f
586e
54a2
485e
aa68
53aa
7896
6572
9884
845d
808e
7c78
5e86
98c0
4d4c
8360
7a80
7aa5
346a
a680
54ba
828e
4562
7085
b672
286c
c696
525c
76a0
a358
707a
8ca2
b544
86b4
6aa1
8c56
8882
8a5e
7e76
938a
6e88
8e96
a278
896a
9694
7670
8a8c
747a
8076
8980
627e
6675
7660
6e80
7272
7b80
9a92
5871
4166
be70
85ac
4c5e
ac7c
3ac0
7491
5650
9462
8eb3
01b5
a694
4c54
ea27
ff24
5948
b6c2
6846
ac56
e50c
a04e
a282
33b2
9cb1
3292
7ba4
7e66
9893
787a
5a9a
3286
7954
6e58
7862
729a
549a
7b86
9472
7478
8634
ce38
5271
6c2a
9e9c
345f
a637
2eb0
7e32
86aa
9641
9445
96c6
7e0c
a7ba
6358
9c5e
bca4
489a
8260
cc7c
1678
904f
7e82
3e88
827a
6c70
7595
8673
7e86
9494
798a
9096
c85a
60aa
344d
a868
5094
8a32
907f
608a
8a99
6a66
c074
8e8c
54a8
9a83
6463
8e8e
7282
8160
86a6
8052
8970
6980
7a62
8857
6c7e
a27c
896a
6c90
9d96
7a78
7472
a276
7470
7e8c
8c88
685d
909a
8682
8076
8292
847c
78a4
8e81
9046
5eb8
5264
ac4c
42ba
7a4e
7986
a840
84a4
42f4
556e
7ac5
4a6a
765e
aa8d
80b7
34b5
a28a
7e56
a888
7898
4872
aa82
7b90
66aa
8698
7896
8c9c
8e92
6ea0
8293
767f
7f6c
8a86
5a7c
a484
767e
8c80
7e8a
7f7e
7764
6e5e
6a7c
808e
8681
7c8e
867e
8270
a67f
6580
66c4
505e
c0a6
79ae
826a
68bf
5e88
958c
7d92
6058
36ac
9dba
787d
8aa6
7286
4d7b
b648
4c4a
6e5e
507c
9126
d863
58e2
4070
b37a
408a
4cb8
4c9e
b078
75a6
7694
a28d
b285
5e8d
8cb2
4852
a42c
69a6
415e
a07e
0ec6
7f1d
a4ae
5a7e
5498
7870
5b0e
7b60
6f48
3a6b
76ac
9e9a
8e94
958d
5086
9244
7982
605c
67a8
4e7c
829a
9601
9c71
ca2d
a801
b367
aa59
7ec6
3f3f
d23f
e028
82bc
51a8
84ff
a008
ffc4
0cc2
1829
984a
8e01
cf36
c171
01ea
360d
c604
7430
8984
015c
8448
55d2
6986
a183
4384
a72c
a494
4cef
6a63
b898
6d8f
8654
c081
2da2
724c
4868
966d
8b82
885d
9672
5362
816c
6782
666f
9690
a888
847a
8a8c
8a74
6283
8e68
8a5e
78a4
7a74
7386
7c85
607a
5c7a
987c
8794
909e
7f7f
9881
8090
7979
aa95
709b
6c86
9684
a28c
849a
8187
887a
907a
8684
8778
7790
9862
867e
9c70
6088
4d7e
7268
5c67
a8a0
8696
8068
788c
7472
8e66
605e
6c78
5d7f
8a56
8e8a
6484
8571
8a74
797e
7266
7675
8473
6eaa
8266
c084
849a
7a82
7a76
805c
6986
8a46
5878
6484
6071
6b63
747e
6a74
706d
7a66
8c64
5d8a
4e6c
7d6c
7184
5c6f
7877
756a
806e
5578
9476
848d
667c
7522
af07
c22d
e412
ca1c
de7a
09ec
171d
ae3e
e01b
5ed4
219a
765e
d408
d3a4
20b5
5e7a
9c36
8a2e
b257
4c7b
46a0
6a52
b837
788d
6d6a
7e5e
8074
5f5a
9c8c
4ea8
6c58
7e77
7289
6986
6a84
539e
926b
8e81
7a7e
6688
a86c
7080
46ca
4298
7fa0
2bf4
2d6c
a260
be29
a198
3dac
8e43
ba85
4ba2
806c
847e
ac6e
728f
847f
7e76
9876
758a
748e
748a
7298
7f80
7c7c
7a66
9684
7265
7e7c
6266
a444
d27c
53b4
9044
8c8e
9e5e
b49a
9a5e
b06f
8ba6
4c90
aa5e
9196
8e59
8395
806f
7680
9876
9888
7188
7260
927a
6ef2
915a
e046
8048
be90
04d1
8866
8f88
3aa0
b615
b28e
5a62
aa86
3d89
8c6c
a261
4862
a03e
afac
8c2f
f831
926c
8eb5
01d8
8e28
d69c
0ad3
982a
c080
4c6e
9694
419a
6c6a
8e86
4ea8
45f2
01d2
78bc
623c
be54
3fdc
47bc
925e
50d5
5236
b6a7
0cbc
8f44
5070
56b2
45de
7a6a
9f6a
803a
ae82
0fc4
796e
5bba
2886
ae2e
9e83
7226
ae46
ff12
a290
a974
50b1
5266
c94d
b18c
406a
68e0
1ed0
80c4
10ff
3298
9a5a
d019
9c5c
46e6
3e9a
7674
b568
38e1
3196
be28
be2e
848c
7790
2a86
944b
34d1
6234
c276
5c4f
b820
e65c
4a53
cc54
5d9a
5496
62ca
1b62
67c5
50c6
7868
8f82
44c9
78a2
019c
c636
c389
2cd6
12f2
687e
09c6
a26e
a449
657e
ae49
ec34
2824
f070
649d
4c8a
9080
bd56
a304
b2cf
187a
8e30
78e2
12e8
8c44
14ff
602a
ce5d
594e
e008
e5a8
2a0f
fc4a
1fdd
3e80
6ae8
10c3
b421
42ff
3a1b
d67f
3dbc
c822
50f6
0b40
b9a2
0eec
ae18
ca9e
40a8
3aee
2276
5e8a
5ad9
6050
b66f
6a36
f54c
7012
ce5a
a97f
6466
8c88
874e
fc64
3440
f440
8cbe
3b9c
9a3a
e06b
502c
b235
8efa
74c8
5726
d824
3076
a868
8e72
47cc
01ca
9e02
3ed8
17fe
9d16
c623
c072
5b36
7e2a
ebbc
32c0
1ae6
8066
52bf
44e4
bb32
d846
589c
8e34
34ac
7e98
8624
af30
2adb
5601
2fbe
4aba
c436
615e
e1aa
0d6b
851a
f4c0
08ac
ae14
82e2
4015
d2b0
33d6
b206
40df
5635
d278
7e58
b884
2b92
3e2d
bea6
731d
a98c
3c56
be28
4cdc
4c3b
8fa0
46ce
be2e
5eb3
60a6
6a2a
a0a6
4a70
c352
2095
9c52
8c90
712e
b47e
54b0
4488
bc7a
42ac
6b8c
7a20
9abb
2e7c
d048
182f
ffbe
94c6
0101
42c2
b67a
3172
ae96
4a6e
564a
408b
8c83
6b62
927e
5c6f
39b2
8c58
5caa
5cb4
e644
a8da
866a
d8b6
55a4
d66c
9cd8
6e18
949c
8a7a
3f58
5a78
9a1d
5497
2266
8a72
789e
56c5
5972
72ba
609d
4c88
909c
7874
9a96
7088
8878
5f46
ff96
b4cf
0149
609c
c83a
5c64
9e6e
5e68
7e0e
3d6a
6576
7966
7698
9440
9c72
569c
84a6
9ebc
ca63
a8d8
7e99
c09c
92ac
aa8e
9993
438e
9437
8d7e
564e
9958
3b98
4a3f
9878
288a
1ee2
f04d
b001
7a10
78ca
3c2e
8589
5872
903a
66a2
9992
a466
8fba
8c7c
6ea4
8a8a
614e
8286
62a7
7266
8f76
7e82
807c
9a68
988b
702a
bee4
4dc5
381d
4042
a840
3566
4c93
4c23
8e84
50b7
6278
6c9a
ac76
7c78
71c6
728e
9282
9cb2
878e
3ec0
ffa4
c640
7462
66d4
9060
828c
5055
6c4a
545e
444f
643c
486c
9c40
325a
9c68
8b72
605e
a69d
a27e
71a4
ffd6
c2b2
768c
30d5
c237
948a
586b
6f61
6841
4061
586a
489c
7576
6a6c
ae98
6e62
4e6d
7ab0
7844
82ff
dcb9
7e58
9758
dab6
72ac
9990
a379
a25b
6e8e
6766
5a6a
566a
4a6c
265d
9880
3220
b2b8
8ca9
4a77
6a60
b88a
7fbe
8d9c
9c8f
8c72
846c
7d92
7e74
9078
5e44
8c7d
5c56
5050
5a94
f0df
9554
5e8a
4eb6
588e
8796
7ba9
a846
7438
a77f
717a
785c
7a86
3470
74ea
b898
7e8a
7447
6890
8e60
8d82
886e
8672
895e
6082
6932
5976
342c
46a8
728a
3835
3746
4494
438c
94a9
9ea4
a29e
8cb2
a6a4
8a80
7a97
76ab
78c6
9564
406e
5aa1
4696
8479
9986
a5a9
8ea0
7397
a262
8488
98a2
804e
462c
3061
3a4e
5278
696a
9682
84b2
7e8a
9c9e
a2ba
b495
8e5a
6275
7460
604a
526f
6a54
5954
9a55
709f
c0c9
b39c
9188
b284
6894
4c7e
865c
795c
6258
64a5
ae62
8a61
889e
7884
9d92
9a92
968a
7a88
6f68
6692
8488
727a
5041
3e6a
7172
727a
a265
8682
708a
6294
a896
82b4
3867
9c62
31bc
4b90
a246
8079
7c4c
8475
82c0
6fb0
828a
8475
b07a
908c
9aa2
8852
7862
8090
8c76
5856
8d72
706e
7a7c
a886
a495
68a5
6ca4
9284
7476
4e60
6c4e
684c
6f64
a766
8960
7696
6c9c
c484
7870
8482
7476
4ea4
6e92
6e7c
4a9a
5a87
7466
645c
5c7e
ac8c
508e
9692
8e8a
9490
8c7e
246a
8871
1c8c
5871
8095
75ae
3e90
78af
909a
6a64
7e77
7878
5d6c
7593
8a72
8854
8964
7a60
7c01
c67a
07bc
3651
b76c
8e78
9c8e
7c90
6280
602e
727e
3c8f
69a6
30c6
3ab8
9b4a
d01f
a4aa
28b0
409b
5a7e
79a8
7f74
a089
6ca0
4a80
5010
b8c6
12ac
704a
788e
9096
5e4c
7c74
6274
6e92
5e71
78b1
6680
7210
e0cc
049a
5c72
748f
b294
8c8c
40ca
6293
988e
612c
8c7a
c860
7a9a
508a
b08e
8a82
8a51
8087
5164
b448
28ee
dc3c
8fa9
3ab4
9842
c849
5566
8454
8458
4392
8ca1
a184
a645
6ae0
39e0
5e80
9689
809c
9489
74a6
8a25
9a6e
7cb8
3fb6
3964
da68
a27a
8c74
8e92
758e
ba1c
50e2
a63a
da6c
2476
cc38
b864
5098
9062
a546
39b8
e840
b888
5a84
9470
9ea8
5f7c
bf52
7a49
b415
7eaa
608e
40ae
6c32
e853
6cbe
5c94
5f84
a356
5498
4a76
d65c
8b3d
8796
4a90
6c95
568e
2ec6
be3a
b09c
30aa
8e94
629b
4b7a
e942
9260
8ca8
6e9e
50e2
8828
c4aa
0a4e
fa5f
30c6
4a6a
e442
6fc6
336d
31bc
bd3a
62ea
0152
9634
16a0
ce20
c085
b628
b460
6e25
d2b5
32c0
9656
8e8a
3c2d
bcbe
2a5a
be72
44da
5544
eaa8
52ac
a080
26f8
b62b
91c2
42a4
16d7
5c8f
3082
5c50
9e30
a31e
4488
4ca6
4d7b
8d7e
75b6
9272
c6a1
7c7b
8998
7162
e22e
b07d
306e
a286
586c
9c8a
856f
4948
b47e
8a62
a150
2e96
4098
427e
748b
5c7c
5d5b
7683
7559
72ac
368c
409f
527e
6174
7235
9c7e
606e
8762
a820
5884
40a0
1d83
5f7a
2f80
5294
3d3b
a490
7080
4a9e
b434
728e
cc24
a2a6
b656
6daa
709c
42d8
82a0
24a0
8498
6161
76c2
4237
76d2
0e16
a0a6
6e14
96a4
442d
a082
4688
3988
4296
ba4a
3ba0
c075
62b8
9e76
4a98
a879
6aa5
8c60
ad88
4084
a556
706d
bc56
52a4
7966
54a2
b842
70bc
8c50
22ce
9460
6ed4
6a6d
66b4
8a4c
787a
7864
6380
8447
9576
7664
a78f
5696
7082
7246
988c
4a5e
7069
9a8e
9681
ce62
bc82
9466
b69c
694b
a589
768e
c680
3976
72a8
1c7e
9466
7065
ac84
3b9c
8f9a
694d
9482
8260
4876
c630
b1a0
9899
5052
b092
3b4e
928a
6c4a
7062
5861
849f
2bbc
3646
6761
8675
6e73
686f
7a56
9d82
495d
605a
3268
8530
8764
8080
c2b0
a67f
be8b
81b4
7a68
5989
5452
92a4
88af
86a4
8a74
6c3c
6e72
5c8c
5958
867e
4679
5684
5043
597a
6d7a
987b
bc93
a0ae
8ab6
98aa
869c
5c7c
ac76
8e72
727a
7398
9467
8c9c
306f
6e61
8185
6683
6685
72a1
7aaa
8a50
6e84
5a84
c572
a4cc
b09e
dda6
b17a
9ab2
74b8
7058
698f
3b9a
88b8
7690
5b43
6652
5248
988c
acbc
ceba
96aa
8d5e
7530
471c
5a5c
9c9a
8a60
6c69
5eb4
4e84
aa22
5a7c
3478
4e98
7a84
843e
9e8c
82c5
ba72
d28c
b3ac
c754
6ad4
62ae
64b4
5288
6024
8b7d
909d
497e
67ac
82a2
7e78
8e18
aa66
628e
5a70
4784
702e
c079
3f5a
2457
9c84
9154
5284
6a91
ac8b
9881
549e
7e88
9b7e
9e67
625a
5e75
7f8c
7a8e
926c
7268
6cad
a698
6a4a
5e23
3285
2c8b
7c4c
6032
7eb4
596e
4873
6e72
809e
5578
683a
4662
9850
c47a
b6be
85b6
8660
d0bd
88b9
6088
786c
767a
6896
6991
8a66
9372
8b7a
9356
7b6e
6c6d
6682
927e
6a70
969c
6a6d
928f
8698
b492
b296
a884
8d9f
6182
948d
8b8c
8e80
a8a0
9ab8
9696
6262
9769
6e4a
6a91
425a
4f5c
7a7b
8b6c
7873
6a6f
7a6e
657a
6b72
7e74
647a
6e7e
7480
7686
7a86
76a6
7497
847c
8a80
8e83
9298
767e
807e
667e
6e74
8172
7482
9a88
a27c
7481
7e88
788e
727e
786d
8a42
526e
6d6a
716c
6b5c
8861
7886
7a69
6b56
8862
686e
4760
704f
6a65
8b7e
9aaa
8c8d
917c
8a96
a4a6
a490
94a3
9e89
ac96
7e8c
6f72
7a76
8a88
7e8c
8473
627e
878c
8a72
646d
505d
7860
4a5a
6584
6c58
5e5f
7896
7878
7384
6c72
8680
7f7e
7493
8c72
816e
928c
8a87
7e8c
7880
797e
7280
8f8e
7a7b
908e
9288
7f86
929e
9c92
928e
949a
9484
8780
8a88
8c7d
7c74
6e7a
6074
7c70
6366
7e94
6a86
847a
756c
6c76
8084
5e76
7c84
8778
6d7a
868e
9587
7084
8a7a
8e74
6c7e
8982
6269
648a
746c
7c7c
8c76
8e68
8e68
8d6e
969a
717c
7e6c
8871
707e
8c80
7c7f
8a74
6366
8e7b
7476
6b72
757a
7774
7888
7278
646b
5f61
7b78
7e8c
6a7d
8859
8c64
8a82
807c
7c62
7b72
7373
6d65
797d
6c7c
5c7e
7674
6c67
795f
6c86
667f
7c89
7680
6a70
717c
7a94
898a
a494
7a86
8c90
818e
9284
9688
6c74
7e7b
796a
707a
766e
6655
606a
5c6c
7876
7a74
7676
8a72
808e
848e
8778
8484
747c
7e84
8081
8772
8080
767c
707f
726e
7c71
7c7c
6e78
6f72
846d
7d86
837c
7d76
7d6f
7284
7286
8686
6d82
8976
8680
717f
707e
7680
8066
7884
6c80
7476
786f
7678
737c
786e
7b72
766c
7c89
7b78
6978
7e7e
8884
8088
8e80
8c76
747c
8072
7278
6c7a
6a7b
7e7f
7e7e
7e7e
7d7c
7a7c
7d7c
7c7c
7b7b
7b7b
7c7a
7a7a
7b7a
7a78
7a7b
7a7a
7a7a
7a7b
7b7c
7b7b
7a7b
7a7a
787a
7b7a
7a7a
7a7a
7a7a
7c7a
7a7a
7b7a
7a79
7c7d
7c7c
7c7c
7c7d
7d7d
7e7e
7e7e
7e7e
7c7e
7f80
7e7e
7e7e
7e7e
7e7e
7d7e
7c75
665a
5d5d
595e
6062
6068
6c75
8489
9299
a6aa
aab0
b1af
aca8
a8a0
a49f
9e96
918c
8e86
827c
7575
6d62
6869
6664
6466
666d
6e6d
6c6c
6871
7370
7876
767c
7d79
7c80
8484
8488
8686
8b8d
8d8e
8c88
8882
8280
807a
7874
6f70
6a70
6d70
7879
7c7e
7a76
746c
645e
5b5a
5c5c
666b
727c
8084
8886
8b8c
8e8e
867e
7878
7574
736f
6e6e
706c
6e6c
6865
645e
5d5c
5a58
5e61
666c
6e74
787c
8488
858b
8a8e
8c8a
8582
8180
807e
8179
7a7a
8482
868a
8a8c
888a
8887
8680
7a6f
675d
564f
504e
5655
5a5e
6770
7779
787e
7e82
8286
888a
888a
8c8b
8a88
8a8d
8c8e
8f92
9394
9696
9694
9290
8b8a
8283
837c
7976
7470
6c68
6462
6060
6262
6465
6b6d
7072
7277
797d
8084
8483
827f
8080
7c82
8384
847f
7e80
8288
8f96
9da3
a6a9
a8a5
a8a1
9e9a
9291
8c88
847e
7670
6662
5d5c
5c60
6160
5955
524e
4e54
5e64
6e78
7e80
8486
8a87
8788
888a
8b8c
8c86
827a
7672
7474
7278
7f84
888a
8b8d
8c8f
8e8b
8d86
867e
7874
706b
6460
5e5b
5e5c
6064
6060
625e
6060
646b
7171
797a
7c7f
8688
8e8a
8d92
8e8d
928c
9595
9292
9594
9797
9fa4
a6ac
b2b8
c2c8
ccd0
cfc4
a455
1e01
0101
0103
0101
0104
1427
4169
8e9c
bacc
c4b2
8f6c
5347
4642
3b36
3640
535e
7082
91ab
d1d2
eeff
ffff
fffe
f8e6
d0c3
b0a3
a19a
9f9e
9ca4
a6a5
9c8e
8274
6456
4938
2a1e
120b
090a
1018
242e
3236
383a
424d
5868
7887
94a0
aaae
acab
a69e
928e
8480
8581
827f
7c7b
7c7a
7676
797c
746f
6e6e
7075
787f
8486
8b92
989c
9e9c
948b
8280
7c76
716c
6870
7872
7c80
7c78
7664
5c4b
3e3d
4851
5a69
7682
8a8d
8e8e
8c8a
8a8a
8a8e
8f9c
a3aa
acac
aaa2
9991
8e83
7c72
6a62
6361
646f
6f72
7b77
7676
7a7c
7a7c
8281
858a
8a92
9999
9c9e
a29d
a09b
9c9d
9c96
9591
8c89
8a89
8483
807e
807f
827e
7e80
7a7a
766e
6868
6962
6261
6062
6060
605e
5a56
5654
5053
5859
5a5c
5a5a
5c58
5d5c
5c62
666f
7882
8896
9fa0
a6a7
a7a8
aaae
b4ba
bdbf
c2be
bcb1
b0a5
9c92
8a7e
786f
6a64
5a54
5252
5456
555b
5f66
6d74
7a80
8286
8c8d
8a8c
8a84
7c78
7d7f
856e
7672
6a66
645e
5851
4e49
433e
3b40
474b
535e
636b
7476
787e
8186
8a90
9498
9ca7
aeb2
b8ba
bec0
c0bc
b7af
aca3
9d98
908c
8d87
807e
7672
6d67
645c
5b56
5552
5050
5457
595e
6062
6264
6868
666c
7073
767a
7a80
8386
8a8e
9091
9492
8f8d
8886
8280
8080
8185
868d
9092
9491
8f8f
8c88
8482
7b76
7070
6d6a
6865
6464
6567
6c6a
6862
594c
3e31
2c29
2b32
3d4b
5d72
8aa4
c0da
f2ff
ffff
ffff
ffff
fffe
f2e7
dcd0
c6b9
ad9e
917e
6c58
4b3d
2f28
2a2d
3340
4c56
5e68
7273
7270
6c66
655d
5854
4c4b
4540
3632
2b2a
2420
2020
2429
2a2a
2c2c
2a28
2626
272c
2f36
3e46
5263
7585
98a8
bac8
d2da
e0dd
d8ce
c2af
a08d
8279
7270
6e73
7a7f
868e
9293
9898
999b
989c
a1a4
aaae
b7bc
c2c8
ccce
ceca
c8c0
b8ae
aaa3
9c98
9898
989a
9b9c
9a9a
9692
8f8c
8482
7b74
726b
6668
6363
6465
6666
645f
5853
4943
3a30
2e2f
333a
404c
5259
6264
6464
6264
615c
5a57
5453
5454
565c
626a
7178
848b
95a3
aeb8
c6d8
e8f2
f4f4
e8d6
ac73
380c
0101
0108
2038
5068
7c7d
7f79
6e62
523c
2e27
282d
394a
6074
8698
a8b0
bac4
cad4
d5d0
c4b4
9f8e
807a
7e89
97a8
bcc2
c4c2
c0b9
aea6
9c99
948e
8c89
8886
8484
807e
7a72
6959
4634
210e
0101
0101
0d1a
2c3b
4856
626d
7a83
8c91
9290
8c86
7b74
6a64
5e5b
5a5c
616a
6f7e
8b9a
a8b6
c0c8
ced4
d4d3
d3ce
cac1
b6ac
a49d
948c
8882
807c
7874
7472
6e6c
6562
605e
6166
656c
7178
8491
9ca0
9a92
8576
6858
544f
4a48
4d52
5b66
727e
8a96
9ea6
afb4
b6b9
b7ae
aa9c
8c80
7162
564c
443e
3d3e
4245
5055
5a64
6c77
828e
9ba7
b2bb
c0c2
bebc
b6b1
aba2
988d
8074
6a5f
5652
4d4a
4c4a
4c4e
5257
585c
6064
6a75
7f8c
9aa7
b2bc
c1c0
c4c1
bfb8
aea8
9e93
887c
7066
5c54
504a
4a4a
5051
575c
646a
7176
7d84
898c
8e91
8f8e
8886
817b
766d
6863
5e5a
5656
5658
5d62
666a
737d
818a
9092
9898
9a9c
9898
9692
908c
8786
8584
8280
7f7d
7d7e
7e7e
8083
8688
8e95
9899
a2ab
a49c
9ea0
a0a0
9880
5a35
1401
0101
152f
526d
8498
a8b4
bcb8
b1a2
9684
6c55
4639
3231
3844
525d
6874
808c
9a9c
9b94
8e88
8580
7c7a
797a
7a7a
7d7e
8286
8a8c
8e90
969b
9c9e
9e9e
9b9c
9a98
9690
8a83
7e7a
7678
7979
7977
7470
6e6e
6e72
7578
7a7c
7e7e
8183
8484
8482
807e
7b7c
7a7a
7a76
7676
7478
7b79
7c7b
7a78
7875
7472
706e
6c69
6764
6669
696b
6c6e
7274
787c
7c7e
7e7c
7976
7170
6d6c
6a6b
6c6b
6f70
7473
7270
6e6c
6a66
6767
6668
6a6c
7072
767c
7e81
8688
8c8e
8f95
9798
9898
9592
8d89
8480
7b78
7674
7472
7679
7a7c
7e80
8284
8686
8a89
8c8c
8e8e
8e90
9192
9190
8e8d
8b89
8684
8280
7e7e
7c79
7a7b
7978
7878
7877
7674
7472
7271
7172
7072
7372
7272
7271
7070
7070
6e6e
6e6e
6e6c
706d
6d6d
6e6e
6e6e
7074
7272
7476
7678
767a
7d7c
7c7e
7e7e
7f80
8081
8282
8484
8482
8485
8484
8483
8384
8484
8585
8686
8788
8688
898a
8a8a
8b8b
8c8a
8c8a
8886
8582
807c
7d7d
7978
7674
7472
7174
7070
6e70
6f70
7072
7576
7879
7c7e
8082
8687
8a8c
8e8f
9090
9495
9492
8f8e
8986
807d
7a76
726f
6c68
6463
615e
5b59
5756
5658
5c61
686e
7a81
8a90
9ca5
acb2
b7ba
bdbd
c0bc
b7b2
aca4
9a92
887f
796e
685e
5a56
5455
565a
6166
7585
929f
acb5
babc
bab6
b0a6
9c94
837a
6f66
5c50
4a43
392a
1a0d
0201
0101
0102
0b13
1c28
3646
5873
92bc
d6f7
ffff
ffff
ffff
feee
dac4
a488
6952
4030
2420
2124
282d
323a
3d3c
3e44
5055
606c
7c91
a4b4
c2cc
d2d4
d4cf
c8be
af9f
8d78
6860
5c5a
5c5b
5c56
4e43
3829
1c11
100f
141d
293f
6d7e
85a0
b7bc
bfb8
b170
371c
1516
2239
6273
6f6f
655a
5a64
6d84
b4e4
ffff
ffff
ffff
ffff
faf4
ebe4
dcd6
d1cc
c6c0
b9ad
a29c
948c
8682
8484
827e
7364
5037
1f07
0101
0101
0101
0101
0101
020d
1a2a
3646
576a
7e93
a8ba
c6cd
cecb
c9c6
c6c9
ccce
d4d9
dad8
cec1
b2a1
8c7c
6852
3c34
2f24
2936
4153
6876
8493
9c9e
9c98
9694
8f8a
8279
746b
6255
4a43
3b39
3c44
4f5a
6674
828c
9194
938e
8c8a
888b
8e92
979d
a4aa
aeaf
b2b0
b2af
a9a4
9f9a
948d
867c
7367
5e55
4f4c
4c50
555e
646f
787b
8080
7c74
706a
6a60
6241
1e0d
0101
0101
0101
1426
3c4c
6076
8a96
9eac
a9ac
acba
cae2
ffff
ffff
ffff
ffff
ffff
fff7
e4ce
b293
7357
3a1c
0101
0101
0101
0101
0101
1222
3648
586a
7885
94a2
aebc
c4c6
c4c1
b7ae
aaa0
968c
8075
6c6a
6e73
767c
7b7a
7976
787e
8384
827e
7c72
6456
4435
2c25
282f
3f58
7da6
cceb
feff
ffff
eece
a270
4222
0d01
0101
0103
254f
7696
adbf
c6cc
cabf
b5a9
9e91
8380
7b80
8a94
9b9e
9e93
7f6c
5644
3f46
5259
5144
3b26
1c1e
2d2a
2f37
2614
1423
488a
c3f4
ffff
ffff
ffff
ffff
ffff
faeb
cba0
7231
0101
0101
0101
0101
0122
5a88
c0c9
ccbc
ab7c
88b4
c0cc
c29a
6653
331a
1b1a
130f
100e
1326
2c36
3f58
6f82
a0b4
dae8
f0f7
f6ea
eaf6
f6e8
ceae
8e7e
7260
4644
1501
0101
0101
0108
121b
2028
323a
464b
5054
606f
8492
a5aa
b09e
8f86
8075
706a
6662
6266
6971
7c90
a8ca
dbf6
f6ff
faff
ffff
ffff
feff
f2e6
dcc8
beb4
a8a0
968c
867a
7870
6663
5d63
6364
6663
6566
6c6f
747a
7c7e
8283
8a8f
9292
908f
8d8c
8a86
8683
8281
817f
7a79
7775
7878
7876
7674
7676
7572
6e68
645f
605f
5e5e
5e5f
6062
6264
6160
6262
6464
6467
696a
6a6c
6e6e
7070
7472
7476
7678
7a7b
7e7f
7e7f
7f80
8282
8284
7f7c
7a76
7370
6c6b
6966
6464
6566
686a
6c6e
6e72
7474
7572
7475
716f
6e6e
6d6d
6e6e
6d6c
6c6c
6c6c
6c70
7172
7376
7778
7a7d
7f82
8587
8989
8b8a
8c8d
8d8c
8c8a
8988
8886
8583
827f
7e7c
7876
7574
7272
7071
7172
7472
7272
7272
706e
7071
7070
7271
7272
7274
7475
7676
7676
7478
7b7b
7c7d
7e7e
807e
807f
8080
8081
807e
7e7f
807e
7e7c
7b7a
7a78
7776
7674
7272
6f70
6f6e
6e6e
6e6e
706f
7472
7374
7678
7a7a
7e7f
8082
8385
8687
8786
8686
8686
8382
7f81
8180
8080
7e80
7f80
8482
8384
8687
8889
8c8f
9090
9294
9392
9294
9190
9290
8f8c
8b90
8d8c
8c8c
8c8d
8e8e
8f90
9192
9293
9291
9393
9291
8f8e
8c8b
8a88
8784
8281
807e
7c7d
7d7c
7c7d
7d7d
7e80
8481
8182
8282
8280
8283
8280
7f7e
7c7d
7c7c
7a78
7878
7878
7578
7777
7676
7676
7675
7675
7576
7675
7673
7577
7574
7575
7575
7678
7778
7a79
797a
787a
7b7c
7a7c
7b7c
7b7a
7c7a
787a
7878
7876
7879
7979
7a7a
7b7c
7c7c
7c7d
7e7e
7d7e
7c7e
7f7e
7e7e
7e7e
7e7f
7f80
8082
8280
8280
8285
8382
8382
8282
8184
8282
8281
8180
7e80
8180
8182
8182
8282
8483
8382
8282
8280
8283
8382
8284
8284
8284
8180
8080
807e
7c7e
7f7d
7c7c
7b7b
7b7a
7c7a
797a
7a79
7878
7879
7978
7878
7878
7878
7878
7a7a
7878
787a
7b7a
7a7a
7a7a
7a7a
7c7a
7a7a
7a78
7876
7879
7878
7778
7778
7878
7878
7678
7778
7678
7977
7877
7776
7676
7676
7676
7676
7674
7677
7678
7676
7676
7776
7777
7676
7676
7474
7576
7474
7574
7474
7475
7476
7474
7472
7475
7575
7676
7677
7878
7879
7a7a
7a7a
797b
7d7c
7c7c
7c7d
7e7e
7e7f
8080
8181
8280
8283
8383
8384
8384
8484
8484
8484
8485
8284
8584
8283
8282
8282
8481
8182
8181
807f
8181
8181
8180
807f
807e
7f7e
7e7e
7d7c
7a7c
7d7c
7c7c
7b7a
7a7b
7c7b
7a7c
7c7c
7c7a
7c7d
7c7c
7d7c
7d7d
7d7e
7e7e
7e7e
7e7e
7c7e
7f80
7f7f
8080
8080
8080
8080
8080
807e
8081
8080
8181
8080
8084
8181
8281
8080
7e80
8180
8080
8080
8080
8080
7f7e
7e7e
7c7a
7c7d
7c7c
7c7c
7b7c
7c7c
7c7c
7e7d
7c7c
7a7c
7d7c
7c7c
7c7b
7c7c
7c7c
7c7c
7c7c
7c79
7a7b
7a7a
7a7a
7a7a
7a7c
7a7a
7a7a
7a79
7670
6f6a
706c
6a62
645a
5e5a
6060
676f
7474
7a87
8f90
9298
9c9e
a0a5
a5a8
a3a0
a0a0
a2a8
ada8
a4a0
9c96
8c85
7d78
716f
6f72
706f
706f
6c6d
6d6a
6a66
6364
6260
6468
6b72
717a
8185
868d
8f8e
8e86
8483
7f7e
7e7a
7874
7273
7473
7070
6e69
6964
6668
6462
5b54
4a4c
4b4c
4e4e
575e
6777
808b
949c
a5a4
aaa8
acad
a7a5
a29e
9a9c
9898
9694
928c
8a84
7c77
776f
6a67
6666
6869
666a
676a
6666
6468
6c71
6c6e
6a68
6a68
6f70
7077
869c
9c40
0124
153a
385d
365e
8e68
8fb6
c2c2
a9ae
9ea6
9689
818c
8262
7579
726e
7676
625e
6c76
7080
8fa4
a29f
9e98
928c
9ca0
9898
aaaf
a697
9a89
8780
806f
6874
7666
4e40
3e30
2124
2a32
4351
6271
7e86
8c91
96a9
c4d4
d8cf
c0b0
9e7d
5118
0101
0101
0101
1125
3a48
474e
545a
636c
7d8c
a4ae
c4cc
ccc6
beb2
aba5
a4b0
babf
bcc2
c2c1
c3d0
d6d8
d0c8
baa3
8f80
685e
514a
444a
5463
7681
8f99
a2a2
a09c
8e84
7b6f
655a
5954
504e
5254
4e59
6e76
8082
7e81
7147
2813
0101
0101
0108
162e
547c
98a8
b6c1
bcb6
ab94
8270
6164
6460
666e
88a2
aec0
bdaa
9c8a
7f7e
7d82
848a
96ae
bcc6
cfc9
d0c9
ccc8
ccc7
c3bf
b7ae
a89e
9a8e
8a7d
736c
5d54
4b3c
3023
1613
0c0e
151a
2228
3442
5161
6d7a
8488
909a
a2ac
a6ac
a89f
978a
898a
898c
909b
9ea0
9f9e
9c98
928c
8c8c
8488
847f
7c74
6d6a
6160
5a56
5652
5656
5652
4f50
4b51
525a
5e61
686e
7882
8596
9ea1
a4a3
aaaf
b2b8
b6b6
b9b8
b6b4
aaa4
9c9a
9490
8f90
8b86
837e
7470
6662
5c53
4a4a
423c
3635
3533
2e28
272d
303b
444e
5c63
6a72
7a80
8390
979c
a6a8
acb2
b6bc
c0be
bebe
bebc
beba
bab9
b7b5
b2ab
a5a2
9e9c
948a
8682
7870
6a63
5f58
5a55
5458
5b58
5c58
5e60
6160
6262
6869
6868
6667
686d
6f74
7578
7a78
7c78
7576
7574
7372
767a
7d7f
8685
888a
8b8c
8a86
8683
807b
7876
7571
7274
7476
7a79
7b7a
7a7c
7d80
7e7c
7e80
7e82
847c
8082
8082
8480
827d
7c78
7472
7272
7475
787c
8083
8688
8b90
9396
989a
9a98
9794
8e8e
8680
7c76
7470
706f
706c
6d6b
6a67
6664
6364
6060
5c5c
5c5e
6162
6466
6666
686b
6c6f
7374
7a7d
8084
888f
9698
9b9d
9ea2
a0a4
9c9a
9892
8e8a
827e
7973
6e6c
6a67
6868
6c6e
7276
7b7d
8282
868b
8a8c
8e90
9090
918f
908c
8a88
8584
817f
8182
8286
8c8f
9295
9898
9996
9592
8c84
837f
7c7a
7a77
7574
716c
6a64
605c
5550
4b4b
4946
4541
4142
4244
4c4e
525a
5e66
6c72
7c85
888f
959a
9ba1
a2a4
a8a8
a8aa
a8a2
9482
5732
1801
0101
0106
1425
3c5e
93d1
fcff
ffff
ffff
ffff
ffff
eed8
c2ab
9788
8078
7478
7d7d
8080
8386
8c8e
8f8f
8882
7864
5242
382d
1d10
0101
0101
0116
3459
7a8c
948f
867f
7561
5142
3632
2e2c
2c24
8368
7ba6
909f
b66d
875a
4663
3812
0e24
2f38
4848
68a6
bfc0
cfc1
b2ae
a18a
7b60
4e39
261c
191a
1e2a
3d53
719a
c4fa
ffff
ffff
ffff
ffff
ffff
fcec
d9c0
a28b
6a49
382c
2c2e
323a
3e44
4a52
5c6d
8096
a5b6
c4cc
d0cf
cac4
beba
b4ae
a6a0
978c
8072
645a
4f44
382c
2116
0b01
0101
0101
0101
0101
0101
0910
161b
2228
303c
4656
656e
787d
848e
98a6
b8ca
e0f6
ffff
ffff
ffff
ffff
ffff
f9f0
e8de
d4c8
beb0
a28f
7b6a
553a
230a
0101
0101
0101
0101
112a
4660
7c93
a1aa
aeae
acaa
a6a4
9f9c
9894
918e
888a
8b8d
8e92
9698
9a9a
9c96
9492
908f
908d
908d
8983
7a71
685c
5045
382d
261f
1d1c
1c24
2b32
3b45
4f5c
6874
808e
9aa6
b2ba
c2c6
d0d1
d0cf
ccca
c6c2
bcb8
b2ac
a6a0
9a94
8c87
8380
7875
6f6b
6968
6663
605e
5a58
5452
5251
4e4e
4e4e
5051
5456
595b
5a5a
5654
4e50
4b4a
4d52
5a64
6f7a
8590
9ba6
aeb4
babb
bfc1
c0bc
b9b5
b3b0
b0b0
b2b4
b6b6
b5b4
aeac
a59f
9892
8a82
796f
655b
4f46
392d
2218
130f
0a09
0a0d
131a
2430
3c4a
5a68
7482
8d9a
a5ad
b4b8
babb
bab8
b4af
a9a4
9e98
928c
8987
8380
7e7e
7d7c
7d7c
7c7b
7a79
7874
7170
6d67
625d
5953
524e
4e4d
4f50
5356
5c5e
666d
747a
8288
8e94
9a9e
a2a5
a6a8
a8a9
a6a6
a5a0
9c98
9491
8e8c
8c8a
8a8e
8c8c
8e91
9493
949a
9fa8
93a3
9694
8886
6e66
5c6c
5f6a
6d59
6f7c
8f68
4f5e
5d54
3c22
1619
2024
2a31
393e
3f44
5265
87ac
d8fe
ffff
ffff
ffff
ffec
d4be
aa92
7a70
6c68
676e
7070
7272
7477
7a78
6e62
5648
3b2e
2420
222e
4054
6980
97a9
b8bc
b6b0
a69a
8c88
878e
9298
9b9a
a0a5
a7a8
a6a0
9590
9090
8c7f
6a4d
3525
191b
232d
3d52
626f
7475
7470
6e6e
7276
7a7e
878b
8c8a
8076
6b64
5c58
524a
4240
3f42
4850
5b64
6e7c
8a96
9ea8
afb6
babc
b9b1
a697
9087
807c
7874
6e68
6464
6466
6a6b
6c6c
6e72
7574
7376
777c
8084
868c
9096
9a9c
9a94
9089
8076
6c62
5954
4e4c
4c4e
545c
646e
7987
939c
a8ae
b4b7
b8b8
b5b1
aca6
a09a
938b
8883
7d79
746f
6a62
5a54
483c
3227
1d18
1923
3348
6481
a0b9
cede
e6ea
eae6
ded2
c4b2
a491
7e6b
5846
3527
1a10
0803
0204
0910
1c2a
3b4a
5a6b
7a88
949e
a6ac
afb2
b2af
aea9
a6a3
9b92
8a80
7871
6c68
6669
6e74
7a82
8890
9396
9898
9693
9292
9492
9296
989a
9e9c
a09f
9e9a
9692
8c85
7e74
6c60
5648
3c32
2824
2324
282f
3945
5260
6e7c
8996
a1ac
b4ba
c2c7
c8c8
c8c5
c0bc
b4ac
a29a
8e86
7a70
655e
554e
4843
3f3b
3c3c
4044
4a50
5860
6a72
7c87
8d94
9a9c
9e9e
9c9c
948e
8a82
7972
6862
5d55
504d
4d4d
4f53
565e
646c
757c
848a
949b
a2a8
aeb4
b8ba
c0be
bebd
bab7
b2ac
a49e
9991
8a84
7e7a
7674
7472
7272
7274
7272
7477
7678
7879
7a7c
7e7f
8083
8486
8888
8689
8989
8888
8686
8584
8481
7f7e
7c7a
7876
7677
7574
7676
7576
7678
7879
7a7a
7a7c
7a7c
7d7a
7a79
7876
7776
7474
7473
7272
726f
7271
7272
7272
7273
7074
706f
706f
6e6e
6a6c
6d6c
6c6b
6d6b
6e6f
7072
7476
7676
7877
7a7b
7d7d
7c7f
7e80
807f
8082
8082
8284
8286
8989
8c8d
8f90
9392
9492
918e
8c88
847e
7e7d
7d7c
7f7e
7c7c
7b7c
7774
7270
6e6d
6a70
6d6d
6c6d
6d6d
6c6c
6c6a
6866
6869
6c70
7a85
8c92
9696
918a
837c
756f
6c68
696e
7078
838e
98a1
a9b0
b2b0
ac9f
9080
6f5e
524b
5053
5658
5852
4a44
403c
393d
4650
6070
7e90
a1ae
bac2
cacf
d2d4
d4d2
cfce
cac6
c4be
bcb7
aca2
968a
7a6c
6056
4f4a
4848
494e
5158
5f6a
737b
858e
969a
a0a5
a8ac
b2b1
aeae
abab
a494
8c7a
6a5b
504c
4741
484e
4a40
352c
211a
1c22
2e40
5467
7f92
a2b2
c0cc
ccc0
b6a3
8c78
615a
5652
5044
464d
5262
7b84
7e84
7b72
6c57
4e58
6a85
a4ba
ccda
dbcd
b4a0
845d
4f48
2e1c
0801
0101
0101
021a
2c4a
8fb4
d9fd
ffff
ffff
ffff
fffa
e5ce
ae8e
6c4c
382f
2628
353e
3f3a
3028
2019
1208
070c
1631
4d5c
799a
acbc
c3c0
ccd6
d4d4
e1ee
f4f2
f6f7
f8f8
f4ea
decf
c0a6
8867
4414
0101
0101
0101
0101
0101
0101
0101
0106
1420
2c35
4657
6a9c
deff
ffff
ffff
ffff
ffff
ffff
ffff
fbe9
d8b6
9264
340d
0101
0101
3c6f
92a8
bccb
d5da
dad6
d0cb
c3bc
b3a6
9477
4e1e
0101
0101
0101
0101
0101
0101
0101
2154
92ce
ffff
ffff
ffff
ffff
ffff
ffff
fef4
eade
cebe
a98c
601c
0101
0101
0101
0101
0101
0101
0101
010c
284a
8ac6
fcff
ffff
ffff
ffff
ffff
ffff
ffef
d8b8
781a
0101
0101
0101
0101
0101
0828
425c
7687
8e8c
847e
7e86
94a4
b3c5
d3de
e8f2
fcff
ffff
ffff
ffff
ffff
fffd
f4eb
ddce
bba2
6110
0101
0101
0101
0101
0101
0101
0101
0108
1e40
76c2
ffff
ffff
ffff
ffff
ffff
ffff
ffff
f6ec
e4da
cebc
a17a
3001
0101
0101
0101
0101
0101
0101
0101
0520
4897
daff
ffff
ffff
ffff
ffff
ffff
fffe
f0e4
cb8e
1a01
0101
0101
0101
0101
0101
0118
507f
9388
6648
3226
262d
363f
4a50
5760
6a8c
fdff
ffff
ffff
fff2
aca8
af96
765d
4c6e
a4b9
c2f0
ffff
fbef
ece5
e8e8
eef6
f8f6
eee6
d9ca
baa2
876a
4a2a
1c2c
3a36
2e20
1801
0101
0101
0101
0101
0101
011d
58a3
ddfa
ffff
ffff
ffff
ffff
fffa
ecdc
c6a8
7526
0101
0101
0101
0101
0101
0101
0101
0101
0f2c
56a8
ffff
ffff
ffff
ffff
ffff
ffff
fffa
f0e4
dcd5
c8ba
aca1
9386
796c
7478
7a6d
5c6a
5901
0101
0101
0101
0101
01bc
ffff
ffff
fff6
e4d3
b896
897f
7e8a
9294
909e
aaac
a6ac
a9a0
8b79
5305
284d
492e
1415
1a1a
180a
344f
605f
7485
8f96
9193
797c
5831
1e01
0101
0101
0101
0101
031b
3659
7f9a
a4a8
a09a
8a82
8079
7878
7470
655e
524c
4c4c
4c4c
4f54
5a68
7585
98a7
bad0
ecff
ffff
ffff
ffff
ffff
ffe7
cfba
ac9e
8a7a
6c64
5a58
5e65
7280
8fa5
b3be
c6c9
ccca
c7c0
b4a6
988a
7868
5a4a
4239
3534
363d
434a
4f54
5960
6267
6d74
7b86
8f94
9594
928e
8882
7c6f
665e
5958
585a
636b
737c
8389
9098
a0a7
aeb3
b6b8
b6b0
aaa6
9f96
8c82
786e
6660
5e5e
6166
686e
767c
868f
9aa2
a9ac
aeac
a9a4
9e97
9288
7f78
6e6a
6561
5e5e
5e60
656a
6f76
7c82
888d
9294
9a9b
9b9a
9694
908a
8480
7c79
7676
7678
767b
7f80
8286
8a8d
9294
9c9a
9c9e
9e9e
9e9c
9c9b
9794
8f8b
8682
7e7c
7874
7272
6f6e
6d70
7170
7072
7272
7270
7471
706f
6f6e
6e6c
706f
6f70
7273
7478
7a7c
8083
8688
898a
898c
8d8b
8a88
8684
8280
7e7c
7a78
7675
7473
7475
7678
7879
7a7c
7c7c
7d7c
7c7c
7c7b
7878
7976
7875
7473
7374
7474
7576
787a
7c7c
7e81
8282
8484
8384
8484
8281
827e
7d7a
7878
7776
7474
7473
7476
7677
787a
7a7c
7c7c
7e7f
8080
807f
7e7e
7e7c
7c7b
7a7a
7978
7778
7b7a
797a
7a7a
7a7a
7c7a
7a7a
7b7a
7a78
7a79
7878
7877
7676
7675
7474
7474
7474
7174
7574
7475
7676
7676
7678
7776
7877
7876
7879
7979
7a7a
7a7a
7a7c
7c7b
7c7c
7c7c
7a7c
7d80
7c7c
7c7b
7c7c
7c7c
7c7c
7c7c
7c7a
7c7d
7c7c
7b7c
7b7c
7b7c
7c7c
7c7c
7b7b
787a
7b7a
7979
7978
7879
7c79
7a7a
7b7a
7a78
7c7d
7a7c
7c7c
7b7c
7c7c
7c7c
7c7c
7b7c
797b
7d7c
7c7c
7c7b
7c7c
7c7c
7c7e
7d7c
7c7b
7c7d
7d7d
7e7e
7d7e
7e7e
7e7e
7e7f
7e7e
7c7f
8180
8080
8080
807e
7f7f
7f7e
7e7e
7e7c
7e7f
807e
7e7e
7e7e
7e7e
7e7e
7e7e
7e7e
7c7e
8180
7f7f
7f7f
807f
7f7f
7e7e
7f7e
7e7e
7f7f
8080
8080
8081
8184
8281
8281
8080
7e80
8180
8080
7f7e
7e7e
7e7e
7d7e
7d7c
7c7a
7c7d
7c7c
7c7c
7b7c
7c7c
7c7c
7c7c
7b7a
7879
7978
7878
7e7f
7f7f
8b8b
6d82
7979
8373
7d78
7a7e
7d80
7682
797d
7371
767d
727e
7677
7877
7d73
8272
7580
707d
7c70
7c73
7678
727a
787a
7873
7f78
7b75
757c
7572
7e75
8a79
7673
757d
6a79
7780
6f84
7079
7366
8965
8982
8e6a
7091
a672
758a
6366
521d
9941
2581
a149
a5b9
9ea5
b365
b8a1
686e
8c2d
182c
1c2c
202b
1c37
326a
8690
a9cc
dfcf
ceda
cac9
ca99
9551
4840
1b27
1b32
4121
4cb3
b6dc
a8cd
cfc1
a4aa
7d8f
2d32
3d3e
3320
2b29
262e
9b94
abb3
cad4
c8cf
c392
8a88
8649
373b
1c4a
311b
6da8
8540
cbd6
a4af
a093
b783
1869
2f28
4e27
2939
2328
6168
5694
88d7
b3ce
cab4
b6ac
7e9a
aa58
5755
7165
2d78
774a
7dc3
6c91
b366
65b4
4f5f
676f
7544
7040
1e4d
6e5c
48b7
52a7
a1a7
b4bd
c2a1
b7a6
ad84
6f70
6289
3747
9855
499f
548c
c551
56c5
598a
9257
4794
5440
5042
4b65
4d83
646e
7b66
a4b6
918b
a191
b87e
72b3
646b
9926
997c
6099
754a
9876
6da0
6f78
8c34
7c7b
694c
5d4d
5354
665a
7e5f
916a
a0cf
78a9
c286
98c0
63aa
787a
776c
7365
7e99
515c
9245
739e
6874
7456
7194
6763
8358
675a
7e66
7766
786b
7fa9
737e
9c7e
8ca5
57c1
907d
6f87
605b
958b
518c
5236
906e
7577
5c72
8196
6074
8756
6d89
8b4f
9173
5c80
8b83
8485
6c9f
83a1
79a4
865e
8382
7881
8c60
676d
4a51
7861
6e53
437e
857f
6b80
4548
7969
3f63
5949
9884
4775
6666
a186
8798
9788
7b88
7277
938f
6b59
6552
676d
5462
4a58
9698
6a7d
6a61
8a88
915e
6b6f
627f
8a71
7768
6b97
7089
a38e
6a85
816d
7796
696a
5a45
507f
5661
4253
5f78
786b
8a49
677e
6b71
5c5c
5571
6674
7b70
5c6c
9774
8c97
858d
7c78
847b
806e
5d5a
5b65
5668
5743
526b
7970
8662
7282
8d70
796b
647c
805c
8587
5a7c
7274
9b81
818f
8079
858b
8b64
6c4d
6950
5f65
573f
3e74
737e
766d
8185
697a
6e72
5279
586b
724c
6c73
6b76
7f91
828c
838d
818b
7c7b
6046
7456
6c5c
6642
6e50
7e7c
8482
877d
787a
728a
758b
688f
6d78
777e
72a3
89a3
9484
8990
8f8b
7369
4f69
564d
6d3f
5e56
546b
7884
8293
877b
956d
877b
646e
806b
685e
7a73
7a88
8c9e
a3a1
9ba8
8b8d
7359
756f
5f6c
6466
5b71
8076
9aa4
9ea2
9b9c
8398
9d72
9070
777b
7482
6778
8ea8
9db3
af91
9a70
8d4c
5a5c
7e6f
6052
5a42
796a
8691
8d9e
94a8
9787
8f7a
766a
7a70
6f6c
567d
698a
929b
a088
a292
636a
6f5c
7276
4d76
5065
6072
7b80
9eb9
b493
a4a8
a480
6c81
7789
755c
607a
6da0
919c
a387
8c72
8162
6165
5b68
615c
6467
6a61
8284
8ba1
9c9a
9d87
a169
7670
4e78
546b
6867
957a
857f
6562
6a65
676e
546f
6b5f
6d61
5978
6190
8795
94b9
87a9
9293
856a
6671
6a58
7e6a
8d6c
876d
705a
6a73
817b
7e6e
6c74
7d68
7473
6684
80a2
838e
9593
9681
7e71
6570
7a73
8f65
5b8c
456a
4461
6751
775e
727e
7f6a
798f
6f8e
8d9b
74b3
9597
7caa
637b
7072
7e89
787e
7070
4b81
504b
7f65
6476
7c84
8379
827b
8181
869f
9586
a396
8a74
718c
6b70
8880
7964
5762
5b42
8441
614a
6b80
825f
7065
6d84
95a4
a192
9c91
9f8d
8e6f
6a79
9b58
615b
6a47
4c41
5c5a
6540
716f
8363
8573
8b90
9c9f
a2a1
a196
9ea0
9c8e
7586
7682
7058
653c
4644
4c4e
616f
6a74
807e
6783
7781
9891
a0a3
9ca9
7fa3
8490
7786
7275
5755
3f45
283d
4e39
4c55
7469
658b
7aa3
9fa7
9d9f
aaa9
a9a7
9596
968a
8779
6d59
5034
2e3f
3042
3d53
5f5b
6282
8289
92ad
babb
c29e
b5b6
92ab
a091
977b
6d56
3e35
3133
3038
2940
4746
4c62
6d80
8cb1
a7b5
b6a6
a1b5
b9a7
99b4
7c83
6242
411c
2d1d
2925
3c36
4246
4950
6a93
95a6
c2c0
d6b7
b9be
acb6
b1a8
9271
5e41
331f
2825
2338
3e3c
3848
5677
6d9f
9cae
c4b0
d1ae
adc2
babd
a692
7655
4933
2722
1a20
3a34
4142
3b53
617c
9ea2
c6a5
cac2
c7b5
c8bd
b193
8470
5747
432b
2a34
3253
2b45
4654
606a
ab8f
a9aa
b0c0
c2af
c7be
b29a
7f5a
4735
2545
3a43
2a58
3648
3b4a
5a7d
989c
98af
a0d0
b7c9
bea2
a490
8064
5a56
3953
3232
4145
5047
3659
6f86
9394
a6b1
c9b6
b8bc
b3ae
b48d
5f52
4f56
4439
1e4e
4f5c
4c3e
6983
7197
a7a2
bcb4
d2c5
cabf
ac8b
8577
644c
2f30
2542
3b37
3d46
3b53
6a86
8f9f
b0b4
b2ba
d3ac
b6b7
a280
6756
4d50
2e1d
3830
4429
304c
6066
7398
a5aa
c1b4
bfd0
c6dc
ae9c
9573
7d57
3840
4446
2032
2b40
4762
5e89
86a5
9fb2
afcf
d9c3
b6ad
a58e
8f78
4a3a
4442
2f31
2047
2b41
5850
7f84
9ab1
99b2
bdbe
cfb6
b397
8e7b
7760
4d43
4447
2c3c
2f43
5347
676a
7e8d
b0b7
b6cb
b0ca
c1a2
9988
8a83
6155
5548
394d
2749
3351
6d6a
7594
a78f
bab4
b5b5
adbc
819e
906a
8373
5743
3a46
4238
3d50
544a
717a
8396
9bb1
9dae
98a7
8c9b
8580
6d83
656c
4c73
376a
4762
5264
6a91
7099
9b99
9f88
9493
7eb7
738f
7d80
846e
8366
6157
7c62
7c78
5b8f
7e85
8b80
9370
7a86
6a93
6483
646d
6272
5e6a
6164
7e6d
8469
69a6
7f77
8b73
735a
6e54
705b
785b
6f58
6962
5274
4f57
8e8a
6b97
7172
73ae
6f72
8161
6b76
6c56
7b61
6c5a
746a
906e
7789
6b95
a296
a682
887b
7a88
855b
7054
7574
6154
7164
7e6f
7864
9183
8296
9e92
8381
8c80
676d
6460
5175
4b6c
585f
726a
646f
7d7b
8e99
8ca9
9f95
887f
8169
6c5b
6a66
5161
5861
7d5e
6776
848c
a799
b8bd
b5bd
a9a4
9080
8977
7a70
5956
6353
5c62
6e62
6c74
96a0
a1b9
a7bb
a8b5
8085
8474
8868
5f58
545c
3947
5349
616f
686b
9a99
a9a6
9f92
8a7e
997c
8283
7560
6460
5c5f
5c66
5c7a
7082
7eac
91b6
a39f
8d8a
9a74
7d75
7e6e
6867
735f
6570
6674
7780
8597
a691
9080
7273
616e
7a75
5e6c
5264
5284
6b6f
675f
9080
a099
9e82
8480
856e
6468
5663
5c42
5b3b
5d4f
7566
6d75
9299
a798
b49c
a58d
7c7d
6777
5767
3f68
424b
4a65
696d
4d7f
9189
a2af
a39e
9484
8385
806a
6a68
5445
554b
6b42
4768
6676
8c8d
a1c1
99b3
776b
7271
5f6c
6266
3d4c
3537
5d6a
666a
6b78
7992
8da7
9b87
7f9c
7e83
7761
8270
625b
5969
7d66
648b
71a4
9c94
ad95
ae9b
7c7b
8b7b
6b73
696d
6161
625c
725d
5a71
907d
7aa9
8d8a
825a
845c
6966
5e59
6564
5749
6a53
6c62
5d74
8190
97a2
7972
8b8b
7d73
747f
7a5d
6861
6373
6f73
7d6b
7891
89ab
9ca6
9e77
7d6d
786a
676e
523c
3c5b
5f67
6263
6487
8893
9397
9795
8485
7e7a
6a74
695c
615b
5e5e
5876
6c64
8190
8093
9696
958e
878c
7579
6c74
6c5a
7949
6354
5f69
696d
837a
9388
848a
a275
8574
6c7c
6f7c
647b
5553
6c6f
5655
6e6d
7b89
9794
9484
7f73
8287
896b
6764
6c71
6952
697a
6b5f
6a8b
97a0
8f95
8c91
8266
905d
795b
7467
614f
526a
675c
7081
8089
909d
8d93
9182
7478
727d
7458
6263
645f
6f79
6c76
7f82
8b97
a286
8b7b
829d
7686
7478
6a6c
7764
7189
727d
7682
697d
a695
a292
7b79
6b8f
7773
616b
5269
5b52
636e
7878
7086
9286
9393
948f
8471
7576
687d
7550
614d
636f
6e5e
7c6c
7d77
8c82
a5a5
9e83
8976
6790
7d69
7d5c
6764
6661
6470
5a7b
8393
9483
8f87
8276
6e71
8771
676c
5561
5a65
6f7b
617b
6f6b
8aa0
8084
8986
667f
6d7b
826d
5a60
6068
636f
6c77
7484
869b
9389
978c
8e76
7b7f
827f
7b63
6260
8278
6a6b
7a79
6a7e
ab9b
a595
8a85
9165
797e
8068
4c7b
594d
6877
7579
5380
6e8b
8c89
776b
6474
635f
7372
5177
6a75
6578
6977
8571
898f
8087
a191
a067
8078
768b
7968
745f
755e
628a
5e7f
7279
7f87
8498
7e89
767b
5e89
6673
6769
5c64
6f51
7477
6286
668c
8491
9785
8c91
755f
7d5d
7069
7564
5b5d
735f
6766
6883
778f
8f86
8184
8865
8077
688d
5564
7444
6a58
6f5e
865b
8584
77a2
8573
7f87
6b7f
7070
7365
745b
6945
7e60
5e70
7665
997f
8388
9183
837f
795b
785e
8465
5487
4368
746f
6f7f
8078
8489
7c97
7d7e
8a5f
8561
8069
746c
4e4c
4a8b
6f73
8474
7a8c
8b88
7a92
7d7a
7a59
5957
5887
6354
7561
6278
6594
6c97
8693
8b84
899b
6090
5f77
5b7d
7b5b
716b
6f5e
8976
8379
7987
9094
8fa1
8e76
7161
6d70
7b80
666a
6173
6a73
717e
8787
8896
9286
9387
8674
6576
6e69
6f62
677b
596f
6179
6f71
7b87
9097
8695
8b74
7666
8664
6e71
7564
656b
636e
7e8c
747c
7e85
8c8a
7972
7f76
727f
607f
7169
6064
7770
6d78
7d72
878e
8fae
918a
778d
7c6f
7b7b
7a6b
6570
7c77
7c80
7178
8782
7b92
8c95
908e
6f75
7a5b
7d65
626e
6067
6774
7c6f
9084
7280
8598
998c
7c8a
7f5a
816f
827d
7570
6771
706b
897b
808b
8b8c
9985
a082
8886
7471
7273
6b72
7e6e
617a
7363
7085
7493
9074
9e96
8b86
656a
7066
5c6b
746c
6c66
5375
6373
7e70
8079
9892
7885
776b
796f
706e
7a7a
736d
6672
7b76
7971
9684
7d96
9985
9e72
8e7a
7470
6a8d
7f83
6670
7781
7a8c
7682
8695
9083
8c8f
8785
6e7e
786f
7089
6d76
5d7c
626d
716c
827b
7d7b
8f89
8b71
786d
6e7a
7069
6c78
6e69
726b
8579
7880
7787
8f83
938f
7582
6a76
7074
726c
776d
766e
8181
7086
8889
8288
9287
8e94
956b
737b
6973
7a70
6e6b
7b6f
7e6c
7067
7d77
7680
8d84
8467
7470
6d70
6e5f
6570
7267
6b61
6673
9872
8c7e
7c7d
7599
676d
6e56
5369
6967
6971
656e
707f
6c80
8091
7c94
8c90
8c85
8473
747d
676e
7566
8167
6e76
7c85
7b80
778c
8a7f
758e
8d72
7672
6764
6965
7172
696a
6c72
776a
8071
846d
848a
8a77
706d
726c
656b
6761
6d6f
5764
7374
7972
7b76
8a89
8b8c
7c84
8372
6f74
7074
7773
6975
8076
767a
8884
8695
718c
959b
6e77
6870
6078
6063
7b6b
6f6a
686f
7c79
886c
827a
977e
7d84
7d83
686f
766a
6e76
7568
6474
7a74
6f77
806c
7e84
8073
6f95
8968
7370
5e6a
8c6d
8467
6c81
7381
8e7d
9072
8991
978f
847a
7371
6c7c
7171
7b7b
7c79
787f
9875
897e
9181
858f
8587
768b
6676
7f68
785b
817d
7279
6986
6c7c
7096
748e
7d71
8589
7878
635e
6566
7e66
787a
6a79
5e97
6a8f
6f7f
8a7b
8c8c
8365
8863
6e72
7473
8e66
7f72
7b83
8773
9b77
8a8e
8c87
7796
8371
7866
708c
6979
7670
6081
7868
8b68
7d82
7c88
8c81
8a68
6b73
6866
6d6c
7567
647d
796f
8679
777e
787f
8a89
7f84
7c79
7473
7869
696e
7378
7878
767b
777a
9084
7c76
847d
848a
747d
6a6d
7273
7b79
6a77
7480
7f69
8c7f
7a88
7089
8786
8476
7170
7a64
7b6c
7567
856c
7275
7c6d
8372
7d89
7c8c
7f7d
7c77
7361
7062
7074
856f
707e
7775
7d81
7f88
8b80
8d8e
847c
8168
7770
7971
717c
8577
7c86
6b80
8c82
7c84
996d
8394
7084
716e
6870
6d6d
607a
857a
7863
7688
7b88
7076
7c8c
837d
797f
7962
7a6a
6f6d
6e68
7973
7365
8976
877d
7f81
8780
8982
7777
6781
6b6e
747c
6a7a
846b
8573
8185
8d7b
897e
8f83
8a7d
7a75
737b
746d
6e69
7877
6881
7973
777a
8072
757c
6f87
827b
646e
6069
7a65
757c
7776
807e
8a7f
7478
7a85
7e84
8b81
7c83
6f71
6d77
7d79
807f
6b8a
897e
7789
7e87
858e
7992
7b81
7e7b
7b59
6d73
875f
7d6d
7d8e
6d75
7983
737e
797c
8177
8777
706e
7672
6f6f
7079
7f7b
797f
777b
8b7e
8479
7887
7794
797f
6c76
6e7d
6874
7f74
7e75
7e7e
7385
8581
757d
8593
9282
7b79
726c
7878
6b74
746c
7282
8082
8482
7084
8381
807b
798d
765f
7867
7175
6d70
726e
826f
7c82
738d
767d
8382
7e7e
777a
7671
6a68
6d72
7478
7f78
7a7f
7c83
8478
8581
8188
8c7c
767b
7c7e
6d75
7b89
6d87
8388
7f79
7484
7f7b
8481
8089
727e
766e
6975
6f6e
5b75
7677
6667
8c77
7776
837f
6c80
707c
7d72
6e74
676c
6c6e
7478
7678
7d7d
7788
7d86
7d85
7c77
8489
8570
866c
7570
787f
727c
7f83
9274
8073
7f81
7987
8e71
7b80
6f86
7684
666c
6b5b
7783
7486
8272
7776
7b7b
7994
6d7b
7879
6c77
7476
7162
6a64
796f
7069
7075
8876
7378
7d84
7380
6f74
787c
6f64
6070
7270
766d
8386
8181
7e7f
8487
7c7d
8678
7a7d
7681
707b
6378
757d
7463
7d83
8779
8c7e
8387
8783
8879
7e75
7d83
5d70
6d66
716f
7c74
6d79
7373
7a74
7d77
7674
787f
7b7d
7b74
7564
7265
6971
7573
7182
6d7c
7e7c
8c8e
7d7c
7f93
7e71
7877
8471
796a
787c
7970
8280
8174
8080
8883
937f
7d82
7e7e
817a
7974
7375
6e73
7774
7d80
7c7c
8182
768a
7d81
7d74
8684
7d79
716f
7270
7172
747b
7188
8174
7d7c
817f
8284
7283
7b75
7e7a
7d7a
6a68
7376
8183
7d7f
7986
8982
8f87
7d89
858c
7682
8d80
7b7e
7b6e
7b7b
707a
887d
8386
7b83
7d8a
917b
8580
7b81
7f6a
7c6f
696d
676d
6870
6f79
807f
7372
8780
788c
737f
7a85
7876
767b
6e74
6973
6576
736f
8279
8185
8476
8c82
8985
7684
807c
757b
7975
717b
7a72
7183
6f8b
8b8b
8a7c
837a
7d89
857e
797c
7975
6f73
717a
696d
6e67
737b
7f75
797a
7f81
7374
7b6f
7773
7d73
796f
726a
7767
7177
7072
7183
7481
7684
8d7a
817a
8082
8585
6e7e
6a84
766d
7c77
757d
797c
7d7e
877e
8a86
7f88
7a80
7b7d
7080
796a
6f72
6f89
6a70
827c
817b
7e88
8488
8e84
7487
7278
7476
7576
7c64
6776
7473
766f
7a79
818f
7d80
877f
7770
7685
8174
687d
7e72
7369
6878
777d
7b80
7684
8683
837b
807a
8779
8084
7963
7d7c
706b
7376
7679
7b6b
7086
887f
8274
757f
7c7a
787d
7274
7a78
656f
855f
6c6b
7574
7487
6e81
8879
816c
7e74
7e78
737a
6f7f
7675
7070
6a7b
7771
736f
7c79
9070
8971
8c81
766b
6a75
8674
7c6f
7171
737a
7774
8172
7a7f
7686
8183
8184
8275
7a7d
7375
7472
756e
6f71
6a78
6474
7c79
7f7f
887f
807e
7a7e
797e
8170
7b71
7e6f
7774
8471
7876
7984
6f7c
7f7e
7f7f
8279
7780
777d
7e7e
7478
7871
7d71
7c79
7378
767d
837a
827c
9185
8387
7686
7c7a
7a6f
6d76
7375
7877
7476
6f7e
7077
7f81
818c
7c7c
808d
7185
787a
7877
787d
7b7a
6780
7886
7284
7b7b
8281
8183
8281
8b8a
7184
7b75
7f80
7a83
797d
7586
7e79
806f
8a7e
8279
8678
877b
7a7b
7284
7a81
6c74
767e
7370
6c76
7c72
7475
7881
8b83
777d
8283
7685
787d
8177
7b78
8286
7674
7a7e
7b7a
8187
8285
8178
7b8b
8074
7a7b
7e7f
7670
737a
7d71
7a6d
797c
728f
7780
8881
8b75
7884
7786
727b
7b7a
7974
756f
736d
7e76
6d73
7c7b
7174
7973
7e81
7e83
6c6a
7d7e
7872
747e
7e71
7875
777f
787b
8379
7a84
7c8b
838a
8c78
7e77
7b77
787f
7469
6b7b
7c7b
787a
7683
7f80
7a79
7c7f
797e
7c79
7076
736e
7472
7675
6c78
7470
797c
7075
7575
797a
7d84
777b
757b
7a71
836c
7b70
757c
7d7a
8078
8178
777b
8c78
837c
7984
7f87
7d88
7373
7d79
6c6d
756f
7174
7976
7a75
7776
8083
8779
7a7b
8082
7d6c
717b
7369
6976
7a79
6f75
747c
776c
846a
7d70
837f
7d75
737d
7872
797e
7676
777b
7478
7b79
757a
767f
7f73
7c7f
827e
8287
8082
807b
7b7c
8072
7875
7b8e
7882
7a7e
7b7d
847c
818c
7f86
8284
7278
877b
8279
7073
6f82
7574
6e78
6d7b
7671
7579
807f
787f
8378
7b79
7b7c
7870
7475
707c
7b6b
796e
7a7e
7b72
8276
7d78
7f7a
8a8d
8c81
857a
7185
7d75
8272
7b7a
7873
767e
707d
7d82
8076
807f
807e
7a7b
867b
7779
6e77
7174
767c
6e79
6f6a
767f
6e74
7b7d
7080
787f
847b
7276
7578
7274
7077
7379
767e
7774
7d7b
8079
7d81
8586
887e
7d80
9288
7b7b
827d
7277
8a7f
837e
7a7b
8470
7b7f
8279
6d88
7973
7f85
8282
6b7d
6e79
7473
6568
6875
6e6c
7577
6a7f
6f6f
7983
8179
787f
767f
7b73
8177
797f
707e
6877
7a7f
6f7b
757b
8179
7382
8689
7879
8a7c
856f
6e76
6f6d
7c82
856f
797b
7885
7b85
6f7d
8477
7686
8282
7581
7679
7475
7271
7f77
8873
7277
8077
796e
7b7b
8378
8979
777e
7d7b
8379
7187
857b
7574
7979
797e
6d7b
6b73
7f77
7b6e
7d7c
8076
817b
7281
847b
857b
7d80
7b83
797b
8779
7f7f
7e7e
7a77
8d7e
8081
7584
837e
7977
8479
757d
6c78
7583
7a75
7974
7d79
807b
8178
8278
7881
7881
817a
7281
7072
7c76
7475
766d
837f
7d72
7f74
7f84
797b
7885
817e
7b86
7d7b
886c
7977
757b
867a
886c
7e7d
8e6f
8c7c
7e7e
7c7d
8482
8183
7e7b
8c76
727f
727d
7673
727a
7a80
8172
7171
8378
7c7f
7f75
7e7b
777a
7a7a
7374
7777
7578
7a6e
7c7b
8172
7173
7e7f
7e7e
7585
7f87
7c7c
7084
7c7c
7b79
7776
7a79
7781
7876
7b81
8281
7681
757f
817e
8379
7d83
8280
7a71
8274
7581
7676
7773
7d77
7f85
7275
8172
7d7c
7777
747f
727c
7674
746f
7476
777e
6e77
7379
7b77
7877
7a78
8081
757d
7a7c
8079
787b
7977
7e76
7872
7c7d
7879
7878
7d76
7578
7b7e
7675
7880
7b7e
7977
7679
7779
7972
796f
6f72
6f7e
7e79
7e72
7e75
7b7d
807e
807b
7e7e
7a78
797a
7979
7978
727f
7184
717d
7b74
7580
727d
807d
8475
7585
7a7e
7c7b
6b7e
7a79
7770
7877
7a73
847a
7f79
8072
8181
7778
7e84
7670
7e7e
7c74
7173
7876
7972
7e7f
7a81
8b7c
7c7f
7e7e
7c7a
847d
7d7b
7b76
8a77
7785
7075
7d75
7488
7184
747b
8471
8384
7c6f
7475
7d89
7f79
7c80
7981
7b75
8076
7a73
7c79
7a79
7a7d
7077
7c7e
797c
7d72
7d76
8078
7979
737c
7b70
7b75
7581
777d
7c7b
7f75
7575
7c85
7e7b
7181
8270
7282
7780
6d7b
766f
757a
6e7a
7d73
7e7c
817c
7c7c
8077
7c80
7b76
7f80
7880
7e77
7579
7580
757a
7577
7d70
817c
7580
7180
717d
7d79
7b7d
7a7b
7578
807d
7e71
8178
7974
757c
747f
7882
7488
7979
8172
7c7e
727a
7e7e
8374
7979
7c7b
7879
7a77
777a
7d84
7178
7c7d
8278
8174
7f7e
707d
7c7a
7f6a
807f
7c6d
7178
7776
7d6d
7879
7870
757f
707e
776c
6c71
827b
7777
7483
7d77
6b6a
6f78
7a7b
7a7c
7f7c
7c83
817c
8982
7879
7c87
817c
887e
7186
747d
7e7c
7c6d
6e74
807f
7b86
787e
7f7f
8084
737d
8378
8c7c
7b7b
7188
7286
6d80
7f75
806f
8775
797e
7b82
7585
7682
876e
7883
737c
837b
7282
777d
7177
7e77
8477
8579
7f81
867e
8680
7e7e
817f
8280
8085
8385
7d87
7f7b
7a83
8779
767d
7d79
7f82
7b85
7e85
8c8c
8c73
8084
707c
7578
7f7d
7076
7a72
7777
7b6f
857c
7584
787e
7682
7f76
787c
7b7e
797e
7c74
8184
787f
7379
7b80
777d
8079
8783
7d80
7d83
8280
7f78
7b82
7a7e
7a81
757d
7c72
7d82
7378
737f
8576
8081
6f77
816f
6f7f
7a75
8070
7673
7c79
7673
6b7c
7a72
6e7a
7a78
7a78
8478
827d
7e72
7c7e
777e
7075
7b7d
737c
7a77
7e74
7972
7c7c
7c6d
8584
8385
7982
7c7d
7f82
8178
7e7c
7b7a
7983
767a
787d
7d7e
7d77
7c77
807f
7d80
7f75
8281
7070
6f6f
7a78
7a6f
7b76
7a78
7473
7c73
7a78
7879
7b79
7a7d
777c
7a7b
7c83
797d
7680
727e
7674
7b7b
757c
787a
7c7c
7b7a
7d7c
837c
8281
7a81
7d7e
8379
807b
7b7c
797b
7f83
797e
7d7a
7182
797f
7770
6f70
7084
7972
726e
7780
797a
7974
7176
7278
7a77
6b75
7e78
737a
767f
7c78
7a7b
7581
747e
7f7a
7c77
767f
807c
7d72
777b
7d7a
797e
7d7c
7c76
8377
797f
7d7f
7d7e
747c
7b77
7d7f
787a
757b
727c
787e
7d79
7a7e
7981
7b79
7d70
7b7e
767f
7a6f
8176
7c7d
7c81
7577
7779
7b78
7d78
7c71
7a7e
7c7a
797c
6f77
7f84
787a
6e74
777f
787c
7a7a
7b7c
817c
767d
7d83
7a7d
8279
8180
7e7e
7e83
7f7e
8578
7d7c
7f7a
847d
7b7d
7c7c
7d7d
7b7b
7481
797c
727e
7f7e
8277
7c76
8577
7f76
7778
777d
7879
7d80
717a
7c74
7475
7772
797d
7c7b
7b7b
7f7d
7b81
7a8a
7881
757f
797c
7d7b
7c7a
7e7e
7b7f
787b
817c
797c
807e
8178
7a81
7782
7a7b
7f7d
7576
7d7e
7c79
7f7c
7979
8271
7a7b
787a
7a72
767c
807c
7872
7b78
7c72
7678
7b7b
7d77
7f79
7371
8377
7b78
777b
747d
797d
7a77
7673
8477
7a7d
757d
7c7e
7f7a
787b
7f81
7e74
8776
807b
7c80
787d
7b7f
797e
7b7a
7a7a
7e7a
7f7d
7b82
797f
7b7f
837a
7d82
7b7b
7781
7d7b
7d78
7b76
8271
7d79
7a7e
7a7c
7d78
7f76
807d
777f
7b7b
7f7f
7d79
7482
7579
767b
7b83
7877
7a76
7a7b
7a7d
7d80
7c7c
777f
7b7b
7d7b
807b
7c79
7e7f
7d7a
817d
7c74
787b
7c7e
787d
7b7a
7b7d
847d
807a
7f80
7f7f
797f
7b82
7c7c
807c
7c7a
7f7d
7d7e
7b78
827c
7c7c
7e7f
757e
7f77
7e7d
7f79
8082
757c
817a
7f77
7976
7b80
7a7d
7f80
7e7d
7d7b
7b7d
7e7b
797d
7675
7c7b
7880
7e80
7c76
857a
797c
7c7d
7d7b
7d77
827c
7c81
7d82
7c78
7f7b
8873
8673
8375
7f7a
7781
7a7a
7f79
8072
7274
7c7f
7773
7e80
7277
717e
787c
777a
727c
7e79
7d72
7d7d
7775
727a
7b78
7b75
7c73
7873
7a7b
797b
7877
787a
7b7a
8074
7a7d
767f
7e7c
7c7e
7d78
827b
827c
797b
7880
7e7b
7677
7b79
7d7a
757f
8079
7d79
7681
7473
777c
797b
7b74
7677
737a
7b7d
767d
7a77
7a7d
7b7b
797c
787e
7a7b
7d7c
7e7f
7a82
7f7e
7979
7b7d
7f7c
7a7f
7a77
7b78
7d7b
7d74
7b7f
7878
7b79
7f80
7d81
7e7e
7f7e
7f7f
7e78
857a
7f77
7e78
7b7e
777b
7a7b
827b
7379
797c
7a7e
7b77
747b
7a7b
7c76
797b
797e
7678
7a77
7578
787a
7a7e
7287
7883
7372
797d
8174
7c80
767d
7c76
817d
777c
7b7d
8077
857d
837f
7182
8478
827c
7e83
7c7b
7d85
7c84
817d
7a7b
7582
7b79
8581
757b
7b7e
8183
7d72
7f79
7a80
7271
7272
7b7e
7f75
7478
7a7c
777c
737b
7c7d
767d
7b76
777c
7c7b
787c
7d7d
8078
7d7d
807e
7e80
7f80
8282
7f7d
817e
8381
7d7c
837e
847f
7c7e
7d79
837b
7e7e
7c7e
7f74
7a78
7c7a
7b77
797b
7d7c
7979
797b
757b
767a
7e7e
7a7b
7a78
7a7f
7b7f
7479
7876
797f
7e79
7679
7e7b
7b80
7b7b
827b
7b84
7b7d
7e81
817e
7c7f
8279
817a
8481
7c79
807c
7c7f
7a80
807b
7f78
807d
737c
807e
7876
817b
7a7d
7778
7779
7d7c
7a79
737c
757e
7d75
7875
7f7b
7572
7b75
7b78
7475
7a7a
7d7e
7d7b
7b7b
7e7d
7b7c
7a7b
7a7b
7c7c
7d7d
7f7c
7a72
737d
7980
7a79
7474
7f78
7c7b
7f7c
787c
8080
7d7c
7c77
7e7d
797d
7879
7f7c
7d7b
787a
747a
787b
7679
797a
7874
7f7c
807d
737c
777b
787a
787a
7278
7976
7e76
7e78
7c75
7a77
7a7b
7779
777b
787f
7b7a
7d77
7f7c
7d7d
7e7a
7a7a
7c7d
7b81
7a7e
8381
797e
7d82
7f83
7b7d
7e7e
7e80
807d
7780
7e7e
817e
807c
7d7d
777e
8080
7e77
807b
7b79
8282
7e7e
7e7f
7b78
7d79
7e81
7d80
7d82
7b7f
7d7d
7d86
857f
7d7d
7f82
8188
7d79
8381
7d7d
8282
8082
7d7e
807f
8180
8682
7d7f
7b7e
7f7e
847d
7980
7d7e
7f7d
7d7a
7f7f
7d7f
7a7c
7c82
7d80
7f7e
7c7c
7d7d
8076
7681
7e82
7b7d
7c7e
7f7e
807d
817c
8080
8083
7f80
807d
7d7d
8182
827f
7f80
7d81
8084
8082
8182
857d
7e80
8085
8082
8080
7e80
8283
8080
7b85
817e
8080
7e82
7d82
807a
7a84
7e81
7d7c
7d83
807e
7c7b
7c84
7e7d
7a87
7e7f
7e80
827f
7e7d
7c7d
8382
817e
7d81
8279
8481
8080
8382
7c79
8580
8381
787b
8280
837f
797c
7980
827b
7e7d
7c7c
7e7d
7d83
7c7b
837a
817a
8177
8082
7d7a
807d
7881
7d7c
7777
7b83
7782
7d7d
7a85
7c7e
807d
847a
8182
7c7c
817d
827d
7d7e
7f81
8281
7e7f
7e80
8181
7e7f
8283
7c82
827c
7c7f
8385
7c7d
797e
807f
7e80
7e82
7e7c
7d7b
7a7d
7d7c
7f7b
7b7f
7c7c
7c7c
807c
7d7e
7f7f
7b7d
7c78
7d7d
787c
7f7a
7e7a
7a7f
8081
7d7d
807f
7e7b
7f82
7e83
7b7d
8181
827c
7d84
7d80
7e7e
7b80
7e7e
7f7b
7e7d
7d7f
807e
7f79
817f
7e80
7d7f
7c81
7e78
7e7c
8379
7d7a
7b7a
7f7e
7a7a
7f7a
7d7e
7a7d
7c7e
7e7c
7c80
7e7d
7a7e
7b7d
807e
7f82
7d80
7d80
8380
7d80
7b86
7c83
8179
8378
817d
837a
7c7c
7e81
7982
8178
7d7c
7e7e
7f7f
807a
847e
7f80
7f77
7f7e
7d81
7c7e
7a7c
8182
787f
7c80
8381
7b7b
7f7e
807d
7e7f
7b81
7c80
807c
797e
7e81
8180
8079
8083
7b81
807c
827e
807c
7e7f
8080
8080
7f7d
827f
8080
7d7e
8080
7d7f
8080
7c7c
807e
7f7c
7e82
7d7f
7d7c
7c80
7f7d
7c80
7b7d
7f7e
8080
7c80
807c
797e
8080
7c7b
7b84
7c7e
7b7f
7e80
7d7e
7f7a
7f7e
837a
7c81
7b83
817f
837e
7e79
7a81
7f7e
7d81
7e82
7f7f
7e83
8380
8081
7d81
817e
7e7d
7d7f
7d7b
807c
807d
807d
7d7d
7b7b
7f7d
7f7d
7b7e
7e80
807b
8180
7f7e
7e7f
847a
8183
7c7e
7b82
7885
7e7b
7f7f
8083
7d7d
7b82
7b83
7d7e
837e
7c7e
827e
7e7d
8080
7b7f
7f7e
7e83
7b79
857c
7c86
7881
7a7f
807d
7e80
797d
7d7c
7b82
7a7e
7d78
8379
7b7e
807d
807f
7b86
8679
7f80
7d80
7c7d
7b7f
797d
7e81
7b7d
7d7d
7e7d
7d82
7e79
797b
817e
7f7e
8082
807e
7b7c
807e
827f
7e80
857e
7b7e
7a7d
7f83
7b7e
7d7d
807d
807a
827c
7981
7e7d
7a78
7d82
7c81
787e
837c
7e7d
7f81
7e7e
807d
817e
807a
807e
8183
7d83
7d81
817c
7d84
7a81
7e7f
7f81
7f80
7f7d
7d80
7c81
827e
817b
8280
7e80
8084
8180
8185
7c7c
7d7e
8180
817d
807f
807e
7b81
8280
7c7d
7d7e
817b
827e
7c7e
7d81
807e
7e7b
817e
837c
7d81
7e7e
7f7e
817d
7c81
7e82
7f7c
8381
7e7f
7e82
8082
8687
7982
807c
867c
8380
817f
7e7e
7e81
7f7f
8180
7d7f
817e
7f84
7c7d
7f7e
807e
7e7d
7c7f
7d81
7d7e
7980
8080
7d7c
8080
807b
7f81
807e
7b7c
847d
7b81
827b
7d81
7b81
7f83
7a7f
807c
7a82
807e
7d7f
7f7c
7f7d
8082
857d
817e
8081
8182
8381
8081
7d80
7f80
8282
8081
7f81
8081
807c
807c
7e83
807c
7e7a
817c
7e7e
7f7f
7e7d
7e80
807d
7e80
7f7a
7e7d
827e
7f7d
7f7e
7e81
7d7b
8181
7d82
7d82
827c
8180
7f82
7f80
7f83
7e83
807f
7e7e
7f7e
7d7e
807b
7e80
827c
7e81
817f
7e7e
807e
7e7f
8180
7c80
7b80
7e7e
7f7b
8080
8081
7d7f
7d81
7f82
7d81
7e7c
7c7e
807d
837e
7d7b
7f80
7f80
7e81
807e
7f7e
7e7f
8180
7f7f
7e80
807f
817d
817c
7f80
7f7e
837d
827c
807c
7c86
827c
7c83
7b80
7c7f
7f7e
807e
7f80
7e7f
7d81
7b81
7b81
7e80
807e
7c7f
7e80
807f
7d80
7d80
7d85
7d7f
7f80
7f7d
7e7f
807f
8081
7c80
7f80
837d
7d7e
7f81
8183
7a7d
817d
807f
7c7d
807e
7e7d
8179
7e7e
7d80
7d7b
7e7f
7c7f
7e7c
7d80
7d80
7e7c
7e7e
807d
817b
7e80
7983
7c7e
7f82
7c7c
807c
837b
817b
7f7c
7e7b
7f7b
807d
807e
7d7d
7d7d
7e7d
7f7f
7e7c
7e7f
7d7b
7e80
7e80
7d80
7d80
7d7c
807d
8080
7f7f
7f7d
807e
7e7f
7e7e
7c80
7d7d
827d
7e7e
7f7e
7f7e
7b7f
7e7f
807c
7f7c
7d80
7f7b
7d7c
807d
807c
807b
7b7d
7f7f
7e7f
7d7c
7f7f
8180
7b7d
7c81
7c80
7e81
817f
807c
7d81
807d
817d
7b80
7f7d
8080
8180
7f7c
827d
7f7d
7f83
7a7c
7c7d
7d81
7f80
8180
7b7f
807e
7c7c
7f80
8081
7d80
837e
807c
7f7d
817c
827b
7d7f
807f
8080
7f7d
837e
7e7e
8280
807d
827f
827f
7c82
8281
817c
837c
7f7c
8181
7f81
7b81
8180
827e
807f
7e81
7e80
817e
807f
7f7e
7e7f
7e80
7d80
807f
807d
7c80
807d
7e7c
7e7f
7f82
7e7e
7c7f
7f7f
7f7e
8181
7c80
8080
7c7d
827f
7f7f
7d81
7f7e
7f7e
8283
7c80
817e
7f81
7e80
7e81
817e
7e82
8082
7d7e
817d
7d7c
827f
7d7d
7e7f
7e83
7f7d
7e7d
7c7c
7e7d
7d7d
827e
7d7c
7f7e
7f83
7f7d
7f7d
837f
7d7e
807e
8082
7e80
7f7f
7f7d
7f7e
8380
7c84
7d80
7e81
837f
807f
8180
8083
837c
7c84
7e80
7e80
7b7f
817e
7f81
807c
807d
7e7e
7f81
7f7f
7e7f
807f
7e80
7e80
807e
7e80
7e80
807f
807e
7c7e
7f7f
817f
7e7f
7e81
7b81
7c80
8080
807f
7e81
7e7e
7c7c
8284
807d
7f80
807e
8080
7d81
7d80
7f7d
807e
807e
827e
7f7f
8080
7e7e
8080
7f81
7e82
7e82
7d7e
7d80
8081
7d7e
8080
7e7f
7f7d
7e7e
7e80
8080
7e7e
7d7c
7f7e
807c
7b7f
807c
7e7f
7e7d
7f7f
7f80
8081
7e7e
807f
817e
7e7e
7f7f
7e7f
7c80
807d
827d
7f7f
7d7f
7f80
7f7e
7f7f
817d
7e7d
7c7e
807e
7e7e
7b7e
807e
7e7d
7f7c
807e
807c
7f7d
7d80
7e80
7b7b
7d7f
7d7e
7b7b
7e7f
7d80
807e
7c7e
8080
807e
807e
807d
7f80
7f7f
7f80
7f80
7e7f
7e7f
8080
7f7f
7e7f
7f7f
7e7f
7f7f
7e7e
807e
807f
7f7e
7e7f
7f80
7f80
7f7f
7e7f
7f7e
7e7f
807e
7e7f
7e7f
7f7f
7f7f
7e7f
7f7f
7f80
8080
807f
807f
7f80
7f80
807f
807f
8080
807f
7f80
7f80
7f7f
7f80
8080
7f80
7f80
807f
807f
7f7f
7f7f
807f
8080
807f
807f
7f7f
7f7f
807f
7f7f
807f
7f7f
8080
8080
8080
8080
8080
8080
8080
8080
8080
8080
8080
8080
8080
8080
8080
8080
8080
8080
8080
8080
8080
8080
8080
8080
7e7f
7f7f
7f7e
7e7f
8081
7f81
7f7e
7e7e
7f7f
7f80
8181
817e
8080
7e80
807e
8180
807e
7e7f
7f7d
8182
7f80
807f
7e7e
7d81
807f
7f7f
8080
817e
807f
7f80
827d
827e
8280
7e7e
7d7f
807f
7f7e
8080
807f
827f
8181
7e82
7d7e
7f80
7e80
7d80
7d82
7d81
8080
817f
807f
8180
8180
7f81
7f80
7f7f
7f80
8180
807f
7d7f
817e
827d
7f7e
807f
837f
8082
8080
8383
837c
7c7c
7c80
8383
7d7d
8383
8383
7d7c
7f83
837c
7c7c
7b82
8383
7c7c
8283
8383
7b7c
7c83
837b
7b7b
8280
7f80
7d83
8484
837c
7b7b
8383
837b
7b7c
807e
7b7c
7b7d
8383
7f80
8084
8480
7b7c
7d7f
8185
847f
827d
807b
837f
7b7f
817c
8080
807c
7c7f
7e7c
8081
7b83
8080
837e
7d7c
7f83
817e
807f
7c81
8280
8286
847e
7c79
7e7c
7e7e
7e81
7c7c
7f7f
8381
807c
7d7f
8582
867f
7f7c
7d7d
817f
7f80
817c
7a84
7e80
817e
8385
837d
7879
7886
8685
8481
7f85
7c81
7f7a
7c7e
7c77
8483
8785
7c7c
7c82
8485
7a78
7a7b
7f7c
8385
8485
7c84
8281
8586
817a
7a79
7b85
7d7b
7c7e
7d85
7f85
8484
8482
797e
7f7e
8182
7d82
847c
7d7d
797e
7f82
8580
847a
847c
827f
817b
8382
8881
8280
7a83
7b79
7f8a
8484
8580
7d83
8383
7f83
8380
7575
757b
858a
7f7b
7c8a
888a
8175
7580
8183
827a
8588
7878
7689
8b8b
8b7f
7674
8b89
8174
7877
8480
7475
7a85
877f
7780
7786
8589
7874
7e7f
7e8b
897b
7a81
7973
8682
837f
867c
7c77
8385
8383
867f
7d89
747a
7877
827a
7e79
867b
7c85
7f83
747e
8082
8888
8a7a
7e79
7e79
7e7a
7d7d
7875
7d86
8d8b
787f
7c76
807c
8483
7a78
7e75
7f7b
7984
8981
768b
7e86
8283
867c
7c7a
757b
7b82
8688
7c85
857d
8182
787a
7c7e
777c
8a7f
8882
7684
867a
808a
7177
7e78
827c
7c80
8581
7d7b
897f
888a
797c
7c71
877f
8571
8275
7b84
7981
837d
7f84
787d
7775
837b
8187
8b7b
7f79
717d
8284
828a
7f7b
837b
767e
7d78
8082
7f80
8688
8388
756f
858c
907d
7b77
7589
8a8a
7d88
7585
7674
827d
7f80
787f
708a
878d
877d
7681
7a84
857f
848e
817e
738e
877e
8578
707b
8285
887f
7978
8987
7e80
7987
8777
6d7e
7877
888c
7b73
7d81
7a8f
847a
7184
7c81
8289
8582
907f
876d
797e
807c
8a8a
737d
8478
6c7d
7b7b
8380
897b
7587
827d
7185
7a83
8b7d
8587
8274
896f
7e78
8872
7486
7787
888e
7581
806f
777e
8386
7978
8572
7b7d
7c7f
8b79
6e8d
7d7e
8090
7f6d
727f
828a
8b7f
8c87
8279
7c6f
8579
6d74
8b78
828e
7d85
8e88
8286
866a
787a
6a87
7a72
8285
877a
8072
7c7f
7c88
7789
6b86
7874
8778
8482
9380
8271
726e
7b82
898f
7d74
696b
7784
9092
9676
857d
7671
7773
8c8c
6d72
7272
848b
898a
7177
858f
9482
7874
7070
837c
7d74
8175
7388
9091
8a89
6874
7088
9791
706b
687d
8486
7a94
7791
7f88
757f
7a87
8f79
7b93
7e89
726d
7e82
828a
6d76
8b87
807d
7e82
8692
8871
7672
778c
8d76
8a7b
8986
6e74
708f
8d8a
7573
818d
8889
877a
8d7a
7d73
7678
8072
8e81
767d
8987
697e
8481
9094
7588
6b7e
827a
7a83
8c87
826b
6e88
8e84
7c65
7081
987a
7095
838c
7594
7b89
7e73
887c
8775
7989
8179
8173
7c75
7978
7382
8279
8c7a
8972
6e89
9098
7b88
887f
8d6b
8484
7a74
7f64
847d
8a97
6787
7d84
958f
746f
8366
6d9a
7d7a
7c7c
8e71
8d7c
7f93
808b
6492
6486
867a
7f7e
7c87
8986
796b
766e
7a96
908b
866f
7373
7790
8f8d
8f6b
7776
8669
7f62
9d7f
7d6c
776f
8c8a
829b
6273
8594
7e8a
717a
846c
7966
758d
818a
7a6d
867d
898b
7882
7588
8e7d
6875
6979
9282
7285
8386
8978
748e
7988
7f6d
7295
8b73
6979
798b
9497
6181
826f
7b85
688c
8c8f
8865
816a
799b
818f
7a6d
867b
6774
5c69
9292
5f51
6281
7275
7a60
677b
6d64
6368
857c
9469
666f
7c8e
747c
716c
7ba8
8ba0
6474
7897
8e86
7961
766c
6865
c7ba
8270
3818
1c14
313f
5044
387e
80be
b2c3
cabf
caa8
b7b6
8e92
7955
684d
4760
535f
645f
7251
736e
5665
8173
5251
364b
4c56
6f76
8f9a
c9bc
c3b8
a5b8
7676
654e
5240
284f
a5a7
d7f7
9866
3310
5177
9666
0100
0005
88ff
ffff
bf41
0321
6aae
c76d
1000
0057
d3ff
ffef
be82
5d59
435d
a1b3
ae7a
401a
1800
0000
0010
54a3
e6f7
fbf2
e1f7
cae2
ae7d
2a00
0000
000d
1414
386e
a1fd
fdda
ca6d
3b49
6397
c5c6
cfc7
b0bc
8c79
4201
0000
0000
0042
679b
aebd
d4ff
feff
e39a
843e
3882
97c8
9996
5314
081d
48b0
ae5f
4800
3a73
a8bf
a763
0000
177d
f2ff
ffff
f3b5
5a23
1129
131b
3b63
637d
814d
232e
3c77
906d
4a54
8ea9
eaf7
f7ca
917c
4e5b
6766
8094
8369
232d
93b5
b489
7d32
3565
6465
7da0
c1d9
e0b6
aeb1
8369
2b12
0013
0e37
3d3c
366e
8c7d
7779
849a
c4e8
b9ba
9687
9dc0
b98e
af9f
675b
5568
777e
4d18
3610
0a4f
4038
4961
4d4e
4a5b
90b2
c1da
c291
88c0
adb7
b271
552e
1112
2283
8188
888a
907e
8e9f
a28c
6c8d
8d8b
ab9a
926b
6045
335c
8589
635c
2646
3a71
99a4
a682
6c5d
6d80
89aa
718e
625e
4840
4840
5b59
8377
97a2
bfe2
f4ff
eee1
b647
492c
1b01
0700
001d
3469
979a
ac99
97a0
afc7
caa3
666a
5636
5469
7c4b
4340
3a8b
4c93
6e64
8e8b
8d86
8a67
689e
9be4
d0a2
9a9b
8d71
8751
4a2f
1309
2a17
1b3a
4976
b2a4
d1b2
b8aa
8c53
3158
603d
6c6f
6965
6c8b
6b87
96d2
cfbf
a297
9b7b
667a
9089
8e65
3a2f
3c14
3c68
5d60
4a19
4723
425b
97ac
eaf2
ddaf
97d2
b3a3
8b30
121f
0023
298d
b4e0
b2b4
82b3
97a2
b9ac
7a53
3100
2341
2823
0d12
2c3f
7ba8
fdff
dfb3
7730
2e28
3860
a573
3751
6c9a
a9b5
b0b9
7e6a
8f9c
89ac
7d49
4040
645f
5751
454a
726d
76a3
7098
6ea2
7c89
8592
c1bd
b6d3
a688
885d
4248
221a
1f33
6c80
a0ce
9e52
0000
0066
ffff
ffaf
0e00
adff
fff1
4b00
0000
bdff
ff99
1800
0088
fff6
8b00
0000
79ff
ffff
fb7d
4666
2b11
0000
0014
74db
ffc9
e58c
a9aa
829d
d75a
918e
9f9e
7168
2b6a
326a
7342
625e
784f
845b
745f
4d5d
291f
0000
184d
75de
eeff
e3e1
8f7e
a5b5
b7c2
9f8f
210e
2d14
2e37
5d5a
8180
829a
9c95
a3d0
9469
6c72
826c
6266
5c8c
37a3
5845
501b
0031
5058
94bb
6159
7f6a
c9d2
c7b9
8b5f
9381
bfac
8dad
7e4c
6d22
025e
4cbe
9cb8
bb92
856e
6b66
5328
0000
1b37
7066
7b95
bf7e
c0a8
a399
324d
4b8d
5185
708f
5969
4d78
927b
6881
a3ba
dcd9
c5e6
6100
0000
205b
8204
1d0b
50f5
ffff
ffe4
7a32
442d
155c
1950
1e48
1d45
a2de
ffd5
a261
3838
4eb3
9f86
a024
1059
99bd
ffbd
340d
0000
4792
b596
5686
b1ca
bf7e
9e57
4d6a
4f42
4f18
4053
7c69
ad79
989c
7ce7
daec
bdc2
7f51
461e
6764
5e9d
9d56
3f2d
0e15
7a5b
bcb2
8669
8771
6e8f
8395
4b94
798e
ae6f
9ca6
d6bf
d076
4200
1d00
5552
2b7c
439e
ffff
ffff
7327
0000
0000
4252
512f
1764
4bd4
feff
f3de
d667
95a8
83c7
b06b
5e06
0000
2d62
9d8e
3e44
637c
6bd2
9d84
8e8b
3283
5c61
754f
633e
5a44
51ae
9aad
dbab
caca
bab0
929a
6425
3b26
1964
5e76
7839
5b35
1f43
5455
afc0
aabf
baa2
9e86
5d6e
8739
967b
5296
485a
647d
4d63
60c1
7cb4
6d58
516d
a1ba
ab47
5d14
187a
9d95
d8b1
a263
6727
5a22
0048
3049
c6b0
7c7f
8d6e
c8d0
eebb
9c92
5068
6d8f
9a50
2317
070a
0935
1405
8393
a6e2
ed96
8d63
3875
88b2
a749
7629
5a87
dcc2
dc8f
3609
0001
0031
939c
a0da
ef8b
ac8a
9bca
a89c
8c6f
665a
3837
5252
551c
524a
b5e8
cb8a
0000
0fe5
ffff
d418
0000
02e5
ffff
9000
0000
9dff
ffd9
ffda
6500
0000
1015
90e8
695b
51a8
ffdc
cad8
7100
0200
7931
3838
6900
003f
56d7
ead6
f2c7
376e
ecff
ccd0
b66d
1b06
94c4
f586
6948
0000
43a9
8f36
0000
0030
60ff
e489
6867
ffff
ffff
ad75
3500
4f4c
5955
5f6a
6c9b
9c8e
ad7c
6790
8881
6077
6c5f
4f43
3c1c
925c
a2bf
623f
1d4f
279b
c872
8749
74bf
fff8
c48e
5000
3585
7fa2
a24f
698b
8ed5
e679
9f47
77a6
e06b
c57a
1d42
3254
980b
0013
0126
d495
b8da
8342
9930
a373
9a97
4d26
3599
deea
b7a5
5e3a
4986
8058
732f
001b
4bb1
bf9a
3a10
0b70
bbe3
ff52
0000
0042
ffff
e3cc
8e50
2651
58b3
a9c3
e149
0000
0d51
ffa9
6d11
0000
0053
7955
9f8f
cfcf
ffff
9f9e
355d
7960
5a23
298d
6e53
8e6a
9089
d161
a8ac
5d59
835c
8244
4952
314e
6070
7fa7
6f42
4858
7f4a
6d57
a17b
a886
8f49
cd93
bc97
8ac0
385e
5152
88f4
84bc
8b1f
205f
79b3
4742
4200
7447
815a
2352
1d86
7172
9fe0
fee0
bba8
703a
5a5e
7683
a2a5
4464
b954
976e
7f57
205c
2f95
7176
723f
6f32
22b1
75a1
bb61
610d
7442
b943
8162
4662
3886
4185
c287
d17b
f184
c1a2
3984
748e
a644
2829
7180
ccbe
a7fc
c4a4
9347
3f7a
5500
342c
0074
5343
bc90
6bab
8782
dc89
92ad
a378
9c4f
806d
5c3b
2b34
4e5b
6f34
869d
d0b4
8ec6
a172
4f4f
42c4
57bb
8867
6589
64b6
7d9f
826c
5b2b
010d
4443
74a3
657f
5890
8395
c67a
807f
6896
7490
ab6c
6d48
685c
3e95
b230
8167
3866
96ab
6494
4d8d
8359
a946
4aa6
997d
b163
6b2d
250e
4c5d
5945
5f82
649c
a1ff
d6d9
f878
8157
8553
84b4
5f14
2f00
5f87
649c
7620
6695
88ce
7109
0000
85d5
db9a
bdff
fb76
2809
828b
0000
001b
abff
fff6
ffff
da7d
199a
78b0
6b13
262d
0018
3840
6100
003c
38b1
cd4c
3268
a2ff
d3ff
eea5
4420
4955
cbb2
001a
0004
7fe1
aa7b
c43c
0a00
518c
feb8
3f27
122f
f3ba
ae79
5e16
bdd6
c8b2
755d
7884
5b4c
4571
a83b
594a
2a71
8e63
9fac
9866
976e
67ff
a7aa
968a
5d91
b086
8220
0000
0013
8f58
8ead
91ae
f4dd
ffb7
746d
e4b8
b843
000b
000e
1e39
93cf
4477
5887
ada7
b7d3
849a
6673
b6af
ffee
f4cd
ad81
2c51
552f
4c00
0d0f
008a
6f65
0084
1696
7c5a
869f
994d
c577
9ac6
6bb1
4896
a7cf
82b8
8503
292f
3327
2342
263c
6ec8
ffff
ffeb
90ac
71bc
372b
0004
0000
4d48
735d
6675
b4ce
7ed7
9bfa
f5a7
6594
4a34
1a55
1843
8c41
909e
a474
ff5d
8c8e
5d9b
9139
5747
7073
7156
4289
b964
8263
7aa4
2b88
3246
5d96
bfb0
56ae
764d
ae15
8abc
9eaa
8b57
0f64
4da0
42d3
ce87
6d2d
bc62
8fd4
a1a9
a3b9
3142
1a55
8778
5daf
5b1b
786c
a9cf
953e
5300
1fb2
60a2
c760
5928
9485
d3c1
2e02
1e4f
dfef
ff85
6d15
7c15
dad8
b58b
8c15
1a5c
2c95
6ac6
7a53
6f19
579c
9bb4
6d6d
8602
6154
7a61
ab71
97a3
2b71
6862
2077
7976
b1b7
c4bf
ffd6
7b4e
9a61
4315
0040
004a
a54f
cc98
af5d
6d45
2438
2a7d
e15e
c1bc
94a0
6eaa
435f
3d88
5be5
7a8e
82a5
7d3e
ad39
699e
1474
0000
3e34
396c
c454
56af
af9f
dfdf
8191
304b
94c1
ffff
421e
0067
32bb
b997
9800
0004
005d
9961
89a2
7af2
9aff
ff8e
36b2
78a3
dc80
8f36
8948
a9c2
0000
2805
0079
d19a
9179
3159
f0f8
e894
6c32
b378
bc94
81ae
382f
5386
5a3f
910f
4150
59a8
e0ae
a54e
313a
01b2
d5ff
ffe7
0013
04d8
d8e0
7b00
25a5
cae5
1722
007c
d4ff
1500
0088
d7ff
f701
21c9
ffff
ae19
0028
c2ff
ff62
011a
b0bf
c824
0000
0063
cfe1
5732
c2ef
ffc1
5541
495c
8b53
1800
25a1
c5de
610e
0d38
f3ff
ff57
3ed1
aef4
da46
9400
8a8f
8887
00b1
83ff
9878
1d01
3e00
000f
0000
427d
ffff
ad98
a3ff
eb97
772c
3a86
b799
9b2b
0000
6e9f
e228
7762
94c1
c78f
4779
7b4c
bea8
0070
3e81
3c88
9d50
53a4
51ae
6849
0029
ad97
9d67
344d
81b0
aebd
a8ca
8885
4f0e
378f
1cc3
8aff
0b44
4650
ffbe
975d
0012
597c
f6ca
a25f
0700
a5df
83e7
761f
6837
6b2a
9343
b297
9e77
a18e
85ef
d86f
024d
1a1c
6e35
0f45
8dad
ffd7
c320
3d99
a7a2
9768
001f
8b9a
cd34
492f
5cd6
8459
14aa
83ff
6800
2a44
6dff
8751
0000
5b8e
baff
94b7
c8bd
6174
84a7
87ac
937f
0762
712f
372d
1400
0063
bb98
9a7e
8c8e
ffce
c65d
6dad
5a63
5331
4992
6937
490c
6ba2
8d9d
bd34
7387
6254
3d39
4f5d
aad2
833a
3e33
b5ce
ecff
a8a7
3d25
8443
a262
3229
0022
005c
4f20
8a7f
6315
73b0
a2c6
d5a1
84e2
74f1
c795
b567
68e6
2631
1700
6f4f
4c62
476a
aa7f
a4d5
827a
9d62
4ac0
8865
ad57
42a2
7bb8
1e5d
3b19
1327
3f4b
7f8c
783b
ad83
d2b7
cfbc
7fa1
96a2
8b6c
7f8e
4f69
2a17
005c
0093
5f99
d8b9
695b
9882
6b8b
0364
3445
9bd3
eade
c59e
9f6b
7b27
2d47
2e00
8711
a312
5780
878a
b2ef
c986
7593
a55d
b640
789c
aea2
a153
c045
5374
4d35
2013
401c
256b
722e
a073
71c3
bfde
9e82
86cd
50b0
e65b
aec3
8a30
5733
771b
3131
7e3e
b97b
2d28
ae63
93b0
68bc
a6ff
d17c
80b0
a89f
0022
2000
0059
4023
bdb2
7a00
0016
1a97
ffff
ffff
b000
0000
f097
c026
0000
00a5
c9ff
eb8c
0000
43d4
ffff
e384
0001
00f1
eaff
a300
0000
004a
f5e0
7d00
0000
76ec
ffff
ff4f
0700
09ff
ffff
d80b
0016
5b92
e1da
b36b
0000
91de
ffda
3d2d
001f
0d6f
70cb
3b00
1f03
78ff
feff
c460
4944
7bda
7aa7
bd82
f1cd
ffdf
dcd6
8600
0300
0f0a
4fa7
8451
605f
9f78
a9a3
394a
0800
3721
5789
ac80
a7b9
97ba
fddf
a577
0875
2b7b
aa9d
7d9a
624a
b12d
a744
a175
2a18
3047
a7b4
afcb
6cdc
9c9c
eb9d
8717
4900
5f0d
2b60
476d
0000
458a
ffff
fba5
2c00
7284
f3ff
c766
3952
63b3
cec3
cd8f
6318
0021
802d
9672
8007
384c
4c54
9dce
ffff
ffdf
0000
0063
fff5
54bc
3b19
a284
dae4
ee5a
2422
3600
46d9
c613
004a
707c
a9e5
a27c
34a0
45c2
9232
5000
1300
a192
ebed
1792
2400
5371
b1ea
8728
b810
39f4
b6cb
dafb
19b6
3c1d
8d24
5c00
500f
697c
ffff
ff8a
6c20
99b6
5e91
3963
2363
8a02
ca3a
6800
0000
ffe5
d57e
967e
e1bb
a24f
b100
001e
3d6b
e681
b3d1
bbe2
f7ff
c472
4547
1d23
0f27
4470
9e71
c193
7e2f
2100
7871
6475
3a83
d0e5
ded9
dce1
b0b7
7935
0000
0002
96bb
bbd2
7ca1
9a77
6e37
183c
297f
2476
c2b9
8ae0
7a8a
dc64
4460
532f
5082
4d68
5c4b
2a1e
0078
6e33
96ff
d5d3
f7c0
d28e
750c
0041
091e
3399
7a9c
93b0
9a95
71b1
6f76
5258
3d46
7259
5eb8
7cf3
dc77
1e4e
5183
b66a
a300
4826
2229
6a47
6842
a0bf
8dd1
d0b2
ab8d
2da4
b340
f079
792e
a332
9050
b25a
6a80
625c
36a6
5f76
1300
006f
596b
86a0
9294
ffff
9d54
5f33
b2b5
8ba5
7475
c27e
e8d5
2400
271c
48f6
b2b6
7d5e
0025
0000
5eff
fff5
ff33
0000
e2e3
f8e2
8000
0028
00a0
ffff
c85e
1200
1662
ffff
ff72
6e00
1751
b0e9
ffff
9f00
2800
82f7
fffb
7500
0000
0090
ffff
da00
0000
0000
eeff
f0ff
ff49
8579
f0e7
ff90
7713
0226
6da5
8151
0000
0029
49ba
eacc
a45c
3a00
53cc
e9ff
ffe9
4000
0000
01e4
ffff
8619
0000
34b7
a7b3
b22a
000f
71f4
ffec
ff97
4703
0036
7adc
c10a
0037
5bd8
ffff
ff42
2c00
0018
0d9b
bd99
84a2
4974
7e94
5b99
8b9f
8471
3d0c
1b04
57d1
9ee1
9c6b
58d8
afff
ff92
6300
0200
627d
c1d3
bd60
6b0b
0954
d692
8d53
0000
0000
4f71
bfb3
b597
7bc3
a7ca
85d6
bcbb
9761
0304
0000
67fc
ffe1
ffc2
5601
27b7
ffd3
af4b
0000
000f
dbff
ffef
5b28
0000
5eff
ecff
b639
001c
5dce
fdff
b342
2300
0077
e0d6
d115
0800
0c35
bdf4
ffe6
a851
2a22
c2c8
ff76
0050
0f0d
9ca9
a9d1
4a79
1640
6b86
5b7e
b550
001d
0021
dbe4
fff8
c2c5
cabc
aab7
7400
4d2d
2d62
c3cf
d94f
362a
1f2c
84be
ffff
b898
2556
65b9
8b6a
2206
0200
145d
7a41
d4ee
d8e6
8610
001c
5377
949d
dda8
b3d0
c7fc
ffc7
815a
0000
001f
72a5
999f
7982
876f
2f44
1a27
1734
9d9e
aeb0
c9d0
f09c
795c
3a0c
47d1
e9f3
ac68
1a34
3e31
4a61
5f69
71a0
a55f
8363
3e49
191a
7698
dde0
ffff
dcb4
5111
1d42
3994
586d
1e00
001a
91c7
cba4
8c72
478d
84b5
8ebf
bb7f
4471
5c8f
a598
747f
792f
1f00
5b40
b9b9
d022
0d44
55a9
ffd7
da37
2c5a
78a5
814c
a53d
9dab
7391
9d7e
6e64
7a28
1600
2c2e
5946
98bc
efdc
ffe7
ffc3
bc8f
8878
938f
6f42
0000
0000
1434
7a32
5757
9281
da46
8290
b59c
b4bb
c5ff
8254
1112
4145
64a7
985b
4d3c
1856
ddf7
f5da
c1fc
9d61
0e10
0000
5859
599a
8052
3f2c
b672
8a65
1700
0030
9def
f8ff
8393
599d
bffa
ffed
6eb6
6b8c
752f
001c
0000
1d84
d8ff
aa87
9446
77b5
c39f
e387
0526
0051
97a5
909a
5987
5689
6095
3a4a
2941
59da
e0db
954d
0b00
3284
ffff
ffb1
8f65
0023
0c0c
35a5
c1ba
cb62
6014
5984
caac
f9aa
5b4c
0000
3365
9ab1
cd6a
766f
6e4c
9469
163e
3337
659d
8fea
c6d5
96d9
bfb3
88a9
9393
0017
0600
00c5
d6f4
e25e
7149
7337
773f
ce8b
6e80
5956
8a92
5850
559d
ffb5
7870
7359
512e
9153
b5c7
d561
6623
1a0c
808e
ecd2
de95
6930
467d
7d24
361b
3327
587e
7b64
7b62
4d57
88c9
d0c9
cead
6320
4394
d4e7
dd7f
8f56
6843
4600
1032
374a
6167
661a
6082
a497
a677
4b6a
95d2
ffe5
c0b1
4c30
009a
9398
7a2e
0b1d
111e
1e29
d177
d7ec
b4bf
6247
823b
6589
9c94
ae9d
96bb
7a89
4b47
185e
742f
587c
5e2e
4000
1061
53ed
ffef
ad77
5e12
437b
86db
ad6e
7a28
1012
3ea2
9697
371e
0025
9ec3
d2c7
9e91
8eac
d5f1
ec91
8f4e
3813
3a62
4853
6249
3270
4948
8053
6852
96a4
c7b4
c860
7274
4150
7d63
889c
e083
afb4
be86
d659
4e11
1a00
0049
74de
6fbe
64b8
4f84
6429
869c
6d7a
cf83
808f
4d7f
3449
bce9
c75b
9f32
8e8d
6e3a
003f
3871
9bb4
96d0
f8fd
6a40
360d
1a00
3e54
78af
ce47
3b62
6b44
6031
4c26
cbe8
ffff
facb
872e
0514
3471
5b5f
322a
6198
a3a2
8461
4943
6ca1
bbb4
bf7f
4e2a
122a
512d
6b72
b5c7
b5d6
ced8
d7c7
c96d
5335
3329
2a1c
1f51
224e
3b3f
3bb4
ffff
bbff
a958
354f
605d
373b
0000
766b
6c86
a3a2
efff
ffd3
ffe7
e7b7
7507
0000
0000
0017
065e
ffc9
e9ff
ffff
ff71
3529
0d34
0200
359a
d5c2
d6d3
9578
0100
352c
3d2e
99f4
fffb
d6e4
c2a5
511b
1c00
2910
2051
f8ff
ffff
ff76
2c05
0000
0000
0300
3bb9
eed7
e9e2
782e
1e1d
2940
6837
8985
f1d5
fae7
bc58
3e00
1706
1200
59b7
eae6
edff
e9e8
dc69
0000
0011
001e
8656
c8ca
97bb
ba7c
8a65
0024
0000
0598
b5b1
faef
fcff
dc8e
c44f
0000
1f00
0049
a0ab
9c9f
b49a
de56
113c
1d3f
5866
3d4c
7448
39a8
9ec0
ffff
b245
3f3f
3672
5e6c
8886
8a9d
bce7
e5e4
a751
0000
0000
002c
84ab
ffda
b0b0
a0b7
9516
0c20
3730
2bc1
eaff
fff7
f4fd
d9ec
9b1c
0000
0000
0000
1997
bff8
fdff
d4f4
6e12
0018
2d32
167f
89da
ffff
faff
c04b
240b
0000
1a27
579c
eddb
ffda
6071
0003
3443
85ae
b2bf
fbf4
d6a2
734b
1100
0010
119d
ece9
d7f4
caff
e7b9
1b00
0009
0006
37a3
cbdd
f4ff
e6f7
ff24
4f00
271c
0b46
4085
b9bd
dbbd
d3de
38a2
3711
0002
2d59
58ba
b7d5
df6f
6f8c
5b5c
5661
4606
6a71
82a8
b1ec
b4bf
9b22
021e
0664
036e
8258
dfb0
b4ed
d9f1
6241
2500
4561
a645
3102
2834
16ea
dfff
b4b9
3711
4cc1
22c0
5e24
6400
0e82
dec5
c578
7535
709d
d2c7
bea8
194b
5030
2663
8167
8b56
1c0b
53ba
acff
eabc
6647
3256
4735
5404
0000
2747
f5ff
d8ff
a5bc
768f
9f96
ba87
9623
3800
4aa9
802b
5d24
3c68
abff
85ff
8c52
4e35
69d6
b4ad
7f3a
3800
5330
50b2
d3c9
2340
178f
efc4
fffe
7d18
6c8f
5b22
8f58
ffc4
5614
0366
685d
8e79
2b6a
afa3
a578
4444
895c
443b
60d8
dfd0
dfac
935f
595f
1300
1a84
75b0
7e58
5a8b
5ab1
97da
aefc
9787
dc63
2d3e
0000
3800
1214
373b
4cbd
ceff
f5ff
ffe7
e9ad
b371
6a4a
001a
0300
001a
191e
031b
66c3
e6f1
d8ff
e8ed
e3ff
c49f
a541
000f
0000
0000
3e06
0047
8ea7
68b3
ffee
ffff
e5ff
bbcd
4406
0700
0000
4400
0000
5663
cbf7
d5ed
eee2
d6ff
ddff
6fb4
5a5b
3700
0000
0500
0400
7e83
faff
ffff
ffff
cba2
9d63
250e
294b
5a7f
6700
3610
1322
0528
344d
bd83
fdf3
ffff
f0ff
ff6e
8750
2412
0018
0000
0000
6c51
a357
ffb0
f0fe
f8d1
ffcc
d9a8
91c7
0c4b
092f
2817
2527
0033
0912
ade1
d9bd
b5fb
ffff
b5b1
6e6a
d1c1
6775
1e00
2414
1400
0000
a68f
75b5
b7ff
fffa
fee7
afff
f268
0300
0000
3b20
000c
004b
afba
bdee
ffff
ffff
e4cb
c0ff
c36e
0000
0000
0014
0029
1c43
3498
ffa5
edff
ffff
f4d0
dbd6
4852
0007
0005
0a2e
002a
4510
3b31
66a2
c3ff
ffd2
91bc
8aed
f273
8754
0200
0a6b
aa36
8a45
8792
7195
a5ab
9578
5500
184e
3b72
517a
9c9b
d4cf
ff7f
dc97
cb84
a448
a481
1e44
0029
0d00
4200
5641
696c
8f9e
96ff
bbff
dff8
caaa
9e44
3c31
221a
3b10
3600
1c50
8b93
803b
4f48
6178
d4f0
d9fd
eef3
b675
b282
4e35
0109
2310
4d00
1c26
6838
8694
d090
d0da
ffec
f4ff
cfb3
c1d1
e235
7b00
3a00
2c00
3d59
0820
1d42
839f
d8e4
e2e9
d6f5
bedb
ffff
6950
2449
0000
2b00
0910
426f
bd54
e89a
6b9d
816e
4d5b
f3af
91dc
f6c8
bcee
bec5
6909
1400
0041
7651
46ad
7bc4
75a3
cb77
663f
5415
33b1
b437
ebcd
4cb7
9eff
8f43
2533
5777
3cc1
7254
6f43
015b
6900
5044
0635
889d
eaff
afce
ff4d
878e
4abb
5e4d
3c10
0028
5863
a3e2
8b63
5f03
0029
1600
20a4
c2d4
ffff
feba
d874
5b44
000a
2100
103c
8099
bcea
f284
2717
6039
2761
aa67
ffdb
fff7
ffdd
ffc0
3a56
2d16
1900
5100
0c00
0821
092a
003a
4593
b6c5
9f9a
d0b1
b2ad
b2be
ec5c
8b72
6cb8
f0e9
cf36
3d70
5a7e
8642
0601
0015
2200
4907
0000
053f
8fa9
d0a8
985a
f7b6
ffff
fede
ebd4
ffe4
d5e2
5246
333f
5300
1a00
0000
1400
5dd1
a2f0
ffe9
ffb9
fffe
eed2
b6b6
4d63
202a
0029
0000
0f00
0571
578e
f8ef
ffb8
ffcd
f9d2
7872
251f
6e00
0d00
2906
5194
a5db
becd
b0ff
b8f0
debe
6797
4a29
001c
5400
010b
0000
4f46
a789
9fc1
81f7
dcff
d6a6
b9a6
4b84
1a36
002e
3d54
0008
3300
1555
93d3
ffff
ffff
ffb6
c164
2744
0c52
555c
3f0f
0000
0000
60aa
6774
8a9d
bec6
f0f5
d2ff
d2b8
aeb6
4282
1505
0c55
2b13
166b
67a0
90b2
76ad
f3e3
aea9
ff9a
6e57
485b
6a25
4f00
4215
3b31
0876
6358
a293
6182
5196
a5c9
d3c9
d2f3
f3b8
9dc7
112f
0920
1741
4a9f
7ca9
7288
8fb7
ffff
baa3
8088
5575
980b
122b
3598
c566
2e00
0021
6169
d5ff
ffe2
a8b7
f3fa
ff99
5c05
2b5d
aa00
2f3a
0000
0b22
525a
86a4
b58b
b68a
cdf8
d8cb
9fc0
8234
6954
4c5a
731e
203d
5cd3
e9a1
99a1
8ea6
0c5e
0464
a1e0
555c
49bd
ffa8
5313
002e
372f
6c5b
2419
c7a5
7756
a1dd
c3dd
eecf
ffb6
4d4b
2548
717d
3400
1800
bcc5
ff61
72d3
5f2b
001c
2e50
be7e
67fb
a3ff
ffaa
ba82
b6a6
ffd0
b51a
2649
8355
4fa1
0017
2800
0835
2a67
4e85
d0f7
ffb7
f199
dfd2
b2b8
4306
1176
a85c
5d36
9d95
8153
5276
4d91
cb8c
a145
c3ff
b0b6
4a66
9481
0005
2419
5600
1a5d
9be6
a2ed
be9e
a297
d5b5
8e5b
1697
a17d
ceb2
9ce1
296c
7489
523a
6a91
6b57
617c
0002
3547
654f
2d31
00c3
9bc4
ffe3
fff2
acf7
f2c2
e0b1
db68
7e2c
0030
461f
0016
0038
6164
5aa6
a3db
4064
8165
cea1
f7b2
bdc2
ffb7
be87
c8c8
3810
3600
53a5
ac8d
6959
5e2e
250f
003e
0001
0003
5591
7950
accc
93ff
d241
64a2
ffe1
c1d1
885f
d2ff
a665
a3ee
ffa5
883e
1499
4832
263b
1400
5415
0200
0000
2156
5d47
5d35
101d
3ba0
ddfc
f7a6
a1bc
ffff
ffa1
a1ff
ffea
3100
0049
635e
0066
0062
3d11
5a02
6ea6
5e95
2820
1363
8550
6e8a
9065
5f7e
8fb0
a89b
7f79
6a77
ffff
a1a1
beff
f8b7
8334
64a0
ae9d
0009
b38b
5928
0000
0000
5f4b
0b14
2d98
6e5e
5581
ffeb
683c
a3d2
4b72
d8e6
fffc
ffe5
e4ed
d2a5
b679
5619
578f
9ea1
a93c
7258
0000
0b60
4000
3f60
3830
a37b
3e6e
d8df
b6ae
8ca0
52da
e6d7
f7ff
c9b6
bcac
a05b
6133
3a4c
5300
3e9d
8a99
2031
6056
c0ff
e7b6
283b
0079
a399
8864
260d
2612
0f5d
6c6d
597f
7fb8
ffda
cadd
c38e
4ae3
eed5
7971
663c
8681
6441
3861
0000
5657
57bd
691e
76f9
ffca
81d3
a556
74ad
8b6a
837f
9e70
5e74
3a3a
3d22
2a7b
938d
5ccb
f9bc
eee5
ba6a
3e39
3127
4d1f
2601
0652
8ba9
6e53
5748
8552
6181
7287
9c6d
9581
9391
9481
62b5
9d81
8b92
d0ff
bbff
c2ff
a380
6e15
1e02
0000
0b61
6161
5f66
5a58
2351
68b8
e6ff
ffe6
d9af
b8b2
a089
8068
1015
4335
3261
4c49
6055
267b
b4ea
c3ff
d6d0
be89
8e5e
3137
4e56
102a
2200
2328
2413
85a6
6990
90a2
79a0
e5ff
e6ff
ffc0
cbaa
8e90
5b00
0e36
4559
4f6f
8876
61c5
aeaf
966f
3b4a
0006
0031
5324
8261
6346
3471
61a7
9e99
55de
97d2
b2cd
166b
8f67
ffff
e5a1
242a
0040
7367
8449
125a
655e
bbe2
edbc
350a
0000
6c62
812c
3c26
008b
b1c8
c046
5b4a
b1e5
c7f5
a99e
9e97
fff3
ffbd
210f
474d
4469
0006
0015
6060
b5c5
9e68
9aa8
c7ba
775d
1f2d
50a5
e0dc
a97d
2b4a
451d
3726
3472
acec
dcc0
c8e0
aede
8ac5
5c81
7186
9a97
6771
3d71
5958
622a
0932
3339
86c0
95d8
bbb7
b87f
7f2a
0013
0c1a
3b63
65c2
a0ca
e6d5
e9d4
f9b9
d2bc
afb8
805e
6c3e
4000
093f
201d
140f
3437
4c6f
9dc3
8aef
cdde
e6e8
96bf
d886
887c
8c39
424a
0c26
1172
3378
5220
6487
98bd
cd92
c796
709a
63a9
9374
3430
0529
0a1b
3b99
987b
b4c4
e7d6
d7e1
b754
7c56
3c6e
5aa1
8963
8464
2863
555e
2e0c
5521
4c4e
3d67
5297
9a38
5280
2a74
88b2
82b8
f998
dbe2
d896
ccb9
7e45
534f
3935
0031
3b11
3f0f
3000
317e
6958
bc37
a285
fdd9
b1bb
cebe
af67
6752
5b74
4e36
4a2b
7075
848b
a174
5571
8068
7233
2067
4743
9b44
a6f1
ffe1
e5b9
9b4a
1800
0000
165d
6b73
4d9a
3155
3b2a
9a8c
87e5
cbff
fae3
dac8
da9f
5e7f
4080
2931
2b32
0010
1652
3c8b
a8a2
6a99
b77d
b1bc
97ef
a678
bb51
8166
4974
6068
5d98
418d
82a0
baa6
adc5
cbc4
e59b
daa8
832f
2e22
1428
3857
3619
2521
a979
8c80
7488
456b
5e82
64c0
6fa8
8776
6c89
7a40
d0a4
73db
b2ed
c2c1
e6a4
e5da
c199
b14c
5551
4814
0027
371d
351f
2214
5427
4a98
5e3a
50b0
c79b
dae3
a79c
95a7
786d
8490
7e65
8086
92e0
ffff
9886
dd63
9288
775d
2937
7d7b
6a3c
4930
4c5e
3912
3703
241d
1453
9e4f
a879
89b9
b2a3
99b5
b9a3
fccb
f5ad
cefd
a6b8
d32a
7617
7b11
5033
1f66
7858
5254
445a
607b
5247
6b76
3695
2953
5fb8
6275
b011
755b
8070
7e0b
676e
754e
94b4
8989
b692
c5e9
eec6
a2c5
6ffd
60a9
8338
8a33
318c
2a30
8b57
5377
502e
516c
3ca9
2853
150d
841e
7646
0c84
682d
6591
a2a4
96a4
e9e8
afc8
d4b2
9989
6d84
4258
a344
91bb
af75
8a6e
4997
2a3a
810c
505d
245b
6f4b
533e
8965
0100
1c00
9f8f
7d63
8cfb
f0eb
dbb1
c2ff
9198
3892
654b
5120
7513
0069
2234
3200
510f
786d
6fb1
ffeb
b5fd
ffca
89b3
a686
4b6e
2b30
636f
3eb6
646a
8a9a
994f
7c9f
3e86
00eb
9953
a353
454c
100e
3528
5636
232b
475f
36a3
72c1
964a
91a4
b87f
746b
8aa5
9ba3
b6ff
90df
75ba
ce83
9eb8
7f99
9d3d
4893
1912
7b02
213d
4909
0582
5b2a
4755
7b6e
7e92
60ab
e084
c762
60ad
6beb
5a7e
523d
377a
1055
b5d8
98e1
db84
a0b1
d164
a846
8843
340b
7668
4943
486f
6149
3e5b
5d74
8264
478c
a37a
a08b
e6e6
a38f
8084
4bb9
88a6
b0b9
4371
3889
88c7
8e6c
6c1b
0072
2f02
8c69
313f
640e
8844
528c
6368
9e5f
b6c7
d3c3
ffa3
bab6
952d
6247
5583
2d51
817f
6979
797d
9668
7c4d
4d90
217c
a216
936f
7735
b855
251a
5425
1172
3f4d
389f
9b4d
f4b0
d7d7
a7f4
b2ff
db6c
db8d
af83
1c75
7427
0a19
2632
010d
1c47
0031
946c
aee7
dfcf
d792
99b7
5eaf
8385
3a36
0e6f
4b38
1c3e
629d
65c2
c4a5
b49e
e4b5
a297
4459
154b
2100
0700
4a6c
6299
cd96
358d
8bdb
ada1
8abc
9daa
8aa2
5669
5a5c
0092
5608
5912
0599
3ed7
84ff
b266
864a
1d47
4825
5e85
c270
c769
006b
0430
0015
7873
68db
8da1
bbde
88d9
8f31
ab80
4600
8406
7127
5599
7f7f
aeba
d1e1
bc86
c976
6079
7d2a
858f
6c52
6575
434b
1718
0d1d
262c
3c77
8cda
8e85
abaa
53c6
b4d2
b86a
5a8b
95bb
c599
5650
e80c
8544
5c6b
260f
898d
8565
ae72
7e81
6244
4863
4743
b02c
172d
88bf
c981
5a2a
6078
9b73
c9d2
46e8
a88c
7ed0
c558
a5bb
002b
3981
69b3
6f69
897a
7e53
e9c2
fceb
cdbd
1038
812b
1355
2b44
063a
4b27
1ab2
fada
a957
67ff
6e41
a98f
eff0
ca66
2120
3055
093e
1b09
0c7c
af92
89ff
a8ec
f8dc
80e0
d8c6
2500
6e7e
9353
2600
3790
97a2
0700
43e0
cab5
5345
2ac4
c5c3
6163
6470
8c42
001d
12b7
df9d
642d
4f59
b9c5
5213
ab00
a16f
9667
6fff
cd52
3597
a125
6e37
f133
7da4
81e9
ec8b
ac9a
d36a
3b37
2a06
2d6e
0082
535d
329b
46fa
d283
6130
a358
8a97
7478
6322
862b
5421
36b7
358c
7530
cf9f
ca9c
ffa2
bc93
97d7
ddb5
1ac9
012e
3439
6628
4c00
519a
0041
5a8f
8381
9db5
d6ba
92c6
705c
a155
9229
8463
799c
315c
8d83
1fa3
4b54
d6cc
87ae
6f7c
6f29
0061
7d62
4675
5e7b
1d43
384e
95cf
74d8
37c0
a3c9
f4c3
cc92
a253
ea89
8673
471d
5731
696e
5836
1433
7668
27ea
30de
3f26
5b13
9aa0
7c82
7c2d
b28f
ff98
c652
e973
7b99
724d
9f74
d1b6
1d53
1eb3
726b
a84a
d07d
93b2
aca1
a471
a980
443c
46a0
e11a
1650
7099
9254
540f
3d49
0058
7ed4
b2cb
837a
94c3
c48f
966b
a2af
5ec7
2496
2bdb
5db0
a38e
4082
1753
5797
b63f
4d00
7499
7f44
3b5e
777a
395b
417b
ffa0
6d7b
d1ba
c3b3
2e49
418a
d2c6
8436
4d71
fd88
530a
d157
0c17
1500
9132
784c
40e5
e979
0f34
47b9
7573
303d
40a7
e5d5
e670
ba87
ff00
1f12
6152
3a16
25ce
e7f3
dd5c
79d5
f1a8
cf00
3127
068d
b200
0030
711a
4f3a
8987
8d8b
0318
1c40
f2ea
b6ff
c472
aa72
d8c9
cd8c
6e1d
7502
5842
3600
7188
0021
436d
88b6
e2a3
7346
ff87
9b7b
3200
4228
d252
8c8b
44e3
43b4
a250
c6dd
1355
046c
e6d7
a299
fd68
ffa6
1f60
8f36
2700
6542
3205
5417
5888
3238
6f3d
b663
c484
8c8c
7c85
ba8c
c42e
cb87
6c74
b1c2
1da4
8604
bc31
6bb3
4c51
c781
4e87
aa50
93c5
b387
464b
ba37
308d
7123
be3b
1d94
4800
54ba
a58c
e662
8e77
97b0
a93f
7887
4883
6ed1
209f
9bff
3f95
a986
9a69
f24f
c1b6
e495
336a
4859
6614
571f
0958
4b58
5ae0
b4d3
ce9a
9b45
a33f
7a8c
b34a
8977
ba6c
6f37
5a29
ffda
ceb9
7ebe
79bc
9c6c
d727
4024
1851
0000
6c00
07b1
569f
d990
25ba
9a88
ffad
9ff1
7096
58e1
aa3d
9b0a
1477
438a
8c37
534f
9c57
6d68
b692
8158
9d3c
8a91
6d5c
bd35
a490
7416
2429
8639
1647
9b22
b75b
e553
c6e5
c069
b89a
0bb9
3e62
5087
86cd
7090
b387
7a7f
3e65
023a
7935
7837
6b87
db19
3768
3100
2e2d
ae48
37aa
2260
8589
5495
2c6a
8b9b
cac2
d9ff
bfe2
768a
e13a
89a2
875c
4036
217a
0049
697b
2c67
3288
47a3
bb73
6617
9285
d27b
42a3
a740
4f1f
5537
1d4b
b0cc
c2d4
ffc4
ffde
4d38
7299
6583
aa7c
2b3a
427d
247f
9bca
9864
6a25
92be
5654
510f
3a39
ac56
2319
658c
6c1f
6759
d4e0
c463
90c1
fff3
a8b7
3032
86a1
c86a
d048
0900
2137
8192
bc9e
7fb5
e7f9
f946
6e4a
7fca
4a27
85b3
3f34
3129
e4b6
bdff
1e41
d8e6
acaf
6ad2
dc81
a665
4251
1a1a
1a1a
611a
7e1a
5359
4c72
985c
e591
d5e5
e5d8
8d7f
7771
b356
9e4d
a294
1a4c
1a3c
8684
7264
9866
e4e5
e5c0
d769
836b
7644
1a27
1a1a
1a1a
86a9
98ac
7085
e5e5
e5bd
7f5a
5196
7021
393e
3691
3f96
a3a6
aa24
2c3d
4dd9
e5e1
97b8
ccc6
a9bf
5e92
5a9e
7849
5033
1a31
5561
a389
9181
7e87
d5d6
a38b
5530
3360
1b45
4f34
3c32
5e81
c7ba
7dc8
c588
8e8a
6bd6
c1c2
7e6f
518c
9664
7339
1a67
1c34
3742
1a5f
3b1d
6a69
d266
80e5
de9f
72e0
79ac
d2c1
767d
1a1a
4286
811a
353c
2ea9
9535
6067
6cd2
9d6e
699c
e5e5
4c3c
2ebe
b9af
b179
1a42
a95c
a31e
1e97
b592
1c21
30cb
d3e1
4d49
54d7
d651
4441
3926
ad9e
1a1a
8bab
c1d5
9a56
e5e5
e551
412e
1e1a
a9a7
6961
6882
55b7
9055
a428
4484
85b2
3669
706e
9fe5
80df
a19e
af5b
863d
8369
7d77
627d
768c
787f
8d34
7b7e
7536
5b8f
6590
7746
93ad
7ec1
8492
6e58
835f
7a21
8e9a
676c
4687
4cb8
64c3
b958
b97a
70ad
5148
db97
9189
8481
8849
1a3d
2857
837c
c9e5
a389
bf34
2c99
358b
5a1a
571a
1a93
72b2
e5e5
e5ca
a388
6c66
465e
b292
afc9
8e5a
3226
4b1a
9d8b
9ca3
4e41
1a27
c296
d6bb
97b5
4c71
a53f
6656
b3c1
5273
453a
3940
b2ac
e5a8
dba3
5b1c
5733
7834
6961
5677
49b6
52a1
67ad
24b1
67ce
c492
e53e
7228
7f22
5a50
8080
8080
7f7f
7f7f
8080
8080
7f80
7f7f
807f
807f
8080
7f7f
7f7f
7f7f
8080
8080
8080
7f7f
7f7f
807f
8080
7f80
7f80
7f80
7f80
7f80
7f80
807f
807f
7f7f
807f
7f7f
7e7f
0000
7c77
7678
7c78
7976
8078
7c7c
7a78
7c7a
7e7a
787a
7f7a
7b81
7680
807c
7c7e
7c82
7e7f
7f81
888d
9c44
5ccb
4094
497e
9a58
6fca
3a82
a850
84a0
39b3
8256
9c84
766c
959c
826c
7277
68a2
7072
7c64
ba70
5aa4
6e42
b44e
72aa
697f
a83c
48b8
a042
5568
96b5
14c6
4e50
6f94
a690
5abe
8d40
82af
38a4
b682
40ca
20d4
8b2e
93cf
54a8
9a28
a1b9
258c
98c0
2a78
7eb6
0b88
8e84
c04c
e644
5a96
a092
6a16
ae9e
684e
b446
60ca
603c
8ce4
469a
2580
be18
d262
3c72
b83f
6e4b
94b4
682e
d401
bc72
888a
5b5e
d27e
2ce3
7c3e
99b8
7678
3cb4
be2a
97bb
6642
96be
1960
74ae
8633
d298
6956
fe30
a856
42c6
9340
81da
4454
cc72
248a
42a6
ac58
6c4e
51dc
1d98
bc37
a0a0
288c
7c26
e825
a7a8
23bc
a241
62e8
515c
869c
8478
66e4
6349
8cb9
8e56
78b4
af44
6280
3e7f
e01a
dc31
a392
6062
e031
8fce
9023
d676
5c56
96b8
746c
a0a7
39e4
33e4
4059
b472
6ccc
4f62
44dc
5b92
43d2
6c69
807d
649a
8440
c889
466e
9b9c
5c52
86ca
438a
5aa0
649f
607a
ac9a
409b
6f86
a654
8090
4b8e
c428
af86
6e8e
8260
ba7c
6a82
86b6
5870
b46d
5cb4
864f
a086
689e
677e
8070
8aa8
30d8
6482
6cae
26ae
8274
648b
7a6b
a273
6975
9a71
7186
40e4
20c6
28c4
5b59
72c4
10bc
9e7f
3f62
9464
b555
c626
c76f
6652
c858
8d5c
c06e
6a78
7a96
6aaa
6497
9784
5368
9281
94a6
24c6
7484
44b8
4e96
51b1
687f
58b4
6874
945c
967c
8957
9466
9165
8e6a
836e
9069
7c7e
7672
7c80
6e80
7e74
7c7b
767a
7282
7879
8071
7e7a
7182
7776
7f79
7f7e
7183
847f
6e8a
7c7e
7a7c
7a80
7e7e
7c80
8a5e
986a
8a74
806b
8d7c
7478
867a
7685
7486
6a88
767c
7d86
6c82
7b78
7880
727e
7c73
7f72
7880
7378
7878
727a
7873
7c76
7478
7d74
727c
8073
8272
7872
7e74
767a
7a78
7c7a
7682
7678
807a
7a7d
7a7e
787e
7a82
7e80
7e7c
8078
8081
797a
7f79
7c80
787c
8279
7a81
767b
7e80
787e
7c78
7c79
797b
777a
7c79
7774
7a74
7c78
7a74
7874
7e70
787e
7678
787b
7478
787a
787a
7879
797a
747c
797a
7c7c
7a78
8078
807b
7c80
7c7c
7c80
7880
7e7f
7e7c
7f7e
8082
7b7e
8075
8378
7c78
8476
8277
8276
777c
807c
7a7d
7c7c
7a7a
787c
7a7e
7879
787e
787c
7978
7a7c
7478
7878
797a
787a
7a76
7a7a
787b
787a
797b
7a7a
7a7c
7a7c
7c7e
787b
7e7c
7f7a
7e7c
827a
807e
7f7e
827e
817c
807e
8081
7d80
7f7e
7e80
7c7e
8674
887b
7f73
7692
7970
7c78
8e6f
6a8a
876a
7a8a
7276
8374
806d
8878
7672
8476
787b
7a7a
7c79
797a
7a7c
787e
787c
787e
787e
7a7e
7b7e
7a64
8760
c698
5462
cd70
5184
a8a7
4659
e037
58de
2f91
b074
34ae
2ec8
5c48
7ec2
35ca
4267
a38a
5d78
c041
945e
af5c
927e
8634
d455
6162
c262
5d85
9e58
7f8a
5c8a
6c9a
549a
6698
6094
6e90
6a86
7182
8078
718b
7a75
8c71
8476
8e78
8179
8c79
827c
8878
877e
8184
8382
8082
8488
965e
a17c
7d8a
6f87
6a98
6c57
c057
8436
d84a
7ea8
608e
9475
628a
7f97
6a6d
8a9c
7c50
8476
955c
78b0
38b4
568a
6499
4ab3
48ae
9044
9681
9836
9262
af5e
8a8c
a91e
e215
9e5c
7866
ad80
4aad
51cc
2aaa
9251
86c8
3c7c
cd70
4399
b08e
625e
9ca6
906c
575e
abaf
1ebd
8888
6573
469c
4e6c
52a2
9e79
48cb
5866
497a
de14
c82f
6abc
7e4a
526c
ca4a
a09c
2761
ea40
b9a4
1da4
a614
a696
3765
a1ab
2ae0
597e
5bc8
0bff
2edc
4472
d23e
df01
c744
8690
ac0e
e940
8650
6cae
9a5e
4087
9cb3
585c
687e
b549
906c
9a9e
b482
3bb4
9f45
6bb4
6ca3
9868
5560
6ea9
9936
6e9a
ae7f
644f
a64c
cd5c
4a6d
b260
9629
b301
827f
a734
ce22
a2bc
9442
c0b4
7654
809a
ce48
63ca
6080
c869
6d5a
a6bd
3376
f23a
92b2
943f
8590
bea2
3ac4
9a17
d56a
06e8
21b2
9252
54fe
14a9
a226
adba
2aac
0aa4
888e
a056
49b2
9933
9880
84b8
2f9f
9c46
44cc
3452
9290
b266
38d7
5f31
ab80
52b8
9a4c
9c86
765a
56ce
7f2c
d234
b0b0
4755
dc40
8680
c49a
4aa0
8c2d
e660
6078
f87e
46a4
7a56
5096
a05e
36b0
639e
0888
3fbd
46b6
a55a
43b0
2686
6a3f
8c40
8477
b401
e012
e830
7966
e01c
ea46
627a
c338
6098
9c5d
8a96
8d6c
58c0
35c8
46ae
67bd
3eb7
6092
689a
7295
5ea2
6c88
826e
7a84
975e
827a
8e79
7a7c
8c5c
9878
707e
8a6a
8e70
7b77
8e3f
9852
a87c
6878
5490
944a
6cb2
398d
906a
69a8
4e84
956e
7c50
7f88
8258
8882
7e73
6c8c
7178
6a90
7a6f
8c74
768e
7277
8b76
8080
6c91
7674
847f
7886
7876
7a8a
6c85
7a67
9a62
7988
7479
7684
7a6a
8c6e
7982
7b74
7282
7873
7a70
718f
6a76
757c
7a7a
727b
767a
7a74
7e78
7a75
7a79
7276
8576
7c6c
837a
7b74
7c73
8678
7478
7a7c
7a82
728a
6a97
628e
788a
737a
9059
984e
9872
7d6e
9276
7578
826a
8a71
7e70
8d79
648a
7471
8672
7780
7876
7a74
6c84
6e75
7e78
747f
6e7a
7878
6e7a
7880
7678
7c72
7d74
6f7c
7974
8e6c
7885
7677
7c70
8186
7878
837e
7984
757e
827a
7e7e
8082
807b
847a
7d7e
7680
7c7e
7e7f
7e7f
7c7e
7e7c
7d86
7180
7667
3dc0
8472
42c4
7154
4bd4
5c39
c471
4c9e
ad1e
a0a6
424d
d43d
6aba
9032
80ba
68bc
763a
a89a
4aae
625a
ed50
5a98
5081
b010
aca4
2ba6
9e27
c650
da61
c033
c83f
9238
72b9
8028
a08e
87a2
01d7
25b2
9274
4a60
8940
91d4
36ff
15c0
1262
a6a3
7c3b
3817
b96c
b49c
4086
dc40
4dca
586c
ae01
cf6e
9681
5864
c4b2
58ec
4467
ba94
4671
c88a
4c64
c86c
30b0
405a
90b0
3eb6
3ecc
6848
9bc0
386d
d92a
9d4c
7cc8
4e8f
824a
c497
5460
ce90
6872
5fdc
28a9
72a8
60ae
7870
69a0
6b84
44b9
8028
b55c
be1e
c240
7eba
8a45
86a6
2cc2
7e35
e44c
7a59
9298
6e52
baa0
2bba
8725
da49
9292
7c34
cf5c
938a
6684
b643
c24d
6eba
5892
70b0
528c
9c69
7e72
86a1
2c66
bb9e
3478
a2c8
6cb0
9836
60a2
7635
6259
d060
30a9
8350
d04d
487c
ba3e
6a76
b854
3cc6
6278
6a91
56ba
5c67
9c6e
926f
7290
8159
9c6a
7898
6d78
8694
5896
649c
7266
948f
5a96
8088
68b3
8e1d
cc36
62ba
745a
72a3
9065
66a8
4483
8cae
2ae4
24d4
4c38
6c96
88a0
2a8a
c634
926d
5e6e
9091
5648
5ea0
6234
9e75
c81b
68ac
bc30
a0a0
2cc4
b094
8246
66c6
69be
3274
b49d
6058
90be
4048
d2a2
6e42
72bf
7a53
30a6
4bff
1ae4
01dc
50ba
67a2
107a
5fa8
7986
c458
aab2
7a48
a2c4
7f4f
768d
c485
4276
d846
7858
98d0
5272
da7c
39da
7896
676f
70cc
3bff
3e69
954a
ba64
35f5
66a0
bc4d
ff39
f21a
8b49
4ed4
2ac4
385e
c44e
a68b
4154
ba7c
5f53
7698
8f05
c02c
a542
a29d
c523
bc8a
20c0
7350
83bc
8b72
5c5a
8f82
3ada
5f68
6bb0
9158
2ab8
9d41
65b4
a662
b25a
38c5
6860
3d94
c08c
1edc
2278
b268
61b6
9822
d342
be5a
3dc9
7e38
ef08
ee20
a6a1
9294
9001
9820
6e5c
bda8
27e6
5c2a
c098
9b56
78b6
773e
9eba
7628
e649
c076
4280
e634
6a96
b725
aeb5
5445
a1ae
51b5
7e6f
4056
94c2
05ba
516c
aa7a
2379
8c42
a05e
c628
9ea2
4662
c03c
60a2
b03e
5dc2
7735
d835
6086
ce3a
83b0
6b7c
8f62
8c53
a36e
7da4
5491
7b8e
727c
53bc
3ca7
6082
8278
807c
767c
826a
8092
6876
8d74
578e
727d
945e
887d
747c
7f54
a264
8c60
7c67
9474
7081
6a84
7b6e
8278
6f7a
727c
5f30
a256
7230
8c98
9c4e
c8a8
744c
ee60
9d22
6ca7
5844
68b2
884d
35b4
544e
c082
34fa
434e
70c8
5c48
a2b0
a41e
bc68
40b2
a62a
ce8b
3fc6
7634
bda0
5a74
86b8
664a
c08a
4462
9f9a
639a
569a
8068
a526
bc78
538c
8e7f
7a7d
747e
8c68
7088
6c4d
61ba
5c34
8eae
4666
83aa
9038
72a8
367c
f91c
ec74
6eb7
464e
da29
8cb1
6f4f
69c4
5450
b89a
2acc
772e
aa9e
1d4b
ab8e
484d
c07f
3478
4c8a
ba86
7610
b04f
860b
b251
6bc2
ae3c
a0cd
7cb2
aa52
1476
b86f
4598
52a1
b842
74cc
8f30
967a
ca8f
377d
755e
f06e
4bc4
a469
36d2
4050
974e
8380
978c
51e2
8989
45da
4c8f
1ecc
6a66
bec4
2bcd
9c7b
48e4
7d42
7684
7af0
4aa4
9c46
9e32
cd61
9b8e
942b
6a6a
6940
c801
da0a
d6a2
2cbf
4571
a4bc
58a1
8651
60cf
3c78
4cca
4a4c
7396
b226
b07f
37ae
94b3
6698
b22f
ba36
9995
01a6
387a
b0ac
0eaf
4898
c44f
74c2
7bc2
5946
8bea
30bb
6a3c
cd21
782a
b05a
9e20
b6ae
217b
ce5e
ac4a
72af
54af
9035
94a2
5620
d12f
d934
be68
34d8
5c78
7244
c436
e662
b621
9ab6
38a2
984e
c048
9c6e
6888
978e
38d6
31b4
8a72
3499
216e
90bf
4c94
528e
6682
3059
8ee3
249f
88a2
5284
335c
24da
8f1e
b4a6
9b52
c31e
6aa4
9085
a178
34b6
6642
ce76
a727
5aa3
5c2a
606c
988b
aa5b
4066
ac6e
3ab4
9954
c24e
5278
ba50
f028
ca2c
c660
4666
d827
6abe
597a
c87e
5684
b47e
cc3f
5a8a
9690
5b34
94ae
495b
fe37
bc34
a296
5824
c298
68b3
226b
b648
a360
9c48
6cba
1086
632e
c878
1dc6
8a5e
5499
8466
6cb2
53be
707a
62d8
6c55
7892
50b4
b17a
884d
cc8e
4888
e632
ae7a
9f38
f001
b243
ef01
f88f
b634
7cc7
6a8a
37a7
4672
a8b4
52ff
2e9d
c61d
d062
27c6
995e
13de
278e
a238
af62
79ca
6944
d28e
82bf
3a73
ca36
8f34
81b2
2fac
ae4e
68dc
4a66
98cf
3290
a76a
b668
74cc
01da
2ee6
01b6
ae5b
65a9
aa6e
3172
b886
d454
dc1e
be8a
6d22
d826
e20f
a340
ff78
ac27
c054
34e4
2978
82c6
4cdd
3260
a85e
19ba
46c6
01b4
585c
59d6
4972
4c6c
a3a0
1bad
a888
806a
c454
9c32
ba6c
703b
d46a
6e6c
db0c
a415
cc3a
e86a
a04e
e067
5c92
5a5e
d69d
4a80
53bd
6562
4cd7
06c8
5e59
8850
86a4
9a28
7c78
a02a
4c52
9bce
04c4
11a6
4b60
79a8
995a
4ad6
8230
a08c
3e42
9aaf
05ae
8614
d25a
b17f
40d2
3470
cc42
6cd0
9160
7e5c
b62b
d686
9517
ea2a
ca66
927a
6ea5
7e7f
7f7f
8a78
737d
7555
638d
a8ee
a308
07c2
d391
6f08
4382
97a6
a6ae
6a68
a9ab
7b73
7169
512a
7795
9a99
998f
859a
b57d
6d6d
6b68
7174
4075
9194
8f93
9188
85b7
9271
6d71
6d59
2773
959b
9c9b
93c4
a36f
6666
626b
7680
6058
8990
8d8d
938d
857f
a69d
7671
7473
6d6b
4260
8e96
928b
9094
d197
6c66
6564
6d79
664b
8392
9291
968e
8583
b48d
726f
7570
6e75
7948
6c8e
928d
90bf
d07f
6762
5e66
7376
3f75
9295
9298
9187
80ab
9974
6f73
716d
7475
4074
9093
8e92
9189
98b8
806d
6c6f
6a69
3b5f
9098
9597
9489
9db6
7e6c
6c73
6f6f
5d45
a4a5
637a
8182
8c97
cba8
7257
568b
8976
7771
3a6c
9be2
7542
937a
70d4
b57b
5833
327d
e1d9
7408
527d
9be6
d17c
0a1c
d3cd
8d6f
5817
62f5
cd34
4071
8295
c5d9
886b
5f22
41d9
b37f
7652
3b76
8b9c
d199
5a72
98a7
8277
6f60
7569
5e87
6c81
8a88
8d92
a3c8
8569
6870
6c6f
7765
477f
9293
98be
7d54
82ba
9d78
7272
5521
6fbb
876f
8185
9091
c0b4
7468
6761
6a76
7f77
4d7b
8d8e
8da0
897d
8da5
9875
7174
4c24
87cd
be49
4776
849b
e2ba
7763
476b
8078
7f5b
5186
8f8e
92a4
a265
6baf
9d7a
7476
5524
64ad
af79
6a7a
8996
ceaf
7449
0b68
e1c3
821a
3a7c
90a5
cbbb
8a4e
277f
cd9e
8469
2b36
7eae
da71
556e
86a2
d394
7258
3a4f
7ede
ae38
3574
87a2
d6c8
5804
6cd9
ba89
7950
0f5a
93e1
ba78
4c40
80a7
e39e
7636
1e50
fcfa
a75a
1543
7c94
cee1
6634
8678
96b6
8868
3138
7995
c2da
4d2d
6da0
e1ac
7a49
0d48
d6eb
9b5a
0953
82b5
f4b6
610b
317c
f0d7
8d6c
041e
76a7
fdc7
4b0d
4f89
e2d8
896f
3019
7dbe
da9b
3426
6c87
cadf
7b40
3b8d
c6a3
907a
4d17
569d
fcbb
3e2c
5b89
d7d8
8d62
2c59
6aa1
d885
333f
7090
d6de
9239
035e
afe2
bf83
4209
58b0
f8ae
7c1a
2774
b4fd
ac7b
3906
59fd
ed93
5f23
3379
9ede
d362
5f67
29b7
d789
4534
5b83
b8e4
8f0c
53a9
8ca4
c777
1b3e
b9da
9b7b
5a0d
5189
c4f2
b359
0939
91fb
b780
590b
4482
d4fc
7834
604c
7ef5
b983
5414
5099
c7d8
6617
6176
8ad6
bc7d
3c32
a8be
9f92
5e12
4a98
bdc0
846c
4156
c5d5
7865
3b3e
95bf
ce93
3741
5470
bdef
a551
0c47
93cf
de94
0514
6696
d4da
873c
166b
9dc7
d291
483a
4071
d8b2
7a67
3564
92ab
cb93
3f59
6896
d694
6359
3878
b48a
8f67
4688
9fa5
b36b
5963
56b8
ce7f
4f2a
5193
abcf
b042
3c70
86c3
c481
4f22
408a
a9e3
cc4c
2055
76a0
bd9c
8850
4692
949e
ac5a
5c68
5fa6
a583
a568
579f
7573
9f69
7493
747d
655b
9677
8dd7
7b54
8665
7ca3
919f
703c
6b59
76d0
9e71
784e
729d
afc3
8958
4e2c
5bdc
c48b
6822
5b8a
afde
985a
7f4d
5cb4
8784
884a
7486
6d9f
8a73
8e66
8cb1
728d
8f55
908a
467c
8b81
8e6e
9ca6
578b
9851
8999
6979
6d7c
925c
92c5
6f71
7f5b
969f
8482
726f
7958
83b7
8078
5055
a0b8
a6ae
6955
6a4e
8fb6
8474
4755
ab93
99c7
6c4a
7862
7c9e
9fa6
6445
8a61
66c3
956b
7173
afa3
7987
482a
a9b8
8e89
5b5f
5e6b
d0ce
6c88
6045
9294
9a86
3863
9d89
bea5
675e
2f63
d8b9
8775
3359
a49f
ae7d
4b5f
5285
c78f
9ca2
3e6b
aa71
858e
6f64
3d9d
dd71
8c9f
2239
81b7
d399
6c5c
1e6c
dbc8
8e76
1b35
7ec2
ef7d
4575
4465
bca7
8663
5291
b099
a05b
3672
689d
d87f
5b4c
57a1
af93
aa4c
317d
8e9a
b698
7344
4d8f
9094
cc63
2e75
8793
af8c
5e5e
7986
8dae
b040
377d
8ba2
b372
5a67
7d88
8a9e
9b54
607f
8589
8a7c
7e7f
7f82
8b82
7868
7b83
87a8
8f42
6a82
8aa2
9670
6064
8696
82b7
9924
4e84
94c1
b98f
4606
68b5
b8aa
997e
2032
7ea6
f2bc
793e
075a
b7f7
ab5f
0745
7cb9
f794
3146
4794
f3b4
7f26
1477
c2d8
ba54
0454
8df0
d288
600b
2fa6
e8bd
8d59
1a3e
8fec
d37d
6125
32a5
fca4
7162
3a37
82f4
cd77
6734
2b8e
fcb9
7564
3f2c
70ed
e482
611c
36a3
f8b2
744b
3a7f
9bb2
8c74
5339
73e3
d87a
4914
5ecd
ea9c
6f59
3739
99ed
a776
6427
50ab
dfb8
7b48
1a57
9afe
bc7c
5a12
37b3
f9ac
7457
2840
95ff
b975
591a
4aca
dc8f
6d45
3d62
aef9
9c6b
4c24
85d9
9979
5f2a
6ab1
dcb6
6e45
2d55
d0e0
866d
4d25
84cb
bb8e
6433
4379
fbeb
8e66
3614
87d7
c494
673a
2f70
fee9
8866
2424
7ee5
e191
6431
206a
eefe
8661
1b36
aee9
ab72
4a40
819f
b389
745b
3479
e4be
7964
2950
b8c8
a175
694d
3696
e2a0
7864
2e5d
b2bc
b27b
4f2f
54bd
f393
6b3f
1c6a
c9f0
a570
3f1b
53c4
fca0
702e
1b6e
c4f2
aa4f
1e40
75fe
f193
430e
50b7
deb8
8630
2279
9fda
b660
463c
7cdf
a172
6e2b
5490
a6c7
b272
6f39
59d0
ac79
6928
50af
bdc2
8e4d
403f
7bef
fc7f
4b08
558e
fede
811a
226c
9de7
cd75
4618
62b4
cebd
6909
4d8f
b9e8
8e43
3151
8f9d
99b7
904d
7276
91b2
6f63
5e4d
99ae
7897
8058
8488
a4ab
5252
646e
a7bd
8081
5348
8392
bec5
5e42
466a
a9d9
9a65
2b44
8c9c
cfc8
4a26
5d86
a5b4
886c
5073
888a
9499
6670
7f83
9e8b
6374
6880
967a
7d85
7e80
807f
7f7f
8286
747b
867c
8888
6779
818a
aa76
5d72
7089
aea3
7c4f
3d79
909a
c288
4361
7c88
91a6
a251
457c
8896
b47c
4e6c
8095
9d78
8c65
5884
898e
9b77
7272
769f
9265
8968
6295
897d
8b74
7c80
808e
836d
8974
7782
8288
8a73
797f
8097
9e62
6a63
798a
8eb0
9345
6f7b
80bf
9454
535a
8ab6
a095
873a
568b
aec4
7c65
6733
7fc0
7279
8f60
7484
8ca6
7972
7b4f
81a1
748f
8d6d
7e82
8493
857d
765d
85b1
9085
6d39
5d88
acd1
8056
5952
85ab
a699
5f40
919c
97a4
553e
6382
d0cd
756c
4144
b8c3
967c
514b
6872
b5b4
7181
604f
aba4
8590
766f
6260
a09c
817f
6850
9aa9
9189
6c57
4c71
dac1
7573
3336
97cb
ca95
4654
656b
c5af
6359
427e
d1a2
8667
2a60
94a4
ce93
5864
4e89
ca8a
765c
2e84
b4a4
b37b
5155
4fb1
e086
7b5b
1561
a7ac
b881
5d4f
55a4
d898
8f54
0d5e
a9cd
cd6c
4c4d
42a9
e08d
6743
4796
9fad
ab44
4980
8ba5
ae6e
6857
73a7
a28a
7c3c
649d
96b1
8f55
5252
83a6
9197
a353
6697
89a3
8c5f
553c
8fd5
9193
7c1e
50a0
d2cb
8553
3728
71ca
d29a
7131
5589
bbd2
8446
5039
84db
a379
4441
9fc8
b09c
442e
6b7f
bdb7
6059
4b68
a5ae
9ba8
5e4b
7e87
aea3
706e
384d
bea6
919c
3b3a
7494
bdb4
8977
3055
a5c9
a986
3714
69a3
e4bb
5a5a
4074
c6cf
9257
1252
92a4
d99a
414e
579e
e496
684f
2687
c39c
a368
396d
78a5
bb74
7965
4885
9996
b87a
4868
738d
ada2
974f
2b90
bbab
9e60
1646
84df
eb89
6416
3179
b0d8
c35f
3857
73d3
c067
4a3d
5ed4
cc97
6f1f
48a3
acc0
8e62
4e40
76d0
a183
7c41
7db1
8b88
7973
766f
7c93
8481
7b59
7fb3
8883
7b74
614f
a3c7
8a78
704d
52ac
bc93
776c
4c40
a6e7
9674
6137
7bc0
9a7e
6b52
7180
b2b0
7b71
5e52
a0a2
817c
7672
8784
807f
7f7f
6f6c
a591
7e7b
7770
8778
8691
7d78
647a
ac8d
7c79
7673
8684
8080
807a
4b6b
d6a9
7b70
4940
9cc9
ad7b
6658
3f68
dac3
7c5d
3175
bfa8
9c70
405f
7d9e
c282
5e58
4998
b47c
977c
4e8e
9486
a07c
7263
4b9b
a678
9b72
4b8d
8b92
b77a
523c
51a7
d59a
9245
246a
abeb
b674
4d33
30af
ee9c
6d2b
3d80
a4c8
b741
437d
8b9b
9b77
7e67
7483
858c
936d
7481
83ae
905d
6b50
6f8f
928f
8882
7e7c
7c7c
7d7e
7f7f
8086
7c7f
8273
7e81
8295
8968
7172
828c
9ca6
7b31
5e87
91a9
8c5e
7880
8383
838d
7c6c
7d80
8494
7969
7e81
8382
8180
7f7f
7e7e
7f84
7c79
7f80
8080
807f
7f7f
7f7f
7f7f
7f7f
7f7f
7f80
7e7f
7f7f
7f7f
7f7f
7f7f
7f7f
8ea1
7269
5b6f
8b9a
a78b
4a62
828c
b6b0
5249
587c
9f95
8d8c
6076
8e86
a089
5f78
677a
a774
7991
5877
9f7b
8a85
7580
658b
b377
7b7d
436f
998d
ad90
6465
539f
db8d
6d52
1c62
a7cf
d371
415f
5398
d180
6259
54ac
b58c
9a60
4775
7ba5
a566
7869
5db5
ab82
856a
607d
7282
9c80
876d
68a3
8576
8f74
7190
837d
7d7d
7d62
62b7
a27d
7d4b
438c
bacf
946a
6240
4bbe
b784
7c4e
5c92
98b2
8d59
595f
7fc0
9881
7c3f
74a8
7c92
8967
948b
7b8e
6f70
7750
859d
76a3
9565
8174
81af
8873
6d4e
7798
709c
8d54
7488
b1c5
7869
5920
74d2
b89d
5d2f
5579
cae8
7a59
593e
91b7
908d
4839
8c8f
97ad
7a74
7073
bfa3
6b83
4f47
9a84
7f99
6f76
7872
a684
6ea2
6e63
a588
8999
5f5d
6273
b99a
7889
3a4a
a3c9
c294
4d2a
3776
d6c6
7f81
424c
a5ac
b386
3057
7a88
c799
585e
4e8f
c78c
8971
397f
a69a
ab70
5065
5087
a576
a69a
5489
927e
a57f
6568
4783
ac88
a377
377c
9393
b67b
565d
5ab7
d995
7a45
0c5e
a8d8
d66e
4d54
48ae
dd91
6a38
2e8b
a6b6
b74f
487e
83b1
9e62
7558
67bd
9580
944b
5589
7c98
9687
9555
59a3
848e
a55b
5d74
6aa0
9576
8662
78af
a69b
7719
438b
a9d8
a559
4544
7fa9
b0a8
792c
669b
a2c0
7a3a
505a
9cce
9a85
5735
9bb8
90a3
6d40
5d67
9eb0
7a8b
6b44
9393
84ba
8b61
6b53
85ab
868a
5c43
8f9a
9fb3
5a3e
768a
9faf
8670
4463
888e
9aa3
6766
7e81
929d
7576
5b6d
919d
9680
4c6d
8987
a391
556e
818b
aa8c
7a70
3f78
9979
ad9e
5d6f
6b81
b193
9174
235a
9184
b4ac
7a75
6287
b27e
7662
256b
b6b3
b97a
2549
7ea9
daab
8247
1063
b2ca
c371
3f61
5f91
be7c
6a6b
65a8
a87e
874b
4c9c
979c
a872
766b
538a
8984
a669
5d8f
7289
a576
7366
66a3
978a
8d46
5da3
9fba
9577
5429
57c2
b696
7729
569c
bec6
9351
4b54
93be
8a77
6c38
5ba5
b6c1
904d
767a
7495
786b
6e4d
80ac
8ba3
9b80
a07d
6367
6f79
775c
7ea0
9aae
866d
7072
7680
8182
7563
99a7
847b
5e3b
81ba
c29a
6f68
6860
8695
8482
7b6a
8e94
807d
7b7c
7970
908c
807e
7c7c
8280
8080
8080
7f7a
8386
7f81
797c
8a80
8080
7f7f
7468
9498
8580
4f50
8f94
bcbf
6c65
736c
8277
5e57
6c96
d2b5
9761
164c
a6d7
bf85
6035
247a
cdb0
a180
5382
9287
9165
4864
6a9a
b68b
917c
5376
7882
b285
687f
6881
a694
9260
3b76
828a
b584
5e69
679d
7e7f
0000
7e8b
6d67
7777
6b68
7460
6790
7b6e
7a87
8771
8a92
7587
a19a
859c
9c79
6d92
936e
7997
7e5b
907f
7377
9077
7387
9c6f
4d75
6062
7372
5d89
b5a2
4d88
a68e
877f
6f78
abbd
615a
8c94
8e6f
5c76
92b1
7f5c
597f
a974
4469
91a7
998d
6a61
b2a3
635b
91a2
a0a0
a969
929a
aa66
4d94
9a74
8a9d
6759
8fa2
5a46
9e8e
6d97
b44b
6e8f
a768
4c99
a190
b1bd
5b7b
95a7
693d
7da7
7f8b
9d39
7877
7f5f
2970
ba7f
889c
4c97
7f8f
7444
8bd9
9993
ab5e
a778
887f
457e
dc8e
98b6
5f96
6688
712e
74be
6e96
b551
7169
976f
2f7e
b172
b3cd
5460
88ab
6037
928b
6fd7
d43c
56a5
9657
4a87
6278
d7c8
374d
b869
5b78
644b
b1d3
be62
5fb9
487a
9a2d
4cd5
9aa9
a956
6f57
a96a
0b67
a66c
cbcf
3640
7b8d
5241
6d66
9ae6
df56
56bb
6b8a
9a4a
62dc
cdd2
9c56
7661
ae6c
1267
b292
decf
3f29
9264
594f
365e
b4c5
e762
3f7f
48a9
7a1f
74c5
d2ff
d673
3986
7e6f
4a36
7ec5
deff
893d
4f43
793c
0248
6dc3
e9ed
8d27
644f
733e
0d55
8edc
fff0
af3b
8864
9e4b
076a
97ba
ffce
951f
8846
943e
0053
9bb7
ffb5
9400
6e54
8843
0a62
bbda
ffdc
ca31
4969
7b46
1c39
a9f0
ffff
d739
2b6b
4f25
0000
70ea
ffff
ec87
4970
5a34
0000
46af
ffff
ffee
7457
8547
1100
0093
dcff
fff8
8a2e
5c40
1400
0034
baff
ffff
dd48
275a
250e
0027
d4ff
ffff
ffb3
0600
0000
0000
75ff
ffff
ffe8
4900
0000
0000
00bf
ffff
ffff
ffc8
0000
0000
0000
5cff
ffff
ffff
fa00
0000
0000
000a
ffff
ffff
ffff
5100
0000
0000
005c
ffff
ffff
ffff
5400
0000
0000
0048
ffff
ffff
ffff
e000
0000
0000
0011
c1ff
ffff
ffff
ff5b
0000
0000
0000
2adb
ffff
ffff
ffff
5100
0000
0000
0039
ffff
ffff
ffff
ff00
0000
0000
0000
60ff
ffff
ffff
ffff
1400
0000
0000
0066
ffff
ffff
ffff
ff18
0000
0000
0000
71ff
ffff
ffff
ffff
0000
0000
0000
16eb
ffff
ffff
ffff
d000
0000
0000
0000
e9ff
ffff
ffff
fffb
1a00
0000
0000
0085
ffff
ffff
ffff
ffc1
1100
0000
0000
0058
ffff
ffff
ffff
ffe0
4200
0000
0000
0000
deff
ffff
ffff
ffff
6800
0000
0000
0000
39ff
ffff
ffff
ffff
e15c
0000
0000
0000
0038
ffff
ffff
ffff
ffff
9d00
0000
0000
0000
0ef3
ffff
ffff
ffff
ff76
0600
0000
0000
0000
31d0
ffff
ffff
ffff
ffff
b30f
0000
0000
0000
0033
8aff
ffff
ffff
ffff
ff9d
0700
0000
0000
0000
76ff
ffff
ffff
ffff
ffa4
0000
0000
0000
0000
63ff
ffff
ffff
ffff
f778
0000
0000
0000
0000
85e1
ffff
ffff
ffff
d599
1800
0000
0000
0020
56a1
baff
ffff
ffff
ffff
ecc8
8841
0000
0000
0000
000a
29d9
ffff
ffff
ffff
ffe2
5500
0000
0000
0000
0000
36e5
ffff
ffff
ffff
fff3
6600
0000
0000
0000
0a3e
7aea
ffff
ffff
ffff
ff9d
0000
0000
0000
0000
66dd
ffff
ffff
ffff
fff6
bb94
5f0d
0000
0000
0100
266c
a0a6
9f8d
ffff
ffff
ecbb
c896
3b14
0000
0c00
0039
7bb7
b8a0
9ada
ffea
9196
a8d4
bf88
7379
9c8a
663f
4560
3714
0000
002c
5d87
b6e6
ffff
ffff
fffa
aa51
0900
0000
0000
0000
157f
ffff
ffff
ffff
ffff
f897
4e0f
0000
0006
1915
3134
1c2f
559c
e3f1
f9ff
ffff
ffff
fff4
a759
2d06
0000
0000
0000
002c
469d
d6f6
ffff
ffff
ffcf
ad95
8e8d
7164
523b
4048
4b3c
1f04
0000
1f52
79cb
ffff
ffff
ffff
f1b7
793b
250f
0300
000f
2d4c
5f68
707a
7996
a2b7
e3f2
e7da
ccbe
a97f
5c49
3837
495c
7288
96a0
a5af
a486
6b5a
5543
3f3b
697e
727a
799a
afb4
b0a4
9db4
d1d2
ced4
d0b2
8f6b
513b
1d00
0006
0c2d
5a6e
a9b4
cadd
e2ed
e0cb
b8ab
a093
8e88
7f6f
5e56
443d
2d25
2527
345a
89a9
c7cf
cfd7
d3c1
a993
7970
7272
7678
7f87
7900
8a8b
9292
8e8e
847b
6f56
524e
4c50
5258
6068
6c70
7272
7874
7477
7682
8a96
989c
937c
7878
7d86
8c8a
897d
817a
7c80
7a7c
7b78
6c60
5c60
626a
767e
8285
7a80
8c92
9894
9086
786f
6862
5a52
4a36
2d20
1c20
2030
3d46
4e59
686a
6c7b
8a95
a0af
a8ac
a29a
8c88
8588
8c96
a0ae
aaae
aba6
a99e
a0a8
aeb8
b6b8
bcbe
b6a4
9a8a
7a66
5a55
565a
5356
5965
686f
7474
6e74
8096
a2a8
a5a2
9e8e
8e8d
98a2
b0b8
b2b6
b8aa
a698
8275
6a5c
4a3e
3838
4046
4e5e
6f6e
7182
8e8c
8f86
8078
746c
6b64
645a
5e53
4f60
7280
909b
a2a8
a4af
b0ac
aaa4
9278
4e40
3a22
2023
3132
3a36
383f
4244
444c
5c65
6c7a
8688
8289
8686
8698
aa9e
9894
7a70
6d68
7ca6
b0c0
c9b5
b49c
98a1
a3b2
b4c2
a8a4
988c
866a
636d
808e
8c8e
949e
9aa0
b2b8
b0b4
bcba
b29a
8b96
a2aa
b4b8
b9b0
aca0
9683
6c6a
6e84
9089
8071
5c4e
4244
4e66
7ea8
a8a0
8c7a
6e6c
676f
7a78
7668
5840
2d1a
2852
7aa0
b6b8
c0af
a08a
6e66
748a
988f
7a64
3e23
2022
2844
5960
5a44
2208
0c18
3554
78a2
b29a
6640
3c45
444c
79a4
ae98
5a24
0401
0101
1876
d2f0
db9a
705a
5443
5492
eeff
ffc8
5801
0101
0101
5ed8
ffe4
8a2a
0604
0101
2eb0
ffff
ffaa
3918
1e01
0101
baff
ffff
3001
0101
0101
01b7
ffff
ff0e
144f
6101
016b
192e
ffff
ff01
017e
7201
0101
ff01
01ff
ff01
01f7
f201
014d
ffff
0101
ffff
0101
ffff
1801
25ff
0101
01ff
ff01
01ff
ff01
0101
ff01
01eb
ffff
0101
ffff
0101
ffff
9801
53ff
ff01
01ff
ff01
01ff
ff80
0101
ffff
1c01
b5ff
0101
01ff
0147
01ff
ffff
01be
ff01
0102
ff01
0102
ffff
ff01
51ff
0101
7236
9401
ffce
ffff
ff55
ff93
0160
01ea
01c9
ff34
01ff
e6ff
3d01
2cf0
012f
01ff
ff01
b2ff
ff2e
0101
ff01
01bd
ffff
ff01
3fee
ff01
0101
ff2f
ca28
ffff
ff01
0101
f201
0101
ffff
ff01
a2ff
ff01
0101
e101
0101
ffff
ffb8
019f
ff01
0101
0176
0101
ffff
ffff
1001
fffa
8c01
0101
ff01
01ff
ffff
0101
01ff
ff01
019e
01ff
0101
ffff
ff60
0101
e8ff
0101
4a73
ff01
0119
ffff
c601
ffff
dc01
0119
ffc8
0101
ffff
ffff
bae2
01c4
0101
01a0
b8ac
0101
2cff
ff62
3201
2a01
014f
52ff
0101
73ff
019f
ffff
3401
2cf2
0101
ffff
ff01
ffff
6401
01ff
ffea
01fc
ff01
0101
e7ff
0101
5401
ffff
c2f6
0125
ff01
f301
ffc2
71ed
ff01
01b0
5884
7201
ff04
ff01
33ff
ff01
d67a
01c4
01ff
0165
ff78
010e
f7ff
ff01
01ff
ff01
0101
ff01
0101
ffff
0101
01ff
ff80
0101
0101
b8ff
ff39
ffff
0101
60ff
ff4c
014c
ffff
0101
ffff
0101
01ff
ff01
01ff
fffe
0101
ff01
ff64
0101
01ff
ff01
26ff
ff8a
0101
ffff
0132
ff10
0101
ff5a
ff01
01ff
ffee
33ff
ff39
01ff
01ff
ff01
ffff
fff4
0196
ae01
5401
ffff
6601
1ab8
ff4c
01ff
ffff
5e01
01ff
ff01
0101
f610
ff01
28ff
01ff
ff01
a3ff
ff01
1c01
0101
01f6
6fff
ff01
01d1
e8ff
926a
01ff
ff01
0143
ffea
d001
87ff
1f8e
01f9
ff01
01b8
01ff
ff01
2c1c
ffff
0101
ffff
ff01
01ff
01c4
f8ff
ffff
01ff
0a8c
ffff
0101
b2ff
1401
01ff
ff30
01e8
ffff
ff83
ffff
1401
ee13
fffc
9a01
01ff
9401
01ff
ffff
0101
ff8e
2601
ffff
da01
ec38
f2ff
01c1
01f6
8801
0101
01ff
ff01
01a2
ffff
01a6
ff48
d024
ffff
6001
ffff
0101
01ff
0101
01ff
ff01
01ff
ff74
57ff
ff32
b0ff
b932
01f3
ff01
0162
ff01
0101
ff9e
ca01
3aff
0110
01ff
ff01
01ff
ffff
ffb4
0101
daff
0101
d4ff
ff01
01ff
ff72
0101
ff0a
0101
3fff
a201
dae1
ffff
ff01
5e66
ff74
0101
77ff
7201
26ff
a32a
0159
ff01
0101
e7ff
0101
c0ff
ffff
01ff
01ff
ff01
0101
01ff
ff01
aa01
ff26
0101
ff80
0101
01ff
0e01
016d
ffff
6a18
ff01
b49d
0188
ac01
ffff
0101
fcff
1c01
61ff
4401
45ff
ff01
016b
ff01
aeff
ffd6
01ff
ee3c
0179
ffff
01e6
ff54
0101
ffff
c501
a0ff
ff01
01b0
ff1e
01ff
01cb
ffff
ff01
cafc
6201
01ff
ff5e
01ff
ff01
0101
ff01
0101
fff2
0101
65ff
9e01
f2d8
3e01
01ff
01d4
f0ff
0101
94ff
fff2
01ff
ff01
0101
ff01
0d01
feff
0e01
01ff
ff3d
01a9
01ff
e801
ffac
ffff
010a
91ff
ff01
0101
44ff
8401
b0ff
0101
01b2
ff01
010a
ffff
a401
ff01
1cff
01ff
01ff
ff7a
01ab
38ff
0101
2fff
0101
7401
a801
ff01
ffe6
0101
98e0
01ff
f801
0162
b29a
ff74
01ff
ffff
0109
01c6
0101
66ff
0101
ffd4
4a01
8aff
4fff
019c
ff14
01c0
b437
1601
ff01
ffff
ff2d
01ff
ff50
0101
ffdc
0101
ffac
ff01
51ff
5301
06ff
ff01
019c
ff01
62a6
01ff
0101
b401
ffff
1201
91ff
ff1c
01b4
3cff
361e
d8d0
01ff
ff01
ce01
ff01
01a0
ffff
0101
23ff
7601
01ff
6cff
e808
0101
32ff
bf40
2fff
ff01
01ff
ffe6
ff01
ffff
0101
01ff
8601
015f
ffff
9a01
b8ff
ff01
01dc
6eff
01ff
01ff
0101
ff01
ffff
ff01
341a
ff2c
ae01
ffff
0101
19ff
0101
01cb
ffff
0101
ffff
be01
be01
daff
01e2
01ff
ff58
0101
ffff
5401
d20e
1601
01f9
ff28
0c01
ffff
0101
7aff
38ff
01ff
0101
9301
43ff
01ff
ff01
0197
ff52
a201
92ff
0101
01ff
ff25
01ff
ffff
ffae
ff01
ffff
01cc
19ff
ffff
01f0
e001
14b6
0fe6
735a
01ff
ff01
0101
018f
ff01
65b2
ff36
01ca
01fa
ff01
ff01
4eff
ff01
01c0
ff01
0101
ff01
ff01
b9ff
0101
01ff
ff01
0139
ff01
8a4c
69ff
cf01
0102
ec3e
ffa0
01ff
ffff
c201
01ff
a201
01ff
ffff
2001
ffff
0101
d1ff
012e
0113
ffff
154d
ffff
0101
d401
ff32
ff01
3a8d
ff01
01b3
ffff
0183
54ff
01ff
01ff
347f
ffff
1a01
01ff
0101
01ff
ff74
0101
ff01
0101
ca4c
ffff
ff01
84ff
ac01
0101
9401
01ff
ffe6
01ff
01ff
01ff
ffa8
2aaa
8c01
0182
ff01
0101
c69d
0101
01dc
ff01
01ff
ffff
ff6a
0101
ff94
01d0
0101
9e01
01ff
ffff
ff44
ffac
0638
70ff
ff98
01ff
ff01
0101
ff01
7001
01ff
01cc
01be
ff56
01f2
12ff
ffff
2201
ffff
012a
0117
ffff
0101
c8ff
ff01
f6ff
01ff
38ff
ff01
d9ff
0101
a001
ce01
01ff
7eff
0101
7a01
ffff
90ff
ffff
01dc
016c
21ff
016a
ff2e
0101
ffff
01ae
01ff
ff48
014e
ffff
0138
01fa
ff15
ff01
d0ff
0101
0154
ffff
2a01
ffff
01ff
2fff
01ff
8eff
ff01
01ff
ffff
ff01
0101
0101
0101
01bb
0178
d9ff
ffff
ff38
01ff
ff01
01ff
0108
d801
ffff
ff01
f8ff
ffff
ffff
ffff
ffff
017b
38ff
0101
5201
0101
0101
ff70
8d06
0101
0188
012a
016c
42a2
5c01
b6ff
1a83
ffff
ff01
86ff
ff45
01ff
01ff
ffff
4c7a
01ff
1401
ffff
ff94
ff01
0101
e801
ff01
e8ff
0101
01ff
bc01
ff6e
ffff
0101
abff
9a01
5b01
01ff
c4ff
01ff
ff98
0101
01ff
0101
0101
f4ca
ff19
ff01
ff01
baff
0101
f288
01d0
0101
ac01
ab01
986a
04ff
bab6
ff92
7a60
0101
2344
0101
6cff
0186
01ff
ff86
74c2
ffff
01d0
eaff
52ff
ffee
ff01
ff01
5072
018a
0183
f3ff
de80
3f9c
127c
ff5a
ffff
ff01
3262
1dea
ff01
e088
ffff
01fa
ffff
82e0
ae42
ffc5
f8ea
6401
3b4a
4ebe
ffa2
9601
ff0e
ba84
abff
d8ea
013c
aa4c
ff8c
264a
3a10
0a01
0111
0101
7001
0101
3a5c
01ce
906e
c832
9a01
0913
6001
012b
ffff
0101
caff
3362
ffff
013d
ffb2
1d52
e2ff
caf8
ffff
ffff
ffff
ff90
ffff
7048
0823
8422
5441
b06e
3036
223e
1035
1fff
b801
48b0
ece4
05a7
ffd6
7f62
7af0
97be
6bc0
ffea
ff46
8882
aef8
84c4
d2ff
ffa5
2614
c2ff
510c
68f8
8c82
743e
606a
b601
232c
2c76
663c
937a
700c
0101
0120
0101
017b
9879
b2ff
ffff
9c9c
0110
7e8b
85c6
ffff
ffe2
868a
5052
0145
9480
70ae
ffbc
9e9a
b6bb
a256
010c
2b01
163e
0e01
0101
0442
8890
abaa
ffe4
ccff
ffff
ffff
ffea
5896
d2ba
b469
90c0
6815
1401
0f01
0101
013a
0166
f4ff
d9ec
c068
c694
ff94
0101
0101
0101
3e8c
8821
d6ff
caa0
eeff
ffa5
90b6
3a60
012a
4e5a
ad66
6f62
90bc
8469
6c66
3e7a
909c
cea4
3c71
0c34
41a0
4c27
e7b4
7cdc
d8ff
ffff
e89e
bd78
0101
4e49
8032
a658
2c6a
6414
1a20
4c41
5e74
e6ff
d266
710e
3201
0116
567f
8078
ffff
ffe8
d4ec
3802
1c01
0101
400a
622e
5887
9c8a
403e
4a43
7a01
0136
7a3f
481a
4152
6d9e
7e90
8c9a
9a7a
3c9c
ce68
1546
63a6
8ab1
f8ff
fff6
c0ff
b084
846d
988c
845a
3239
6583
7aba
cef1
8c78
6432
0101
080c
1348
b087
c6e3
ffff
e2be
b2c8
c086
b0b0
c0a6
84c2
b13a
6c50
885c
014c
7ca6
d682
c4d2
b296
3a6b
0101
0101
0101
4f61
8c9e
6cce
b2a2
867c
afb0
a6be
eab8
ac9d
ffee
4cc4
b27c
663c
8599
6678
0a86
78a4
a858
8486
517e
6666
495c
9984
7066
80c4
acca
eeb6
ce76
7fac
5224
012d
5e3b
588c
d2e0
e4af
8284
5840
3e06
0c01
4925
0a0e
37d4
5284
402e
9a38
9637
9e80
a4a5
4854
7184
7844
8284
6a3d
4656
0601
1a1a
4b68
3c8d
e6e0
b0b2
a17f
7892
684e
034e
545f
783e
88c2
7454
587c
8252
095c
688a
4478
956d
402a
9c6a
401e
6c68
2201
0e51
1e20
3a77
3808
1174
3a54
38c4
f056
48c6
8077
6952
6b32
160e
624b
402a
4c44
5472
a66e
827a
5679
728a
4a61
a8a4
a6c4
cbc2
90e6
ccaa
8a5c
4d4f
8452
6268
aa70
bc3a
569c
bc0e
3a28
6001
0101
2c1d
3e46
5325
588c
b898
4686
bcc2
7d2c
0101
379e
6c16
88a0
8bc6
fffa
eaff
ffff
ffff
ffce
e069
c864
0101
0101
0101
0101
0101
0124
5454
9cfe
fcfe
b2ff
ffff
ffff
ffff
ff30
0108
0101
0101
0101
668c
ffff
dab0
f1ff
ffff
eace
ae9e
c6b6
ce8c
aca8
d2aa
f6ff
eace
ffff
6a01
0101
0101
0101
0101
45d6
addc
ffff
ffff
ffff
ffff
ffff
a601
1248
4a1f
0101
0101
0101
011c
0c31
8eeb
f6c6
9490
612a
1213
5e7c
b6ba
eeff
ffff
ffff
fffe
dcd1
ba76
3201
0101
0101
0101
1a32
657e
885c
6b79
acca
dec4
b0d6
ffff
dcb2
bbcf
eef2
d299
490c
0c04
0101
1e28
0119
609c
a2be
ba9c
3b26
0101
0101
0112
1c5e
8e84
83a0
968c
643f
483b
0c01
0101
0101
0139
aee2
cfb2
d6d4
dff8
eec6
c8c8
9e5b
0401
0801
0a01
0122
3a41
92da
b690
809c
7c5e
7e86
956a
608e
acd4
8b8b
1e10
0238
746a
7c9b
c6c6
d2a1
9aa1
8299
7b55
302c
3424
2820
2644
4274
6fce
e2ff
ffff
e8ce
b6a8
a89e
7466
1c32
3a44
5a4c
6055
697a
9298
443e
4f52
586a
884f
2446
7046
6d7a
92c4
b0b4
d6ac
7e82
90ae
946c
8685
7c6f
7076
6a5c
6a58
7e71
648c
a6b6
c0ea
ffde
d7e2
cfba
b6a0
803a
1001
0101
0120
565a
5e5f
a0a0
c4b0
b2e1
e8d0
c6ec
fadc
ecda
c8c2
ab88
8262
2f20
2801
0102
224a
5a2c
4256
664f
6868
622a
322f
3204
2a46
4444
5c6a
6a6c
8fac
cab6
b2a8
7472
444e
2423
2536
6678
948f
8f98
8e6e
7264
5030
442c
1401
144e
7470
6b98
98a6
b6c4
9eac
9e92
a09e
8464
5a5c
684f
485a
3e36
4c60
725e
563c
313a
1433
324a
3d52
6e52
6e4f
505e
5e8e
83a6
c0c4
d2d2
e2e4
ffff
e0b2
e0c3
d38f
726c
6c4e
4c36
483c
5163
474a
505c
4240
2622
343e
2220
1630
4637
706c
7653
788c
9cc4
e8d4
b2a0
869e
9486
8154
6854
292d
144c
6c74
9aae
aac4
92bc
c4b9
c0a4
aca0
8e82
7374
668d
807e
96a6
969e
8da6
b2c0
b49d
c4a2
9caa
9690
9673
6e75
7077
8a8e
8480
8a6e
6044
310e
141a
1126
2016
0f2e
1e44
5250
765e
6432
5876
4670
6f6d
7a7b
98a8
766a
6a66
6f65
7480
92a8
b6d2
f4ff
ffff
ffff
fcff
d8c6
acb2
8282
947c
6654
3241
6c4e
4a44
605e
7084
7476
5644
524a
5870
7b74
7572
7698
92a4
90aa
b6a2
aeaa
aa9e
b689
7281
6a90
7a58
3c14
1b02
1424
0f12
243c
3f3e
6e72
6a7e
688b
8c98
b6b6
ded4
cebe
a4a5
aaa6
9472
6f76
7266
646e
4272
6076
86b4
a580
a7b8
b26c
7c84
2601
3401
0101
1627
1201
3c40
2848
6868
4c04
868e
265c
afb6
cce8
db9b
b2fc
725a
9c01
1c6e
86ac
bcc8
eefc
ffff
ffff
ffde
887a
8c54
6471
9292
8672
8296
7940
4a0d
013a
0101
1414
1944
7c70
7b76
7897
6432
163c
4c78
949c
b2ca
b8b2
bb8e
6e70
5576
707c
7e82
7c8f
8476
79b3
dae3
ffff
ffff
ffff
ffd6
a0a4
9854
6c6a
74ba
b276
9892
733d
502a
0104
1e2a
3a5a
666e
7c6e
8668
5c6b
542a
2a20
2c34
5a86
96b2
807a
8e72
5246
532c
3706
0118
0101
0850
5273
9288
523f
1e0f
3232
2c48
6c7a
5250
605e
5b6e
6c6a
5664
678c
a692
6c78
9294
b4ce
b2bd
b9aa
caea
eae0
c2be
b28c
a8b0
c8ec
dccb
d4c6
bec6
c8b8
a99c
9288
80a4
acc8
e4de
e8ce
ceae
8e60
0c01
0101
0101
0101
0a24
3f32
2819
2b3a
422c
2f13
1b0a
0108
0e22
3c4a
535c
6976
8a98
a8c2
dee0
ccc6
aca0
a8b4
b2c8
b8b8
b6aa
8882
7d68
687a
887e
8680
a09a
a8be
a2ae
9686
727d
6e52
3438
486c
7b94
aebc
c2b4
a4b2
a0b8
c9d4
bc98
8468
5e51
3630
233a
4a6c
6a78
7a89
6e9a
8c88
a876
7456
3812
222d
284a
503a
1736
4c4e
6282
6474
807c
765a
6f66
7e90
9cab
a89a
a0a4
a8a5
9c94
a494
8fbe
d6d2
d8d2
c7c2
a098
a2a4
98a2
96b8
c6ba
bebc
bebe
d8f3
d8c4
c2ba
a8a4
8894
6a54
5633
3f4a
7272
7b75
7880
8698
8978
705c
605e
6468
566b
7273
8c9c
8696
a294
9496
8e6e
5a50
4f42
4e40
595a
3a32
3e4c
5067
7473
7864
7886
8a82
828d
8276
7478
7e72
6869
6a66
727c
a0ba
baca
af98
888e
6a5e
7878
8680
7a7a
8289
828a
908f
92a0
8aa1
a8aa
ac7a
8676
7a9e
907a
5d76
5b68
806c
9094
937d
6478
6863
604f
3a33
3021
2017
142c
2a34
444e
6a75
7080
8286
7f92
c7c4
d4ec
dcc8
b8ae
8e9a
8c6a
6448
5262
6083
828e
96a0
b0ae
a0b8
b2be
c6c0
b2ba
b8a6
9f86
8886
8f7e
7e8e
887a
606e
484c
464e
6465
6368
6f6e
8ea4
a8a1
aa9c
acaa
a08f
7e7c
795e
5c68
6a68
5c53
5c68
564f
6c6e
6e6f
7071
7066
6848
4e62
7ea0
9080
8696
a0ae
c0b4
97a6
786c
647f
7686
a49e
b0be
be9c
a692
898b
7a6e
707c
7a86
9a84
9a9e
9ba6
8e72
7070
4b3c
1a34
3a42
585c
5e66
7476
8a71
8672
7a85
6e75
7062
6860
6054
4833
3f2c
3753
3c3a
3726
4a46
4c50
4a46
8491
887c
4e60
6a6c
8387
6c6a
8a7b
8c60
5874
6c98
827e
6f7b
6878
9fa4
7688
90b8
a8bb
bcca
d4de
ecd4
e2bc
aba5
8286
6272
807f
6c74
6b60
707a
7e8e
9898
a1ac
a294
9e93
8094
9070
7484
769b
92a2
9c85
6848
4948
5966
6f64
5a5e
526c
8293
a096
8f7a
8296
b2ca
caca
c4c8
c2ce
c8c6
deec
dacf
b694
a494
a8a0
a396
989c
9298
9086
948a
7b76
6064
4e30
3b4d
5c59
8662
7c92
8e90
787d
8a76
6e68
7a7e
866f
6856
423e
384e
5266
5b6e
6568
7274
987a
8c86
706e
6076
767c
6a6b
6e68
827e
7886
908c
8483
a28e
8a8e
7682
8376
775a
6c71
7872
5c5c
6470
5468
6274
627d
8a92
a084
9282
847f
7585
827a
7a86
5d4d
3d4c
5e62
808f
838e
849a
8c6a
9084
8f7c
585d
6e50
565e
5a74
7856
627e
7878
748e
9494
8f6c
5e6e
6248
684c
413e
384f
6a90
8a84
706b
595b
6c62
8484
7e64
4858
6688
828a
918a
89a2
9eb2
b8ba
c8a8
a0b8
bebe
9ea8
8ea0
8c8d
8a94
b28e
a89a
8682
6682
a094
9692
8492
6f78
8c8c
8c88
8263
7668
5a5c
615c
5666
7695
8888
6a68
5c6a
8274
6662
5c66
6e3a
2a78
717c
904e
6694
5a4a
b492
96b6
9a94
7e74
7877
98d3
a6c2
ccbc
a9b4
b474
4682
8c88
a279
8b3c
a47e
7472
5c52
565c
2b5e
42a0
feff
da59
1c04
013e
7c9e
aec6
d280
4b38
c2ff
ffff
ffd8
9086
6488
bfc2
9225
0101
0101
0101
0101
0101
3aae
be70
0101
0101
0101
0101
afff
ff8c
4201
0d01
15ff
ffff
ff01
0101
0101
88d7
ffff
e601
0149
ffff
ff70
8ac0
ecff
facb
0901
0101
12ff
ffff
e07a
aaf2
ffff
ffff
ffff
e4d4
d2ba
9e94
8a34
0101
0101
9892
3d01
0101
0101
6e6c
1001
0101
013a
587c
cac6
8201
0101
105c
a5db
d0b4
a4ac
deff
efc2
b8d8
ffff
d06e
1601
0101
0101
0101
0668
d6ff
da8f
5a64
86d2
ffff
ffff
ffff
dee8
ffff
ffff
ffff
ffff
face
b4a6
5418
1018
3242
5361
7063
7294
a8a2
6838
3a24
3846
384a
7183
8c86
756a
6a65
564e
2a06
0101
011b
3f3c
1601
0103
1c2e
2e23
1825
2e4e
6582
a6aa
ac96
7e68
6770
687a
6a72
6a5e
5058
5672
8094
926a
3f21
234f
8eb6
aaa2
8054
3b44
6a98
bcce
d5b8
9992
a6ba
d0ee
f0e0
afae
bece
fcff
ffff
f8d3
9e8c
9ab8
cad5
cecc
ccd0
cacc
bcae
a098
8f8c
948f
9388
7453
3f3a
2536
5a70
6a4d
3e2b
282b
2c22
4f4e
402c
0112
3259
6c7a
7e7e
5b3c
3844
6a78
888b
9c9e
987b
6a5c
4246
605f
7478
6e84
8e92
9684
7076
7a71
584e
5458
717c
6e60
6a70
7a8a
8484
8492
9cad
aaa0
7b63
5a6a
8a9a
b2ae
a2b0
b894
7a88
7e8a
9288
8b84
9e9e
b4b4
b0c0
c4d8
ccc3
b4a6
9ab0
b6d7
ce96
885e
4c4e
5668
5e5b
4a36
2836
3246
5d5c
6769
5a5e
605c
666e
746a
7560
4e5e
615f
748a
706c
4e4c
4e6c
807c
7572
848a
8872
5d64
798c
98ac
949c
a0a6
b5be
9ea0
969a
a8bb
aec8
beae
afa0
8588
8a89
aaa3
a09a
8a78
877c
9ea0
a890
8c98
a4a6
aac2
96a0
929c
9699
9c89
8e70
7270
7b68
6862
4931
3032
283c
392a
382a
2e44
3946
4450
505d
586f
7676
7163
6058
686a
7c8b
8284
6e74
8272
706a
7d82
7776
8276
7284
7060
5648
4253
6676
8270
868a
a0a8
acca
aeb4
aa98
86a6
9a88
8482
6e72
6b6e
5c60
7a98
a6a1
a486
9288
8c8d
becc
dad9
d0ca
e0d3
cecc
bcbc
c4ce
c5de
cabe
b6aa
996c
6850
545a
5853
3e29
0101
0101
0101
0101
0101
0101
0101
0101
0101
0101
1c3e
345e
777e
8aa2
9e98
a0a6
9879
7664
6060
6669
7085
7288
7c86
8892
8474
7862
6052
565a
4c46
333a
3c38
3e5c
7282
9eae
bac8
e0d8
f2e9
e6d8
d3db
ccce
aa94
806c
766a
767e
7478
7884
9d98
9e9c
7e7f
7f7f
5472
a66e
827a
5679
728a
4a61
a8a4
a6c4
cbc2
90e6
ccaa
8a5c
4d4f
8452
6268
aa70
bc3a
569c
bc0e
3a28
6001
0101
2c1d
3e46
5325
588c
b898
4686
bcc2
7d2c
0101
379e
6c16
88a0
8bc6
fffa
eaff
ffff
ffff
ffce
e069
c864
0101
0101
0101
0101
0101
0124
5454
9cfe
fcfe
b2ff
ffff
ffff
ffff
ff30
0108
0101
0101
0101
668c
ffff
dab0
f1ff
ffff
eace
ae9e
c6b6
ce8c
aca8
d2aa
f6ff
eace
ffff
6a01
0101
0101
0101
0101
45d6
addc
ffff
ffff
ffff
ffff
ffff
a601
1248
4a1f
0101
0101
0101
011c
0c31
8eeb
f6c6
9490
612a
1213
5e7c
b6ba
eeff
ffff
ffff
fffe
dcd1
ba76
3201
0101
0101
0101
1a32
657e
885c
6b79
acca
dec4
b0d6
ffff
dcb2
bbcf
eef2
d299
490c
0c04
0101
1e28
0119
609c
a2be
ba9c
3b26
0101
0101
0112
1c5e
8e84
83a0
968c
643f
483b
0c01
0101
0101
0139
aee2
cfb2
d6d4
dff8
eec6
c8c8
9e5b
0401
0801
0a01
0122
3a41
92da
b690
809c
7c5e
7e86
956a
608e
acd4
8b8b
1e10
0238
746a
7c9b
c6c6
d2a1
9aa1
8299
7b55
302c
3424
2820
2644
4274
6fce
e2ff
ffff
e8ce
b6a8
a89e
7466
1c32
3a44
5a4c
6055
697a
9298
443e
4f52
586a
884f
2446
7046
6d7a
92c4
b0b4
d6ac
7e82
90ae
946c
8685
7c6f
7076
6a5c
6a58
7e71
648c
a6b6
c0ea
ffde
d7e2
cfba
b6a0
803a
1001
0101
0120
565a
5e5f
a0a0
c4b0
b2e1
e8d0
c6ec
fadc
ecda
c8c2
ab88
8262
2f20
2801
0102
224a
5a2c
4256
664f
6868
622a
322f
3204
2a46
4444
5c6a
6a6c
8fac
cab6
b2a8
7472
444e
2423
2536
6678
948f
8f98
8e6e
7264
5030
442c
1401
144e
7470
6b98
98a6
b6c4
9eac
9e92
a09e
8464
5a5c
684f
485a
3e36
4c60
725e
563c
313a
1433
324a
3d52
6e52
6e4f
505e
5e8e
83a6
c0c4
d2d2
e2e4
ffff
e0b2
e0c3
d38f
726c
6c4e
4c36
483c
5163
474a
505c
4240
2622
343e
2220
1630
4637
706c
7653
788c
9cc4
e8d4
b2a0
869e
9486
8154
6854
292d
144c
6c74
9aae
aac4
92bc
c4b9
c0a4
aca0
8e82
7374
668d
807e
96a6
969e
8da6
b2c0
b49d
c4a2
9caa
9690
9673
6e75
7077
8a8e
8480
8a6e
6044
310e
141a
1126
2016
0f2e
1e44
5250
765e
6432
5876
4670
6f6d
7a7b
98a8
766a
6a66
6f65
7480
92a8
b6d2
f4ff
ffff
ffff
fcff
d8c6
acb2
8282
947c
6654
3241
6c4e
4a44
605e
7084
7476
5644
524a
5870
7b74
7572
7698
92a4
90aa
b6a2
aeaa
aa9e
b689
7281
6a90
7a58
3c14
1b02
1424
0f12
243c
3f3e
6e72
6a7e
688b
8c98
b6b6
ded4
cebe
a4a5
aaa6
9472
6f76
7266
646e
4272
6076
86b4
a580
a7b8
b26c
7c84
2601
3401
0101
1627
1201
3c40
2848
6868
4c04
868e
265c
afb6
cce8
db9b
b2fc
725a
9c01
1c6e
86ac
bcc8
eefc
ffff
ffff
ffde
887a
8c54
6471
9292
8672
8296
7940
4a0d
013a
0101
1414
1944
7c70
7b76
7897
6432
163c
4c78
949c
b2ca
b8b2
bb8e
6e70
5576
707c
7e82
7c8f
8476
79b3
dae3
ffff
ffff
ffff
ffd6
a0a4
9854
6c6a
74ba
b276
9892
733d
502a
0104
1e2a
3a5a
666e
7c6e
8668
5c6b
542a
2a20
2c34
5a86
96b2
807a
8e72
5246
532c
3706
0118
0101
0850
5273
9288
523f
1e0f
3232
2c48
6c7a
5250
605e
5b6e
6c6a
5664
678c
a692
6c78
9294
b4ce
b2bd
b9aa
caea
eae0
c2be
b28c
a8b0
c8ec
dccb
d4c6
bec6
c8b8
a99c
9288
80a4
acc8
e4de
e8ce
ceae
8e60
0c01
0101
0101
0101
0a24
3f32
2819
2b3a
422c
2f13
1b0a
0108
0e22
3c4a
535c
6976
8a98
a8c2
dee0
ccc6
aca0
a8b4
b2c8
b8b8
b6aa
8882
7d68
687a
887e
8680
a09a
a8be
a2ae
9686
727d
6e52
3438
486c
7b94
aebc
c2b4
a4b2
a0b8
c9d4
bc98
8468
5e51
3630
233a
4a6c
6a78
7a89
6e9a
8c88
a876
7456
3812
222d
284a
503a
1736
4c4e
6282
6474
807c
765a
6f66
7e90
9cab
a89a
a0a4
a8a5
9c94
a494
8fbe
d6d2
d8d2
c7c2
a098
a2a4
98a2
96b8
c6ba
bebc
bebe
d8f3
d8c4
c2ba
a8a4
8894
6a54
5633
3f4a
7272
7b75
7880
8698
8978
705c
605e
6468
566b
7273
8c9c
8696
a294
9496
8e6e
5a50
4f42
4e40
595a
3a32
3e4c
5067
7473
7864
7886
8a82
828d
8276
7478
7e72
6869
6a66
727c
a0ba
baca
af98
888e
6a5e
7878
8680
7a7a
8289
828a
908f
92a0
8aa1
a8aa
ac7a
8676
7a9e
907a
5d76
5b68
806c
9094
937d
6478
6863
604f
3a33
3021
2017
142c
2a34
444e
6a75
7080
8286
7f92
c7c4
d4ec
dcc8
b8ae
8e9a
8c6a
6448
5262
6083
828e
96a0
b0ae
a0b8
b2be
c6c0
b2ba
b8a6
9f86
8886
8f7e
7e8e
887a
606e
484c
464e
6465
6368
6f6e
8ea4
a8a1
aa9c
acaa
a08f
7e7c
795e
5c68
6a68
5c53
5c68
564f
6c6e
6e6f
7071
7066
6848
4e62
7ea0
9080
8696
a0ae
c0b4
97a6
786c
647f
7686
a49e
b0be
be9c
a692
898b
7a6e
707c
7a86
9a84
9a9e
9ba6
8e72
7070
4b3c
1a34
3a42
585c
5e66
7476
8a71
8672
7a85
6e75
7062
6860
6054
4833
3f2c
3753
3c3a
3726
4a46
4c50
4a46
8491
887c
4e60
6a6c
8387
6c6a
8a7b
8c60
5874
6c98
827e
6f7b
6878
9fa4
7688
90b8
a8bb
bcca
d4de
ecd4
e2bc
aba5
8286
6272
807f
6c74
6b60
707a
7e8e
9898
a1ac
a294
9e93
8094
9070
7484
769b
92a2
9c85
6848
4948
5966
6f64
5a5e
526c
8293
a096
8f7a
8296
b2ca
caca
c4c8
c2ce
c8c6
deec
dacf
b694
a494
a8a0
a396
989c
9298
9086
948a
7b76
6064
4e30
3b4d
5c59
8662
7c92
8e90
787d
8a76
6e68
7a7e
866f
6856
423e
384e
5266
5b6e
6568
7274
987a
8c86
706e
6076
767c
6a6b
6e68
827e
7886
908c
8483
a28e
8a8e
7682
8376
775a
6c71
7872
5c5c
6470
5468
6274
627d
8a92
a084
9282
847f
7585
827a
7a86
5d4d
3d4c
5e62
808f
838e
849a
8c6a
9084
8f7c
585d
6e50
565e
5a74
7856
627e
7878
748e
9494
8f6c
5e6e
6248
684c
413e
384f
6a90
8a84
706b
595b
6c62
8484
7e64
4858
6688
828a
918a
89a2
9eb2
b8ba
c8a8
a0b8
bebe
9ea8
8ea0
8c8d
8a94
b28e
a89a
8682
6682
a094
9692
8492
6f78
8c8c
8c88
8263
7668
5a5c
615c
5666
7695
8888
6a68
5c6a
8274
6662
5c66
6e3a
2a78
717c
904e
6694
5a4a
b492
96b6
9a94
7e74
7877
98d3
a6c2
ccbc
a9b4
b474
4682
8c88
a279
8b3c
a47e
7472
5c52
565c
2b5e
42a0
feff
da59
1c04
013e
7c9e
aec6
d280
4b38
c2ff
ffff
ffd8
9086
6488
bfc2
9225
0101
0101
0101
0101
0101
3aae
be70
0101
0101
0101
0101
afff
ff8c
4201
0d01
15ff
ffff
ff01
0101
0101
88d7
ffff
e601
0149
ffff
ff70
8ac0
ecff
facb
0901
0101
12ff
ffff
e07a
aaf2
ffff
ffff
ffff
e4d4
d2ba
9e94
8a34
0101
0101
9892
3d01
0101
0101
6e6c
1001
0101
013a
587c
cac6
8201
0101
105c
a5db
d0b4
a4ac
deff
efc2
b8d8
ffff
d06e
1601
0101
0101
0101
0668
d6ff
da8f
5a64
86d2
ffff
ffff
ffff
dee8
ffff
ffff
ffff
ffff
face
b4a6
5418
1018
3242
5361
7063
7294
a8a2
6838
3a24
3846
384a
7183
8c86
756a
6a65
564e
2a06
0101
011b
3f3c
1601
0103
1c2e
2e23
1825
2e4e
6582
a6aa
ac96
7e68
6770
687a
6a72
6a5e
5058
5672
8094
926a
3f21
234f
8eb6
aaa2
8054
3b44
6a98
bcce
d5b8
9992
a6ba
d0ee
f0e0
afae
bece
fcff
ffff
f8d3
9e8c
9ab8
cad5
cecc
ccd0
cacc
bcae
a098
8f8c
948f
9388
7453
3f3a
2536
5a70
6a4d
3e2b
282b
2c22
4f4e
402c
0112
3259
6c7a
7e7e
5b3c
3844
6a78
888b
9c9e
987b
6a5c
4246
605f
7478
6e84
8e92
9684
7076
7a71
584e
5458
717c
6e60
6a70
7a8a
8484
8492
9cad
aaa0
7b63
5a6a
8a9a
b2ae
a2b0
b894
7a88
7e8a
9288
8b84
9e9e
b4b4
b0c0
c4d8
ccc3
b4a6
9ab0
b6d7
ce96
885e
4c4e
5668
5e5b
4a36
2836
3246
5d5c
6769
5a5e
605c
666e
746a
7560
4e5e
615f
748a
706c
4e4c
4e6c
807c
7572
848a
8872
5d64
798c
98ac
949c
a0a6
b5be
9ea0
969a
a8bb
aec8
beae
afa0
8588
8a89
aaa3
a09a
8a78
877c
9ea0
a890
8c98
a4a6
aac2
96a0
929c
9699
9c89
8e70
7270
7b68
6862
4931
3032
283c
392a
382a
2e44
3946
4450
505d
586f
7676
7163
6058
686a
7c8b
8284
6e74
8272
706a
7d82
7776
8276
7284
7060
5648
4253
6676
8270
868a
a0a8
acca
aeb4
aa98
86a6
9a88
8482
6e72
6b6e
5c60
7a98
a6a1
a486
9288
8c8d
becc
dad9
d0ca
e0d3
cecc
bcbc
c4ce
c5de
cabe
b6aa
996c
6850
545a
5853
3e29
0101
0101
0101
0101
0101
0101
0101
0101
0101
0101
1c3e
345e
777e
8aa2
9e98
a0a6
7e7f
7f7f
7e8c
9c92
9e98
7982
7470
6e80
6674
7c7e
7e7e
7486
7e7c
7277
747c
7870
7d72
7e78
7978
7272
7c6e
6970
5354
625e
7278
687e
7674
7372
747b
7e8a
8a85
6a76
6a76
6e6e
707c
747c
887c
8b82
7c8a
8780
887e
8988
8688
8482
8282
847e
8a82
6c83
7c82
8484
8082
8484
888f
9698
a3aa
949e
9b86
8282
727a
7976
6e7a
6a60
5a62
5a60
5e67
6e80
887c
807e
767c
6e62
595e
5662
605c
4f5a
5658
5662
6a76
7676
7484
787b
6f74
6065
585a
524e
4e46
5d58
5a6c
6a64
706a
767a
8b82
9892
8c8a
8a72
7c72
6a68
7a78
837c
7a73
6a68
6864
5e62
6a60
6a71
767e
828a
908a
8984
8080
7a74
7070
7468
6a6e
6b78
7a7c
848f
a0a2
a8a8
b8b0
b8a8
9c92
9178
7c62
5e48
4f34
4434
3a38
545d
6c7a
828c
8c98
9aa8
9ca9
9aa2
807c
7a74
7074
7078
6c6a
6676
636c
7980
858c
807e
8086
949c
aab0
b8c5
cac4
b8a9
a48c
8876
786e
6f74
7c88
94a0
a69e
8a78
5338
251c
1811
1312
1c16
292e
405c
86a0
ccdd
eef8
f2d8
bc8e
704e
3219
182d
5aaa
fcff
ffff
c41e
0101
0101
0130
0101
0101
0101
74ff
ffff
ffff
ffff
ffff
b634
0101
0101
0101
49a5
a6a2
ffff
ffff
ffff
8201
0101
01c6
a501
0152
0101
01a0
ffac
ffff
ffff
ffff
f0ff
9d01
0101
0101
01ff
ffc4
567a
2e01
8eff
ffff
ffff
ff01
0101
0101
4801
0101
3101
0101
c330
10d6
cad2
ffff
ffff
ffff
0101
0101
0101
13da
a438
a8ff
ffff
ffff
de72
b49a
2a38
8b96
eaff
ffff
d08c
0101
0101
0101
0101
96ed
2601
6ee0
caff
ffff
ffff
ffff
ffff
0101
0101
0101
56ff
f6da
f8c0
4882
afd6
ffa8
dcff
7959
884e
3010
0101
2628
8c42
0e3a
0101
0101
01c8
ffff
ffff
ffff
010f
9001
8bff
0101
0101
0101
1eff
fffc
ffff
e6ff
ff96
3ef8
1701
0c88
b844
a6ff
7401
0122
4a32
caff
ff85
686e
280c
7afc
ffff
fffe
aae0
e846
2674
0101
0101
0122
3f01
6592
94ba
daff
ffbc
ffff
72aa
6c4f
d4ff
5648
a056
1b71
8d6e
6f50
0534
6a1e
9eff
eaf8
ffa0
6e3e
010c
b250
5061
3a4a
0101
585a
015e
fff4
fcff
ffe6
ae12
0314
0174
ffff
ffff
ffca
9052
1816
2e08
0119
569b
6062
6d4e
6254
3051
93b2
a2be
ca90
6b54
4c66
4654
908a
5a88
b084
7684
8679
767f
869e
a4b6
d8a8
aecc
746e
c2ae
6282
a988
835e
6498
9a9c
9c7a
543a
506a
7174
a2ff
ffe5
e6c8
9288
481b
0e06
0c48
6b88
ccc2
8252
0501
0101
386b
90ca
ffff
e8d1
cdae
96a0
8c58
3c38
3835
3234
3946
486c
9ecc
ffff
eeea
ffff
a674
909e
8868
3d1c
1005
0122
4e46
4267
5c3e
5884
8ea0
acb4
bc86
6678
7866
7470
5952
524a
567a
b8ca
9880
9996
766f
aadc
f8ff
f8d6
ccb2
9264
301e
1601
0101
194e
6e68
657a
9480
5c4c
6aa4
a4a4
a0a4
c6ca
b6c6
c6b3
948f
7660
685c
5564
6c7e
8e72
688e
c6de
e9d8
d0c2
a892
9594
9088
6a5e
746a
3a25
4567
665e
462a
4f6e
8a9c
a2aa
bac2
ab9b
a4a0
7952
3c4a
4e40
4e66
8098
a492
7260
5652
5861
6484
9daa
afb6
c2a4
8288
7e7c
8a72
6268
837c
786e
5e59
5562
7c78
6a6a
6e74
767f
8c95
b0d6
ded2
c086
6c54
2a1c
0101
1c42
5c68
7d88
8e9a
8e84
9ab8
c4ca
c8ca
cece
ae8f
7c7b
6550
3a34
2c32
323c
506e
7ea0
bad2
e2e8
d5ab
8f80
7154
3f48
7494
a49a
7a74
866a
4233
484a
4c5e
7a86
9a9c
9aa6
aea2
8478
8288
7562
503e
4e6b
7879
94a5
a088
6e4f
4f5c
5647
567e
9280
7175
8898
7e6a
7ca2
c6ee
ffff
ffff
f2ee
dab8
5e01
0101
0101
0101
0101
4497
dcff
ffff
ffff
ffff
ffff
8958
1801
0101
0101
0101
0101
baff
ffff
ffff
ffff
6b01
0101
0101
0101
0142
93f0
ffff
ffff
ffff
ffff
ffff
ffff
7a01
0101
0101
0101
0140
7a9e
c8f1
ffff
ffd6
a876
4834
3c4e
543a
1601
0101
0130
72b4
daf2
ffff
ffff
ffff
fee6
c896
6245
2e23
140e
0801
0414
325f
8a9a
8a76
685d
4930
2822
1e1a
1203
0101
0106
1820
2230
547f
a6d8
ffff
ffff
ffee
c2a4
8f86
847e
7e8b
8f86
8882
8894
9cac
c4d4
e2e2
dad1
be9a
8273
6362
5446
3d3a
403c
3e42
4a4e
4e52
4c46
4f5e
7278
8098
a8b0
c6ce
c6c2
b8b2
9e8c
7459
3d3c
2a0b
0201
0414
2848
606c
726e
6456
412e
3444
5662
7286
949c
a4a8
a2a0
9681
7479
7894
aec0
d8f0
ffff
ffff
fff8
e0ce
c6c2
c0ac
9a9e
967a
5c4a
4662
7a8f
acd8
ffff
ffff
ffff
eed2
bca6
9c9c
9484
8286
7c5e
3c28
2518
120e
1a2a
3b38
364a
625e
544c
4e58
5e6b
7684
968c
714e
3014
0101
0101
0101
1120
3d59
5e4c
3a40
4e54
545d
80aa
c4cf
dede
dacd
a27c
6860
4e3c
3c44
4e58
646c
85a2
aca8
afb4
c8d4
cab8
b4a4
8e6c
483f
4a4a
4a56
748f
a0b4
c8da
f2fc
e4d4
cac0
b4a6
a0aa
aea0
8f82
7684
827c
7888
9498
8e8a
8288
7a6a
5c5b
5a60
5856
5c62
4a3c
2c2b
2e2c
2632
4262
7472
7072
7872
645c
5458
5a5a
5858
6666
6461
5c58
4934
2f2e
3236
3c4a
627a
8a8e
929e
a396
8e89
848e
9496
9498
98a3
928e
867f
7a7b
7474
706c
6e66
6c7c
7e7c
8f9a
a3b2
b0ac
b3b6
bcb8
aeb0
aeb0
b49e
9280
7264
5a48
464f
4f58
6060
7074
808c
8c8a
847a
6b6e
5d4a
3b22
221e
2c42
525d
7480
8078
7476
827a
7277
7272
6454
443c
3834
3244
5c66
7482
90a0
adb6
c0d0
e0ee
f0e6
e8e4
d8c0
a48c
7671
5a4b
4855
6468
6c6e
8090
9caa
afbc
c4b6
b2aa
ada4
a29a
9698
8f84
7c7a
8696
9a9b
a6ac
aca5
8c84
7e6c
5e4c
4850
5450
5661
6c6e
5e54
5759
544e
3838
3f3d
3024
1e27
2e28
3240
4c69
6e70
7580
8274
6b64
6658
4a3d
3432
3632
2f30
485a
5e68
8098
a0a4
a0a0
aeb8
bab8
b8bf
baaa
9a98
9a9e
9e9c
a0ae
aea6
a4b2
b8b0
9f96
948a
8a7c
6e6a
6658
5046
4558
6772
8491
9ca2
a4a0
a8ae
aea6
988f
826c
584e
4f4a
5150
5860
727c
7670
7c84
7872
6e6d
665c
5045
3a34
362c
2c36
464c
5462
7076
7a7a
7a7e
8784
7a76
7874
7174
747c
7c8c
8c8a
969e
a4af
a8a8
a6a4
a298
9a94
9282
807a
7a72
7470
7f81
888c
8c8c
9094
9494
9a9a
a2a0
9a95
8884
7870
6558
5c64
6a74
7c82
8282
8486
8489
7d74
6c62
493c
2c22
1c18
1a22
2438
424e
505d
606e
7480
7c7a
7a7c
6c6c
6a65
645e
6468
696c
8088
9ca0
9b9a
9e9e
a2a2
9a9c
a298
9994
8c98
9e9e
9ca4
a2a4
9c96
9694
8e86
7e7e
8180
7d7a
787e
8272
7274
746c
6c60
5a4c
4c48
3236
3a44
3e4a
5664
6062
5658
565e
524a
5966
635c
5452
524e
544c
5662
7271
6a78
7a79
7a73
7078
7876
8084
8f98
8e7c
827a
7170
656c
7a78
6c6c
707e
9092
9a9e
b0b8
bab0
b8ad
aca2
9684
8072
6655
464e
4640
4446
525a
5b48
6066
6e68
6a78
8c8e
8c92
8e94
9e98
828f
8a8e
929a
9ea0
908c
907f
8286
735e
5e52
4531
2c26
2e34
3c44
4664
7380
829a
9ea2
a29f
9e98
8a80
6e70
7e7f
7f7f
6868
6869
6a6a
6c6c
7076
7a7c
7d7a
7e82
898e
96a0
b4d0
e6f0
e6ce
b6a6
a6b6
c4d4
e0ea
f0f2
ebdc
c6b8
b8c0
c6ce
d2d2
cfc8
c0b6
a898
8266
3d14
0101
285c
7275
5817
0101
0101
011a
4454
4e42
290c
0101
0101
0116
4a78
98b0
baac
947e
7674
7a96
c2f6
ffff
ffff
ffff
f0ba
8a84
96ae
cee3
eada
ae6a
2501
0101
2232
1e15
1e46
7e9c
a096
7b5e
5054
6272
889c
9a82
3b01
0101
0101
0101
015c
7b78
6c62
5e61
522c
0401
0125
4c68
7a6e
6868
4f3a
2214
102e
66bd
ffff
ffff
ffde
bcb0
b5c8
faff
ffff
ffff
ffd8
ba78
2201
0101
0101
0156
80ac
b8b8
d8fc
ffff
ffff
fffe
ae4c
0d01
0101
0101
0116
0f12
0101
0220
3664
8293
9a86
8a80
7172
aae0
ffff
fffc
da8e
5510
012e
726c
5878
a2cc
c6e0
f6ee
9664
2208
2868
5628
0a12
0e10
3255
5a38
2822
2446
a8be
cbe0
ffff
fff4
f2c8
9542
2a6c
a2a8
afb4
a6a9
8262
3e20
0101
0101
0101
011c
a6ea
ffff
ffff
ffff
ffff
ffc4
7d4a
1e0a
0a01
0101
011d
2630
4a7c
aaae
b8bc
ac82
6d5a
5c8a
c6f0
ffff
f4fa
fae8
ce94
848e
8282
7a72
6e59
585b
88a0
b6c4
c2b2
8a2c
0101
0101
708a
563e
4d0e
0101
0101
0101
05a0
bee8
dad2
d2f5
eee9
ffff
ffff
ac7e
5e26
0101
0101
0101
1644
8bac
cacc
e2ff
ffff
ffff
ecbc
6a3f
2201
0101
0108
4e71
8892
c8c4
8646
2301
0101
0101
014c
84de
ffff
ffff
ffff
dc7c
2c01
0101
0101
0150
caff
ffff
ffff
e0d8
c2fc
fffa
f688
2901
0101
0101
0101
0101
0129
78c2
e2ec
e4ff
ffff
ffff
ffff
ffff
ffda
b6cc
eaea
eff4
c798
7676
5940
325a
7c8e
a2a6
9886
93ac
9097
92a4
9e80
6872
2e01
0101
0101
0101
0101
0534
366e
a4fe
ffff
ffb8
d2ec
feff
f2b4
8687
a6ce
e0ff
ffff
ffff
ffb6
4a01
012e
a1e6
ffff
ffff
fff2
e0c0
8d46
0101
0101
0101
0101
0101
010d
1201
0101
0101
0102
383e
4460
3f30
4f86
b8d0
ffff
ffc6
9a98
5832
0601
0101
0101
82e0
ffff
ffff
ffff
ffff
ffff
ffff
c156
341a
2a40
46a8
e0ff
ffe0
ac7a
4b48
3e5b
6872
9698
bca0
725e
3f4e
2d04
0101
0101
0101
0101
1ab8
feff
ffff
ffff
ff8c
4a01
0101
0134
8ab8
dad6
ffff
ffff
ffff
ffff
ffff
fdd8
b0b8
af78
4818
0101
0101
0101
0101
011b
4c60
3c08
010c
366c
788a
8e88
8696
8ea2
b3b8
c0ca
9860
4638
0c01
0101
0101
3a68
7c8f
baff
ffff
ffff
ffff
ffff
fff2
a26e
2c0a
1b19
2001
0101
0101
0401
3850
4a46
3e18
101d
1210
0101
1801
0a01
0101
0101
0101
4ea4
cbef
ffff
ffff
ffff
ffff
ffff
ffff
ffe0
8875
95cf
eeff
ffff
ffff
f6be
6c12
0101
0101
0101
0101
2b3a
6ea0
dcf0
eed1
924e
0101
0101
0112
4268
788a
9264
3a1f
182c
326e
aed8
f8ff
ffda
c0e8
ffff
ffff
ffff
ffff
ffef
b083
5028
1404
0101
0101
0101
0101
013f
94ca
d3a9
a486
808c
b2e8
fdff
ffff
ffa0
5224
5271
84a2
b6c4
b8a2
9e8c
5422
0108
0101
0101
0101
0101
125a
4e46
5a72
9ebd
eeff
ffff
ffff
fae6
dadc
c89a
5c24
0101
0101
0101
0101
0101
70a0
d8ff
ffff
ffff
ffff
ffd2
835b
4c3b
2808
0422
2c14
0101
0106
2c5a
6a76
9b94
adb8
bcda
eece
e0dc
c0aa
a28a
7472
6236
1821
3444
6293
caff
ffff
e8be
acb2
d8f3
ffff
ffff
ffe8
cf98
8898
a4a6
8e70
463a
4256
7085
8498
a282
5c3e
2a14
0116
5472
96a6
865a
0f01
0101
0101
0101
0101
0110
60aa
d6f6
ffff
ffff
ffff
ffff
ffff
e0b4
9a8e
724e
3c14
0101
0101
0e4e
5252
687c
6e6c
7a86
9ea6
baba
a2a2
9ea8
a092
6e48
282b
1a01
0101
0120
3964
8496
98b8
b6a8
966e
4a0b
0101
0101
1851
90a4
aeaa
9492
9094
8882
8c8a
867e
727e
8370
7478
9ab2
d6ff
ffff
ffff
ffff
ffda
cac8
b2a0
8068
787e
8888
746a
4f3c
4656
6e70
5b3e
2c08
0101
012c
4c6e
8684
96a6
b8c6
a8a4
a0a0
9c88
7c66
4014
0101
0108
3262
7698
b5b8
c2aa
b0b1
aaa4
8c9a
a6ac
a092
b6c6
bac9
ced4
dadd
f8fa
e8d4
b48e
6546
432e
1801
0101
0112
2808
3370
80a2
b2b8
a2a0
aba8
b2bc
b8a2
8e80
602e
0101
0101
1c40
606a
6a58
4d58
4e4a
583e
1b01
0101
1a38
3a1e
1a26
3c65
82b2
eeff
ffff
f4cd
b8be
c8c4
b6c2
c2c2
afa6
c2ca
ba8f
7a8a
766e
7874
6e74
7682
828b
816a
685d
4c52
5c4e
361a
0401
0101
1a40
6754
503e
4a6f
8ac4
ffff
ffff
ffff
eab8
b6bb
b2a4
938a
817e
7a81
8266
627c
9eae
c0d4
dbd8
d2c6
b8b4
9878
4830
3844
3a26
2e3f
4461
6c80
8e8e
8896
9c88
9296
a196
92aa
a882
4d1a
0101
0443
82ac
c1c4
c299
5a36
1e1c
202f
527a
9288
7e7e
7174
7e94
a0a6
aa9e
8d70
5f56
6066
8092
a6c0
c8ba
9a93
887a
6e70
5641
1d01
0101
1324
4048
4a3e
312e
2613
0101
0101
0101
0101
0138
7ece
ffff
ffff
ffff
fff5
d1ba
aea2
aeca
e3fc
ffff
ffff
ffff
eabe
8d62
4a26
0801
0101
0101
0101
0101
0101
0101
0101
1a38
5452
5a7f
aeca
b5bc
ced6
e4f0
f5f2
e2be
acc2
ceda
e4f0
eec8
aa8e
7268
90c9
eeff
ffff
f8ca
9878
583f
393a
4252
7476
5d55
5e62
5248
4e4a
4436
5272
88a2
cade
f0f7
eedc
ceac
adb4
9874
627e
99ba
ced6
c898
5928
1016
3a68
7a84
8c84
7a74
6e6a
6266
728b
aacc
f2ff
ffee
dac8
b8b2
a08e
724f
3402
0101
011a
303c
4c5a
6062
5a54
5c5a
5646
3219
0101
0101
0418
3258
78a2
c2c8
cfcf
c9c6
c9bc
bcc2
c2c4
e2fe
f4d8
c6b2
b8be
bec6
d6d8
dae4
d2b2
8c80
7e6c
6e7a
8c94
a09e
9e80
655c
423e
381e
0101
0101
0101
0120
4264
7880
7f82
96aa
bcd2
e2f4
ffff
ffff
ffff
ffff
fffa
fef2
e8e0
dac2
ae98
8a86
7468
564f
361f
0101
0101
0101
011c
1a46
7488
8e88
8982
7b6c
6452
4c58
5a52
4c5a
6a71
7f7e
7668
3403
0101
0101
0106
184f
768a
897e
7a82
726c
7368
707e
8284
7a68
645a
5058
6a6a
5a56
5c5d
5248
422e
384a
4e5c
707e
8080
827e
715a
3925
2008
0101
041e
3642
463a
3e46
5a71
868f
919e
a0a8
aaaa
b0b6
b4aa
9274
563a
2b2a
3336
526e
7c88
a2c0
e4fa
ffff
ffff
ffff
ffff
fcec
e6d2
b892
764c
1802
0101
0101
0102
153e
606e
7478
605d
6c8a
b6de
f8ff
ffff
ffed
d0be
b6ac
9892
8f7c
6c56
3832
2e2a
3852
6f88
a4b8
bec0
b6b2
b4a8
a6a0
9482
7e72
6243
2a16
0101
0101
0104
1a3c
6884
a0ba
c4ca
c1ac
9476
6252
5266
8cb8
e6ff
feee
c8a8
8e7d
7c98
bed4
e0d8
caac
887b
848a
9c9f
8e84
756c
7468
5442
3632
383a
403c
4262
83b4
d2f5
ffff
ffff
f8da
bba2
826e
6150
3c2a
221e
1f1b
3452
80a2
c2e0
f0ee
dcca
c4bf
b8a1
7e61
432a
1e18
1828
464e
4c4e
545c
7296
a4a8
a5a2
bac6
ccbc
aea0
8f92
8472
726e
7286
888b
8c7c
7672
7892
a0ae
c2c6
cdda
e2e8
e0d0
b588
642a
0101
0101
0101
0101
0120
4e7c
96ad
c0da
e0da
c8c2
b094
6e46
250e
0101
010a
2b4a
729a
b8d0
dade
ecfc
fffe
d4a6
8254
2201
0101
0101
0101
012e
608a
aac8
d6e6
f4f0
efe4
c7ae
9078
6a6c
6f6e
6660
6260
5654
6873
787e
8482
7f8a
8a94
a2ba
c8d4
e2ea
eae0
ddd8
e4ec
eee4
ded6
d4d2
ccbe
b0a2
9688
8274
5c5a
5a54
381a
0101
0101
0101
0101
0101
0120
4c6a
8090
8e7c
787c
8a98
9292
826e
624b
3a30
1e11
090a
1630
4856
687c
8eae
c2d2
d9da
d8c6
aea0
9a98
a0a2
a29d
aeae
bbca
ccdd
dee0
d8c8
ac8f
7864
5244
3022
202a
201e
230d
0101
0101
0101
0118
4660
7488
929a
988d
857c
746d
6f76
7c81
8480
8096
b2cb
e0e8
ebe2
c292
6e58
4648
444a
5c6c
8296
aebb
c4cf
dcf2
f4e8
dac8
b4a8
9c96
9e9b
8e8b
8174
5f4e
4c4a
5048
3f4a
5460
6868
7c8a
7f7e
826f
5c5c
5248
4d56
4e54
6472
85a2
a2aa
aeb0
ad9e
9a9c
9a98
969a
a4a2
b2c3
d0ca
baac
9a7f
6e60
5652
4346
6074
7a80
8f96
8f8a
8890
a1a0
a6b4
a89c
9694
8e84
826e
5852
525e
747b
7878
767a
7266
534c
3e2b
282a
2632
5072
898a
8e9e
9e98
a0a8
b8ba
bcc0
bcb6
aa91
8065
4432
1804
0101
0101
0826
396e
8ea2
aca8
9f89
7c66
4f48
424b
5c68
7688
96aa
b2b4
aca9
b0b8
bec0
beb2
afac
b2b6
b2ac
a8a6
9c90
7358
422a
2422
2a40
6484
9caa
b4ae
9e8a
8280
7e92
a6a4
a09a
927e
6e5a
4432
200e
0401
0101
010e
2038
4e7b
b4e0
f8ff
ffff
fffa
f0ef
e8e2
e0d8
caba
a68e
6c58
4c4c
4e4a
4d58
6d6c
6e7c
827e
7a76
747e
808c
9a9a
9b9a
9091
8c82
725a
3c1e
0201
0101
0108
2a42
6080
939a
a4ae
b8b8
bec3
bcaa
9a88
7a76
7274
7a7f
7a7e
7c80
7e8a
9296
a0a2
a4a6
aaae
b4bc
c1bc
bcb8
aea8
a096
8684
8278
787a
7a6e
6867
6264
5e52
483a
2b28
2822
2832
3e46
4a52
5968
7a86
909c
aeba
c4c8
cac2
baaa
9680
706d
6a6c
6c74
7a7e
8086
909a
a6b0
b2af
aea4
a192
8882
7a72
6e6c
6054
4a3e
312b
2a32
3c49
5972
889e
aeb6
bccc
d6e0
e4e4
e0cf
c0b0
aba0
9890
8072
5e48
301a
0701
0102
0a12
1c2b
2e3e
5668
707a
7d7e
7a78
766c
604e
3c30
3534
4256
6c84
9aaa
bece
dad8
d6d2
cac4
bebf
b8a8
9a90
8274
6054
4034
2a20
1b22
2830
333e
5266
8098
a6b0
b4b8
b8b0
a89a
8a74
6a69
6870
7270
7276
7876
7e7a
7872
6e6e
6656
493a
3a42
4e52
646e
7d8e
a2ae
bbbe
c2c6
c6bf
a8a0
9a93
a0a2
9a8e
8282
7470
665e
5c54
5758
5863
6858
524e
5456
626c
747e
8a94
989d
948c
867a
6e68
6a6d
6c6b
6a66
605e
666c
737a
7e88
8c88
8284
9492
9090
8a86
867d
7e81
7a76
7878
6f6e
6f70
7476
7d88
8c8e
8a88
8072
6e68
6460
5e5a
645e
4e3c
2e22
1e20
2439
516e
92b5
cede
ecf8
fefe
efe0
caba
a892
8570
6256
4832
2218
100c
1820
2a36
424d
5a73
8ca6
bad0
e0e6
e5e0
d0c0
b5aa
9c92
8d90
9996
989e
a5ae
b3b4
b8b4
baba
bab6
b6aa
a095
867a
665a
4a3e
3a34
2e32
3844
5a76
8898
abb1
b2ae
b2b4
aea8
a8a4
9a88
7260
4634
2823
2022
242e
3c52
6676
869a
acba
c4ca
ccc6
bfb0
a8a2
a2a2
a2a3
a4a2
9882
6e5a
3b25
1819
1c28
4058
6876
7f84
888e
98a2
aab2
b2b0
ab9e
9786
786c
6056
5450
4f4f
545b
626a
747d
8996
9ea2
9a92
8476
6a5e
504a
463e
3a38
3f48
607a
8ea8
b6c0
c2c0
c0be
bebe
bab5
aca5
9a94
8678
685e
564c
4036
2e34
424a
5052
595d
666e
6e6e
6e6c
7076
7e84
868a
8e92
9697
9698
9898
999a
9494
98a2
aaae
aeae
aca4
a19a
9896
9088
7c6e
6054
4438
2c22
1a15
161f
2a40
566a
7c8e
9595
9696
9894
8e82
766c
6b6c
7478
7878
726e
665a
4b40
3e3e
3a36
3846
566c
8093
a8b2
bbbe
bab2
abaa
b2b6
b8ba
bfbe
beb6
aa9c
8e82
7c70
665c
544a
3622
140d
0a14
222c
3946
4c51
5a66
6c70
6e66
5e58
5958
5852
5258
585c
646e
7c85
8c92
9a9b
9a9d
9998
908a
8882
7b78
7472
706e
6e6f
7274
7d83
94a4
b4c8
cac8
c8c8
c6c0
b8ae
a294
8478
6860
5c5a
606a
747c
848a
8d8e
8a82
7974
716c
6c6c
6860
5a54
5454
5e68
7684
929e
aab9
c2d2
e2ee
f8fe
fffe
f8ef
e4d8
caba
ac9e
8d7a
6e5c
4e48
3e38
3c44
525e
6c72
6e6a
645b
4f4c
4c4e
545a
606c
747e
848c
8f92
908a
857e
8080
796e
665e
5c56
4e46
403e
3a38
383d
4454
6678
8ea0
adb8
c0c0
b8aa
a292
8c86
807a
808a
929c
a09e
9688
745c
4436
2a1c
110d
0910
1c2e
445a
6c78
7e82
8280
7a72
665c
5954
5c66
6e78
7e86
8c92
9699
9ca2
aeb6
bcc3
c3c8
c6be
b8ae
a49d
9896
908c
8e8a
817a
756e
6a64
5e58
4f4a
4c4c
5053
5452
5250
4c4b
4a4e
4e52
5860
6876
8292
a4af
b6ba
c2c2
c1c1
c0be
baba
bab6
aea2
9890
8988
8a84
8689
7e7e
8288
94a2
acb4
b0ae
a498
8a7e
7670
6154
4a40
3930
2a28
2c2f
3439
4048
4e57
5c5d
5852
4e4a
484a
4b50
565e
646e
7a86
96aa
b9c8
d8e2
e8e8
e2de
dcd6
cec8
beb6
aa99
9085
7a74
6a5e
5042
3226
1e1b
1c20
262e
3b4c
5b64
6c74
8088
8e94
9894
928b
847e
7370
7479
7e86
8c92
9a9e
a0a0
aeba
bcb8
b2aa
a594
887c
7a76
6e68
625b
5c5a
626c
747e
8692
9697
989e
9a98
9aa0
a0a1
a09a
9282
7268
564a
4340
4650
5a5c
6464
6462
6060
5c5e
5a5a
5e63
686e
767a
888e
9cac
aeb6
bebe
bbb6
b0a6
a19a
9e9a
938c
8686
888a
8e92
969a
9a9e
a0a1
9892
8a79
6856
4a48
4a4f
5858
5a56
5050
4b41
3c40
4040
3e40
4c54
5e62
6a76
7e88
929b
9aa0
a6a8
aaaa
a69d
9690
8a84
807a
726c
6964
676a
727a
8084
8486
8684
7d7a
766c
6259
483a
2c28
2822
242d
3c48
5860
6a6e
6e68
6f6d
7072
7278
7a7e
7e7e
807e
7c7c
7e7c
7c80
7f86
888e
9296
9ea4
a2a2
a4a8
a8aa
a8a6
a39a
9082
7a6e
6664
6262
5e58
524e
4240
424d
505a
6268
727a
7e86
8686
8882
827e
7c7a
7572
7276
8088
929a
9ca0
a6a8
a8a6
a2a0
9e9f
9c9c
968e
8a82
7c76
706a
6462
605e
6062
6562
6466
6564
625e
5e60
6268
6a6e
6e76
7e89
8c96
9a9e
a0a2
a09e
9892
8982
7e7a
7870
6f6a
6a6a
686a
6b6c
6f72
7478
7a82
8a92
9cab
b8c2
cace
d4d2
cfc8
c6c2
bab6
b4ae
a498
8f88
8a88
8888
827b
787a
8080
8082
8288
8487
8280
7a78
726c
6664
6666
6466
6666
6464
6765
6a6e
727a
868e
96a0
a3a4
a2a0
9e9a
9895
8c84
7e70
645c
5454
5052
585e
666f
7a84
8b8e
9494
908e
8a84
7d76
6e68
6460
5854
5655
5052
524a
423b
3634
3433
383c
4042
444a
4f50
5a62
686c
7274
767a
7b7c
7e80
8288
9093
989c
9e9e
9c98
928f
8882
7c78
7672
6e6a
675d
5852
4d4d
5058
6472
8490
9ca6
aaae
b0b3
b0b2
aea8
a29e
9a98
9a9a
9da2
aaae
b6b6
b9b8
bab6
b4b4
aeac
a9a2
9e98
928b
837e
746f
6a6a
6660
5c5a
5858
5a5c
6064
6666
6662
5f5a
5a54
524f
4e50
545a
6064
686a
6a70
7679
7b84
888a
8d92
9496
9896
9592
8b8a
8888
8988
8e92
9498
9692
8e86
827a
7872
7270
7076
7880
868a
8c8c
8884
7c76
706e
6c6e
6864
635c
5650
4c4a
4848
4c52
585b
5e60
6264
666a
686c
6e6a
6866
605d
5a58
5554
565a
5e62
6362
676a
7074
7a85
8f98
9ea3
a8af
b8bd
c0c5
c8cc
ccc8
c4be
b8b0
a89f
9386
7a6e
6252
4334
2e26
2428
2c32
3840
484f
5a64
6e74
7a81
828a
9292
908e
8e8c
8a8a
8888
8a8a
8886
8b8e
97a0
a8ac
b2b2
b4b2
b2b1
afae
aaaa
a6a5
a0a0
9e9a
988e
8880
7c76
7270
6e6a
6a6a
6b68
6662
5e5a
564e
4844
4242
464c
5256
5c61
656f
767c
8186
8a8c
8e8e
8c8c
8a8a
8682
7b72
6c66
6260
5e5c
6064
6a72
7882
8a93
9ca5
a8aa
aaa8
9e96
8c84
7c72
6a68
666a
696c
716f
767a
7c7e
8080
8080
807e
7c7a
736e
6663
5c5c
5b5c
5c5e
6064
6a76
828e
a0aa
b6be
c5c8
ccce
cac8
c6c0
bcb2
aaa0
9286
7662
503f
2c24
1e18
181c
222c
323e
4850
5a62
686c
6f6f
767a
8088
8a8a
8986
8480
7c78
7271
6c6b
686a
6c6e
7072
767c
8288
8e94
9ca2
a09c
9991
9090
8e8f
9298
9ca0
a2a1
a09a
968e
8a87
8082
8080
7e82
8486
8686
8281
807e
807e
817c
7e80
8288
8e90
9496
9693
928e
8a81
7a6f
625c
5650
4a4a
484c
4e53
5961
6a6f
787c
8184
8a92
9898
9a9c
9ca0
a2a1
a0a0
9e98
9491
8c8c
8c8c
8c8c
8c8e
9296
9894
928e
8a86
8178
7672
6e6e
6e6e
6c68
6660
5a56
5250
4c4b
494e
5458
6066
6c74
747c
8080
8282
8080
8073
7472
6c68
6262
6668
6c74
7e8a
8b8f
9293
9396
9698
9a9e
9a98
9896
9190
8e88
8586
8582
8482
807e
7e7a
7672
7274
7476
7a7c
7e81
7f86
8688
8882
7c75
6e64
5a4e
423a
3432
3330
363a
4550
5a6a
7880
868b
8e92
8e8c
8a8b
8888
8a88
8a8e
8c8e
9294
9492
9292
8f8c
918c
8c90
928f
8e8a
8684
7e70
6862
564e
443f
383a
3b41
4856
5864
6c72
7576
7a82
807a
7b74
777a
7a7e
7e7c
7e82
8a8d
8c8e
9292
9499
9896
969a
9896
948e
8883
7e76
746e
6e6a
6968
6a6a
6a68
6664
615c
5858
524e
4e4a
4849
4446
4a4e
5860
686d
727a
8086
8c92
969a
a1a4
aaac
aeac
aeae
aeac
aeac
a8a6
a29a
928f
8684
8284
8884
8484
8a8e
9096
9696
9490
8d84
7e78
716a
625c
5654
5454
585a
6268
7077
7c87
8e90
9496
9896
9696
8f8a
8682
7e7a
7974
7676
787a
7e7e
8488
8e94
9ca2
aaae
b0b3
aeb2
b2b0
afaa
a49e
928a
7e72
6a62
5850
4b46
4648
484d
565a
6064
6a6e
706e
767a
7c83
848c
9092
908f
9294
8e8e
8886
827f
7f7c
7b78
7878
7474
7674
7474
7678
7a80
8286
8889
888c
8e8e
8e8a
8884
7e7e
7b7c
7e7e
7c7c
7b78
7876
746f
6a64
5e5a
5654
5658
5e62
6469
6668
6a6a
6c6e
6e70
6e6e
6f6e
6a6a
6968
6b6d
7476
7c82
8a8e
9298
9e9d
9e9a
9890
8a87
7d7a
746e
6866
6564
625f
6060
6366
686a
6b6a
6e6e
6c6c
6c6a
6664
6260
6062
6666
6869
6a6e
7278
7e84
888c
9094
989c
a2aa
afb2
b5b3
b4b2
aca8
a29c
9892
8e8a
8482
7e78
7677
7477
7a7a
7c80
807e
7c7a
7572
726e
6f70
7374
7a80
8488
8a8e
8f90
928f
8c86
827e
7a79
757a
7e80
888e
9296
989c
9ea2
a3a6
a4a2
a19a
9a98
948f
8a88
827a
7268
6058
4f48
3e39
3434
3634
3838
3b40
464c
5258
5c62
666a
6d6c
7072
6f6d
6a69
6c6c
6e71
767a
7e82
868b
8c92
969a
9a9a
9a9c
9a98
9892
928e
8a88
857c
7a72
6c68
6058
544e
4e4f
5052
5658
5c63
666c
7074
7a7e
8285
888a
8886
8682
7e7a
776f
6e6e
6c6c
6e6c
6e72
7478
787a
7e80
8284
848a
8e8e
9296
9a9e
a2a6
aaac
aeae
aca8
a59c
9894
908e
8c88
8786
8684
8483
8383
8281
7c7e
7e80
7e7e
7c7a
7876
7876
7676
7472
736f
7272
7272
7271
7070
7274
787b
7e80
8081
7e80
807c
7876
6f6c
6864
5e5c
5a5a
5858
5958
5c60
646c
727a
848a
9298
9aa0
9ea0
9e9b
9896
948f
8a86
807c
7a78
7876
7676
7472
716c
6c6a
6a6b
6c6e
7074
7a7b
7e82
8282
8283
8083
8383
8484
8486
8688
8888
888a
8684
837e
8080
807c
7a79
7878
7676
7472
7272
7071
6e72
7274
7878
7a7c
7e80
8184
888b
8e90
938f
9292
918e
8c88
847e
7b78
726e
6b68
6463
5e60
6264
686c
7074
787e
7e82
8686
8484
8582
8482
807c
7a76
746e
6c68
6666
6664
6465
6366
6a6d
7276
7b82
8890
989c
a2a3
a3a2
a198
9690
8982
7e79
7672
7271
7478
7a7e
8287
858a
8a8a
8888
8584
807b
7872
726f
6f70
6f6c
6e6e
7070
7270
7476
7a7e
848a
8f94
989d
9ca0
a2a0
a0a0
9c98
9692
8f8c
8a88
8380
817a
7c7e
8080
8282
8480
7e7a
7670
6a64
5e5b
5454
5252
5256
585c
626a
717a
828a
9296
9998
989a
9892
8f8a
8580
7c78
726e
6e6c
6a69
686a
6c6e
6d72
787d
828a
8d94
969a
9998
978f
8e8a
827c
726a
645e
5854
5452
5255
585b
5a60
6468
696e
727c
7e86
8c90
969e
a0a2
a39e
a0a2
9e9a
9a98
948e
8e85
8280
7e78
7471
6866
6663
625e
5c5c
5c5c
5c5c
5a5a
5854
534c
4c4a
4a48
4848
4c4c
5054
5a60
6369
6e73
747c
8084
888a
8c8e
9096
989a
a09e
a2a2
a3a0
a4a6
a8a8
a4a2
a09c
9a93
8e8a
8682
7c79
7474
726e
6c6a
6a6c
686a
6c70
767a
7e84
898a
929a
9a98
9694
948e
8a84
807a
7670
6c67
6060
5e5a
5858
5658
5a5a
595c
6063
686c
7174
7e86
8c91
969a
9ea0
a2a2
a2a2
a2a2
9c9b
9392
8f8a
8883
8284
8082
7f80
807e
7c7c
7a78
7a7a
7a78
7878
7672
7272
7272
7271
7271
6c6e
6e6e
6e72
7274
7673
7272
7476
7a7c
817d
8083
8482
8280
7e7c
7a78
7876
7674
7675
7275
7678
7878
7674
7272
7070
7272
7072
7774
7676
7474
7272
706e
6e6c
6e6f
7274
7679
787c
8081
8486
8887
888a
8886
8682
7f7c
7b74
7676
7478
7a7c
7e82
888d
929a
9ea0
a2a3
9e9e
9a98
8f8a
847f
7a76
706c
6a6a
696a
6b6a
6e70
7278
7a7b
7d7e
8080
8282
8282
8283
8082
8485
8886
8888
888a
8c8e
8f92
9090
8f8a
8c8c
8a89
8886
8686
8684
8284
8686
888b
888c
8e8e
8c8a
8684
807b
756e
6a62
605a
574f
5050
5258
5a5e
6466
6a6c
6e72
7376
7679
7576
7674
7272
6f70
7072
7172
7476
7676
7978
7a7c
807c
7c7a
7876
7471
6f6e
6e6c
6a6b
686c
6e72
7476
7b80
848a
8e94
9a9e
9c9a
9992
928e
8888
827e
7978
7678
787a
7e80
8285
8488
8a88
8886
827f
7c78
7270
6e6e
6e6e
6f6c
6e70
7274
767a
7f84
8a8f
969a
a2a6
a8ad
aaae
aeaa
a8a6
a09c
9690
8a84
7e76
6e66
6159
5856
5858
5a5c
6062
6668
6a6e
6e6e
706f
686a
6868
6462
6160
6062
6466
6a6a
6e70
7372
7878
797a
7c7e
8082
8284
8486
8382
8080
7c7e
7e80
7c7c
7c7c
7c7e
7e80
8286
888c
8f8e
9294
9898
9694
9490
8e8c
8a8a
8683
807f
7a7a
7e7f
7f7f
c215
eb4c
8c5a
b466
a362
01a4
a1e8
01ff
012f
ff01
e85a
8f04
ff01
aae0
1a0d
4cd0
9f6c
b822
01ff
017f
a77d
9301
baff
01be
01fd
10ff
6c01
ff78
01e8
564f
b208
dcbd
2026
ff01
38b4
e201
29ff
01ff
0142
ff01
edde
0101
fea8
01ff
4475
7648
98e0
7201
ff01
2254
ff14
ff01
a6f6
017b
ff01
13ff
ee01
ffbc
01ff
0401
ff01
ff1c
7fd4
7c19
92cf
5a85
dcec
05ff
0151
ee98
5313
ff01
ff02
7ad6
0162
ff9f
0151
ff2e
ff01
6e9c
3fff
9701
ffd9
0106
f1c8
0164
ff01
ff01
ff01
3c56
ff8e
01ff
61ad
d401
64a6
4a2e
ff01
f5e0
010a
ffe0
015e
bbff
0101
ffb8
01f6
bc25
abde
1a86
83d4
01df
8401
c4ea
38ff
019e
64d4
6230
ec26
f801
ffac
0148
6e84
ff40
95d0
8001
a8d2
036e
ff01
ff18
20eb
2c2c
d7e4
0aff
ca01
22ff
9001
cfb6
a001
c6ac
5c22
8eff
014a
ff01
7bff
01e7
4e98
4aba
01ff
a201
e0e1
0111
ec39
8c90
79c8
0d16
76ff
231f
ff01
ffd2
01d4
c501
21ff
566d
d801
c5aa
0154
fe50
8669
34ea
9001
fd96
01ff
2631
daba
01b0
e422
01f8
e101
61ff
8a01
47ff
2a4a
82ff
01a1
e61c
06ff
0170
8198
a87c
01e0
d401
5ef2
01ea
5912
ff01
01ff
8201
fabe
3c70
cb01
ff19
8e60
c247
ff1c
01d2
da01
cee6
01ff
01ff
29e6
01ff
018c
ff17
84ea
012e
ff4d
01ff
6a4e
3aff
1c0d
c886
595e
ff6c
0bf5
c401
04ff
0126
f8b2
9801
50d3
01c2
4aff
0ce2
ae68
01ff
015a
d8cb
2fff
0137
ff20
01ff
d401
7cff
8201
8fe0
1c62
f0cb
01f2
7f7a
01ff
2b01
d2c7
37cf
01f4
7801
cba2
21f0
12e8
c817
01ff
2a01
bee4
4f01
ff4f
a401
66ff
01f6
a3b6
6601
ff01
42ff
bc10
cb94
a301
32ff
01c6
e4b0
ae37
017a
ff01
90ff
016d
fe63
3c12
ff01
1abe
f601
ff39
d401
0fff
0152
eadc
018a
c660
576e
20ff
ab01
e161
ba6e
01ff
0612
ffcf
1ad3
ae02
0eff
01ca
47c8
d065
0ade
013b
d8c8
aa01
ff1a
5ef4
01cf
a63a
e88a
b601
9a0d
e640
da9a
56bd
c83a
0bef
6e01
82c6
da01
d85e
76ff
01c0
2018
fec1
6890
6c5b
4432
e601
fab4
8a50
9c3c
04c4
01b8
d8b0
b254
01f3
01ba
ff01
b1e0
01ff
013d
e401
e2ca
2cb9
9b64
01ff
4e01
b6f9
01d0
b34c
01ff
018c
d66e
01ee
40bc
700a
fc01
70f7
2cb4
6caa
01ff
2b40
6c65
eac4
3eff
0180
4f6e
4d6a
ff01
ff33
9601
e052
1fe4
8eb9
7c0f
8111
8cce
b04b
a3e4
0165
3eb1
a461
b468
af05
e458
01dd
605e
8db0
01ee
ac40
af0a
42f9
aa4a
98b2
70ad
5236
5e12
b2cc
ce0d
ccb0
01ae
4862
aab4
b8b6
5678
013a
ed34
86c0
bb65
9001
7232
ff01
e6b6
702b
ca50
0199
b9c4
0181
a8d5
0102
ff2a
7cc1
c301
ecb0
6c01
f805
c220
c486
d02e
fa1c
3820
8af4
6853
c4be
771e
583d
62c1
b7b6
9c64
7127
2376
ab6f
dacb
069e
9c16
3278
7af6
669c
9e58
18d3
01c2
9f14
face
0194
f001
9482
0eff
045c
ebbc
01b1
4c4a
3fff
a43c
a6e4
0e44
8e6c
34ad
ca42
dd9e
5c81
0144
78e3
9c94
9786
483e
353e
ff51
cec2
584a
8a24
13ff
0ec5
d650
6601
fe88
0196
ff01
ff2e
01ff
9001
f962
7440
70fa
6039
86ec
019a
08cc
ff01
90d4
4b74
8601
b0cc
459e
8cb4
9a01
3e9e
9668
7bd6
cc10
3ae4
2433
945a
feaa
03c6
6f34
ac01
ff98
5a94
6890
8d6c
01ca
ff2d
1acf
b642
569a
e801
1fb8
a8bb
01a0
d5c6
014a
ab84
8e6f
6a9d
c44b
296a
6f4c
9d68
e2d4
0146
dc32
06d2
cf88
5768
ac81
2528
68d6
ba95
5728
9c58
ba88
2ccd
5d60
f986
0e54
f25e
336a
8c92
b501
a2d8
3738
8c33
ee1e
f942
7ab9
8a57
7020
8eaa
a8a4
b401
ef50
1125
e2a6
cb8a
9e26
3482
bb38
81c4
8cc5
4438
c201
ac3e
fab4
1c6c
ba18
ec66
4c21
db74
d862
8b24
7562
f856
217a
84d0
932c
d825
3ca8
9556
b075
a674
a844
1682
768a
e860
9798
1d30
925e
56c7
bca6
682f
6aaa
6132
8ce9
8058
cc63
0162
9e94
64cb
5674
68c2
0e68
c508
b0c4
76bc
172a
8efc
6e2a
7e58
71ec
74bd
0151
76cf
308c
4abc
70d1
7a29
0e98
7cac
7f9c
be01
76a8
2d8e
5088
a9b2
5c70
a118
34e3
2ab8
9a7a
a464
465c
50ad
6690
c460
22b0
9126
7cb2
3bd2
a637
36a0
a46e
aa9e
0701
bcd7
ae4c
01f2
9440
7e46
7392
becc
681e
8c1e
aba6
3f91
8a8c
769e
2c43
e606
32f8
e124
b017
8a7a
9c62
6688
e25e
825c
02a2
7ab5
9c4c
1db4
e450
1695
ec2a
7539
c656
be88
a739
017b
c848
aea6
6cbc
8f01
cc01
8aa2
9498
c040
833a
688c
22b4
a0da
68a8
ae1e
017c
9972
e48f
8e18
9056
6445
828f
f874
b649
2aa3
5cfa
1926
d89c
5ab4
499b
243b
da62
41aa
cfb8
3093
5969
588a
9c90
cf8f
6020
9a18
7080
a0c4
69b4
826a
023e
84eb
14f0
b596
4c4a
6162
54a9
ce9e
a64e
a458
3738
a237
fed2
483c
a280
630f
c850
7ad8
a28e
5401
bfa6
3e82
47a8
b2d5
2d63
8892
4928
8fc0
d829
b668
840d
4c7b
896f
c8da
7a55
1686
6c90
a05a
c2a0
9e20
3c5d
9662
46e6
a8c2
23ae
2261
667c
e039
b2a2
a560
4474
2294
66da
ae5a
62a2
4d7e
8d5c
702d
d4b8
6476
8e50
5a76
84a0
3abe
c87c
6839
a536
18ba
c28f
b186
0468
9276
5460
97b4
bc69
7668
333a
a4cb
07cc
a693
3751
6e80
6453
a18e
cc9c
6a3c
04c3
868a
3f9b
8a6e
ad7c
7037
7960
949e
80c5
32be
36a8
462a
906b
94cb
bd40
682c
7a6f
68da
7c91
8a82
783e
6e1c
a06d
c6a2
ad40
1cc3
7666
5a95
a278
b455
a120
7b42
788d
bac4
4682
646e
715e
9f1e
be84
de89
5034
6c6a
7ca2
42b0
8ea6
9619
ac34
8919
c9d0
9c50
829c
0c7e
648c
7e66
d4a4
a224
3d57
808e
9596
84b8
5a54
34b6
7202
ca95
ac84
6d92
6e48
52aa
7eae
7498
ac3a
983a
425c
84b9
b49e
6a76
01d0
429e
7076
d298
9249
b00c
3596
b38d
8a86
7a97
1f6e
794a
a05c
e8a8
7859
4984
8ab3
44b2
93ae
41a2
9620
5489
8862
a54e
b898
0e84
6d66
988c
b772
d252
8040
986f
56ae
b687
6c81
326e
747d
7650
b694
a860
5154
506f
a6ce
5c9a
766a
8e52
7c56
769c
e259
a432
738f
2eba
6674
7c75
bea4
187b
507b
d120
adac
6a96
0cd7
4e66
428e
a2b6
3868
b047
7a3e
9a52
8ecc
72c4
2288
52a0
4a8f
7cba
b95a
8408
6ea4
68af
58a8
51a3
4aa0
1b82
6a87
d418
c55a
5e71
8296
6074
5ac4
84c1
114b
936f
be4c
b644
726a
cf70
616e
48e4
5a84
308d
cc4a
965e
7a10
c070
c869
5a90
0ced
01ec
2db8
b090
236e
6d52
e41d
ca6f
79ac
3d78
16f9
5674
5cd6
4a62
8e44
b52f
ce48
9a85
80ac
059c
48d8
3ecc
3956
bc90
9b37
746a
b280
359b
6c78
d496
2548
7398
8693
62b2
8835
44bc
23cc
4e67
c2bc
2082
7078
4aca
7a9e
5458
9e95
3550
cc5b
b276
9b46
8460
9272
9a8a
9446
6596
8878
82a0
46ba
36a8
4dc6
6a68
951f
b861
9c01
ff9b
7452
01e8
64ff
019f
3cd5
c818
8901
e03a
ff01
d040
d0c4
019a
1efe
886f
47c4
34b2
1af8
1c83
7c8c
6f39
ce49
9a3c
a986
5482
a732
9c64
af2c
a86d
7292
3fc2
4c8a
56b4
5094
32ea
0ab6
4ca6
635c
b02d
c32d
b853
7670
a34a
a13c
dc18
bc47
b251
6aa6
46b0
2fb6
687d
52c0
36b3
38b6
4594
7272
9a46
b656
8c6a
76a2
5c6a
a754
906b
9278
628e
7490
5a8f
6a87
668c
7097
48b2
5d7a
8872
8e5a
9466
9478
669e
5298
6d88
7b65
887f
6e8e
6c86
7e74
727d
8372
7c95
54a1
559e
6e68
965e
9872
7098
5a9e
5896
6789
767d
7188
7d8e
668a
7b78
9460
a258
9c6b
8288
6986
8176
7e74
9a6f
7488
6e82
788c
7658
9079
8470
7d73
787c
926e
6c84
8f6a
8a75
74a2
518e
7c71
9a56
9072
6c8b
7392
528e
6e8c
7c6b
808c
6e7a
a161
6676
c04e
5678
be71
4070
9bac
1caf
6a66
987a
746e
897b
8c76
668c
8c69
9868
72a2
649c
4f7c
9c57
a24c
869f
3e96
6f94
617d
927c
687a
8e90
48b2
627a
8694
665f
8e8c
7c52
9090
529e
609c
627c
9871
7880
9574
688d
8268
906a
9c46
9386
6c7a
6699
795b
9472
758a
6caa
26d4
32c0
3e8c
847d
7862
7992
786a
9260
8c56
bc2e
ae52
887e
5e90
707d
8654
a05b
8e78
7780
54bd
32ae
528d
787a
699a
6080
8278
8c52
987c
8f2e
d23e
a65e
7d69
9970
6783
8c88
6e74
8d8a
42a8
5ead
2da6
7994
4887
7f9e
6276
8089
6f76
9268
8c54
ac61
8651
b366
7076
936e
748f
628f
6aa3
5890
6598
59b0
40a1
6096
6c7f
775a
ae44
9748
a66f
6a78
985e
818c
6aa4
3ca0
8e6e
6683
9d58
8575
8a78
56b1
6077
6c9d
6f6a
7490
8d34
b075
745a
9992
6252
aa8e
5560
be5a
806f
9480
43a0
8877
469c
a447
7496
836a
48ec
2c8c
64b1
8839
989a
8051
9694
7051
a679
6a5f
9c7a
6180
8196
4b80
a562
747c
a066
589e
8079
6091
985d
8e5e
ae56
be65
37d3
7678
54b4
a201
dd64
9e47
63f2
0d96
5db0
9301
f26c
4188
65ed
01bf
7a87
5d50
c08e
04c4
8a5e
6483
a860
558e
aa6d
2fe4
4487
5fa0
7180
52b4
7158
7ebb
398f
7f72
9252
82a8
4a8c
6e84
8475
6cac
558c
68bc
13be
588f
3cc8
31e2
1ea8
917e
5897
847a
5a73
a258
66a4
4e93
667a
7689
5882
8170
8850
b64c
828e
8861
887a
8c5a
9578
7a73
8c7d
7f6e
9e6c
7f7e
7489
8a58
9872
8466
8798
3aa0
8a62
807a
9458
867b
8460
8f6e
8867
7c8e
607a
887c
6688
7d82
5e98
6e84
58a3
5d88
58b0
4e94
669a
6c64
ac4a
ac44
9978
7469
a458
9c57
9889
578f
8a60
8e64
9072
7c71
9560
9e56
9e6e
6a8f
7778
7f6e
8c74
7978
867b
6888
8866
887c
8670
7493
6690
6a8c
7868
8d80
6884
7682
6d83
6c8c
7f5a
a86c
8d5e
9281
6a88
7d7a
8072
778e
6c82
7a8a
7076
8c74
6f82
8076
866a
9976
7096
6986
7d72
8574
7d7b
8284
6a8e
6d90
6394
6c8a
7288
6e9d
5894
6d82
7a70
9662
916e
7f84
777e
807c
777f
826d
8478
827e
6c84
8668
886c
8a6c
8478
8465
936e
8279
7e77
847e
6e94
6e83
7488
747c
7a7f
7a7c
768a
7876
867c
8070
8e72
7482
727e
7778
8c60
9374
806e
9464
7d82
6f7c
7c7d
797c
7d7c
7c7c
7b7c
7c7e
7c7c
7c7e
7c7c
7c79
7c7d
7c7c
7c7b
7c7c
7e7c
7c7c
7e7c
7c7c
797c
7d7c
7c7c
7b7c
7c7e
7c7c
7e7f
7f7f
94ff
ac78
5840
5e3a
12a9
a4a8
dabc
f2d2
d484
b242
8c01
636a
9a70
4b9e
0114
0101
0101
0150
8c28
0484
968c
3e63
4e01
50b4
a822
137c
e29a
5001
526a
013e
a576
5e48
d8ba
5b04
5464
8280
dcfc
ff4e
103f
0301
012e
8c92
7688
d468
9a4c
8462
2460
a959
d975
80e0
bea8
54a0
8886
708e
867c
747f
82d8
e68c
9284
4064
98da
d898
ce9b
8a40
1f4f
3601
3448
96b3
ccc8
fff6
8fb6
4a01
012b
3c46
9676
da80
4454
1a01
0101
3001
5884
6560
809e
8880
0101
0104
0142
60ba
9e8b
8249
0101
1201
184e
8c9e
9c60
c68e
7e76
2c94
556f
935a
94da
d2ae
3460
4001
01a3
82a6
598d
8084
6e48
50c4
7ed4
ee98
5272
a474
1e22
435c
6b62
8ab4
ffa4
e49c
7222
2925
266c
3a87
ba96
6062
7834
3601
0127
743a
64a3
84f6
934e
0e3c
5a38
6e68
1e56
7098
7a52
4a3d
363d
2072
9e2a
89c2
d494
9094
7c22
0102
88f0
9dac
aea2
ce52
5e24
2c2e
0160
5c52
b6fe
fccd
9e82
7476
4a16
48c4
c8ea
c38e
6d96
3610
653e
7068
8488
648a
a4a8
7e01
8260
5e6a
a2ef
c2ae
865c
2a01
0101
344c
6c72
8e6a
3634
1b14
4801
6548
8c53
acca
b052
4a48
3204
1c41
9abe
bec0
e09c
7096
5842
443a
628e
9e5e
c7ca
c488
4688
4875
2a68
a0c0
cef2
ae8c
834f
516a
1e34
6e9a
c8b8
84dc
9696
6a12
3e56
6d7e
a6ec
def8
e6b4
6464
248a
8656
7a78
98a5
906a
6836
1e12
0f44
0128
8884
7e7e
765e
6138
4034
6654
6a5b
6470
6850
4638
3624
424c
3b64
6c90
7843
2824
4a6a
0e74
a0ba
d8a0
ab6c
442b
355e
7152
7696
ae98
84ab
c256
3a31
404c
68a2
c3e2
d8b4
ac69
293e
0182
789e
b5cc
d4cc
aa7e
3442
5440
5048
398e
dec8
a274
9080
2e1e
2a6e
9b68
caa3
aa79
7276
3630
015a
6670
9c82
b299
7c8a
5036
2a1c
2a5e
66ab
aade
a698
6c46
5c4c
663e
56b6
a28e
6880
6926
0640
0c3c
4060
9874
8c6e
5828
060a
0133
384e
aabc
ecde
c6c6
6a64
446c
b88a
befe
e1f6
e0bc
8862
924f
7c86
7ac2
e8f8
d298
7e4b
402a
5246
619e
9bb4
a07e
6214
041e
1403
496a
8cd0
a6d4
ae80
4c2a
223e
2a43
82a0
b0a7
98b6
723c
1a0c
1c1e
4482
7a90
a152
4418
1719
0106
246e
7170
8c7a
6d64
480b
1a56
6059
6e78
a6c0
a8a6
403c
4219
585c
666f
a2c1
dd72
6c7c
726e
5e7a
8fb8
acb6
a6a0
8666
783d
4850
7aa2
bcb6
a8c6
9cb2
4a36
4042
5870
8b88
92a6
a26c
213a
3444
0f1e
6a6e
8e80
9087
4a44
2c48
382e
728f
c8de
c6d2
b572
4c4a
5330
5898
b8c2
d0a8
d4a0
5a42
3938
5244
a4bd
e0e6
ecdc
a074
7274
2060
89ac
d6c2
febc
9988
4e4a
0c3c
1878
8e70
9c86
aa8a
565c
584d
4c68
8ec0
98b0
dc98
9466
667a
4858
748a
b9bd
a2a0
807a
7a53
5c7c
84a2
c2c5
a6b2
9e95
5868
8f7c
9894
9ca0
9d7a
8878
2c18
1a30
4151
649a
8e82
6a3c
4c0e
1024
0160
4e66
8a81
7954
3e46
1201
0824
6880
8eb8
c08f
9c70
433e
282a
6074
acb8
c0da
b0a3
8e76
4e4e
58a4
aab8
c8fe
d494
9494
541f
1133
638a
84b0
b790
8f4e
6030
2a47
567c
8496
a586
8668
702d
1524
3e60
6878
aea6
aa86
7166
4843
4458
7f7c
90b2
a084
744e
542e
4c3a
527e
8ea0
9083
5854
5834
384c
6684
8488
a280
7073
6458
6558
668c
9cba
aad0
c69a
6852
5a49
3a46
7899
9b96
c4aa
8a64
625e
6074
668a
aaa2
a2a0
ad70
3420
2630
5283
a4cb
c4c4
b080
5246
3247
769c
e6ff
ffff
ffff
ffbe
8f5c
6078
b6d8
ffff
ffff
ffff
c082
6e5c
3d56
5874
7662
4423
0101
0101
0106
2e66
8a96
9e84
9266
4f48
3554
7478
a8b4
a09c
747c
705a
646c
7eac
aacd
c29e
9084
5868
181c
1c2e
5651
4642
3f36
3130
3266
74a8
bade
ffff
ffff
ead2
d8d2
dcd5
cbff
fedc
e2ae
8674
424c
4c3c
5c5e
7482
582a
1601
0101
0101
0101
201e
4642
2e2c
1005
0103
1138
5c6a
7c60
6e5a
4848
1c2e
3052
6b90
98b2
b5c0
b093
867a
81aa
9ebe
e2ec
ffff
e0e8
dca6
aca0
9b9e
9aaa
b2ae
a68e
847a
4f6a
6674
8898
a094
8c82
6c50
4a3c
4a54
5e89
a6a6
9894
7888
7464
6e82
aec2
cee2
d4cc
bda8
988a
8c7c
9cb4
bed0
e0dc
c6aa
aa80
807b
7286
9ebc
bccc
b2aa
8e60
6634
241e
3e50
4b5a
4a38
300a
0101
0101
1026
4054
5274
603d
4634
3a40
4864
86b4
c4cc
aaac
998e
8e7c
999c
a8d6
daec
e2ca
b6ae
8c88
827c
929c
aacb
c0b0
9e8c
6c6a
6668
7c96
a6a8
aaa6
9189
654a
5a52
6469
7e9b
a6a6
a298
8f7e
837c
907d
a4ba
b3d0
c0b5
a2a4
94a4
9092
baca
d8c6
d1c8
b0b0
8a7a
787a
9496
a6a2
a2a0
7a58
3a33
1a0e
3844
5860
5e66
4a2f
2201
0201
0128
4954
737e
847e
584d
3836
384c
5c8e
a2b6
c4cd
b092
7e80
6a60
7e88
a4b4
d4cc
b49e
887c
614f
4e6c
8684
bab4
a496
6256
4436
3744
5a7d
7c90
ac92
8e7c
6c64
6866
8896
a9ba
babe
9d7c
6e68
5960
5c70
848c
9886
6b60
5638
2c27
2a4e
547a
8288
836e
5a42
2e26
375a
7a93
97be
b296
966c
665e
587a
7c9e
b4ba
beb4
9e97
7652
525e
6880
8cac
a89e
8b80
694e
423e
6774
94a6
accc
c3bb
b690
7c70
6e86
9bc4
e0ec
efe4
ccc0
b188
9094
a8bb
d4de
e2d6
c6b2
897b
5858
6668
7a98
8c94
926e
6c3a
2f2c
263f
3e64
7c80
8078
6044
3220
201e
324a
5064
7b60
6058
4238
2a2e
3c4c
6e86
8688
725a
523b
3a38
4e5c
788c
8b9c
8886
6658
5853
6270
89ab
b8c1
c0bc
a89e
8888
8e92
aace
deee
ecec
c9a5
a076
6e78
8cc4
d2cc
caca
c1a6
8070
776c
8298
b2b2
bcc8
c4ae
746a
4238
525a
708f
a39e
a294
8065
442c
2d3c
4a66
7a86
868e
8768
5646
3434
3455
5862
828c
9a76
6a50
3c41
3452
728e
9aae
b29c
8e74
5258
5572
869e
b3ae
bca9
8a88
6248
4459
637a
8c9a
a692
7e71
6057
4640
5a70
90b2
b6ba
ba9b
7c76
5d60
5f72
9ba6
bcc2
b6a8
8674
7256
4c6a
7694
a8b9
c0ac
9876
5a4c
4244
6276
8aa6
b6ae
a483
654c
4038
3e5e
848a
a0b8
ac9e
8c78
6e64
6c77
7d98
b4b6
beb2
a694
827e
7874
7a8a
9caa
adb4
a386
7470
5e54
6476
8ea2
c0be
b3a4
9277
6264
6068
7a92
a2a4
a8a6
9280
5c46
4848
5d68
8898
a08c
8464
5449
364a
6470
878a
9495
7e7f
7f7f
a2a2
3763
ca72
428b
a474
5882
8864
887e
6564
6c72
807f
6198
a989
7c72
caa2
6a7a
4eb2
783e
4cb1
722e
9aad
6070
a6a8
606d
a484
505e
8a73
6e5e
828a
7778
8084
8c88
7486
8c7a
757a
7078
8678
626d
6684
638e
6c80
94be
985c
8bc4
7842
6390
5d37
6486
6952
887c
6e6c
827a
807a
8e88
8899
9294
8282
8d84
687c
7878
6068
6e96
6462
a77e
7488
947d
6a7e
7c72
4a62
825c
5284
955d
81b0
a072
a2b7
7e6c
8bb5
525c
988e
6f41
7f64
9c60
3e92
be58
54ae
ae58
54a4
af4b
52a7
944a
709a
8458
7e90
7c70
8c90
767e
8d8a
7774
8880
6e6e
74a0
64a2
74b4
62cc
6e98
a6a3
4584
ca55
6a72
c65e
6270
be56
4c86
a552
598c
926d
6598
937c
7092
7e78
767a
8a56
50ab
4172
4474
6c5a
48a6
883c
84cc
4c62
7cbe
5f53
8caa
8450
b69c
7c66
969c
5c6c
928c
686f
988a
7272
8e8a
6a74
867c
6c78
a05e
7086
8172
1cc2
6278
5ae2
8e62
a69c
4a74
5b96
3e73
5680
626c
9475
606e
9385
6c6e
9286
7878
a972
9192
a068
cf66
968a
9a5a
82b4
7660
9277
a04a
648c
8d38
64a8
5c6e
8a9e
7d82
80a8
7764
6f98
5868
767a
846f
8e68
a83e
a26a
6047
a0af
1c89
897a
545c
987b
5586
988f
64a6
9380
7778
8a74
5770
8086
67a0
747e
92a0
8a77
907c
aa70
44bd
16b2
6068
7da4
688a
c25e
b177
8086
903e
926a
6e60
885e
867d
7e90
92a3
8190
9094
7a5f
52a8
407e
459e
51ae
4db2
7eb4
8496
a89c
7e94
8e86
5c7a
8270
6661
987d
6d4e
c679
8174
9c7f
8764
7daa
6876
8e90
897a
878e
9272
7e94
7662
857a
7a76
7a7f
904d
bf54
a45a
9a5c
9244
9779
7a6d
908a
8280
7f8d
7e70
7a8c
6c54
7d8e
7460
6e88
928e
6a99
8984
7a88
7869
7a68
7866
7678
7a7a
758a
7f7a
7796
816e
658a
7e6e
6882
45c6
1abc
549d
3290
7a80
6c48
9066
8862
6e84
6c9e
587a
9670
6f6c
8874
7580
7c8e
56aa
b666
8a98
9c79
a258
9296
52ac
7290
6496
7a82
7862
929c
5b5a
547e
7664
8389
25cf
5ab8
68a2
52b2
7685
7d64
9070
7a68
8a90
6e84
947c
9082
a270
678b
804c
9079
9458
74be
7a89
7e96
8a6e
7283
8052
8674
7a70
6f8e
7c72
6e7e
9a46
7c70
a75b
6482
b101
ff04
f028
de27
c626
a658
902f
c43a
9a62
926c
a64c
b060
708e
886b
a85c
8160
60b0
6098
4eba
629c
25ff
01cc
3284
a089
40bc
6494
5a94
7e68
6097
7392
20c6
7256
71e4
32da
26f0
1cff
01e0
8c3b
aa86
67a8
5497
7d68
7592
6e73
7e5e
8c7a
8c64
01ff
01ff
01ff
01c6
2cae
7578
54d0
16b5
3ca2
7a70
6897
7084
8078
7c96
668c
6a62
8e78
7a66
9e64
8f6a
7a84
6a74
7678
7266
826f
7a76
768d
6485
8274
7b74
5498
636e
986f
8a7c
709e
7846
c51d
b455
668e
8c56
9a8a
8474
7a92
728c
6c7d
8472
808b
527f
906c
8679
7b9a
606e
8893
17c4
447e
8078
769e
4fb2
529c
6f84
6e8a
6c8b
756e
7476
8466
a074
9a5a
c434
9452
a113
d32f
8688
8c64
b952
ae6c
8c78
727e
8276
8a2b
b872
7c74
9e8e
7276
a08e
466c
54df
01d6
578e
51ca
50d2
4894
8e6c
6c68
6d8e
6b74
8936
b366
9e7a
be3e
ac7c
9474
48b0
4453
b21c
cb64
6ca4
955e
ae46
9874
6676
8a5c
7e8b
7079
48b4
7289
7c8a
a584
805a
7f7b
4e8e
567c
7f60
a47f
8c84
9074
9c5a
7c61
923a
bb56
7e89
6e3c
c288
704e
9860
9659
b260
6646
ae48
5794
26ce
1ebc
62b5
4ccf
22a2
7264
aa82
964b
5692
8e01
ff01
74cf
66c4
628c
78a3
38e2
4192
4a88
8088
7680
9884
c826
b041
b39a
898a
5296
7cb2
01ff
01ce
24f0
507b
58ca
7c5e
9980
8868
807c
9a4a
9076
57c6
6074
7a82
5e72
7c90
9a54
9488
01ff
2488
8c40
66c2
01ff
3193
886a
9a74
884d
bc12
c83d
8090
628a
827d
8282
6e94
4c85
8374
8c6c
945a
a63a
de08
ef1f
a86c
746c
965e
7896
54a2
48a0
53a8
609a
7274
7f75
7e78
786e
836f
9472
847a
9170
6978
8660
806e
7b90
589c
68af
28c6
2ea2
829b
4244
a970
64be
9296
50ff
51b6
766f
6841
7975
7080
918c
768e
8e76
765c
6e74
568c
5b8b
718a
9c6e
809a
6494
5e82
4a80
607a
8052
af7c
8c82
786a
62c4
01f0
01cc
42ae
5aba
6a83
8c88
4862
ae40
b25e
a656
a56e
986e
78a4
4b83
9164
74a4
35c8
34cd
56ac
5a90
767a
8065
9349
9e65
9074
8c74
a666
8172
7e7a
7690
718c
7b82
8890
7978
7e7a
706f
7e78
7e82
7c8b
787e
7c79
726e
7868
9086
7067
6a5e
64a0
8584
6273
6338
ac7e
3482
6c73
a872
af75
9c81
76b4
529a
5c76
6478
825f
a94e
ba36
ff18
6753
b418
8478
70b4
5e54
e664
985a
72af
01b1
4e74
8b73
d242
aa74
7988
488c
466e
6a70
8d9c
9eab
697e
8b49
c070
8b72
8682
67d4
5cb5
745a
6252
7c5e
619a
628a
8273
a856
a356
8959
7672
6aaa
36b4
6c80
9c78
8e82
7e74
6481
8e48
9c70
817c
7994
6c74
896e
8c63
964a
a656
8e7e
708e
8d80
788c
6c8a
7288
7283
706d
9b96
6e84
847a
6684
985c
8170
9076
808a
7678
707a
687a
608a
7c60
aa52
9e7e
7aa4
722b
606c
5a88
8078
847e
8064
a25e
7862
5e84
4396
8298
927c
aa74
8484
5c80
5290
43b0
6261
d64e
a268
6d8a
6870
7c40
ab39
b83e
b08a
5ec1
3a9e
6c6f
8468
7c74
5ca4
50a1
7680
8761
a858
8e74
7885
5c9c
726c
9464
9c5e
7e82
6b9e
6286
846c
826a
7e7c
707a
7a7a
8276
9a53
a479
6098
5484
7656
ce51
6a8e
729a
6e8e
8e71
7c5c
984e
8878
807e
6890
7c86
7e83
836f
7876
7b7a
8e72
8486
8674
9472
6c9a
36d1
3d9a
409f
926c
8461
a860
9082
7d74
538e
7085
6290
8a76
8080
8896
7484
7c7a
6a7e
767c
817f
8290
7a78
8a7a
7f70
807e
7453
936f
8675
9b68
9663
8f96
6f9c
6494
6a7f
787a
7062
9b64
7c8c
5ea0
66a0
747a
8158
8e67
7e7a
827f
768a
7a88
8274
846e
7872
7280
6882
8a7c
936b
8e7a
8088
6982
7c62
9f4a
947a
828a
7083
6db0
6084
7a84
7074
8056
7882
6a8e
5694
5d82
767c
a658
9864
9c54
c288
8294
6eaa
608d
6e74
980e
b84f
7c96
59b0
7086
6ac6
7e64
a56c
a664
8c88
846f
6282
588d
6c88
768a
8289
7286
7680
6f66
7a7c
7a6a
887a
8a7a
9470
8d68
8478
766e
707f
7088
5f99
7a7a
7e72
9063
7478
9a70
728e
a22f
b869
3a82
a892
4066
7bb8
8c48
9c8a
4a75
6e98
5a86
8670
9e5d
a07b
5a8e
6486
4e96
5e7e
6e7c
9260
8096
8562
9f46
c432
9498
2dcc
01c6
a06d
7c42
a279
8267
63a4
4580
9c6e
9c5e
9d7e
767a
7b8a
5c8d
6582
7182
7888
787a
7c78
8274
807a
8268
906c
896e
8e6c
9280
44ec
8686
7c64
bc82
887a
9760
5188
5d88
6680
8468
9d79
987c
7e90
757b
886e
807a
7d7e
7e7e
7294
6886
7577
8c68
8772
8c6c
896e
8a76
7e7a
826d
8a72
8280
7485
748c
7880
807c
827c
7784
6a8e
6c8b
7784
7577
806e
7c84
708a
6c96
7a84
8082
7a88
707a
826c
7a84
7c74
7e7c
8078
7a7a
887e
7274
7b5a
b83a
769a
4fac
5e8a
8c8c
759a
7a8a
46f5
3f5a
5075
d85c
827c
7d60
6aa4
6c8a
6c74
8b5e
9090
787c
6e83
7c84
6c84
787e
7376
9276
6c90
7a82
6c7e
8360
ad70
7c64
6c8e
8485
6b8f
7870
61d8
126e
5cb2
c444
525a
876a
969f
5d85
7f62
a284
9474
8078
7088
698b
6670
8770
8078
8672
8282
6c7e
7c68
8a62
8e6f
7680
788a
728a
7a93
34c8
2bc4
3596
a04e
425c
e3a6
7859
4e8c
9864
ac6c
6960
8880
8a92
7885
7a7e
8f82
8276
6a7a
7c79
6c88
8477
7c86
8380
6c80
8e58
a054
9470
6394
7e7e
7a80
9677
555c
d87c
8e51
6694
7e88
7e80
626a
9062
8770
827c
7a8c
7c92
7878
7b74
8278
7a7a
787b
787d
7a84
7280
7c74
8a68
886a
8a7e
7f80
736b
9e5e
8b74
7189
747a
287c
5ea4
864a
7a91
8892
8685
7a86
7e6e
9276
6e86
6896
6e82
7f6c
7280
816e
827d
7c84
7a7f
8c6a
867a
7279
7b78
7a7a
8a7c
867c
8274
7c7e
747e
7f63
8976
8383
54d8
5ba6
7895
c866
985a
828e
707d
5675
726e
7c79
7884
6e80
8183
826a
857e
856e
7b80
807c
7a7b
8476
7c78
827e
7a78
7c7f
8072
8f61
8872
9470
7e86
7557
968e
6870
4592
768b
7878
7b6c
9074
7987
6a84
8a86
867b
838a
7e80
787a
7978
8070
8d70
8e72
8e7c
7b7b
807c
7978
8869
8674
7f7a
7cb4
32ba
604b
e80c
b232
6090
6c8c
6f70
7b78
a45a
848a
5694
6894
6a7a
7e7f
8476
897c
7982
7780
7d79
7278
7286
7c76
7884
7a7a
7f72
8676
7895
1fd0
36b6
6430
be74
a09a
7584
8c7a
9b7a
7f6b
827a
7688
6888
768e
738a
728a
707e
7a78
737a
7d7c
7282
827c
7876
826f
7c78
7279
60a5
32ca
0489
747f
806c
7696
b360
a66b
7284
7d71
7769
7c88
887e
789e
6298
7678
7e68
7c7f
7676
7886
7988
6894
787a
6ea1
784e
d101
f72a
8e6e
747e
8c7e
7486
7266
8e6a
5298
5489
747c
8f86
8880
8480
7880
6e74
7c66
8472
8084
6c8c
7a7e
896b
846e
826f
68c6
26b2
8065
6958
825e
9a3a
ae70
b068
826a
8a7e
6070
8364
8280
828a
8284
7f84
7e7b
7979
7776
8071
7c82
7e76
8282
7e7e
806a
b03e
8e6a
7a9f
2d4f
a090
9b5c
987e
ce64
7c80
6294
6e60
837f
7a8a
769c
7c89
7c7c
8e69
7e70
768e
5e7e
7b84
827f
6c98
70b6
7879
53ce
1c92
c201
d25f
7aae
8f58
c84c
8894
5670
6d76
867e
7078
9f87
7098
727a
8f65
786a
748c
6280
867b
8c79
8874
8490
7d5b
946c
724a
c450
60ba
9298
9368
82b6
5091
665a
8e64
608c
7282
7e96
908d
806e
8a88
7446
8a68
9178
689e
947e
8669
8f82
6274
508e
7c5a
8680
8e98
7874
aa7a
906f
667c
7270
6874
8484
7c88
7f94
7882
7970
7f72
7276
807e
827a
848b
8084
7486
7672
7e67
7694
727a
8884
8c74
7476
a377
747a
aa62
9b68
73a6
4a6e
9c4a
8c7c
31cb
5c7e
8e5a
bc6f
8f6e
6296
6a54
9146
ae74
62a0
728f
925d
8976
7482
5a88
8172
806a
8c89
729c
6676
a64f
9e4a
6890
728d
827c
b07e
7e88
7276
5e5a
6986
5c88
8080
a286
7f80
7289
664e
725e
866a
7c8c
868e
7e78
74a0
5862
664c
685e
8e79
9d82
7ca6
7282
7468
846e
2caa
39aa
7aa8
aabe
78ba
5a8c
7851
765c
7a7e
6a8d
8a8a
a273
8978
786c
805e
9a62
966e
50cd
4e80
cb42
c88e
6ea0
7a62
983e
8e74
6884
7286
9a7a
8a82
8185
7a6c
7a78
8071
7086
7890
7c8a
82aa
6ab7
2982
6096
848a
748c
bc5a
9668
7282
5b56
6753
8c6b
8093
86aa
8f72
9474
7a5a
4e40
6c01
bc68
ae72
8868
ac4c
9376
8084
747f
ae7e
b588
8aa6
7478
7464
7476
608a
6a84
9e66
5aaa
3ec7
566e
a280
9278
606c
6c34
a41a
ba88
bf7a
da78
c67c
886c
ac4e
8452
7680
7e62
9883
9286
7a92
8c72
746c
6578
4d83
649e
6e7d
3789
a644
506f
727e
5c3c
7473
6466
6650
9c59
6e7d
a668
a266
9484
7a7a
8f5a
9a97
784c
6b4d
604b
583a
c5ac
7468
94b6
8658
4290
9c59
3755
989a
7862
a0b4
8466
6c7d
a05e
5378
938a
7264
a0ba
6884
8673
ae68
566e
0aee
ac53
af8f
8ef8
0194
8654
743c
16fe
348a
867e
cda8
30ac
707c
7d29
748e
4c88
6284
ca6a
8887
769c
5c6b
7c4d
8271
3ca4
61da
3032
9ab8
4bfe
01f4
4a92
4448
34ca
29a8
6eba
d29d
a097
5cba
5f4c
6822
7c26
4f01
d462
ff3e
e5d4
ff3c
9a34
9240
0101
9cb2
688e
58ff
e68c
5da7
907b
013e
6a82
2974
6ec8
a07b
76ef
8970
8b5b
0114
ff01
ff1a
b8ec
ba01
ff01
de0a
6169
4201
fe18
de99
7cf0
8056
a94e
7a92
13a6
0192
8468
9a5a
819e
6e6a
bc3f
9338
aab4
784d
6460
b158
68a8
90b8
6e8f
84a4
508b
469d
6d99
457a
4e78
5c75
7690
8c80
8e84
ba6a
5077
8e6e
7370
88a2
8684
9c70
a17a
766f
8e9c
9b40
8862
8a54
546a
8c7c
8eaa
9a51
6282
907f
788d
949c
689a
758c
907a
768c
9a9e
7c6c
7294
527a
4e62
7a95
acaa
5698
8b8c
8678
7e97
887a
a078
9864
9886
3bcd
889e
6472
7e89
4944
6774
d872
7e68
9480
8252
9688
7e9c
92b5
7a9e
5ea8
605c
8890
5d8a
569e
8266
6070
9fc0
5e60
8872
9c49
8d8c
9a52
9350
af62
9c7b
8c6f
7899
a264
806e
825c
663c
9392
7faa
5d8b
747e
717c
8e90
6f7e
8d88
8462
8f6a
727d
a06b
7878
3e8d
3178
6c86
8e72
909e
5292
6a88
748a
659c
9864
6668
825c
9e7a
ce41
ac5d
6570
5a30
9e6a
807c
8678
527a
7b8a
9c88
8fb4
3c36
c272
5863
4cc4
768b
569a
5a7d
1a79
62bc
5886
8881
8676
8886
9c7a
966a
826a
817f
7c92
727a
9a6e
648b
4e93
8a62
7a6a
7ca1
46a8
49a0
8a76
a694
01ca
da58
7e66
bcde
0f82
6c73
8401
42c0
3e84
63a8
d476
9688
b021
01ff
1a8e
6c4c
ffa8
56a8
989e
9226
ab4a
734b
12bc
407e
8864
b48e
52c0
6f9a
6a33
bc6d
7a62
2ec4
4e4a
8f84
8284
5e86
ac7e
6090
9764
5a76
70a8
5e01
a4ff
666a
80aa
ff01
9b5f
9d62
065a
cc24
883e
a8ee
16bc
94c6
9401
df64
a32a
28ba
c826
b427
fc35
c460
c384
8211
c088
18b4
389e
587e
67a0
8482
869e
887e
9750
a05c
7c68
8468
7478
8c8b
7e8a
86bf
4a7b
8079
6a74
5001
ff01
b0a0
72ff
308b
ca21
d316
37d8
0698
3a98
b628
b285
96c8
1f7e
cc31
dc01
c296
4868
8674
c450
7c9c
9296
36ca
774a
a252
7090
2f8c
648a
9e55
bf76
87b8
5091
8c52
8954
7c76
508f
668c
8e6e
a07e
c672
4fc3
804a
2cbc
6084
9c14
ff4d
6eaa
4eff
260b
f48e
5654
70a2
6d7c
7258
de44
808e
6fd4
1b98
8f50
c03e
7aba
4490
7680
9e52
9a7c
6694
5b96
8b48
a85a
8748
7f98
6690
66aa
8854
bd4f
9875
5598
497c
7458
9c58
7e8a
62ab
689a
7868
c842
987c
70a6
3288
9e56
945a
6fc6
1f9e
8035
e91d
9588
8082
2aa3
9056
8278
ab73
65b4
5e99
6e65
a064
7878
6c84
866e
8668
ad52
93a0
569a
8e58
784a
d42e
9a8e
5ebe
429b
826e
9268
8893
4594
6a80
6e57
a066
8f7e
67b3
5a80
9268
9266
946f
7c72
7e63
c201
ff43
3cff
3978
74c2
544c
b262
786e
847e
6784
7784
7a82
8088
8870
8672
8e76
7d76
7e7a
7f78
7672
8070
7478
7a88
78a0
6878
787f
8e50
a552
8f96
34bc
6295
7064
b836
8c78
6a8e
5e7d
7d70
896d
8886
7c84
7596
8570
8e6e
8c6a
7d78
6c8e
6594
717e
8474
8a74
6c94
5281
866b
7a6e
8c78
7885
7286
728a
7a70
7d82
7876
8f5c
6e92
5b7e
875b
c632
aa78
6a90
5eaa
6079
8476
8a5a
8870
8080
7488
6c80
8c66
8e7e
8b58
a062
9060
838a
548c
6b8e
6a88
7770
9e71
7e84
8072
896c
826a
8c61
aa66
8282
7b8c
7586
7686
7874
6c80
7884
6880
8476
7e78
8675
867c
7a94
6a85
856e
7c7c
787c
8672
8578
798c
5a8e
8a6e
7888
6692
687e
7a88
7280
7993
6f7f
7c7c
8960
807f
6e8f
6282
9262
8e78
8580
7e88
8078
7c76
6c82
5d9a
5d90
8a6c
9e7f
828c
6490
8062
8058
a76a
6093
7f92
5ba0
8b90
7776
8c68
7b70
746a
827a
8b72
8a8b
7c93
7c7e
8672
7872
6486
6476
7a71
808a
6c9a
6d8c
7660
9e5c
a26c
589f
7e7e
7270
aa6a
7f6f
828c
6a76
7178
7d74
7084
7694
6492
7c72
7b82
70a0
5492
727a
7862
8472
7a7c
7284
866b
9471
8278
6c7d
7a74
7f62
9884
26ca
6950
ab82
8e51
9692
5a7a
6c82
8168
8866
9280
7c87
6086
8e74
7a74
8e74
7d68
6f8b
6c86
786e
9088
6696
7684
7b6e
886a
7682
648c
6e7b
8683
7d88
6c96
7c78
757c
7880
6c83
748a
7484
897a
7c80
7484
7872
9476
787e
7884
866e
847b
7388
7e76
787e
8684
7083
7e92
7e6f
9c70
777e
6980
9260
966a
8c80
788a
7e78
8280
8075
807c
6d84
6e88
7e84
8090
8274
8272
7083
7182
7296
7a84
7f78
8c76
8276
7a7e
8671
7087
846e
936b
8d8a
767e
7c7e
6e70
828e
6c7a
867d
787a
7680
8074
748e
727c
8b6c
8e76
7689
8275
8070
8876
727c
748c
7c94
8482
7e7c
7a7d
6c7e
6a79
7f6e
8488
698f
66a0
6682
8a87
6096
629c
6282
6c88
8a6a
8e4c
809a
7467
9d66
9e60
826c
8178
7f6d
846f
7a88
767e
8671
8c7c
6596
6e76
9469
8188
6484
8072
8474
867e
707c
7680
8076
7a78
8a7a
7278
8670
8675
6c98
6386
7864
946c
8178
668a
7076
906a
957a
7690
6688
786e
8076
6c74
8272
7e77
9477
7c7e
827b
8868
8a6e
726c
7181
7472
9670
838e
6a9d
6f7a
7c72
7c7e
627b
6f70
8272
8c85
669e
7484
7c7d
7a84
6074
6b7e
825e
9674
957e
7e88
8074
9454
8c60
7279
6282
8786
748f
779a
6296
786c
7274
6a86
5c81
8082
9078
997c
7e76
8071
8e60
7876
8471
7480
8e78
7c83
8e86
6e88
7082
8066
7278
7873
708a
8082
8384
709e
708c
8672
8678
5f96
5c72
8a62
a061
9c86
8f7c
7e78
8864
826a
7a88
668a
7d72
8986
7a96
7098
767a
747e
816f
678a
7a80
887d
8274
8880
7875
906c
8e74
7a7c
7276
866b
9776
709e
7284
8c5e
9f65
8088
6684
7e5c
8c67
7c7e
6b96
7a80
946e
8788
6a8c
6a86
7a6a
916b
748c
6484
806e
8f5e
8c7c
6394
7672
826c
8c76
8382
8280
787c
867a
6f82
7c76
737c
7f72
747c
8082
7878
8e6a
7e75
886c
8f72
8a7a
7e76
8968
926b
9676
887e
7484
6576
8462
7d7f
5e99
6e7a
8c76
9c6c
827d
8172
7e67
847b
7b6e
8681
7a74
9a68
896e
6a88
6476
8678
8166
8682
807a
7c7e
866e
8870
8274
6e88
847d
6e84
7688
7278
807e
7b6a
737a
826f
6e79
8774
8088
7a88
8090
7676
8086
6b80
7a74
865f
8c7c
6a92
8081
7a66
8a7b
668a
608e
8e68
9176
8c7a
748a
7876
7f71
7c7e
6298
6e8e
8267
8292
7674
748a
7468
7f80
847e
7b8e
7e96
8b72
8c62
34ce
0e96
6c34
9e62
a052
a260
6c75
5c70
6b8d
6485
927f
9486
8e72
906f
757c
6180
5588
6098
985d
b480
6a8a
6e7e
7650
8874
7184
659c
8c73
819e
805e
7e83
8072
788a
857a
6893
6e8c
5f84
6f88
706e
986e
927a
7a85
787e
7264
7e5e
8e6a
828e
8875
9b7a
8678
6d7c
6a73
7a6c
9c72
6cae
59aa
7e73
8684
707b
688a
7471
818a
758c
6898
7672
926e
867e
717c
8674
6881
7a74
7c82
8880
8176
8278
707f
5e82
6e64
888b
7296
8c92
7982
7266
8a51
8568
7878
827f
9282
7e80
7a7e
7664
975a
8885
698e
7c80
7c72
8e88
5a8c
7583
727e
6e73
755c
7886
7280
8186
907e
728e
807e
6e6b
906b
6994
7888
8186
7074
7496
5f86
8272
7e7c
7378
805c
5aaa
5386
9c72
9484
7e7c
8a76
786f
7964
7278
7894
8884
8670
799e
663e
d430
5f9e
7260
9488
5d86
7474
6c88
5a86
836c
8c87
7780
7874
7c6e
826e
8185
6c8c
7a82
8a70
7986
6778
787a
8d6f
8681
8d92
2aa6
628c
6475
8c8a
8476
887a
9046
8e56
88be
3c96
a272
975e
6ec0
2441
a43a
c66b
8892
b38a
6f7c
6885
5a5b
5c92
7888
8298
9e96
726e
8e72
7059
6d9a
6b7b
8294
9888
6c8c
789b
525a
7282
7883
8098
643a
ff54
a8b0
28ff
3c48
a12f
a37f
0bc3
7a76
c82c
b4a4
4d94
6e5e
b240
7a96
65b5
687a
a476
7c8c
5c94
6560
925b
849a
6993
8379
9063
7a84
5c8a
6c6b
8f76
8284
7298
8073
957c
7679
788b
7a6f
7980
6e78
6e92
728a
6382
947e
7278
6962
01ef
26af
ba46
b6e6
43d7
3c62
ba0c
694a
509c
5a5c
d474
c092
4ecb
7957
7e2c
7a90
3089
7096
c67c
8fa6
8a8e
703d
9256
5172
5294
946e
a094
93b2
5c7f
7650
8256
489c
59a4
8386
aca0
8292
6c7a
7e4e
7057
7980
7268
a0ac
a184
7068
742c
9277
6b86
97ab
977c
9198
3b92
5060
5445
6685
5e82
bda5
b36a
7ea2
848d
6054
947c
6174
699a
9654
817f
967e
5c6d
8668
7856
6a98
6c8e
6f8c
948b
6d74
787a
7466
7974
847e
7a9a
82a7
7882
7b6c
665c
5a7e
5878
787d
9392
98a3
8ea0
8881
5d4c
7344
687f
8a5d
80b6
9b8a
9483
995e
4551
6954
6c42
9692
9a94
989a
aa73
6e7e
1c97
735c
6a80
80cb
589c
a674
9263
4e6e
8253
7140
a2a8
597e
969a
8e6c
748c
666a
7260
8081
668e
7386
9e7c
8884
6e85
6e5c
7c6e
7a92
618a
7c46
9348
9366
a840
ae75
c280
8e94
828d
6060
5e6b
427e
4a84
6e8a
949a
88ba
a0a8
8584
8676
5261
6a7e
6174
747f
8082
8e7e
9589
856c
743c
cc28
40ac
ae4b
58b6
dc66
82e8
018d
8e38
d412
63e6
3692
a221
d860
8ab4
37ab
d03a
a280
7fb6
505c
9c52
8676
3a9f
8a80
a545
83b6
6884
9b72
8879
5a8c
5a56
6e4b
7a89
829e
809e
ba82
84ac
6c5e
6c50
523a
527e
4761
8e80
9094
89c0
948c
965e
8c86
6775
6064
721a
7e80
9292
a078
aa84
9ea0
5166
675e
5b4e
6080
5468
796a
9486
8a9c
888a
a27e
9a8c
7d96
7874
7f55
01ff
0fbc
b20b
ff62
c496
9b57
9c72
4478
01ee
1c38
80ad
4cc4
6a9c
ae6b
d257
7498
9050
a544
867c
6284
6a7e
ac76
639e
609a
6878
a688
783e
7c51
a762
726b
7497
2b5d
c693
9ab8
1cdc
7683
7e55
6f92
4866
7339
a874
607c
7092
ac6a
9a9a
80ae
027d
b656
bc3e
4dd0
5279
8a14
c32e
941a
a83a
eb24
8b8e
a65c
8a70
a480
6ea0
3f8f
8e86
6a88
58b6
4a7d
7e66
7880
467c
795a
922e
805e
60c0
85a8
8abc
537a
84a4
545e
668a
726c
867b
a467
7e6a
8a78
8a5c
6c54
6c5a
7072
a082
9e80
8fbe
8694
808f
9e7d
4c80
4a5c
7c3d
9a70
8ba6
816a
9e5e
986c
7c8a
5554
566a
7c8b
7ad6
adc6
6e89
a468
7682
6c5c
6444
9872
7e9e
789d
7088
ac6e
6a58
4e64
4e38
6a76
6e86
6483
71b8
96c4
61a0
8590
7c46
7c5a
627c
7282
a89d
948c
b071
6c72
687c
4878
6862
625b
9b82
af6b
ae96
a26c
498a
7662
4cbe
8271
6ba6
b67d
6c94
564a
9c2e
8c50
6f66
692b
6872
8276
7f93
a0b4
78bc
54ae
603f
864b
9080
779e
a46d
c074
9a6c
5a68
7054
7674
5ca6
4296
2fb2
8d9b
7f8e
ca80
d089
c489
896e
2b46
8b7a
5063
368c
623e
5a59
74a0
4e7e
7c70
7e76
4e94
4798
a283
c698
a88c
349c
4696
b884
86c8
9aa7
8950
a84c
644e
4c30
745c
6c98
527e
66a0
81a0
62c6
b880
5c6b
8cb2
5242
908d
7262
346d
7046
5e68
74a8
909c
9294
79a3
7e86
927e
6b7e
8c6f
8a8e
9c62
8c75
b082
7464
8290
6263
2e52
5544
7c68
ca90
5672
69a6
9c76
81a8
a9ca
7182
7478
8446
4f6a
7c78
4250
7260
8851
5570
88ae
af72
3078
8d9c
8d5c
a09e
80c2
437f
8692
8078
5096
9426
9028
9aa0
8654
687f
a094
9a6c
744a
38ac
848e
b176
d4bb
9e70
948e
9a5c
4b4e
4a7d
8088
7c76
827c
7e68
657d
958e
e25e
6e56
7684
ac52
bc8a
78b2
7890
b54a
72a4
ba92
6c74
54c6
4c72
2674
6374
727f
8474
bca4
686c
6a7e
aa78
9e69
a296
78a0
65bc
663c
7842
8958
6c6a
7476
667f
568f
a85f
9c74
6c9c
4966
b274
b088
a464
5a72
6878
777c
42a6
72a8
627f
5482
6082
6872
8a6e
63bd
8878
6c4a
9c84
8476
a8aa
c684
9c7f
8368
636c
864c
6944
6286
4e8a
5c78
a27a
a6bc
8471
3f6c
936c
72a2
88ac
4aac
9ece
98ae
649e
3553
4446
9288
7a8e
6c77
a448
7e4e
467e
729b
d574
9094
88e6
6d88
6452
8372
4ea7
387a
7970
6284
62aa
aa6a
7c9d
b86f
4650
6a83
8477
7a7a
42a6
c2b6
6c86
4458
623d
7c9e
9f86
6982
7664
503a
898c
8865
96a6
c3be
a242
aa85
7e8a
849e
9a54
5c1c
6866
6480
92b6
9679
3f76
6491
6874
8da2
84c8
8e01
ccaa
e2a6
123f
c63e
5e5e
70c8
5a24
a78e
bf72
2e7f
7978
a182
94ae
9aa8
2c01
eaa0
6c48
01d6
d24f
665f
aae8
302a
884a
aa2c
44a8
b3a6
864e
b6b2
7d01
01ff
787c
6024
ffdc
5871
50a4
ae01
3073
b2b4
101e
d4b4
a874
57db
b880
5401
74d2
5376
2ea0
fc70
558d
90ea
3902
909a
9754
119d
c57a
7522
88bc
7468
4c34
de8e
4692
6cb0
9b1e
5c94
789c
2f54
ce90
9069
58cb
9e02
b859
c48a
3b53
c02c
4adc
37fe
da13
fa66
4ab8
015a
9001
b058
4cf2
4c9c
e43d
cf86
26c4
400f
b635
84ca
38ad
d436
ea50
7aa8
123a
a650
ab3a
6ce6
4878
936a
a856
3c85
5374
7742
9285
8ea6
668c
986a
8260
629a
5e74
7873
9985
6d92
6898
a820
ba76
7496
2971
1276
e643
a2b3
3eff
206e
ac1e
bc3c
0196
665e
aa26
d2c4
6fb0
649a
be50
3160
6094
5e50
8aa2
7e78
788e
b175
687c
6899
644c
8082
8281
707a
ac80
8968
7696
7578
7d7f
8c86
608e
767f
7b62
7487
6f6e
786a
8870
8a7e
769a
824e
a46e
8586
4b81
721e
c334
88ac
4fc6
7e5c
a866
768c
2a92
6e5c
8e4c
8aab
7a94
9870
a66a
5992
3f88
a74a
8e88
58da
5d86
b42a
d65f
3484
5a6e
923e
7f9c
5eaa
4c97
9c6e
8463
63a2
6673
8f5e
9174
7190
6a84
8874
8472
6a81
7e81
7e6c
7a83
7f78
7d88
8884
8a7e
947e
30be
a08e
c845
bba7
6f78
88a0
c259
7888
6ac0
567c
a674
8a87
5fa4
7e63
8a5e
847e
5a9a
7884
8a62
9282
6772
6e6a
8a58
8486
8488
807e
a080
7a80
6487
666f
7868
7e78
6676
8a86
8a72
828a
7c7a
7b6a
7b60
7a88
808e
808c
9888
8684
826a
805d
30b4
4294
a877
b674
6ac0
92a2
882a
9b70
7972
647c
8468
7ca0
7699
5186
9678
867a
6a93
7066
846e
8074
8084
8284
7c74
847a
6671
7d88
8292
8a94
9883
767a
7e7e
6f62
6683
8a77
6da8
8a84
7e5c
926a
7964
7c6f
946e
8598
8393
6888
6484
8a4c
a472
7472
8f72
7a88
6299
6c80
887c
8874
6d78
748c
877a
909e
6b90
677c
8478
6678
8080
766e
6e82
a229
aa8f
7a79
8476
82a0
3c88
866e
7a7c
7d88
a35e
8ea4
8968
648b
6692
586c
b86c
9aa0
6e92
5a86
5767
9136
c26c
989f
7d90
8076
688e
607b
6466
9774
847e
9091
8972
7c75
7c70
628c
7288
7c79
76a4
756a
8055
9864
727d
6e7c
7a8b
7e8c
619b
746b
b07c
a066
9c78
8878
6898
768c
5e79
8080
7073
9082
846e
7682
787b
726e
835c
7a8e
6894
6a78
8f60
768e
56a6
5360
b658
8c8b
70ae
5c75
9a7f
8070
7292
8552
8e56
739a
777f
8a76
9660
7186
5583
687e
8a79
82a6
768f
724e
c43e
6d7c
6fa4
6488
a683
8e6a
717e
6a6c
666a
9d40
92a2
7ca6
727c
8866
5678
7689
6c82
9894
8c58
829c
4839
a85e
8c8e
6dc8
5a8f
8a78
6a44
5e7c
6c4a
ae7a
94dc
469c
9875
6b38
7e78
6c6d
75a8
8c78
7c80
7676
646a
798c
7e76
a67c
807a
6496
595a
8a7a
8273
7aa3
7254
806c
8a6c
5c9e
76aa
7062
a37a
7468
6e65
8f44
8684
7296
7c8f
8b7a
7c80
667e
6879
9080
6b8f
9872
7968
5c8a
6c7a
907e
9898
b462
8c84
6a78
7480
6e82
9287
6ea6
865d
8167
8584
529a
927c
8080
9072
6c68
806e
8065
7692
8888
807a
6862
64a6
9474
a0c8
3e90
9a5b
803a
75b2
3c78
a894
8a3a
a869
4886
5288
7f5a
a09a
747c
707c
8050
9092
8084
6697
9e1b
89a4
16aa
819c
a474
b872
726a
649a
4f9c
9568
4cb0
8f32
9294
8e76
6c7f
7a7a
8684
7e7b
8686
7365
8a7e
2cb8
548e
8d4f
b2c2
905e
b388
7c68
699a
8072
74b8
b882
36a0
b668
536f
c47f
6066
a87a
01cf
583e
9267
ec6e
62a8
9768
603e
a440
628a
7aaa
5c7d
8c62
4ba4
7ea9
0185
ff01
f801
ff06
a608
d6a2
01e2
62db
1558
b836
7028
b68e
2eb9
b0b9
3a6c
ab58
6173
b89c
7482
ae3a
9674
56ba
0fd2
2ed2
684c
a588
942a
a482
7472
72ae
7875
6e9a
873f
aa73
756e
4801
ff2c
b6ac
8aef
013e
8086
5a56
a978
805a
b858
3460
48ba
6455
8066
af66
85bd
66ba
7c6e
8201
c6b0
4ba4
c2c4
3423
5c4c
8f48
efe8
4c01
caae
0768
a2ff
3c26
8e90
561f
707c
0182
d0e9
b67c
9674
1801
89ce
6b08
ede0
4f7c
a89a
4006
6eca
4784
a684
8a4c
5901
ff8e
9c9a
38ec
013e
7ebf
928e
8caa
311b
7b78
7a9c
c098
725a
9c42
6178
68b6
4e01
d4ef
b66a
6e98
0a01
6eac
a0d2
deb4
6423
401b
5d3a
64f6
bcb0
b476
8442
3652
0929
beee
dbab
a4a0
1d06
0870
a88c
d7ea
b366
5433
0131
49ea
b0a2
ffca
7e2e
452a
083f
43a2
eaee
fa73
685c
0128
018a
c2d4
f0c6
9c53
260f
1640
4ba6
daaa
e8ca
5e5a
3c1e
282b
d8c4
bafe
a183
6236
4a0a
5ea0
a4b8
c0bc
9664
5632
3648
6988
aeba
9c7a
685e
4c1b
56b8
a4da
829b
7f3d
4601
7a48
b0d4
a5f8
5e32
4426
2456
bc9e
b7e4
ae68
7064
1850
5c86
92a2
ce9a
827e
5449
2847
8abc
b8c8
988a
7434
3948
809a
8fa8
b16f
647a
3c3e
5d42
7cb6
d01a
ff7a
2658
4b57
019d
cbcf
cebc
a632
7028
2c78
72ae
a4be
c36c
7c6d
3452
7484
9c80
ba94
9094
8a7a
2a5d
3782
6ea8
b8b0
8674
6a2c
2344
70a6
b0bb
bbc2
6260
6f38
3e60
8c9a
acb8
a07a
4a6c
584f
6c8b
aa90
84b2
806c
606b
7564
867e
9ea0
8f61
707a
4264
9085
88a6
ae50
242d
d6fc
aa69
5d8e
0173
5477
ae84
f280
885c
4186
1c70
a37e
c498
ac8a
656a
3c4e
3888
b0c0
c2b0
794d
410c
3472
88dc
e9a6
8a56
3d0c
0146
88da
d3d6
d67a
5b3e
1a38
6c93
aaaa
c096
7267
4c49
4e62
90ae
b4ad
927e
625c
6a5a
80a7
9498
a380
7c5c
685c
6496
7c62
ac8c
6a88
6b01
ec2d
90be
749c
0135
597c
c9d4
59ff
7c42
7840
6f46
abc1
94ba
8681
755a
4c68
7e7e
9698
aa8d
686a
6862
6c71
8e70
9288
7c7b
689a
8e72
6d6a
8a54
5469
939c
8cb6
767e
8480
3a3f
9c89
80ad
8084
5872
7856
8a76
9c9b
798a
7e6a
5e6e
7b7e
9190
a096
5456
8684
5882
a680
64a7
6e01
c894
a47e
5a98
465c
7076
b886
bc34
5178
5e83
74ac
cc62
9c9d
6a53
567c
4a8d
a38f
988c
8866
5860
728d
8292
8f8e
6e62
6e68
71a8
7e74
8f74
4846
5c7a
8a67
34b6
9af6
9029
b55c
3f80
98c8
62ac
a26c
643d
6093
9080
9caf
8058
8372
686a
848c
7473
96a0
8b62
8861
5d66
8095
9086
84b4
554e
8251
647a
8694
92a0
8a7e
8010
83b2
84bf
9ede
742c
3e48
a987
76a3
c26c
4890
8264
627a
9486
80a3
725e
649a
779a
8088
6e72
7c60
9c91
787d
7283
6077
805c
8a60
7484
9086
808c
7e62
7a82
376e
dcac
b694
9478
324d
5468
a4ae
92b2
8650
665f
6578
8a8a
9a98
8a74
6b60
6868
7eaa
8990
886f
6674
7c64
7aa0
8860
7886
867a
7e98
4a75
5978
9e80
a896
963e
13c1
4cc2
7a4f
d601
8760
7ed8
5878
8c81
8e44
947a
927a
6e9a
6077
5678
33aa
b88e
a474
9254
417c
7082
9092
c767
7d6e
607e
4e85
6496
c6a0
a28e
9a58
5e6f
0aa8
dc72
ec79
a85c
016e
3cb3
82b3
c87a
712c
4074
6088
ae90
7c7e
7061
3201
e787
a6a9
74d6
1829
8e65
926e
ceac
5879
4d86
5a45
bd73
9682
8e90
3a48
6f62
308e
e098
de70
705f
0158
6fa6
aca2
ce76
5236
4661
508f
b0b8
9d6c
8f58
344a
669a
7ca2
c8a1
7e4a
4a5a
4665
90ba
a498
986a
5e3e
5d76
7a93
8aa6
5e62
6f40
4a4f
699c
9dac
782e
b46c
6275
9abf
6c77
8695
7462
9e7e
7c78
8684
6a6e
808e
7660
93a6
8260
8088
6478
7492
8468
8ca3
5e68
807d
754e
9e96
8889
7694
6654
767b
8b73
989c
7b6a
6076
6270
84a4
948e
7568
7f72
728a
748a
8071
9866
8880
6c88
6c8c
867f
8072
8472
7178
7478
8680
767e
7c72
8674
8678
7a8a
767e
6c72
7465
8e92
7d86
8674
525e
8687
878c
978a
786a
5e6d
6572
8e88
8b8c
7e74
6a64
7c6f
7c88
82a2
7c80
6a94
4e82
7e78
b072
9478
7b72
4c7c
627e
8778
a473
9aa0
6a7a
7a92
7a71
7e80
8b60
8474
6c6f
6a92
5c7b
687e
9a72
757a
7e6a
648a
9378
9e80
7c6a
9158
537e
9294
888a
9280
6c72
6e5e
6c7e
7c94
847e
8474
7771
737a
7aa0
6480
947c
7482
727e
6a7a
7f80
815a
6e80
4c64
686c
8089
9888
9086
6e79
6762
7e6a
8098
9292
7f74
7b60
6c6c
7f9e
8091
7c77
765a
745a
8684
7b80
a08c
7272
7864
7178
7aac
5a58
8676
7c60
808c
7c7c
7a88
746b
7083
7c68
7482
7a82
7e74
8672
8082
7886
7b73
826d
867c
7e80
7c87
7282
6f7e
7280
886d
7e7c
8a72
7d82
7070
747c
9279
868e
787c
6d7e
7278
8684
8678
7486
7c68
727c
8671
848d
8a8c
785e
6878
6e80
8c80
9084
6cae
4c3c
5b6e
7262
8972
7e7e
7884
6f6b
707a
8e7d
7e75
8978
7878
7287
7a7e
7e7e
897c
7c7e
7884
7979
8273
8888
6c7e
7878
8a66
8486
7286
7097
7a74
7c6c
7889
7c7e
7e88
846b
907b
6a72
917e
767a
807e
7e7e
7486
6c80
6f80
8676
8b7b
7e7a
6b7a
797d
787e
8a82
7c80
7876
7674
8376
8a88
9288
6e78
6c70
6b8a
8884
927c
8a7b
7266
7573
7897
7c98
8679
7562
6e72
679e
8792
a06e
8a59
7462
7682
7a9a
887c
7a70
7a71
7488
7894
7886
7670
6f7a
8878
7a82
7e7a
797a
8288
7a78
7b70
7d74
788a
7a70
7780
866b
807e
7a70
7c89
7594
8090
6d6c
8062
6a74
7f98
927f
8074
7c56
7484
7c92
8892
8a74
7a63
6672
6d91
7e7e
887c
7c78
756a
6e82
7f7e
9796
7284
6e6a
6c5e
807e
8c93
8884
6e6e
6a77
7386
868c
887b
8076
6962
7576
7c8a
847f
8284
6c88
6288
7e7a
8c70
8482
767b
7278
7963
8480
8878
9086
7a74
7276
707c
7292
8670
8570
8874
707c
8070
7c86
8682
7288
826e
7679
7176
8284
8e7d
7f76
7284
7082
8486
9171
877c
6e73
6a78
8482
8e80
866e
7788
628b
7a83
8476
8079
806e
768c
7476
728b
9472
8280
7971
757d
7671
8a8c
7674
8488
7290
6680
8069
8486
887a
7a8e
7e7c
837c
7a6c
8c76
8684
7782
7e80
7178
7392
6c8c
816a
8278
7a7e
8a85
746a
8f81
707c
7a80
6e83
7d8a
807e
876e
7f5a
7b82
6e92
748c
7c70
8866
7874
7a86
7687
7686
7282
7474
6c78
8676
7c94
7486
6c7e
7d6a
8284
766e
8282
8080
7a82
7876
6f7e
8877
6f88
8a6f
8880
8264
7c68
8272
82a2
7c7e
8378
6670
747a
8476
8c8e
867c
6f78
7672
8487
7683
857a
885f
6a7e
797a
847f
8f86
726a
7578
6876
8892
7692
8482
6a73
6e74
8e7b
8a8d
7972
8274
7878
6c8c
7682
8780
7c76
787e
7771
8378
8b78
8e78
8472
6e84
6381
7a84
827f
8283
7880
786f
8e6c
7289
7b80
788a
8872
7776
807e
8d72
8a8d
8276
5e80
5482
768e
9875
8e82
6a80
6887
7674
918e
7e80
7c7e
7e6a
6f81
7b88
8692
7e70
7284
786f
7c80
8e84
828f
666e
727c
787e
808c
7874
7c80
827a
7a84
8176
7c74
8078
7880
867a
727c
7e86
7a8a
807b
7a70
8878
747b
767c
7a72
8a84
7976
788a
6d74
7c8e
8c7e
7a7c
885e
7c78
7674
7e96
6887
826e
7e68
7886
7e8c
8d82
8a62
6a83
6283
7f86
9468
807a
7070
7480
886c
8d76
7e86
6c83
7a80
7278
787c
7a6e
9c6e
927c
7887
6c82
717e
767c
8482
7278
7c68
7c6e
7882
7b84
8486
7879
628a
6e70
8c76
8278
8c92
6e66
7276
6d86
8294
8c78
7c64
7464
808c
748c
8b8e
6675
6c7e
7672
8478
987c
8482
7a80
6266
836a
8f86
8880
7482
746c
7c79
8678
7f81
7a80
6a7f
7f82
7082
8074
7b76
8886
6a8e
767e
7c6a
8d80
7476
8488
8270
7c80
6c66
6e9c
8680
8589
6f66
6a74
786a
9a78
9184
767f
6982
7174
8772
8f7a
8088
7274
6083
7673
977a
927a
7a7f
6873
688a
926d
8486
8272
787e
787e
7476
8d82
7492
7a7d
7c6d
8465
7880
7484
8a7c
8077
7686
7e6a
807e
8a78
799c
7282
7a76
7c74
877d
7f8e
6892
7272
7c70
7c84
8684
867b
886b
767c
8078
7e8e
6c8c
7683
806c
707e
6682
8788
9286
8068
677a
6f82
7e88
9386
8671
6c75
5774
8084
9882
907a
7a6a
6380
7676
8a90
9580
7e6c
7c6a
6a70
7e88
8c8e
7e72
776e
7875
7e7e
8096
6d88
7a74
7a76
7f7f
7b8a
6c84
7d6e
8278
7672
7c86
7c84
8e73
7c7c
7e79
727b
737c
708c
7894
7a7c
8a6a
7568
7282
6f90
957a
8878
727c
588a
7090
7e81
807a
866c
7c71
7e6e
8480
8e7c
7d7d
7078
657c
7c7e
8a84
9376
7a66
6c74
7a7e
8684
8488
7862
826e
7085
768a
7c90
8272
886c
6678
798a
7886
8e76
7b5c
7c6e
8088
788d
7c84
7c7e
7c6e
866a
757f
7b80
7e7a
8078
806c
7b7e
6880
827e
7c76
8d76
6c78
7682
6e79
8c82
7a7a
827f
767a
8081
767a
7e80
7886
8884
766d
7868
6e82
8886
857f
8476
7c6e
7088
746e
7e8e
7c7c
8282
7079
7375
7883
7f92
8282
766e
7172
757e
8c7b
9379
7e78
6079
7884
8486
8c74
8f6a
767a
6583
7089
8086
897a
6376
6c74
6f7e
8687
7c8a
8c78
768e
7488
7086
767a
8672
8284
767a
7665
6c63
828c
9284
7258
6917
8060
b296
9394
558b
909a
789a
7e99
547c
5e67
7ebe
5fac
8893
628a
a848
9d61
9444
6058
b440
b653
9689
913d
e486
3a98
8a54
8ec4
7e58
969a
6e5c
5865
849a
9c82
ba60
4c8c
8370
9692
6b96
23ab
5b6f
90e4
62a4
4c60
3ca0
66a8
8c8a
8246
7823
7e55
a476
b08b
5174
6f79
7ea0
589e
5992
6196
67b2
5b8c
52ac
1485
6952
6684
569a
5635
6774
c84a
a46b
c434
4e7d
8678
4e86
5b4e
4d92
8e84
9ac2
866a
4c6e
4c78
8a78
7e93
7479
b950
6e50
8821
5e94
6a6e
6c92
4c66
ab40
7d6f
8466
8eac
a4b9
5498
d065
7d46
ca84
8699
a0c0
4c8e
788e
669c
727c
72a0
8872
929b
ad63
7e76
5d7e
4c8e
bc6e
707b
b014
8659
9235
61c2
c5b9
683d
5464
c0cf
c69c
7363
4480
899e
9570
5858
5681
74b6
7472
6e66
6695
7045
5bc4
3e8a
8aa2
8e8c
423b
6a3a
5873
9c82
8372
7264
4c52
9476
c090
d082
6c76
7255
4c91
786c
6f66
8260
9e64
985d
768a
989e
b890
777e
5076
4b88
6264
a18a
72a0
8682
428c
56b3
5688
8e72
4888
c0ac
6d8c
907b
588a
9a70
7148
8c74
b48c
77b0
8a82
5ece
6eb2
4789
548d
5c7a
8986
6865
7084
5a9a
7e98
888e
5e70
79ba
9a85
7b6c
5652
8e8f
ac96
8680
564e
6865
a290
b47a
947e
7866
727a
8690
ac8e
9463
954d
7a7e
a87d
747e
364a
658d
b07c
9e7e
7651
586c
6473
9a98
8878
586e
6c93
bcab
867e
6f4f
2688
668c
836c
587c
666d
848a
8e7f
927f
836e
6862
7cd0
b48c
7050
7856
786b
7260
4d82
94a6
8a88
7865
6c78
9ea9
aa9c
7667
5466
5464
8896
929e
6896
2652
5282
8a5e
9780
995c
5a54
59a1
9aa0
7dae
5871
5852
8eaa
8d60
7472
3f80
8c8c
908c
8258
606a
8277
787c
695d
566e
766e
927c
9866
6e54
4865
76ac
9b9d
675a
7852
887c
a094
905e
7e5b
747a
9a84
777e
966f
785a
786c
7c74
8b86
7f92
a2a6
867d
503a
5d74
9a89
8b80
7e72
7c8f
848a
8e6b
6978
9a96
7873
7880
6476
6e5c
8888
5e76
7269
6d6a
5e82
7c84
a07e
815e
8e65
928a
989c
6f7c
6e86
7c88
908d
866c
7274
8078
8e94
7a73
6974
6494
baa6
7674
326b
64b3
687f
7a54
7d54
706a
888c
8096
849a
8a8a
725a
6e58
749a
c4aa
7a94
787d
6c80
766c
8860
a05a
7867
9790
a8a3
7450
3a48
6c80
c4c4
6a62
4a6c
3c9b
76ae
6d8c
4e72
658d
809e
6288
646a
6ea2
8584
6f76
686a
6284
8892
8e8a
7a60
826e
7e83
8476
747a
6c82
7484
7e82
6c70
967e
816a
758a
8c6a
717e
9488
8682
8476
7274
6e76
8287
947e
8872
7899
90a4
7c78
7076
7682
a8a9
8363
6276
5d7d
8aaa
7c5b
4674
85a6
9e8e
7e5b
5866
8a80
8a8f
8070
667a
808f
7c7e
6c69
6992
90a8
8c74
4046
5e8a
a2d4
9690
4a60
307b
8e9a
885a
5a60
4a6a
92a4
8870
542b
4862
9bb2
a8a6
8068
5e5a
767a
8b86
7e94
8f68
8679
7c86
829d
7a72
3650
7c9f
7475
6e8a
5c76
759d
a09a
7a78
5970
54a8
70a2
96b4
9e8d
7a55
4452
669a
accc
8678
3e5e
518a
b2ae
7a26
494f
b898
fea0
4c01
011c
98da
fed6
8640
1c23
5297
939e
798e
7eac
967e
4d46
347a
a4de
c7a0
623c
4060
829e
688e
22b8
bccc
9261
1301
01c0
b4ff
e894
5836
225a
599c
6e9a
96a9
af7e
6a3a
1c5c
7cc0
ccac
9056
565c
736c
836f
9299
b271
7a3a
6456
8fb2
8b93
6a5a
7270
937f
7570
608e
8698
9476
605e
6c8e
8a90
7a73
7c78
898a
7871
6674
8882
8678
787e
7b88
7b73
7074
7a78
846e
9c79
7882
8c56
6e80
8883
888e
747a
7473
6e7c
7b86
848c
7a72
7664
7e7a
8c7c
7a7a
7a84
847a
746f
7080
7f92
925f
6c58
9482
788a
646f
8982
9883
767a
6288
7e7e
8e72
787e
838a
6676
807c
8480
8274
7079
8688
8074
6e7a
7884
7e79
6e78
8286
7c76
706e
877c
8b82
5580
707e
9a68
a260
7e5d
9d73
717e
8270
7c8d
6a7c
6e8c
737a
807a
7a7c
7c74
7274
9278
8870
7668
728f
828e
7e6d
6083
7082
8084
7a7a
847c
787e
7e7e
887a
7678
8088
808a
7b78
8076
6082
6a8d
9879
8a70
7275
6e92
7e7c
8e77
8c76
7279
7979
866e
967a
7494
8682
707a
7b7a
7686
7080
8678
8e6f
8a75
7580
7a80
8878
8276
6f80
7c8c
7e7b
7c68
7d7c
8496
8c8a
8a72
8474
7080
7684
8279
7a87
847e
7b72
7c77
827c
7e7e
7882
7e7a
8471
8d7c
867e
7a7a
847e
807a
7486
7f7a
8272
816f
7986
8486
807c
7e74
6f7e
7980
7c83
7b7a
8374
7664
746e
8278
8286
8384
7884
737a
7c77
847c
8480
7c7c
7a78
998c
7a8a
727a
7e7c
7578
8086
8088
7f7e
7a6e
6e75
7486
8288
7d71
7474
6c88
787f
787e
8578
9a78
8c7e
8284
956c
855c
6a70
708a
7684
7a7a
7e68
6786
707f
7986
7a82
887a
7078
746c
827e
7c8a
887c
716c
7d74
807c
7c82
787c
8074
7a72
6a83
728f
828a
7c76
6283
6c9e
7c7e
7a72
766e
6e84
7f70
825a
726a
7c92
7680
887f
787a
7a7e
7c83
6870
8470
7889
647c
8083
7072
8472
7484
6f76
7c6e
7a6c
8684
7f8c
7284
7a7e
7a80
8388
7e8a
9284
747e
7574
6e82
a684
a076
717a
7378
7a7b
8072
8080
7c8a
7f80
7278
8284
8086
7972
7e6e
8874
8494
6780
726b
7d6e
7874
7b7c
7078
8a68
8a68
7c76
7d88
7e72
8271
7c79
708a
8686
887c
8a7c
8682
7874
7e72
7678
8b8d
8085
6a71
7680
7e84
7e84
6c82
627e
7f73
7460
8078
7876
7474
8474
847c
7882
6d79
7d74
8674
7070
7284
7e8a
7e7a
6f6a
7286
808d
8280
7678
7c7a
887c
808a
767e
7e86
7671
7578
8089
8878
7a70
8074
7e82
7a82
7288
7d7f
8a72
7a7a
7e76
767c
707c
7d80
7a86
7476
7379
827e
767c
707d
7c7a
7c74
7284
7a84
787f
8277
8076
7d7f
767e
757e
7880
7c7a
897e
7972
8e98
8e8e
7e75
7f74
7c8a
8682
727c
7c7b
8577
7d7c
7a82
7d88
808c
7f79
7f7e
7b72
7d80
827a
807c
7872
8474
7e7a
7884
8286
7a7b
606a
7a80
7d80
707c
6e76
7a78
7e7e
827b
7f79
7c7a
7a78
7c82
7685
7a88
7474
727e
8c67
6c71
647a
7878
6d74
7064
7076
887a
7970
7d74
7a78
7a84
7a7e
767d
787e
7378
7a80
7b7b
7d80
8680
7c79
727c
7b7d
847c
7e6e
7a7a
7f80
807e
7c7a
7678
7e79
7a7c
7e80
867c
8879
7676
767c
7e8a
8288
7882
737c
7e76
7c78
7d7f
7880
7a82
7476
7c80
847a
8478
7771
7a7d
7884
7a80
787e
767e
7680
7982
7c77
8074
7d6e
7e7e
8584
827a
7872
6b80
7284
8290
8881
7472
7172
727e
8684
847a
7c7c
7682
787c
7572
7d82
8a88
8070
6c6c
7e88
9088
8370
6c73
7380
7e7a
7c81
7a84
7e7c
7c76
7a76
847a
7f7a
7e7e
827a
747a
7576
7e83
8680
827e
7673
7280
7e8a
8081
7870
6d73
7982
8886
7c7f
7b78
817e
807a
7a74
7e86
8086
7a80
6e78
7483
868c
8d78
746a
7a76
8486
877a
7e7e
7872
717c
7c86
848e
7778
7478
817f
7e80
7a77
7885
7a7c
7274
717e
7a94
8678
7479
7482
8088
7a7a
747c
807c
7f76
7876
7882
807a
7a7d
7a77
7a7e
7c78
7c82
7e84
8276
726e
8282
887f
7e74
7f76
807e
7e74
767a
7688
8284
7373
747b
8080
7e80
747c
7884
7e82
787a
7486
7e7c
7b74
7b75
8682
887e
7078
7676
7c7c
8276
787d
827d
7e78
7875
767e
7a7d
7c7a
827e
7c7e
7976
7274
8678
8982
8682
707a
6a7e
7a81
837d
8082
7f7c
7272
7874
817a
8081
8282
7a76
6f72
7678
8588
8574
7472
7480
7e7e
7e7a
7c83
807e
7880
7284
7e7e
7a78
787b
7686
867c
7a73
7a78
7678
7e7c
807e
7e7b
7374
7679
807f
8280
7482
7a7c
747c
7e7a
8087
7886
7482
797a
7b7c
7a7e
7c7a
8078
7a80
7a7c
767c
7881
8282
7680
6d82
7a7c
8075
8380
887f
7b7c
7976
7f83
8088
7080
747b
787a
817c
827e
7d75
727f
7c8b
787e
767c
7676
887c
7c7a
7680
7d76
7e78
7a7c
7e82
7882
7c78
757a
7a86
8081
7a78
7a7a
787c
7878
827c
887e
827e
7671
7981
8484
8482
867c
7570
7273
7f7e
8e88
8c81
706a
6c70
7c8a
888c
817c
7374
7a7a
7680
7f79
7c84
8a7e
7a7a
7072
747c
8c86
8a7e
796d
6a74
7681
808a
807c
817c
7b7a
727f
7a7f
837c
8076
7872
7e78
827c
7c78
7a80
867e
747b
7883
7c82
8478
786c
7980
7684
807a
7c76
7b78
7a80
7c83
797c
8280
847c
7c7c
7677
7e81
7a7d
7476
787e
7e84
8482
7b7a
727a
767d
817d
8278
7670
747a
847e
827c
7e78
7e7e
8275
7770
7e80
8083
7674
7478
8284
7a7e
7a7b
7f7b
8878
7674
7079
8088
867c
806e
7679
7e88
807e
7678
7e83
7c80
7c74
767d
7c7e
827a
7f70
7478
807a
8080
7c80
7d81
867f
7674
767f
7686
847a
7a70
747c
7a84
7f82
767e
7a7a
7d78
837a
8078
787d
8084
7974
7272
7e80
8685
7477
727a
8080
8676
7c76
7a7d
8182
7c78
7972
7678
7988
7a7e
807c
8078
7c74
7e78
807d
7c80
7d78
7e7a
7e78
7479
787a
7883
887f
7f74
767a
807c
827c
8474
817c
7e78
7a74
787b
7f82
8878
7d72
7476
788a
7b7c
7d7e
8676
7b7a
747e
7a82
817c
7f78
7e7c
7e82
7e75
7276
767e
8289
7c7f
6e74
747e
7c7e
8082
807e
7d74
7878
767a
7880
8480
8281
7c7f
767e
7479
7e81
8b82
8874
6c6c
7282
898c
8a7e
7970
7576
7e80
7a82
7a7e
7f80
8076
7274
7680
8281
827a
7874
7c7e
7a7e
7e7c
807a
7e7f
787c
7f80
8080
797e
7876
7c78
827e
797e
777a
847f
7f7b
7875
727a
7682
7c82
797c
7682
7e80
817a
7a76
797a
8080
7c7e
7c7e
7e7e
7e7c
787b
807e
827a
7a78
7a7c
8080
807a
7e7e
807e
7778
7272
7a7c
8a7e
867e
7674
787e
8687
8081
7a7c
7879
7e7c
7c7c
847a
7d72
7e76
807e
837e
7a7a
807c
817d
7c78
6672
7c84
8a7e
7e73
6b7a
808c
8a76
7c76
7a7e
8580
7c72
7a76
7d78
7e82
7a7a
7a79
7c7e
7c84
7a7e
7e7a
7875
787e
7a80
7e7a
7674
787c
8080
7c7e
7e7a
7f7a
7e75
807a
8480
7d7b
7874
7878
7f87
8885
747c
737a
7878
8076
7c7a
7f80
7c76
7176
7976
847a
807a
7c84
7e7e
6e76
7b80
8e88
836f
686e
6e80
8485
847a
7e7a
7c78
7876
7e78
837a
7c7e
7680
7a80
747c
747a
7a82
7e80
7879
7a7a
7c80
7c78
7875
8284
887b
7e77
7278
817e
8a7c
8078
727c
7d80
7a77
7276
7e84
848b
7a70
7670
787b
7e88
8083
7e79
7876
7678
7a78
797e
8082
7e88
7c74
7274
7a7e
8a8c
8481
726e
7470
7e80
817e
787c
7878
7e7e
7c76
7976
8084
7c7c
767c
7883
8078
767c
7e80
8081
7878
747c
8386
8480
7e7e
7674
7a7e
7e7e
817f
7776
7a7a
7776
7e7d
817a
7c7e
827e
7e81
7675
7a79
7c82
8686
7e7a
7279
767e
8484
8374
7d78
827c
8184
7c7d
7476
807e
8282
827d
7878
7478
827c
827c
7e7a
7a7a
7e7e
8178
797b
8088
827d
7970
7c7a
8882
847e
767c
7481
7a7a
7a76
8080
807c
7872
7174
9372
8e86
6f83
6a8a
7288
9d6c
8c7e
7e83
6c98
675e
7663
9758
6f96
6c97
667c
7866
7e5b
7272
887e
5b82
8784
888c
8682
7480
787d
8a7a
7a62
9079
718f
7c90
787c
827c
8274
7868
806a
54aa
65a0
8065
aa58
8662
6088
5eaf
6e60
c258
b867
4f88
668e
246f
789c
8084
dc98
8aa6
865e
4968
6d41
567a
c27d
a1cc
8c84
6842
3220
6087
92b4
b3e0
c87d
7c6c
5a14
224a
7a9a
6296
afa8
963a
8878
4a84
ccba
4e9e
9472
3e5e
746b
5e42
7695
98c0
9ec4
b466
6a70
524e
2a82
bb84
aaaf
d1a0
848c
643e
3b2c
3432
5e78
9285
b1b9
8684
7e74
3270
9082
549a
a0b6
5a74
a984
1b78
d008
5ebe
9d72
71b1
7244
7aba
4a8b
e075
72ff
f857
627c
9641
0137
624e
628c
a79e
9483
cea8
4c60
615d
5065
848e
6ea8
c679
907e
6874
5ac6
4804
d4aa
7370
ace6
89a2
07a0
aa0f
bc3e
c2d8
209e
44b1
7e0c
ae60
8663
6ab2
7286
989a
828f
7168
7471
4c6a
727c
d596
96b2
547c
4836
7659
6c7d
42ac
765e
9c11
c37e
2e98
7ec2
646c
88c6
2ada
ffb2
7044
971c
2262
4972
8098
8cac
d47d
7c5a
ae66
2594
6b8f
98ac
d8a6
b05c
3d36
7f74
623e
8660
4f89
5ca8
9a4c
805a
9458
5c44
4080
17fe
d0a0
cf30
767a
42d8
8c3c
655a
9462
607a
8e90
6d6b
58a2
8d14
7c80
8030
c2e1
b6d0
83ce
633d
6856
5a23
6ca2
9caf
7a8e
7060
6a2a
417c
4b38
caf8
ccc4
46a6
bc2c
7c72
7e8b
83aa
f4c7
88d4
528f
3239
7618
6b4c
b2c0
a6f6
9098
757c
984e
8928
4d92
3494
b2a2
5470
3e34
383f
7f8e
4e53
5c63
9248
b95c
5ee0
8ebe
a09b
9fb0
ee8d
8fe2
684e
8c74
807f
6688
7e61
7c6b
a57c
8a86
8cd2
5a70
424d
554a
8e8a
7883
8330
584e
3c6c
6164
a458
a684
7198
6376
54d7
e92c
7de4
5a50
9cac
6758
dc8a
3f57
765e
4d5e
5263
8c80
888a
887c
867e
5c9a
7f88
7063
888e
5876
a094
aa94
7eb4
8c30
6262
4f78
9d96
8852
8090
9466
88cc
8687
60ff
7756
c073
1223
4e80
88a4
96dc
ca62
987e
3663
728c
bd9a
86b6
6268
a868
5e90
6044
896a
46a0
a675
858e
703c
90a4
47ad
9c64
60ca
7662
c48a
8533
98ce
647e
92a4
9664
5ea2
ac70
577e
9031
70a2
9072
91a8
7e54
748f
6984
6c5e
9762
4d92
6f73
987a
6c68
8498
4899
6270
ae9a
ea47
bac2
3392
6f76
6884
64be
a584
a87a
7155
7ba0
845d
997e
6a82
6e5e
74a2
4c60
6e5a
6489
9870
5064
5e4c
7892
7268
6c96
926f
7f74
3d7e
986d
a058
b9b0
7476
7d80
4052
b688
8b9b
6e78
728a
5e7a
6e8e
a441
9d94
3c72
655e
bd3c
6aa6
4f74
ac7c
807c
6898
9660
8aa1
847b
7893
7586
985e
3a3c
7e94
60a8
94be
6b42
6f68
8f6a
746e
8288
6c6d
8e48
82b2
5aa8
aa51
807a
868a
749a
ac84
9299
684a
748e
7370
8d75
b2a6
6c7e
594a
7462
9caa
5e64
8ebc
c86f
98b8
7a54
7474
5a6e
85ae
a149
5a7e
4a48
9294
9e80
7498
967c
7c9a
7f84
5e58
768f
5c7b
8580
8c60
585c
6844
4c42
8c5e
66b6
82ae
b392
b27f
825e
628a
7c98
7e5a
8cc8
9a90
9081
89ae
b280
8858
6d68
aa98
6fa6
826a
4a4e
7573
627d
907c
8c9c
8881
646e
786e
8a73
8b8b
7c81
986e
9884
56bc
6253
b26e
6a9e
6952
7934
3c86
a37e
5e72
c622
6862
8382
42a7
7055
7aa3
bebe
6498
7d1c
4c6c
588c
b86e
9392
4960
7e4c
6d9a
796e
7ca2
6e82
9e74
726f
8479
595e
5450
745e
7094
84a2
9686
745e
5860
837f
9cae
a6b2
6540
4c5e
62ac
c3a8
878c
135f
3a3e
969e
ae6e
c086
5476
8cc8
c68f
735e
4133
628c
d6c4
cc62
4c44
4f6b
92d2
9a78
884d
7b74
90e4
597d
ae7c
6078
b678
5cb6
8f8a
5a6a
6e5c
8a69
7080
8074
8c88
6276
766e
5279
7184
a87a
ac4f
6268
9389
a084
6237
5256
5792
694e
d660
b283
01aa
8a7a
8c9b
333e
7875
9ea0
e289
4080
0126
8c84
c6b6
90aa
3d34
9b54
ab9e
6a9d
4f74
6296
8c8a
9698
5a60
8853
7a7a
9284
8882
7884
7666
747e
4e92
6496
9b6d
8c86
6198
7c6e
cd56
d02d
5062
6ab7
ae67
e774
8eb0
6cb6
6e5c
d05d
4b7c
5aaa
aeb0
995b
4212
3470
d2b8
c6a2
7a4f
474c
96d8
d077
6e7a
424a
78ac
ae9e
826c
5634
6866
7e89
7f78
7070
7ca8
9482
8475
6267
707c
8e79
9985
7e81
6a56
7e58
6a98
7456
8a5a
9272
7eb0
87ab
7463
2c1c
608c
7ce2
a884
7644
1e45
68b9
bcb4
865e
4229
7ea4
9a6d
6ea8
8e82
7a6c
795c
8496
8e82
a090
5e80
8478
7c74
7272
8773
6e87
8e6b
7880
6086
9b86
7b90
806f
5372
a554
7aa6
b668
6aa0
7c96
98a0
a666
7fa6
647f
298e
9aae
baa4
5238
1221
7694
f8be
afa3
0144
7842
abb8
b8a8
8076
4443
6d91
929e
8770
5c6f
7876
7e74
7d6c
928a
8e8b
7887
6766
797c
7c9a
7576
726f
7073
716b
717b
7e7d
7d80
7e7b
7978
7776
6f6f
747b
7d78
777e
7d80
8b8a
8274
7174
7675
6e72
7375
7570
7178
7e86
848b
8c86
8f82
8a8e
7d7c
7678
746d
666b
6d72
7878
7f85
8e8e
8e8c
888a
7270
655d
6061
6c6b
7065
6775
828c
8a8c
8a8a
888b
8a86
7f72
787a
747f
786a
686e
6c6e
6670
747e
868b
8c83
8678
7776
7a74
7674
7e80
8583
8878
7d80
736e
606d
766e
7678
888a
8a86
8484
726f
605f
6b72
6f82
8886
8f96
9694
9087
8276
7172
6d6d
736d
8076
7e85
867a
6e5c
5c60
6367
7a7f
7f8a
999e
928c
8c7c
7672
685d
667a
7768
717f
7f71
746c
7c7c
7072
797e
8b8e
8e9b
938b
8879
8179
7274
787c
8286
8781
8872
5d5a
6972
6a65
5d5e
6c7c
989e
9ea4
998f
5e2f
224b
6c63
778a
98b4
bab8
beb8
9c6f
462a
3148
5f61
5c65
6481
8686
7c76
626c
8390
a6a7
bcc9
c0c0
b390
6244
3520
0a01
2067
86a0
a5b0
c8b8
b899
6d63
4434
3c22
1e3c
6784
8eb1
b1bf
b8c0
a58c
937e
6c75
5e59
6573
a488
7784
6f5c
6055
646d
768c
8c7a
8086
cbc4
a487
5e5d
5849
2524
444e
a470
5a78
e4f7
c492
a75c
684e
2205
281e
447a
98c6
d2fe
d9a6
32ab
824b
5a15
0755
76a4
c0f0
f6fe
dea5
5c01
5940
0101
0c05
5b8d
9cad
be7e
b25c
1101
a6d5
a67f
9462
877c
988c
7698
a67a
3529
1250
dda2
abbc
7c6f
a659
5e6c
2046
38b0
7101
26f9
fff3
8a8d
a5bc
98a6
6074
7a3a
1424
8a36
2301
a9b7
5c6d
645c
cc3c
94ee
eaa8
a786
e0c9
a08b
3e40
0142
4044
a601
3af2
f0a4
8abf
ed70
436e
01c5
281b
cc4d
64b2
c0b0
f7be
3061
3101
0132
b1b4
9eec
ddac
c672
353f
645a
3316
0101
b6ff
dac9
f6d0
ffb6
9074
3313
1f1b
013f
6630
3fb0
ffee
b4d4
a68a
8465
90aa
6560
7173
908f
94c2
5c6c
2002
0136
3b54
8a93
87c8
bee1
fde6
b3b4
6238
320f
4d1b
0a01
afff
b38f
4455
8c44
3c59
8483
948c
d3c2
bead
847f
9056
3d6c
6910
0601
6b7e
acff
f2f4
fffe
bbb0
6001
0101
0101
608a
806c
534d
ffdd
61e9
8a88
a45d
c6ac
a17c
8a8d
c4c1
253e
0101
0101
908f
3693
6896
c877
8ccc
b9b4
93b5
c283
441b
0101
a3ac
a2ff
d66c
d493
9258
5d5e
432a
5c61
ba6f
5407
0101
a1c6
7968
ccb3
d8cb
effe
fff7
e5a4
8f5c
0101
0101
0101
9fa9
a5e4
7b9b
ffcf
d4ff
fff2
c05c
8f04
0101
011d
4cb0
75ba
ffcc
ccf4
e69c
6ca7
6201
015a
f33a
0101
017a
8440
edff
ffd4
75ae
fad1
ffe8
0101
010f
0101
0101
42ff
ffff
ffff
ffff
ffb8
4b81
0101
0101
0101
2438
9ba8
b8cf
90d3
c26a
01ca
ff8c
c03c
2a9c
1041
d6b6
afac
b590
fbff
e482
0128
0601
7601
0101
275f
4ac3
f2ff
ffff
ffff
ffff
8e18
0101
0101
013c
5901
b0ff
ffff
ffff
ffff
6c2c
0701
0101
0101
39ff
640d
c2ff
fff8
ffff
ffe1
ffbb
7301
0101
0101
6001
01ac
ffff
ffff
ffff
b66b
43ff
9301
0101
0101
0101
72fe
fcc7
a5ff
ffff
cf3a
ffa7
0101
0101
0101
0170
ffff
ffff
ffff
ffb0
1164
0101
3001
0101
0179
8a80
ffff
ada6
b0ff
ffde
f008
0406
2c01
011e
0101
0101
9bc4
ffff
ffff
ffff
f27a
0101
0101
0101
019a
d6ff
ffff
ffff
ffff
8401
0101
0101
01e8
f0ff
e488
805c
a701
01ff
9c47
5501
01fc
fffc
cdd1
0101
0101
0101
9cff
ffff
ffff
fff3
0101
0101
0101
0101
6a38
01ff
ffff
ffff
ffac
3001
0101
0161
047a
525e
fffa
dcd7
4a19
5c55
cde7
ff88
0101
017d
b7ff
ffff
0101
ab8f
db77
1101
f6fa
600a
c01e
0116
ffff
ff68
012a
cd76
01d6
2801
8f78
c6ff
da01
4f22
d101
4c01
24cf
ac68
f4c3
fff6
bdb1
6679
7a28
1801
6cd9
2a48
c045
f6f6
bc3b
01a2
b53c
0801
41ff
fe2b
240c
a6fa
c401
0116
7e59
fcff
f272
a5b8
cc9c
e28c
2601
012b
a188
5f01
01e6
ff7d
79b6
a460
05b6
d214
16ec
ff6d
686f
5c24
7d9e
546c
b01c
1ad1
d653
0eca
9f01
9bac
8677
7454
a470
ac8a
60de
f462
7aeb
f069
011e
b584
0101
b678
2201
88ab
845a
d7bc
7398
c1af
4410
4cb8
8862
3228
51a0
b651
85a7
d680
bf8a
6f8e
9324
067a
5c13
017a
753f
8fd8
473f
aef8
c8a7
ae9e
2a84
7552
767b
6c6f
1ed0
e175
68b6
da5c
43a8
7c25
7863
913f
6b7e
827c
6650
6e84
9896
609c
9f2b
2865
a49b
765c
2536
8a48
585c
82c8
a0b1
c8c3
8582
8f6e
5a8f
7c78
5672
7467
4e80
8f96
8aab
ac88
4560
8d87
7a5e
84a4
92b2
a477
5276
7f54
586c
7275
6478
6e6d
7862
5464
6576
665f
6073
939e
979c
ac8e
848c
7e70
5659
6b5e
6d8c
918c
8594
8d8a
9680
686a
867c
5f54
6375
6a53
5c72
9589
8a84
7c88
8a7c
7077
8890
8b72
7f80
746d
6e65
6478
807e
6e86
8b80
7e79
8489
938a
716c
7270
705c
6668
7089
8a8a
8d92
837a
7b87
8b7a
6e74
6e76
787e
7778
7a75
7071
6e7c
7c72
7b7c
7a84
8285
8684
827e
7b7a
7871
707c
7d80
7e82
8886
868c
8f82
747b
807b
7466
7170
7c7e
6e74
8785
7f7d
828a
7f80
786f
8285
7c6e
7474
7472
6c68
6d6d
7379
7a78
7276
7776
807c
7a7c
8280
848b
868e
918c
8b87
8b87
867c
7676
787a
6c70
6d74
7a79
807f
7875
797c
7978
767c
7a7f
8483
8586
8186
8181
847f
7978
7066
6c6a
6c5f
5b60
666d
6b7f
8c8a
8f98
9894
8e8c
8679
747d
7272
6d69
6b6e
716f
7474
848a
888a
887d
7b6e
706f
727b
7c7e
8480
888c
8c85
8687
8480
8076
6b65
6961
625f
716f
747c
848a
8e94
8d7d
7a7f
807b
6c68
6c6c
7068
6a74
7270
7c81
8286
878a
897f
7c77
7270
6664
6876
7874
7f82
8c91
9293
9186
7f76
7c78
7068
6e7c
8477
6c70
7780
857a
7075
7e82
7c7a
8086
9894
898c
887b
706b
7070
6c60
646e
7a7c
7276
7577
7a76
797a
818a
8481
8084
8078
7576
7476
716e
6863
706f
6474
7780
8584
8e8e
9aa0
9487
8486
7b7c
8370
7481
8280
8c82
847e
7674
7778
7253
443f
505a
6963
6b84
9ca6
aac0
b8ad
937a
6d68
5958
5459
5b5e
7084
8f8e
7a66
6760
5a61
626b
6e68
849b
aebc
c0bc
9e90
8c7b
7668
6560
6f72
8899
7e63
4e4d
4c4a
4c45
3d40
679d
b5c8
b2a0
a59a
887e
7250
4e77
a4ab
a8a8
9f90
7b5a
3d3f
4655
7c86
7f67
6890
9776
5231
3051
5886
afca
bc9e
9494
a6a6
8c6b
5c5e
4b48
595d
6277
918f
846d
605e
708c
9792
908b
91ab
b0a8
8554
485c
788c
8266
646d
8172
7d94
998a
764b
1e4c
9cc0
b48a
6a4c
576a
7e8d
6b58
78ac
afa8
8370
667c
8e8a
946d
424a
7f92
adb6
8a4f
4452
7488
7c66
3835
7fae
b6af
8a53
5c7a
7d80
8b86
786c
7e6a
6077
959e
8f60
4f5a
9fc7
b883
6c64
acc6
ae84
7b58
5a55
505f
6b60
5532
3854
6e64
4e40
587f
a6aa
ab94
9bc0
d5d7
b079
7c71
9086
7670
757c
7a5b
343d
6167
3f0b
1a74
8a9c
7a6c
8caf
b08a
6d82
9f95
958f
98ac
aca4
7452
6f90
835c
5053
596d
837c
6950
445c
8a90
766c
708d
aeae
9780
6f94
9f8f
6c71
7c7e
6e5e
7078
7478
6351
657f
7c71
5f66
7d80
847c
8aa4
a08f
686b
6b72
8394
7c77
828f
aea6
887a
6c6c
6965
6371
807d
827c
7f70
6f70
7774
767e
707d
787a
8380
8970
647d
7c6f
748a
8466
6c75
7d7c
7e77
7989
7e75
8478
8074
8684
6a68
848f
7280
7570
8878
7075
877e
7e92
7c7a
908c
6770
8685
8579
787e
958e
7c6c
707d
8282
786f
7378
6b5c
6175
7a7c
8488
8c96
8c7e
7e84
707c
6a63
7973
7065
5546
717e
6a7d
8e90
9093
889a
9779
8988
7a7d
7c8b
707c
8c76
7b78
6b72
8a73
6778
6b6c
6d66
6d74
807f
7271
7081
6d6b
6168
7b7e
8085
8891
8e95
8492
9a94
8180
827d
7675
5f70
7d68
6474
737c
7a76
747b
7a7e
7b88
837c
7f7f
7574
7474
6f76
7c7c
776c
726f
6a79
807e
7d81
8c84
868c
7679
7c7d
7582
8584
838c
8c8d
8880
767a
746e
6e68
675c
5e6d
727f
7e77
7776
7d84
7c7c
827e
847b
797c
7f80
7d82
777d
7278
7e76
747e
7774
7b7e
7f83
8088
8890
8180
7b74
7274
7672
7471
7276
7170
7378
7475
716e
747c
7e7e
838c
8b88
8481
807b
7473
6f6c
6f76
747e
7e7a
7e7f
7a73
7d78
7d7f
7a79
7475
7476
7c7a
7c84
8580
7a7b
7473
7978
8180
7278
7a84
827a
7e85
828a
7d7b
7970
7474
7872
6c68
7472
767c
7f84
888d
8c8d
8780
8582
827c
6f75
7277
767c
6c66
6b6c
6d75
727c
8088
8686
868a
8688
7b7d
7875
726f
7072
7567
6674
706e
7274
7583
867a
7d84
837a
848c
8084
8e8f
888e
857c
7d7a
706f
686f
6869
6d60
5e64
6a6f
7676
7c7f
7e80
8384
8884
8175
757a
7c80
7c7a
8084
8b84
8683
8079
827a
7570
7074
7a74
6e70
7071
7478
7579
7f78
7c81
797f
8086
8c8e
9087
8582
7e77
7171
6c6b
6d6a
6c6c
6a70
7675
7c82
8486
8788
8b8a
837f
7c7d
7e80
7c82
827e
7f79
7a7d
7978
7472
716c
6e6e
6e74
6f6e
7478
787c
8180
8381
8889
8481
7c7c
7c76
797c
7b74
7677
807f
7b7b
7c7a
7f80
7a7c
7a7a
7c7f
777a
7978
7979
7775
7476
7c7c
7c7e
7d7e
7f7e
7e7d
7878
7678
7776
7676
787c
7a78
7c7d
7a7e
7f80
7f80
7f81
7c7c
7c7c
7c7e
7c7c
7b76
7675
7478
7474
7578
787c
7a7c
7e7a
7c7b
797a
7978
7979
7979
7778
7c7c
7e7e
7e7c
7b7a
7c7d
7a7b
7879
7c79
7a78
7978
7675
7577
7476
7576
7976
7778
7778
7b79
7b7b
7b7c
7c7a
7c7c
7e7b
7a7a
7b79
7878
7878
7978
787a
7a7d
7d7e
7d7d
7e7e
7e7d
7e7e
7e7d
7b7a
7877
797a
7e7f
7f7f
6687
abbe
a673
4947
627c
8a9d
b1b3
8a57
3a35
4e6a
809d
b5b6
8e5b
3e4a
6a7a
8792
adb6
9d6d
504c
544e
4c71
a4c5
b88e
6b5b
4c3e
4973
abcc
c3a4
7a5b
4538
406a
a0ba
b383
665b
4e43
4c71
abce
cca4
7157
5050
5778
9295
806a
687c
837e
7678
7e80
7878
8a9b
956d
575f
7175
716b
7c85
8075
7c87
8780
7c7e
878a
8578
6d66
5f62
6f7c
8789
8175
7175
7c83
878a
8a81
786d
736f
6d6a
6b75
7c80
7c7c
8081
7e7c
7e87
8783
766a
6b71
7575
7373
7871
737c
8a95
8e7a
7173
8085
8780
756a
5f62
7583
877c
716d
788a
948e
8378
7175
7c80
8773
6257
6683
958e
7c6b
6a78
8e99
9989
6f5f
6075
8a87
755f
5771
8592
8e80
7371
7889
9999
8166
545f
7583
8173
6666
7683
8a92
8a78
6a71
8395
947c
6062
6b7c
807c
736d
6b76
8790
958a
756d
7581
8e85
7160
5f6a
7580
8787
756a
6d80
9595
8371
6b75
8389
806f
5f57
5f75
8e94
876a
5f6b
899b
9787
756a
6d78
8087
7162
5762
8599
957c
605b
7392
a09d
8a71
5f5d
6d83
8771
5b4c
6a90
a49f
876d
606b
8095
9983
6650
5b7c
959d
856a
5755
6276
807e
7871
7e9b
bac1
a068
4035
415b
737c
7671
7387
9bad
a88a
6f66
6f7e
7a66
5752
6281
9ba8
9b7e
5f57
6275
7c75
737a
8ea4
a895
755f
575b
626d
6d6a
626d
819d
aaa0
958e
8776
6657
5b57
5b66
788e
9992
8e81
7871
6d6d
757e
8387
7c7c
858e
8a78
6662
5d5d
646a
7583
8e97
a4ad
ad99
7550
4141
5464
757c
8589
8c92
9495
8773
6d6a
6a6d
6d75
7a83
8789
8985
786a
5b55
5f75
8792
9999
9d90
8378
6d62
5b54
576a
7183
8c90
9292
8e8a
8575
6a62
5b59
6275
8792
928e
8378
716d
716f
6b66
6878
8c9d
9b95
8071
6d6a
6a6a
6262
646b
8ea2
afa2
8e75
6a60
6466
6a6a
6a71
7e90
9599
9081
716d
6a6a
6662
666d
7c8a
949f
9b8e
7862
5750
5766
7e8e
9492
8c87
837a
7568
605f
646d
7880
878a
8789
9292
8a71
5549
4a5b
7189
9ba0
998a
877a
7871
6257
575f
7585
959d
9585
756a
6b78
7573
6d6d
6f71
7581
8c95
9592
8775
5b41
3e49
75a8
beb6
996a
4a43
5b89
abaf
905d
362f
4380
b6d0
d0b3
713a
2220
4178
a8bc
baa4
7849
405b
8aab
b699
6a38
1220
62b6
e6e6
bc78
3822
3a64
94a8
9578
5d54
6a89
a4b1
a895
6a45
2d2f
5487
b3c1
c1a6
7545
3541
75a0
ad99
734c
3a49
7cb3
d5d9
ad5f
2203
1557
a0d4
d5b1
7543
3855
839f
af9f
7e54
332b
4987
b8d0
c9a4
6d36
1d20
54a0
cac9
9f66
3e33
5995
c1c3
9b5b
2812
3373
badd
d0a4
642f
2249
81b3
b8a0
7c57
3a33
4775
a6c5
caba
9266
413a
5078
948c
6a3e
2033
78c3
f7f7
efa4
4109
0915
5f99
afa0
8062
6281
adcc
c9a4
6d3e
1b0e
2045
83c1
dbd4
ba95
7c68
6062
6f6f
593c
222f
5da6
d5ed
efcc
8740
140a
285d
7c8a
8a85
8787
9db8
c5ab
804c
3831
2f33
4771
a2c1
c5c5
b69d
7c54
3e3a
454e
4e52
6a8e
afc5
d2ce
b37c
4528
2031
4959
7189
9da8
abaf
baba
9b6d
3e20
1d24
3e66
92bc
c7be
afa4
8e7a
5d4a
413e
3e41
5b83
abbf
c9c7
af92
643a
282f
455b
6a80
99a8
afab
aba8
9775
5435
2d2f
3e57
7aab
c7cc
c1af
9981
6647
2f28
2b3a
5783
b6d0
ceba
a890
7654
3a3c
4a54
555b
718e
a4b3
bac3
bfa8
6d36
1203
1947
75ad
d0d9
c59d
7c6d
6a5f
5050
555b
5454
608e
b3c5
cac1
b18e
4c20
0515
3662
83a8
c5ce
b69b
8983
765b
3e2f
3a52
606d
87a8
babc
ad9f
9580
502d
1d2b
4c62
80a4
c7d4
c5a4
8e73
5038
2b36
546d
757c
8ea0
b6be
b6a8
9275
4a28
191d
3e66
8eba
d5d7
be99
7566
5b50
4c4a
545b
5f66
85ab
c1c1
ad99
8360
3e28
2645
6480
9db3
beb8
9f87
7862
5749
4143
5462
7590
abc5
cabe
9d83
6b4e
3322
2640
5f78
9fc1
d5c9
ab83
715f
4e40
3e50
626d
758c
a4b3
b5a6
958e
7c57
3520
2441
6687
abc9
d5cc
ab89
6b50
3828
2a43
6076
87a0
b5c5
c1af
957c
624a
332b
3a50
6883
a2ba
c1b6
a08e
8066
4736
3849
5b6d
87a8
c3ca
b58e
7159
4c41
4154
6d7a
808e
9dab
ab9f
8e80
7160
5049
4950
5b71
8ca8
b6b5
a48e
7868
5b54
525f
6a78
8087
9094
8e87
7c78
7675
6d6a
666a
6d75
818e
9595
8c80
756a
625d
606f
7c80
8792
9590
8371
6d73
7878
736d
6b6a
6d78
7e8a
948e
837c
7575
736d
7175
7c7c
7a76
7871
6b75
7c8a
9287
8076
7171
7178
8081
7c78
7173
7c7a
7571
7380
8987
817a
7576
7878
7c7e
7871
6a6f
787a
7c7a
787a
7e83
8387
8078
6d6a
6f78
807c
7176
7a76
7878
7a7e
807e
8783
807c
7171
7175
7e7e
7571
6d71
767c
8787
837c
7c7a
7e80
7a78
736a
6a6a
737c
8387
878a
8c87
7866
5b57
6a7e
8e95
9994
8575
6a5f
5b54
5766
859d
a8ab
a690
7c66
554a
4550
6a83
a2b6
b3a0
8059
5052
5b66
717c
8999
abb3
a889
5f3a
2a33
5278
9ba6
afb3
af97
7350
332a
3c6d
a0ba
bca0
8e7a
685f
5549
4150
6d95
b8c9
c5a8
815f
4540
3c3a
476b
95ba
ccc9
b37e
503c
3a4a
5f6a
8097
abbe
bca0
7143
2824
3e6a
8aa2
a8ab
adad
9773
4c33
2f49
6d8e
9ba0
9d99
897c
715f
4943
5476
9fb6
baab
8e6a
5045
434c
5d75
879f
b1b5
ab87
6450
4a52
6a75
878e
9599
9d92
8064
4936
4062
85a4
b3b6
b3a4
8a6a
492f
1f36
6495
b3be
b6a2
8e78
6a57
4538
4162
92af
c5c3
a47a
5741
3538
4762
89a8
c1ce
bf9d
6a41
312f
3e5b
7585
99ab
c1c1
b38a
5b36
2420
436f
90ab
b3af
a89d
8a78
5545
4150
6075
7c81
858e
99ad
ab92
6d4c
3e49
6280
8e8a
837c
8790
8a80
6d5f
5f6a
7880
7e7a
7c83
8e8e
837c
6f68
6a6b
6d75
7c83
878e
8a87
7c73
6a66
6a6f
7578
7e80
8587
8787
7c75
7571
7578
6d6d
6b6d
7883
8e95
9589
786a
6262
6a6b
7175
8089
8e94
8e83
7568
626a
6a71
767c
8083
878e
9089
7a6b
6060
6266
6d78
8799
a09b
8e71
6255
505f
768a
9490
8178
7375
7c81
8580
7166
5d5b
6a80
95a0
a294
7c64
5454
667e
8a8e
897e
6d6a
6f83
9294
8a78
665f
606a
7887
8a8e
8980
7875
7175
787e
7e75
6a66
6b7c
8e9b
9f90
755b
4c50
6a83
9495
877a
7575
7c87
8987
816d
5b54
576d
8199
a4a4
927c
6054
5766
7e8c
8e87
786d
6871
8395
928a
755f
5050
6487
9fa8
9d87
715f
5b62
7881
8785
786d
7175
8794
958a
765f
5050
647c
8e9b
a08e
7562
5762
7381
8e92
8e7c
6a60
6a78
8992
8a75
5f50
627a
95a4
aba0
8564
504c
576d
838a
8a80
7875
7680
8e92
9285
7162
5450
5f7c
929f
998c
8076
757a
8080
7a66
544c
5471
92a4
b1ab
9983
6b55
494c
5b6b
7c83
8a8a
8e92
9292
8a78
6652
4547
556d
85a0
abab
9d8a
7c71
6057
4c52
5d6d
7e8e
a0ab
a89d
8771
5f57
494c
5f75
8994
928e
8e8c
8587
8378
6a5b
5055
6478
8395
9f9d
9589
7c73
6a64
5f5f
626d
757c
8a95
a4a2
9580
6b5b
4a49
546d
8394
9995
908a
807e
766d
665d
575b
6d80
9597
9b95
8a7e
6d62
646b
7171
7175
767c
8087
8a8c
877c
7571
6a71
7371
7173
7375
7880
878e
9799
8e78
5f49
474e
627e
99a8
a89f
8e7c
6a62
5f5f
606a
6a75
7e87
9297
9792
877a
6a5b
5457
5f6d
808a
9d9f
9287
786d
6d6d
7178
7573
7175
7c80
8183
8180
8783
8078
6d66
6062
6b7c
8c95
958e
8a81
786a
6260
6666
6a6d
8094
a0a0
9587
756d
6b6a
665b
5050
6492
b3be
b38c
624c
5064
8089
8064
505b
85aa
b6a4
7c54
495b
7e99
957a
5941
5487
afbc
a06a
4545
6b99
ab99
6a3a
2a4a
8cc1
d0b3
7e4c
455b
8092
835f
3c3a
66a8
d2c9
9f66
3e41
6a95
a889
572b
2f64
afd4
d7a6
623e
3e5d
818e
806a
4955
8ab8
d0b3
7840
2a47
7caa
ab80
5233
417c
bace
be8c
543a
507a
928e
7550
3e54
8aba
c1a0
7349
4771
95ab
976a
3824
4183
bed0
c187
5549
5471
8780
7160
5f78
99ab
a88a
624c
5578
9999
7a57
3641
73ab
d0d0
a254
2624
5b99
baaf
8354
3e49
7197
a8a0
8a78
757a
7c6d
5445
4971
a4c9
d2b6
6b28
0915
6abe
dddb
b360
2f1d
3366
95a8
afaa
9987
6d50
3322
3878
b3e0
eac9
7505
0505
5dba
dfdf
af62
311f
2f62
95af
afb3
a88a
6240
2a36
6499
bac3
b68e
5b38
2633
6499
bed0
c399
5b33
1d2d
66a0
c1c7
ab80
4e33
3147
7ca2
b6b6
a887
573a
2f45
78a4
beba
9b6a
3a28
2d5b
a0c9
d4c5
955b
331f
2b57
8ab5
cac1
a473
4120
1f45
85bc
d5d0
a466
3a1d
265b
95be
cab5
8954
3328
3c6d
a4c1
ccbe
925d
2f15
2855
95c9
d4cc
9b5b
2d15
2457
95be
d0c9
9f6d
432b
2f57
8eb1
c1ab
7c4c
3133
548e
b6c7
c5a6
6a3e
2020
417c
b5d4
dbbc
8343
1903
1d62
addb
e6d4
a055
240a
205b
99c1
ccb6
8e57
4035
4971
97b3
b6a2
7850
3636
528a
bcd4
c59d
521d
0315
57a8
d9ea
dfad
622b
1212
3a75
b3d5
d0b3
7c47
261d
417c
b3cc
c59b
643a
2b45
7aa0
b6ba
a071
452b
2f47
7eb3
d0d5
c183
471f
0a24
64b1
d7e0
c995
491b
0e20
60a8
d0df
ce92
5028
1b3a
73a4
c1be
a075
4c3a
3654
83aa
c1c1
a66d
3a19
2050
99cc
ead9
a654
1700
174c
92c5
dfd7
bc87
5028
1224
579b
ccd7
c189
4524
204c
87b6
c9b8
8a57
4133
4a75
9db6
bcaf
8755
331d
2b5f
a4ca
e0d5
a459
0706
195d
9fc9
d7c5
945d
3624
3362
92b3
c5b6
8755
3126
4175
aac9
caaf
7e45
2824
4171
a0ba
c9bc
905b
362f
3c6a
95b3
b6ab
8c68
5045
4a66
899f
aba4
8a6a
5449
546d
8ca2
ab9b
8762
544a
5266
819b
aaa8
9b7e
6252
5057
6b87
97a2
9b8a
7362
5d62
6a78
8790
908a
8375
6a64
6a6f
7a83
8987
817a
7578
7171
7c7e
7e80
7c7c
7a75
7576
7c80
7e7c
7871
7375
7c83
8380
7c76
7171
757a
8081
807c
7575
7578
7c7c
787c
7e78
7875
7576
8087
8781
786d
6264
6d7c
8e94
8e80
756d
6d71
7a87
7e7c
7875
7880
8083
8180
7873
6d71
737c
8783
8787
807c
756d
7376
7878
7875
767a
8087
8787
8075
6d6a
6a78
8183
837c
7873
7578
7c80
7e7c
7c7c
7875
7573
7680
898a
8173
625f
6d85
999d
8c6d
5050
688a
a4a8
8e66
4c4c
6d95
a499
7150
5068
9db1
a883
503a
4a7e
abb3
955f
3e3e
71ab
c5b3
7a36
193c
87c5
d4aa
5f2b
2b66
a8c1
ab6d
3822
4995
c7d0
a260
3133
6aa4
b699
5f33
2a62
b1d9
d095
4519
286f
b3bc
9d60
3638
71a4
c9bc
8341
223e
81af
af87
4c33
508a
bec5
9962
3133
71a4
ba9b
643a
2f5b
9fcc
c992
4c26
3e7e
abb5
8e5b
3841
73ab
c5b3
7841
365b
8eb1
a26a
3a31
62a6
d0cc
9754
201d
5ba0
c1b3
7c47
2d54
94c1
cea6
5b2f
2054
95b6
b180
5445
608a
afad
8e5b
4050
78a0
a48a
624c
5b80
abb5
9564
3c3e
71a4
bea8
6d3a
2854
95c9
d0a6
602b
2859
9db8
a875
4c3e
66a0
c1c1
9959
3838
5b8e
a295
6d4e
5078
a0c1
be95
5b2f
2d62
97af
9d75
4c45
688e
a4a0
9283
806d
5b4e
576b
808e
8e85
7c78
8795
9789
6d52
454c
6287
9ba2
9583
7578
8187
8771
6257
5b6a
7c87
908c
8785
878a
8371
5f5b
5f6d
7e8a
8987
7c7e
7e87
8e83
7562
5f64
717c
8383
8180
8387
8e90
806b
5959
6275
8087
7c7e
838e
9799
8e78
6050
5466
7881
7e7a
7885
95a0
a089
6d50
4a59
7383
877e
7575
8395
9f9b
8162
4c4c
5f83
948c
786a
6b80
95a4
a483
5f49
4964
838e
8e76
6a71
8195
a8a0
835f
4545
6680
9087
7168
7387
9da6
9b80
5b49
506a
838c
816b
626a
8ea6
af9d
764c
3a49
6d8a
9587
756a
738a
99a4
9773
5441
4e71
898e
876f
6d7e
97a6
a489
6a4e
4154
718a
8c81
7578
7c8e
9995
876d
5754
6478
8380
7568
7181
9599
9583
6b57
545f
7581
807c
7a7e
858e
8c87
786b
6664
6d75
7575
7373
7e8e
a0a2
977c
5b41
455f
8094
9280
7573
7583
8e92
8778
6660
626a
6f71
7380
8a9d
a699
815f
493c
4e75
99a8
a492
715d
5b66
8090
9283
786f
6d6a
6a6a
6a78
92a4
afa8
8966
4733
456b
95a2
a48c
7864
6875
878c
877c
7573
7371
665f
6680
9bab
ab99
7c5b
4541
5278
909d
a097
8776
6a62
6a6d
7c83
8a87
7c6a
625d
6b83
9da8
a28e
735b
4c4c
607c
8e8e
8a87
7e78
716f
757e
8587
8778
6b60
5960
7189
9fa6
9d87
6b57
5054
6687
8e95
9289
7c71
6666
6f7a
8187
877c
6d62
606a
8095
a0a0
8e71
6255
545f
758a
9295
9087
7a6d
6262
6a7c
8795
9487
7562
5759
718a
999b
8e78
665f
626a
808c
908e
8175
6f68
666a
7587
999d
947c
5b4e
4e5f
809d
a8a2
8e75
605b
5d68
7581
8789
8e8c
8071
665f
6a7c
8e95
8e7e
685b
5f6d
859d
9b8c
7562
5959
6a7c
8a94
9592
8775
6254
5460
758e
9da0
9078
605b
5b6d
8390
948e
7e75
6b62
626d
858e
8a80
7875
6d5b
5971
99ad
9f7a
5d60
6d66
5462
8eb3
b387
5755
717c
624c
68a4
caab
6241
6287
7854
5599
c19b
502f
71b1
9b54
458e
c7a4
4124
6aad
9254
5bab
d9a4
2d07
4ea4
8e59
64ba
edb3
3a19
629b
7128
3aaa
eabe
5438
7ca8
732f
36a8
dda2
3624
80c1
9b4c
54a4
c980
0707
78c5
ab5f
62ab
d790
2b0c
5ba6
894e
54b3
eab6
3e17
60a0
7c3a
45b5
eba8
3624
80ba
8736
4cab
d48a
2026
92c9
9543
49a4
cc87
2420
8ac5
9245
57b6
db8a
1b19
7eb5
7c38
57c1
ea9d
2f2a
8aaf
6d20
4cb6
d985
2f49
adc9
7628
45ab
ba64
1d49
b6db
9050
73be
c95f
0505
7899
5b22
68f3
f3be
6d78
bab8
4c02
026d
945f
2460
d4f5
b666
78ba
c162
0c12
7192
490e
4cc5
f1ba
7894
d4c9
5001
026f
7a2f
076a
e2f8
af7e
a8d4
a82f
0101
686d
312a
8eea
edaf
8e9f
a475
4a3a
2f31
3e54
7194
b5ca
cebe
997c
5b45
3a3c
4957
6071
87a8
c3c9
baa0
8362
493a
313a
4e60
7595
b3c5
c9b8
9978
5b49
3c3e
4550
5d71
92ab
c3c9
b69d
7e5b
493e
383e
495b
7899
bac5
c5b8
9d7a
5743
3c3c
3e45
5778
a0c1
c5be
af8e
785b
4a49
4741
404e
73a8
c9d0
c1a8
8366
4c47
4c4c
4c47
5076
abcc
ccbe
a087
6a57
5250
4c3e
3349
7eba
dbd9
ba92
715f
5b5b
625f
412b
3e6d
b6d9
d7c1
a07e
6250
4c5b
5440
3349
80be
d7d7
b595
7c6a
5f57
5749
3328
498a
c9e2
d7af
8a76
665b
5b57
4a36
2f4c
87c9
e6d9
b187
6d6a
6457
5441
363c
5b99
d0d7
c3a0
877e
7866
5747
2d24
386a
afdb
e2c1
8e73
7578
6b5b
4533
2d36
66a6
d4d4
ba95
8a8a
8060
432b
2428
4576
b6d9
d4b3
9080
857a
6249
3628
2641
73b3
d5d4
b595
8380
735b
4c33
2f33
5080
b6cc
ccb1
9283
7a6d
503e
363e
415f
8ab6
ccba
9b8e
9492
7850
311b
2036
6099
cadb
c9a0
8780
8573
543e
2b26
3354
87c1
dbd4
ba9d
8c7c
5d45
312b
3143
6292
c1d4
c7a8
908a
8060
4531
364a
5f6a
80a0
b6ba
b5a8
957e
5d49
3e3e
4554
6078
97b5
bfbc
ab95
7857
4541
4954
5b60
7390
a8af
afa8
947c
6250
4549
505f
6d83
95ab
ada0
9080
7164
5f5f
5f5b
626d
7e94
a0a4
a08c
7a71
6664
646a
6a6a
6d7a
8e99
958a
807e
817c
756a
665f
5b64
788e
9994
8780
8080
7e7a
7166
5f60
6881
9299
8a78
7176
8187
8076
6b64
6673
818e
9287
786a
7183
8781
7566
666f
788e
8e8a
7866
6678
8590
8a7c
6b62
5f71
818a
877c
6f71
7c87
8c87
786d
6664
6d78
8789
8075
7683
8a89
806d
605f
6a7c
8a8e
877c
7373
7c81
837a
6d66
6a6d
7c8a
8a85
7c75
7a7e
807c
786f
6a6d
7580
8783
7c78
787c
7c7e
7e78
756f
6d76
8187
8073
6a6f
7c8a
928a
7c68
575b
758e
958a
756a
6a7c
9299
9275
5447
5981
a4a6
8c62
525d
87a0
af9b
7141
2b47
87b8
be95
5d3e
4976
a4b6
9d6a
412f
599d
bab3
7a41
3655
92ba
be99
5b2b
2455
a0cc
c589
4a2d
417a
adba
9964
383e
6aa8
c1a4
6a3e
3566
a2c1
b88a
4c24
2866
b3cc
b578
453e
628e
abaa
8054
3a4c
81b5
ba8a
5436
4a80
abbe
a275
3c1f
4087
c1ca
9f62
414c
7395
a092
714c
4764
9bbe
af7c
4133
548a
b6be
a06a
3a28
4c9d
c3b6
8350
455f
89a4
a88e
6241
406a
a4ba
a46b
3e3a
66a0
beb6
8e5b
2b2f
66a8
c5af
764e
4e66
8ea0
997e
5b45
5080
abba
995f
3a3e
71a2
b5ab
8755
3336
66a4
baa6
7c55
5471
8995
8c6d
5447
6295
c1bf
8741
1933
75b5
c9b3
834e
333e
7aab
b694
5d4c
5b87
a0a0
8766
4545
6fa0
baa4
7350
526d
878a
8a8a
877c
6d5f
6a76
7c7e
8390
958a
715d
5f6d
7c81
878a
877e
736a
7178
7875
7a87
8e83
756a
6a71
787a
8790
8c78
625b
6678
8187
8a8a
8375
6a66
6d78
7a80
838a
8a7c
6a5f
6a78
8083
8589
8376
6a64
6d7c
8580
767c
8087
7564
6675
878a
8080
7e80
7566
626d
8795
957a
7176
7871
625f
7c9b
9983
7578
7c71
5f5f
7e99
997c
6b75
7c78
6466
8095
8e75
6a76
8778
666d
8aa0
8e6a
6273
7a71
606d
92a8
9978
6675
8371
575f
83a4
9778
7180
836d
555f
879d
8e71
6d80
8773
6268
899d
876a
667c
8978
606a
8a9d
896a
667a
816d
596b
95ab
8e6a
6075
7c68
5971
99a6
8a68
647e
836d
5766
8ea4
896d
6f83
856a
4e66
97a8
8962
5f76
8371
5f7a
9fa8
7e5b
5f78
836b
5773
9da0
8368
7587
7c5b
5073
a0a4
7c66
7383
7e64
5d7e
a299
6d57
6683
8066
5f83
a8aa
876d
757e
684c
3c6a
99a0
8773
7e92
876d
6080
9b90
6650
5b78
7864
668a
afab
876b
7881
6845
3c66
9495
7a78
8e99
8362
6087
957c
5950
6a80
7364
78a0
b397
786d
756b
5b4e
6276
878e
8c89
8380
7a78
787e
7c73
6a62
6271
7375
8795
a099
8778
6a5b
5457
6683
928c
8985
817e
7875
767c
7871
6d6d
7575
7175
8092
9b94
8e78
6a5f
595d
7180
878a
8387
8780
807e
7875
6b66
6a78
7c78
6d73
8595
9792
877c
6f5d
575f
737c
7878
8795
9d99
8171
6a5f
6264
7587
877c
7178
8a95
9287
7871
6a66
6471
7e7a
7171
8094
a095
8771
6466
6671
7c7c
756b
6a7e
949d
9987
756a
6262
6d7c
8178
666d
8599
a294
7e6d
6664
6a71
7a7c
716a
7585
9da2
927e
6a60
626a
757c
786d
6a75
8e9d
9d90
7666
5f64
6d76
7878
6f71
7c92
9b97
836d
6a6b
7171
7375
716d
6f7c
94a2
9f87
6a5b
576a
7a87
8373
5d57
759d
b6ab
835f
4c57
7887
8976
594c
5d90
bac1
9f6a
3a49
7399
9978
503a
4a80
b6cc
b373
3a36
6aa4
ba8a
4c20
2b6a
bce0
c57a
2f24
5bab
c9a4
5520
1d5b
abd7
c58e
472b
559f
c9b3
6620
1243
9bcc
c999
573e
628c
b3ab
783e
2240
80b3
af8e
665d
7895
aba2
7643
2f41
78a4
a683
625b
7ea2
b39b
7145
364e
80a4
a47c
5747
68a4
c9be
8a41
2441
7aad
ad80
4933
5099
d4d2
9747
1d3e
87b8
af75
3e2a
5099
cccc
9950
2b45
87ba
b678
3a12
3695
d9db
9f50
243c
8cc5
c583
3307
227c
ccdb
af60
3145
89ca
ddb1
5f12
0a50
a8c5
9b5b
1912
4a9f
d4c5
8747
3666
b6e6
e0a2
5738
5487
afa6
6d04
040a
599f
a87c
4528
4c9d
e4ed
b578
5d78
abd9
d49b
5224
2f66
9294
5f05
0505
6baa
ab8e
665b
76ba
e6df
b383
7580
8a87
7162
5954
4c4e
5059
5b5b
5f6d
8199
a6a2
958e
95a2
afb5
a68a
6850
4e5b
6a66
502f
2b3e
5d7c
8c8a
8780
839d
bac5
b697
8078
8387
806b
6252
4041
4c5f
685f
5b60
7690
a0a6
a6a4
9fa4
a2a0
9587
7566
5b5b
5f5b
5449
454c
5b66
7885
8e90
9599
a2ad
afb3
a090
8375
6b62
5757
5549
4547
5462
757e
8783
8a90
9da8
b3ab
9d8c
8083
8783
7564
5041
4049
5966
665b
576d
8ca6
b3ab
9992
929d
a8a4
9278
5f50
4c59
6d6f
5741
3541
607c
8e95
8e89
92a0
b8c1
b39d
8171
7176
756a
5d49
3e33
455f
757a
7166
758c
9daf
b3ab
a095
9295
958e
7c5f
4c45
4c57
5954
4c4c
5468
8195
a4a0
9d9b
a4ab
a499
8a81
7571
6a64
5f5b
504c
4149
5f6a
7680
838e
9497
abb3
b6ab
9587
7e78
716a
6257
4c40
414e
5b66
6b6a
6f7e
92a4
adaf
afa0
958e
8a92
897a
6454
494a
5050
5050
545d
6a80
959d
9f97
95a4
b1b6
a892
7c6d
625f
6062
6054
453e
475b
6a73
7880
8e97
a4af
b3b6
a087
7c7c
8789
7a66
5441
3a3e
4c60
6a6a
666d
7e95
9da2
a2a4
a4a6
a4a0
907e
6a57
5059
625b
4c41
4755
6673
7a81
8a97
a0b3
b3ab
9b8a
8080
8183
7666
5750
4c4a
545f
6a6a
6f7c
8790
958e
9297
9da0
9d95
8578
6a5f
5f66
6d68
645f
5d62
686d
7a85
8e8e
8e92
9595
8c83
7e80
8078
736f
6a66
5f5d
5f6a
7a80
807e
8080
807c
808a
9492
8376
7576
7875
6d6b
7175
7571
7171
7573
757c
878e
8a80
7878
7678
767c
7c80
7c78
7371
7875
7576
7c80
7c78
7575
7c78
7875
7e85
8078
7575
7678
7878
8083
8378
7371
7378
7a78
7e83
8376
6d71
787c
7875
7c81
837a
7876
7675
7575
7e87
8378
7173
7c80
7c78
7578
7e78
7576
7c7c
7678
8087
837c
6d6d
7575
7a7e
8387
8073
6871
7a7c
7878
8387
8578
6664
6f75
7c87
9495
8a6d
5b54
687c
898e
9592
876b
544c
5f75
8a97
a4a8
926a
4c3e
496d
8ea8
b1a8
926a
4936
3e5f
8aab
baaf
9471
5036
3e5d
8aab
b6a6
8e71
5741
3e57
87a4
ad9d
8e7e
6445
3e57
87a8
b1a4
9575
543a
365b
95b3
baaa
9576
5436
2f4e
80aa
bab1
9b7c
5533
2b55
90b6
bea8
8762
4a36
3e66
9dbe
baa2
8364
5038
3155
92bf
bea2
836b
5740
3c60
97b3
ab95
7e6b
573c
385f
9dbe
c1a0
836d
5036
3359
9db8
b39d
8978
5d40
365b
94b5
b399
816d
543c
3c62
9fbc
b392
7c6d
5b3a
3c68
a0be
b387
7364
5041
5083
b1be
a078
5b52
4c4c
5f8a
b3c1
aa80
6257
4536
4773
abc3
baa0
8a7a
623a
2840
6d95
a2a4
a8a8
875b
3a45
6d90
9b99
958e
6b40
2b45
81ab
bab3
a892
6841
283a
668a
9da6
a89d
7854
4760
838e
7c76
7a83
7c6d
6a7c
9087
736a
7585
8a7c
6d6a
6466
6676
8a94
9d8c
8075
7578
716a
626a
7683
8a87
8378
7175
7e87
8a80
6d5d
5b64
7880
8992
928e
8373
7173
6b66
6a71
7c81
8387
8383
837c
7c7c
7a75
6b62
6671
7c83
8a8a
8980
7878
7e7e
7562
6264
7183
8a90
8a80
7878
7c83
8373
605b
6078
858a
8785
7e7c
8083
8775
665f
6475
8387
877a
7578
818e
9287
715d
545d
7587
8a87
7c7e
858a
8a83
7562
5760
7887
8a80
7373
7c87
9290
8071
645f
6475
7c80
7875
808a
8e87
7c75
736a
6a6b
7375
7878
7c83
8c8c
837a
7873
716f
6a6a
6d75
7e85
8e95
8c7c
7573
7675
6b6a
6b6d
7c87
8a85
8178
787c
878e
7e60
5050
6b89
9595
8e7e
7678
7c87
7c6b
5f5f
758a
8e87
766b
6d80
8e99
9278
5b50
5b75
898a
8073
7885
9295
8973
5f54
5f78
8e94
836b
5f6a
7c92
978a
7566
5f66
7a85
877c
757c
8e9b
9d80
6652
4c57
7589
8a7c
6a6a
7187
9999
8a7c
757a
7e80
756a
666d
7c90
998e
7562
575b
666b
7376
787e
8792
9590
8987
8387
8a7c
6b5f
5b66
7378
787e
8383
7c78
7871
6d6d
757c
8787
8e8c
8781
7a75
767c
7a78
6454
575f
7380
838a
8c83
8383
8380
7a75
7878
8187
8378
6a6a
757a
807e
766a
5f5b
6678
878c
8c8e
8a8a
8783
7e75
716d
7176
7a78
786a
666a
7880
8780
7a76
7176
7e87
8a8a
8787
8183
8378
7166
6066
6f75
7675
7173
787c
878a
8e89
8078
7878
7e81
807c
756d
6d71
7578
756d
6d6d
767c
7e81
7e78
7c83
8e92
8e80
786b
6d75
7a7c
786f
6a6b
6a71
787a
7c7c
7c87
8787
8380
7c78
7680
8585
8075
6a62
6066
717c
817e
7a73
7173
8189
8987
8183
807e
7c78
716d
6d73
7c80
786d
645f
6a75
808a
8c87
7c78
7e8a
8e8a
7c6f
7173
787e
7e75
685b
5b6a
7c8a
928a
7e71
6a6d
7383
909d
9d94
806a
5b50
5f7c
99a4
9571
5038
3a5b
92ba
c9b3
804c
3647
76a4
c1c1
a475
3c24
3162
97b1
b399
784a
2f33
578e
bac5
b694
603e
3e5f
90b6
c5a8
6d36
1f2b
5f99
b6ba
945d
362d
548e
bac7
b68e
5f41
3a60
95b3
ba9f
7345
2a2b
5487
afc1
a478
543e
3e5f
8eba
d2c5
9554
2b24
508a
bacc
b67c
360a
0e45
9dd5
ddb8
7136
1935
73b6
dbd4
af73
3a24
2b55
8cab
af99
7c57
4950
7895
b3af
8a55
2412
3376
bee6
e2be
7e49
415f
92b3
af87
490e
0707
438c
d0e6
d4a8
7e62
6a7e
97af
a885
4c19
0009
3680
c7ea
e2ba
784c
496d
9bb6
b380
3c04
0404
54b1
eaef
cc97
6d5f
6f8a
a4a6
834a
1b03
032f
6baa
d4dd
c9ab
897c
8387
8e87
7350
2d05
0522
5da2
d7ea
dfba
8a6f
6a78
8780
6847
2a1d
2a4c
7397
b6c1
beb5
afa4
907c
6050
4038
363a
495d
758e
b3c5
c9be
a089
786b
6a64
503e
2f2b
3c5f
85b3
c9c9
c1ab
9583
716b
6454
4335
2f36
4c6a
8aaf
c5cc
c1b1
957e
7368
5f54
3e2f
2833
5078
a0be
d0ca
b6a4
897e
7366
574a
3c33
3649
6080
99af
bfc1
baa4
9281
7160
5441
332f
3650
6d95
b3c1
beb3
a09d
8c7c
716a
5b45
3126
2f4c
7195
b6cc
d7c5
ab8c
7166
645f
5750
493e
3641
6692
bacc
ccc9
b599
785b
4949
4c49
4c50
5f6a
7181
a4ba
ccc7
b199
8060
4133
313e
4149
5775
99ab
b3b6
bcb5
a487
7366
5b49
2f24
2f50
667c
95b3
cace
bea4
8e7c
6854
4c50
4c45
3a41
5778
9dba
cad0
c9aa
8568
5b54
4c45
4549
545b
5f6f
95b8
ccca
c1b3
9575
543e
3c45
4745
4c5b
7187
9baf
c1cc
c5aa
8a78
6a49
362b
3347
5b62
7894
abb5
b6b6
b3ab
9278
5b4c
4133
2633
4c71
859d
b3c5
c9b6
9983
7c75
6657
4945
453c
455d
809b
afba
bfc5
ba9b
7862
5750
453a
3647
5d6b
758e
afb5
c9ba
a8a0
8c75
4e3a
3636
404a
5f7c
94a4
aaad
b6b3
9f81
6d62
594c
4149
5962
6b73
8799
a4a4
a4a4
9f8e
7557
4945
505d
6678
8387
878a
9295
958e
837e
7871
6662
605d
626a
788a
9294
8983
8083
807e
7875
7673
6a6a
6a6d
7175
7c89
9290
8c85
7e78
6b6a
6b71
7678
7575
757a
7c7c
8185
8781
7a71
7573
6b6a
6f78
8183
807c
7876
7575
7880
7e7e
7671
7171
7876
8387
8780
7571
7171
6d6d
7c81
817e
7878
7878
7c7c
8083
7c75
6d6d
6d7a
7e80
8380
7c76
7378
7c78
7571
7578
7c7e
8081
8078
7573
767a
7c78
7878
7c7a
7878
7680
8180
7e7c
7a71
6a6d
7880
8581
807a
7873
787a
807c
7871
7175
787c
7e7e
8381
807c
757a
7a75
716b
6a6f
7880
7c9d
928a
8078
6d62
625d
6275
8a97
a09b
9280
6a5d
595b
5f6a
7689
9ba8
a697
7c5f
4c45
4c62
7c95
a0a4
a497
8a73
5441
3c4c
6d8e
a4b3
ab9b
8776
665b
453c
475f
8eb3
c5c5
b183
5b3e
3641
506a
8095
abbf
bea4
7850
362d
3e5f
8099
a0a6
afb3
a487
5933
202b
558e
b3be
b6a0
8a78
6657
4131
3c60
92b3
c1be
a283
6a5b
5250
525d
6d8a
a0b6
b89b
7552
3e3a
4c6b
8797
999b
a0a4
9575
5743
3645
6a8e
a2ab
a69b
8e80
6d55
3828
3362
9bc1
d0c1
a480
665b
5b50
4749
5580
a8c3
c9b1
815d
4941
454c
5b6d
87a6
c1d0
bc8e
5033
263a
6285
999d
9b9d
a495
805d
3e26
2f5b
92b8
c1b6
a087
7560
503e
3345
6d99
becc
ba9d
6f52
4c50
575b
646d
879b
b3be
b38a
623e
2f35
435d
7695
abbf
c5b6
956b
503e
4962
7178
736a
6a7a
8e99
9583
6f62
626d
8089
8780
8085
8a8a
7c6a
5f5f
6d7c
8383
7568
6671
7c87
8178
7171
7880
878a
8a83
7a75
7375
756d
6b6b
7178
7c7e
7c78
7578
7578
8381
7c7c
7e89
908a
7c6d
645f
6a75
7e83
8176
7171
7576
7c7a
5f4c
577c
9dad
9d6d
4538
5f9d
c1be
8e50
2f3e
73a6
be9d
602f
2462
b1d7
cc8e
411f
387a
abb6
9b66
3a38
6aa4
c5ad
713a
2d50
8cb6
bea4
6a45
416a
95a0
8a66
4747
7199
b6b1
9564
4345
6b92
a895
6641
496f
9bb6
b18a
502d
3878
b3c9
a86a
4041
6690
a69f
784c
3350
8cc1
d09d
5f36
3e6a
95a8
a681
503a
5792
beba
874c
2b38
669d
b6ab
8762
4e62
92b5
ab7c
452b
3e71
a0b5
ab7e
4c2f
5494
bcbe
9964
4a59
85a8
af95
5f28
103a
80b8
bf99
6657
6d94
b5c1
a46d
311d
458e
b6ab
8047
2a45
78a8
bca8
7c5b
5478
afd0
b571
2b15
2d6d
9da8
926a
4750
78b3
ccb3
7843
3e62
9db8
ad87
5024
1f50
99ba
a46d
494c
7eb3
c5c1
9f62
3a33
5780
8a7c
6a6d
7e81
786f
7180
9497
8a7e
7c7e
7c78
7878
6d5d
575f
7c8a
8380
7a80
838a
9297
9581
6a5d
6475
7871
6260
6b73
7880
8e92
8c83
7c87
8a87
7c71
6d6d
6b6b
6b71
7575
757c
8795
998e
807c
807c
7164
686b
6d66
6671
8087
8078
7a8a
9492
8380
8087
7e6d
6262
6a6a
5f5f
6d83
8e8a
8387
9592
8a76
6b75
7c78
6862
6f78
6d5f
6681
958a
7575
8999
8e78
7383
8771
5b5b
6f7c
6d5d
6683
9289
787c
9299
8573
7587
8768
4c49
6878
6d66
768e
9987
757c
95a0
8e6d
6d7c
8171
5b57
757e
6a55
5f80
9287
787c
95a0
927c
7880
7a66
555b
7380
7162
667e
8e8a
808a
9999
8275
7881
7f70
6464
7380
7c7c
808b
8e82
767c
8488
7b70
7482
887e
7474
7e7e
726a
7483
847a
7683
9498
8c7e
7a7e
776c
606a
7a7a
6f6c
7990
958a
8188
8e87
7467
747e
7d72
6c79
8885
7c77
8088
8273
6e7a
8a8c
7e77
828c
8874
6870
7972
6866
7a8f
948a
8488
928e
7e74
767c
7467
6072
888c
817a
7f8c
8678
747e
8680
7274
818d
8878
7278
807a
6f6e
7a82
7e7a
808c
9591
877e
7978
7674
7074
7271
747c
828a
8c88
8580
7e79
7674
787e
8484
7e7e
807f
7871
727b
7e7c
7c81
8688
8684
8482
7e76
6f6c
6c70
6f74
7e8a
8e8e
8a86
847c
7776
7678
7875
797f
8284
8482
8080
7b77
7679
7a7a
7c80
868b
877d
7472
7270
727a
8484
8282
8488
8a82
7c79
7878
7270
737b
8084
8487
8c88
8078
7072
7578
7c80
8280
7c79
7c82
8482
7c7a
7874
7479
8084
8582
8080
817f
7b76
7474
6f72
7682
8987
8281
8486
8076
6e69
6a6f
7a86
908e
887f
7472
7274
7679
7c84
8081
8686
847e
7678
7978
7872
7073
787f
868c
8e8a
7d74
7072
7a7d
7c7a
7a7a
7a7c
8084
817a
7474
7a80
807e
7978
7a80
888e
8d7e
6c60
697e
8e89
7664
6273
8c9f
a494
7960
5e6c
8488
7a6a
6678
90a2
a185
624f
5676
99a4
9474
606a
859a
9c86
6855
5978
949e
8666
5164
8eaf
b294
6548
507c
a1a7
8c62
4a52
7ea8
b49c
6a4a
517a
9ca1
8a69
545f
84a6
b198
6644
446c
9bac
966c
4d50
7ba4
b8a8
7e53
4c64
8c9f
9272
585c
809e
b09d
6d48
3e5c
93b5
b696
6750
5a7c
928e
7564
6786
a6b4
a676
4734
446d
959a
8472
7a96
b8c3
ae82
482d
3861
878c
7260
6691
b6c6
b58b
5942
5882
9682
5c36
3e72
b1d0
c8a2
6a49
5a81
9688
5c36
3868
a8cc
caa6
765a
6584
9586
592a
1c3f
8ecb
dbc5
9468
6682
948a
6231
1e39
7ab8
cdb8
8a69
6e8c
a6a4
7644
2228
64a6
c1b0
886e
748e
a6a2
7c4a
2b2f
5c8c
a094
7f7d
92b0
bdaf
874e
302c
4971
8286
8890
9aa6
a798
8874
5d4e
4850
6478
8894
9ca0
a6a0
927b
5e4f
4c58
6a7a
8084
8890
9ea6
a08a
6e5e
5758
6269
6f72
7a8a
9eb0
b4a6
8d71
5c57
5a5b
585d
687b
8fa0
acac
9883
6e68
6864
5f62
6d80
92a0
a8a9
9c88
7464
5d5c
5e5c
6066
7587
98a2
a19c
9286
786e
6660
5a5c
687a
90a0
a9a8
9f91
7f6e
6058
5654
5663
758d
a0ad
b2ad
9c80
6255
5256
5e6c
768a
9ca4
a6a0
9484
6d5d
585b
6264
666f
8496
aab2
b2a1
886c
5c59
5d60
5e60
6c82
98a6
a8a1
9682
7264
5852
5359
6878
90a9
bac0
b69c
795c
4e4e
565a
616b
8098
a8a8
9b8a
7c6f
665c
5a5a
6672
8194
9fa7
a8a4
9882
6d5b
575e
6566
6268
7c99
a8a9
9c90
887e
6e5c
4c48
546c
869a
9e9e
9aa0
9d8e
7259
535b
686a
6c70
849a
a8a9
9c88
7a6b
605c
5b62
7284
8f8f
8a87
8e91
8c7c
6055
5d6e
7d80
7c7c
899a
a6a4
947e
6c61
5e5a
626d
7580
8a90
979e
a09c
8a74
5e54
5866
6e70
696c
82a0
aca6
9384
7e7c
7972
6d66
646a
7681
8a8f
9295
8e81
7370
757c
776a
6064
7c96
9b90
7e76
787e
807a
706a
7282
8e8f
8a80
8285
8681
7870
6e6f
716e
747e
8a92
8f84
7876
7f82
7b6c
6062
7688
8e88
7e80
8c98
9c90
7e67
5d5e
6267
6b78
8a9c
a095
8a80
7e7c
7168
6568
7074
767a
7d82
8c98
a096
806c
6870
7977
747c
8888
7a71
727c
7e7f
838c
8f82
7272
7b80
7c78
7c80
7d70
6460
6d7b
828e
a0a2
9d8d
807c
786c
6366
7074
6a68
7686
8e90
99a4
9f83
6154
5c68
6f7a
8c98
8e78
7076
8076
6c6f
8494
8d80
838e
8a76
6a76
867e
6554
6486
8f86
848f
8e78
646d
8c9c
9076
707a
765f
586f
8d94
8c8c
9699
7c56
4256
7689
96a6
ac9c
775a
6176
796d
6d7e
8c80
7472
7e81
7c7e
9099
8e71
5c5e
6e74
788c
9894
8172
7a84
7e69
5f6f
8488
8890
9e9a
7f68
6b7a
7862
5872
969b
8878
7572
6662
7ca4
b4a5
8269
645a
4a58
7da2
aa9e
9792
7c5a
3c44
74a2
a69f
a098
7c51
4464
9094
7c70
808c
7859
5c80
9b98
8690
9987
5c3b
5088
a8a6
9e98
8666
423c
6292
9e95
9295
886a
5048
688e
9ea2
a8a0
7348
3440
6594
aeac
9c86
6c55
5c78
8997
b0ae
8e70
6043
2e4e
89ab
c2c2
9856
4238
3252
a0c4
c0c2
b381
5c50
311c
4c96
aeb5
c0aa
6c54
5242
5fa1
b092
8e9c
8366
6e6c
4c57
7876
7aaa
b47c
6171
6e72
98a0
7c70
8471
608a
aa8e
7474
645b
7d89
6860
828e
8aa6
ba9a
6a59
3d34
76b0
9b82
8a80
656e
8576
6472
6f6a
9aca
bc88
6c51
3859
98a0
96a2
8854
4870
7668
7a88
84a2
c1a1
6858
5643
62a4
bca0
8262
3038
84a0
94a5
b088
6068
685b
768e
7c81
b2b9
8868
5e44
3564
8c88
96a3
7c65
8ea4
8372
745c
507e
a095
8f94
7254
708a
766e
7e6f
6288
a496
848a
714d
628a
867f
8e7f
5e68
8c86
7e93
8e6c
7a9d
947d
8276
4e50
7a80
7181
8666
648a
9690
9997
705c
7a8b
8892
9e84
707e
8879
6e68
4c31
5084
9aa4
aa88
6468
7d81
8a98
8770
7992
9994
9078
5653
707e
8486
7c6a
667c
8e8f
907d
5c50
6889
9ea5
9a80
6a6a
7680
8884
7473
7f8e
958c
745a
4c58
748c
9896
8876
7076
8289
8580
7e7f
8286
8886
8075
6861
6876
7a78
6d70
8095
a39a
846e
646c
7e8a
8985
8890
9893
7a5d
515a
707a
7674
7a89
948c
7460
6078
8d94
8476
7e96
acaa
8c68
5664
8088
7c68
687d
8f92
7c59
4c62
869c
8e7e
7e8a
9894
7660
596c
8a99
9278
7181
969c
8260
546a
888c
7c65
627d
9492
7860
5c76
9aaa
a287
767c
888b
6f48
3a50
7c93
8e7e
7e92
acad
9878
686c
797b
684d
496c
9aaa
9a78
687a
969e
8460
526c
8f96
7d59
4962
90ac
a47e
6267
8499
9076
6c7d
98a9
9e7e
5e5c
686c
614b
4e71
a4bc
b498
7f86
9898
7244
2834
648e
917c
748a
b0c4
bc8d
5c58
7488
7e59
404e
82a2
9e7e
6978
909f
8d68
545e
8297
8e70
5c64
8daa
a078
5a61
8699
8d70
627a
a0b6
b08e
6248
4a58
5a54
5470
a7c6
c0a0
7b76
848a
7c5c
4e56
666c
7078
8695
a8b8
bb9a
6244
527c
8674
6e84
9786
6254
698a
9290
96a2
9871
5456
6f73
666d
8ca0
9165
4d61
8490
8b98
b3b6
9068
667a
8268
4c5d
8380
523f
69a2
ae9d
a4ba
bc86
381a
4076
786f
96c0
b872
4359
8e94
6a60
8eb8
a464
4e7a
9376
4c5c
98a0
693c
57a4
bc96
7a8f
9c6e
3633
84be
b07a
6886
8a54
2442
96b8
a298
aeb9
7726
083c
8ea2
a0b6
d4c8
7927
2061
805e
5185
ac94
594e
80a0
8264
82b8
ba6e
2c3a
88a4
7f72
98b0
8950
4c86
a476
3f46
8eac
907c
a1c1
a556
284a
8078
4e57
98ba
9662
6c96
9879
698c
b4a5
5a36
65a0
8e58
4372
a09a
8ea2
c2b5
5e18
1146
6e80
a7d6
e8c8
6228
3850
3030
89de
eca0
4e49
666a
6696
d6de
8824
166f
a493
849e
a87c
3319
62b4
ac86
869c
824e
345a
a1c4
ba9c
a08f
4602
0466
bcda
d49e
5c42
3239
92dc
eac4
996f
2a01
0127
7ed6
f4d8
a284
5312
0142
8fb6
deea
ac70
603a
1e6c
9a6d
6c9d
9472
94aa
6e5e
988c
567a
a675
568e
8250
5fa4
7c55
8c93
5672
c490
5593
a974
88b2
600b
2c79
82b6
f0e0
7446
3501
069a
c4a8
c6d8
7f42
685c
255c
ac98
9cd0
ab32
0f4a
547f
e2f5
8c4b
4b22
28b2
eabe
a0ad
6e2d
6084
4536
7d76
62b6
e58b
4762
5444
aae4
ae7e
905c
205f
ac70
3b6e
7a68
b7f4
bc66
6c46
0258
d1c2
91a6
8c3c
4c92
6f47
848c
4c66
c2a6
5a70
865f
86d4
c272
6c5c
0c14
a4cc
abb6
ae4e
2c66
613c
81ba
8a82
c5c2
6446
582f
40b6
d496
96a1
4c08
4daa
9092
bc9c
6182
9f60
4480
7034
6dc6
a064
756a
385c
b8b9
a1c2
ba56
2c6a
7a59
7aa4
8c81
a18e
482e
3c20
249c
ede6
cebc
6320
3268
80ac
d0b5
7d81
8a57
3146
565d
92b3
a492
8356
2340
97bc
b8ab
7e4e
4054
6f9e
c1bc
9076
7771
5e50
5674
94aa
aea8
8c56
2611
3788
bcc8
baa2
7e5c
4450
7a98
a5a4
9e94
7f5e
4840
4c58
709b
bec0
945e
414c
789d
b0b1
a084
6c60
574f
648c
aab6
a974
3c24
3450
5d7e
acd0
e6e3
9234
0c08
399f
d6d9
b69c
9685
603a
2032
8cbd
b48e
6a50
4660
7d74
709a
bbbc
a26d
322a
78c0
bc90
634e
5f9e
b288
6365
7c94
a68b
431e
407c
97a5
a28a
8d9c
7d4b
334d
88b9
d6be
7c64
7c7e
6a4b
2118
64c4
debb
8a68
648c
aea0
766c
6e70
726c
4832
64a8
b198
857a
87a8
a462
344a
88ac
b58f
4a2c
629f
ac9e
7a57
68a5
c096
6454
6280
9d90
6258
7982
6e5c
5053
8ac2
cea9
8476
7882
804d
1519
65b2
d4cf
9e6a
769f
9e7c
5e4a
4f84
a284
534c
6a85
948b
6a68
9cb8
a276
5e57
72a1
a571
4248
72a1
bca2
5c44
7da8
a288
6d58
6ea1
a981
5a44
3848
7584
7c88
afca
c8af
8056
5e83
7a51
3448
6682
9e9e
8984
9298
a1a4
743c
3575
a49e
8a83
8280
6745
4e8e
a892
7884
927f
655e
6d79
7265
74a6
ba8c
5652
7d9a
9998
a1a8
9062
4863
8d80
4c2f
5485
826c
78a8
c4ab
8894
b099
4609
0e64
a2a0
9ec0
d29c
3e23
65a0
844e
56a0
bc88
4c56
9296
6242
72b0
a863
447e
bcba
8068
848c
5222
4eb2
d6a4
504c
8180
482e
6bc3
d9b4
98a1
9652
0c0b
76b9
b097
acc8
a948
0111
85a4
745c
86a8
8852
528c
a380
72a2
d6c8
5a14
3c9d
9e5e
487e
aa82
5063
a4ba
8954
6692
7c3c
3494
ceae
645c
a0c0
7b27
125d
a6a0
8ca0
b694
5e5a
94bc
983e
1b49
7e62
4076
c9f0
da9e
827c
5c1e
0108
7cbc
c7d6
eed6
5a01
014d
9c78
508f
dcef
ac50
4a5f
4e34
5aae
c892
6084
c2be
6e2a
4178
6830
2d8d
d8d6
987a
8678
544d
6e94
9c86
78aa
d89f
2e08
4084
8f86
7470
96ac
9a9c
bcac
6441
4f39
1023
5e89
c8ec
d498
a8a9
4e04
012c
70c9
f8e8
a692
7032
345e
3504
5fc9
cac4
dcac
4954
8c50
1e6e
8c54
6eb2
8866
b6d4
663c
7a69
55b9
ea90
3b64
6844
8cbd
6222
76ac
8caa
d390
3244
6e42
64b8
8c3e
72aa
7884
d8d4
7051
623a
3ca6
a242
449c
907e
cbe5
7030
545c
67bc
d87a
3f7b
7031
6ebe
7e4c
6e6f
5898
d489
4a91
ac76
8ad0
b05c
534c
1a3e
ae90
457c
c598
7cc0
cc70
4a56
2e36
b6c2
5a5a
b498
507b
b17a
4c62
5340
a6e4
a66e
aeb6
482c
7e82
5976
8564
90d2
9c2a
4c98
634a
acd3
a089
7f3f
2995
ac60
72c4
a43d
5296
6e52
8079
62b4
df81
398c
983e
49bb
c481
786e
3035
8a75
449b
e5a9
568e
b678
5476
6860
9aa2
6568
a280
2b3f
aa99
646a
6e60
8cc0
b8aa
c8b8
4201
407d
6d82
a799
8b8c
6334
4a7c
5a44
9ddc
cc92
6946
3456
809b
c0d7
a03c
2867
847e
8698
9c8d
7466
7c8f
723c
3884
aca0
8378
786c
5a6a
9fbe
a562
4a70
9494
8c8e
9a8a
5c41
6294
9b79
5e60
6c79
838f
9c9c
7a64
86b6
b27a
4838
4d78
908c
8a96
8c6c
5c6a
665e
7fad
b29e
9073
6984
8b65
4b72
a2b4
aa8d
4313
3488
a4b2
ad7a
5c7c
8862
4758
6479
b4c2
7c58
7c92
94ab
a468
5484
875a
5174
7c96
c2b0
4a1a
2e5a
95d1
c669
4e80
8974
7464
4777
cedc
ac80
5d33
429c
a272
7486
705e
7464
4a84
c8bc
8882
7158
80ac
8c4c
4c71
7d9c
a65e
192c
84b0
cad3
9858
7aa6
8e6a
684e
3c7d
b288
6074
7870
8b9a
706a
a6ba
9077
704e
509a
a869
4448
4c6b
b7be
6e5a
96b1
b3bc
9034
1f74
9788
907e
494a
949e
6d6b
8483
9cba
974a
426e
706a
887d
5d84
bcad
8074
5e4e
8cc0
954d
4e70
7a9c
b176
4162
9998
989a
6429
55a7
9c7a
7a6e
6897
b888
5260
6e5c
73a6
9c7a
89a6
9278
6e54
3b71
a684
505a
7f88
9cb0
a080
8891
8488
9c75
2c18
4f84
908e
7e74
868e
6e5c
84a4
8a75
87a1
a59d
7f5b
596a
6456
7daa
a67c
5e5c
7c9b
9c81
6e78
7a65
6078
8a86
6e56
638c
a798
7b7e
9fb4
aa8f
7f78
5c2e
122e
8cc4
ba91
8895
8758
395a
98ae
906e
7ca7
ae7e
4648
7990
755a
6a8e
8c66
568a
c6cc
8c5a
6276
5a30
4cab
e5ea
9a3d
4069
6244
4e88
b2ae
9594
a490
4509
0961
b4b8
a8b9
d6be
510a
1a92
c898
5e5d
8398
8e84
8688
602d
389d
c898
4a36
74b6
b17a
5578
9a7a
444e
96be
ba96
7069
6c5a
5b95
c2a8
5224
54a0
a46e
3d50
aaca
9968
7693
8d76
707d
9098
7956
5858
382a
72d8
f4d9
8a55
6c90
7431
2a84
b8a8
8a88
8a7a
5430
418c
a190
a2d0
d678
1a04
4ea7
9a52
367e
c4bc
9c9d
a588
5034
4676
8c76
6a98
be94
4a54
9aba
934e
3064
bccb
8240
3448
4c76
c0de
c488
604f
586a
553c
7ccd
ce94
7c9c
9e76
5128
1154
bbca
a280
643a
48a4
cec0
a08e
7056
5a50
302d
6e95
8a9a
bcc0
aeb6
aa5a
2a54
6f54
6178
371c
92e0
d4c0
c987
2c35
7456
57a6
ac5a
65a5
8460
98b8
7c59
7968
4074
9a58
3296
c9a8
add0
a64a
414a
2041
afa8
658a
be80
508c
ac7b
6c80
5830
6c85
403e
aac6
9eb8
e6d0
8066
450d
2288
682c
71b8
8c7e
c6e4
bc93
742e
1359
6828
49ba
b278
aae4
c777
5a41
2868
a670
4796
b864
58b6
cc8c
6c68
4848
8a81
445e
b085
4a95
e2da
a38f
7e50
5668
2e03
4d84
6194
edff
c479
613c
2446
5c51
95da
a860
9ee1
ba67
6c6a
3d3e
7165
548c
803a
66e6
f086
588a
7f58
7a94
6e67
8256
278c
e0b6
76a8
c478
4469
7c62
615a
2a57
cddc
7e61
9e92
5164
9d81
4b40
4458
b4ed
daac
b7b9
6213
0e36
4259
808f
add0
c174
5774
582f
60c0
d298
5c50
6080
8366
6ea4
b68c
728d
9c6e
484b
656c
5c4f
7cbb
d4b6
898e
ab96
5426
2242
5e78
a5c4
c0a2
7d6d
7874
4e36
6aa6
9c6a
5462
88b0
ba9b
7875
6852
688a
7e68
86b4
baa8
864c
2a52
8075
698c
9c8a
7c68
3922
5cae
ccda
d8a4
6c7d
9057
231c
2349
afe4
c888
8a92
7e84
925c
1c33
716a
6c9e
a48a
aac4
8548
6482
7894
a86a
3361
9a8c
818c
6344
8dce
bc88
6a3a
175e
b69e
7184
8c78
90b9
965c
6874
545e
8e7a
5c90
ba8b
6482
8e7e
887d
4016
529a
aec2
cc90
5079
a998
7c5e
2e16
66b4
8864
7d7e
6888
b09e
90a3
9662
627c
583e
7d9e
6a4a
749a
aac4
b45c
3170
8f75
8294
6240
78b0
a292
7c44
2a6e
a47f
71a4
b290
8b94
715c
7473
566c
9578
5e9a
b980
4a5e
8296
b8b1
5c2c
587a
6682
ae89
6085
af98
7e72
4d3e
8abc
7e58
8998
6b68
8880
779c
a87e
6971
5742
8cc0
8746
5a8a
969c
9a69
486c
8d7f
86a4
966c
7cac
aa7e
604e
3a48
635a
64b3
dab0
7874
7c6a
7896
9a8c
7c5e
5281
a67e
4148
8aa8
a49c
8d7e
6e55
3e60
a1b0
8366
7d8d
7c6a
728c
967a
596a
a5c0
a46a
5b71
7868
627d
907c
544f
8ac0
af74
5a78
9490
7379
9c9c
6636
3d85
ae9e
8286
9ca0
7c58
606d
573f
60b1
ded6
822e
2c74
988c
8698
927c
6d70
828e
7a4d
3970
a4a0
96a2
9c6c
3920
52bd
e8c8
5636
6b99
a4a4
885e
3c2f
52a8
dcd1
7539
587a
6654
6888
a492
605a
aad8
a84e
3b4f
6a98
c6d2
b05a
0301
56e2
f0a5
5e5a
6872
6f68
788d
7243
6ac5
cc7e
5062
767a
787c
a3c9
9c28
0157
d1d8
a464
392d
528a
afd0
c468
153c
a4a9
764f
496e
9e96
707f
a889
4430
7ab7
baae
9871
5643
3064
c6d2
6723
4498
b6b2
8768
7c85
6860
8c9d
744a
577e
8e86
7276
9ea5
6630
56b2
ceb0
8264
5a63
767e
8484
6c50
6bae
c59a
5e52
7492
9486
716a
6c62
566e
a5bf
ac8a
6c4f
384a
95c4
ceb3
723c
4680
8c70
6368
7698
bcb6
895c
4632
4588
b4a8
a0a0
8a59
5968
5860
9aaa
8e84
9083
6e82
9074
6884
7940
4476
7f86
b9d2
ac7f
795e
4a80
9660
4287
aa90
888c
5e2d
456e
75aa
deba
5c5a
8070
6590
8d68
7a93
6e60
a4b0
644f
8c93
8096
9855
4485
8164
99c6
8635
3046
4c94
ceac
8cc0
c771
527a
6830
3e6d
7cad
dca2
3038
8270
6097
a87c
7884
636a
bac8
643c
7e86
5e70
8969
6998
876e
aed3
720e
145c
85b6
d4b0
8294
7a2b
288c
8856
78b2
b6b4
b06d
2e3c
5e26
26b0
e7be
8e76
525b
a096
545a
9982
5e95
c694
606f
6c6e
a6ac
4c22
82a7
6d6a
a298
727c
6838
5bb5
a066
90b6
7646
7c98
807c
7c5c
72bc
b651
2768
8874
828f
7576
9282
6e99
bc90
6786
9766
4848
4c6b
9888
658e
d0b6
613e
465a
84a7
a69e
a99c
685c
7d74
3624
66ac
c0ac
8074
898e
5e36
559a
a88a
7674
7274
787a
8484
746d
96c8
c478
3e3a
668c
886a
5779
a49e
8590
9580
686b
695b
6480
94a4
a87e
444f
98ae
8561
5a6c
97b8
9e62
5064
747d
969a
7f74
8688
6b5c
6c7c
94b0
a268
5582
9e8e
704f
303b
94c3
9c6e
6e76
83b0
c89c
646a
7b68
5e70
6a65
8d94
614a
87ae
a59e
8e56
3a74
a696
766a
5a65
a6ca
9445
4063
6e85
a294
7e8e
9264
4e80
9989
9aab
7338
477e
7e7a
826e
6cb4
deb4
5d4b
4934
4685
8a7a
95ac
8a84
a695
687e
aa8c
4335
5a76
91a0
7556
8cb8
9a72
7d7b
565c
9ba1
7c70
6856
72a4
8a54
7abc
a760
586e
728a
a387
647f
997e
7496
8436
165a
8985
8a8d
89ab
d4ba
6e6b
8a64
2c34
606a
8ab1
ae8e
7f71
4b58
acb0
5a3e
84b0
a48c
7c5e
5a82
8469
82a9
854e
659d
8362
7894
7e6c
6a5e
75b4
c070
3562
907c
7ca0
a27e
7480
8086
8c68
384d
9e9f
7178
9f98
706e
7d84
8c8c
5e38
5078
6878
b9d4
b482
7674
7068
5c54
78a8
a68c
8e92
6a35
2755
8898
9a9c
a09e
805c
6690
956c
5575
9381
6469
90a7
905e
588f
b292
5946
7098
997d
696c
757c
818d
9ca4
9a81
6655
4d5e
7e91
8f93
9c8e
6657
7996
8c6a
5066
a0af
6c30
50a7
c0a4
8c8c
9884
4c26
4aa2
a66e
6da8
c496
4125
5da8
984a
2578
d4c2
6d5e
8ca4
9c78
6477
8d68
2331
abca
966e
82a0
a688
5234
6aa0
7b42
487c
8486
9aa0
a4ad
9058
5082
8856
3e5d
81aa
b894
5a6a
9894
6e72
8a8a
8074
565a
939e
6c4e
7995
785a
5c7e
afbc
824c
7ac2
c67d
4258
808e
805c
567c
7031
3eae
d8a4
585c
91b4
944e
327a
ba96
5c76
b6ca
a66a
5665
7a67
3638
7478
4e54
9cd4
ca88
4a45
8fc0
ac7a
778c
9898
8a6c
5a64
6440
355e
7c74
747d
90a1
b09a
81a0
c494
3c3d
8cb9
aa76
3830
789e
734e
7996
6c51
7699
8c6e
5556
9ed8
c076
86bd
a85a
3e54
667c
896c
4262
8a7a
7e9c
7e46
59ae
bea4
9c88
6882
b09f
7476
713a
1c5c
8a6d
6980
7470
979e
86a4
c284
425e
9d9c
8d8a
6b4c
6882
7f96
ac78
2d20
7096
8c7f
6a5c
7495
98aa
d0cc
7246
6c87
827c
745e
6174
6164
9ba0
5019
327b
a4c0
be9e
969e
806e
9cbc
903d
3568
7f86
7c5a
4e74
684f
81d2
c064
3e55
7da5
b8a0
8b9b
9669
6c9e
aa6e
3430
4c78
9b7f
5059
8474
6092
c4b4
908a
7e7c
9da2
7870
8b78
444d
919b
795b
341e
58a6
9a81
98a4
888d
b6b8
866d
6558
73a4
986e
7690
763e
3e65
6974
846c
5585
b2a2
98ac
925a
66a9
bca2
885d
3348
8180
5f65
8174
607a
978e
8482
7c84
9d9f
8882
9b92
6856
7794
9276
4c2e
4179
958f
908e
745d
6b98
ac9c
8882
96ac
ac84
5962
7362
4e60
7a7a
6554
5468
8692
8ca3
c0a8
706b
8fa4
987c
6265
808c
6c52
6470
5d5c
7d99
9380
7070
94ad
9274
86a2
906f
6165
7484
8475
717a
7464
6e80
7664
5e72
8fa8
9e78
6c8c
a3a7
a294
7e72
7060
4f56
656c
808f
7e60
606f
7488
9c95
889e
b3a4
8268
524c
7fa8
9876
6558
506b
8a7b
6c84
948a
97a4
7e58
667e
706f
8c8a
788a
9a78
6c98
a67e
6e6c
462a
5890
8b92
a484
6e98
b37f
5c78
8278
8da4
8668
7563
384d
908a
7085
8c6e
7098
9b88
9c96
5a50
8996
6c64
7263
669d
ac7f
7a91
7a62
86a8
9881
8264
404a
695c
649c
a888
8ca8
a08c
8668
3950
9ca1
7f7e
7c60
648c
907a
827d
5452
94a9
847e
9790
7e82
6e4c
5a86
7658
88b8
b09b
8f6a
4854
7672
80ac
a060
5686
8c74
6c64
6495
cabc
8482
8a5f
4058
6e71
828a
6f70
989c
6d6c
948c
6569
8286
949c
724e
7aad
926a
767b
5e62
8a92
92a4
945c
528a
8e66
6078
7270
8589
7e90
9c76
5f89
b49c
7a78
6a58
6878
6c75
9990
6162
888c
808c
908e
9695
755e
6e74
5151
88ac
a68e
7059
5e7a
7e74
8696
887d
969f
8354
4056
82a4
a28c
8890
7a52
4c7e
9ea2
8162
5e6e
7879
828f
8660
5682
bab4
804b
4879
a29a
7a72
7e72
5456
80a7
aa9c
806c
6564
6582
acb0
743b
488a
a690
644e
6698
a692
8a8b
744e
507f
9c98
8a7f
7467
5240
64b0
d0b0
634c
7290
9284
6d60
748c
9096
9669
2c24
70a3
a09d
a8a2
8564
444c
96c6
aa5c
4f68
6974
9398
785d
5c76
acc8
9c44
3b84
9d7a
7084
8a77
6051
6cb0
cba6
625c
5e40
4ea1
ceb4
7650
4980
b896
4c4c
95aa
8c84
968a
6c53
3c44
90bf
9e78
8683
4629
7ac4
c8a0
684c
76aa
8d50
4984
8a6a
769e
9f7e
665d
6994
a283
7aa4
a359
2856
a2a8
885c
4054
8ca0
929a
a586
5d70
a1a4
8060
5a5e
6a6e
666f
94a2
7f6c
88a9
a88d
6a52
4c64
8696
9e96
7869
7e94
7c4c
345a
8ba0
a8a2
8f7a
6e64
6c88
9982
6b7e
8c74
657d
9080
6c67
6e8c
b0a4
684a
626c
5c74
9c96
757c
949a
a2a2
6c38
547d
645e
96a8
8076
918f
8aa6
a064
4a68
5a36
649e
8a70
8fa6
8c90
9f6e
3e58
7c74
8ac0
bc6a
5c82
765c
747e
6871
927a
6691
a368
4e8c
a484
8498
826e
796b
496c
9e86
5c78
a196
8fa2
8c57
5568
585c
9299
7788
b4a5
7374
7656
5485
8e70
788a
7978
9796
6d70
9e95
605c
6e66
688a
8274
8ea0
7f71
9194
6155
83a1
9e94
7249
669c
8a5c
6490
816e
7e88
7978
7a64
70a4
a16e
6a9c
9e70
6a77
707c
9275
5279
a894
8499
9056
4164
6d70
9598
6c6e
9a9b
787a
845e
548c
a482
7e95
8269
7c88
6f74
9076
4e74
9c86
7590
946c
5e65
5d6c
a8aa
746c
9aa6
8c86
846a
6076
706a
8a95
5e38
6196
8b81
8486
909d
8c66
7ca6
925d
5977
7c77
7c7b
7e92
9471
6c8e
8c56
3a5c
859d
ada0
7e7a
8672
5e76
8872
6c88
9488
8e96
7b6c
7e7c
5e58
726c
6480
8e7e
8eb2
a071
6a77
6e7a
998c
636a
826f
5c7c
866d
77a4
a28c
9382
4c41
7c87
6c7e
a494
8294
885e
6483
7055
768c
6e6d
a0a0
7478
8e81
7e96
834a
4a85
8780
a2b0
7f62
7a78
5e6c
7d62
5e8f
906c
81a3
8c71
8691
7880
9884
6874
7250
5b98
9770
697c
727c
9e9a
787a
8460
5792
a67f
748c
8c7f
8a80
585a
7864
5084
c2a4
827c
6f58
6681
777e
9d8c
5e72
a4a0
7c74
7770
8294
7c5e
767d
4e48
86a6
9790
8d74
6a84
7e62
81a2
845e
7998
8a79
7462
5e86
9470
6a8e
8e64
607c
8689
948a
7688
9674
5574
9274
5a68
7b8c
a19c
7772
8c80
5a5e
817c
6c7e
9096
9c8f
6554
7f8f
6754
84a2
998c
806c
6c7c
6f62
82a0
8970
7d94
8466
606e
88a0
9470
6d8c
8e65
5064
7a7b
808d
9692
826e
759c
b085
4e4c
7a8a
7870
7988
8878
6c7e
968b
6454
7a9b
947c
747c
7e71
6478
a4b4
864d
4c88
aa9c
7b6a
6a70
747e
8987
693e
4290
cac0
8460
697f
847c
8094
9a75
4953
8896
785a
5874
8792
9aae
b486
443c
83b4
aa70
4a50
7890
8c7e
786f
5c5c
8cb4
b985
525a
8491
765b
5674
807e
829a
afac
8570
757c
746a
6c70
6a61
5f7c
a0a4
744e
609c
c2bf
a074
4d4c
6479
847c
5a3d
62ac
c4ac
7e66
6584
a29c
867c
6a48
3c5c
868c
867f
7074
9ab9
b4a2
905e
324a
8a97
7e59
2f32
7ac4
ccb0
8b66
587d
aaa9
8460
463a
5c8c
917e
7e7c
7581
a2b2
a28a
704d
426d
9490
8264
403a
7ec0
bf9e
806a
6e8e
a38c
6454
464f
8dbc
a262
5063
7e98
a694
8891
875c
4d74
7a58
4d64
7ca1
b7ac
908e
8e6e
6084
9c74
483e
5074
948e
747d
9fa2
8282
9e96
766f
7476
7a6a
4634
5c8c
898c
acc4
b490
6d54
5872
7160
6c88
846f
7283
847f
7e84
9ab2
b086
6464
6656
4c58
6c7f
837a
788e
a4a0
908c
9489
7663
5e61
6662
6073
919e
9488
8a98
988e
8484
846c
5240
486a
7b78
7a8f
a6a8
9a94
9894
806a
6266
6c58
3b41
6e90
969c
acb4
aa8c
6760
8294
7e66
6870
5d50
5d71
808a
8c96
bcd2
ae6a
5160
5e4d
5467
7d91
8466
73a6
ac94
8a9c
967e
7068
6f7f
713f
306f
9a88
7483
9cac
ae9e
8a89
865e
393f
686c
6274
929a
9284
7a91
b6ae
7e6c
8082
6148
444c
6880
8086
a6b6
9880
9096
8274
7d7d
7161
4732
4e88
9486
96ae
ac98
8d7e
7076
7d72
707a
7254
516e
7872
84a2
aaaa
9e7e
6a77
8072
6062
6258
6076
8894
9aa0
a3a0
9078
656c
786c
585e
747e
7669
697e
9da9
a6a6
9e81
5c52
5860
6366
728e
9d86
6a6a
8d9c
8d84
8990
9185
6652
5e6d
6870
9096
7662
7490
a29d
867a
8c98
7348
496e
7a74
7e8c
8f8e
8579
7d90
886c
7493
9165
4e5e
7a90
907d
7689
9d89
6f70
7a6d
6378
8c86
766c
748c
9f94
7875
7f74
5e5c
7692
9994
8c7c
706a
6a76
8680
7275
91a8
987a
605c
6476
888c
8a80
6f66
7290
9178
727e
8178
7e8a
8c82
796e
687e
9083
757f
8674
6b88
9680
6c64
5c70
9ca6
8476
7e70
6182
a28e
6b63
626a
8ea0
8a7a
8e93
7872
887f
5c5d
7578
8299
9884
7f7a
5642
7cac
947a
7d7d
7c8e
987a
676d
665c
83af
9c6a
6e84
847d
796f
6e88
8a6d
6c94
9c7f
7278
6a5c
7294
9fa1
9268
5475
9277
5c64
7e86
959e
8a6e
7075
727e
8d7d
6878
8e84
717a
8a8e
9488
6456
6979
7c89
947e
6e82
9488
705e
546e
9c9c
7d75
8588
7c86
8e7e
7174
7170
7e7c
6670
9da8
7d61
6a70
717b
7c72
8ca4
9673
7272
564e
8bb3
ac9f
8a66
5873
7654
5182
9894
9fa0
775a
656c
6c84
9a82
6e82
8c70
6e87
8d85
928f
6c59
6c75
707e
8e80
7c9c
a27e
5a50
566e
9aa9
9180
8679
6472
8a84
7472
7e86
8a7f
665a
7a8d
7a76
8fa2
9886
6e5c
6177
7e7c
8c98
8270
7789
8475
6a66
82a6
ac7c
5a5a
5e69
8098
9e99
9178
6160
6b68
698c
a5a6
9a8a
6f61
6468
5b70
a0b4
a58b
6c4f
4c6c
8086
969c
8471
7e7b
5e58
6c86
9cb2
a87c
6466
5c56
7494
8e90
998c
6a5e
666e
82a0
9e7d
7480
6e4e
546d
7d93
acae
9b84
653a
3a80
aca0
929a
8c70
5d54
5178
9c8e
7a8b
936d
4c5a
7c8a
9093
8e9a
a87b
3c38
7398
928c
8e86
7e74
676a
847e
5650
85a8
9e82
726e
767f
7471
94b2
9c6f
666c
6865
6a72
8091
8e7e
8494
7950
4a6e
94a6
a490
7570
7270
7c92
8b6c
6472
868a
8a80
7474
7565
6484
9888
7476
7e84
8682
7e85
8a76
687c
9589
6c60
687a
8c87
787c
867d
6c79
98a4
9375
6060
727e
7876
8688
7674
8892
846e
6069
879c
947c
7c86
745e
6c88
8d87
7e6f
7487
8c77
7688
7e65
6888
9488
7465
6680
9890
7984
9380
6c7e
9082
6f68
646c
8384
7176
948e
7073
909c
8d78
6764
7c94
8a75
7f82
6554
749a
9986
786d
788c
8868
6684
846f
7492
9c8a
7b69
607c
948c
808f
8f6c
506b
8a86
7a68
5875
9d9a
8081
8e7d
6c7c
9494
8472
6266
8080
696f
8a86
6d6e
8694
968c
7062
7a8a
817e
8989
6f64
7889
8a7e
6659
7498
947f
8081
766a
747f
868e
8676
7886
7e74
7885
8274
6f78
889e
936c
5862
747b
848c
8478
7880
8898
926d
5e77
8e88
7f7a
706a
7170
6674
8e86
7682
9290
8b8e
846e
686a
6878
9494
7668
7480
8283
7e71
7182
8682
8381
6e67
727c
7e84
8884
7c84
817c
848c
8274
6e68
6470
807e
767c
8282
9499
8470
7882
8480
8076
6e72
726a
6e78
7474
899c
9884
7c7e
858a
7e64
627e
8878
7279
8181
8485
8382
7e6a
647f
907f
6e78
8886
796a
6372
8f92
8888
9792
7c6a
6566
6668
6e81
9b9b
8274
7e84
7b70
7184
9496
8472
7376
6d6c
737a
7f7f
7e80
8e90
7e6c
7280
827a
7472
7a81
817c
8492
8f7d
777c
7674
7672
7480
7e74
7180
887c
787d
848a
9488
7677
7c73
6a79
887f
706c
707e
9094
807c
8888
7671
7674
6e78
7f86
9896
765e
6a7c
7471
8492
9694
7c62
687f
7964
708c
8e86
8f8e
8279
6e60
7298
9270
5f74
8482
817d
7c88
8c72
647e
8c7c
7482
9087
7a72
6a75
8070
648c
b0aa
8264
6168
7782
7b78
8888
7777
8a88
6c65
7e92
9890
725c
6c7f
7166
839e
9680
706c
7085
8f83
8288
7c70
7d8e
7d61
5868
88a0
a484
6e77
8072
6c78
8483
8689
7e76
7268
647e
9492
9098
9578
5852
6388
a8a8
8460
7e7f
0000
676a
7186
9eae
bcc3
cad4
cfa9
8c69
4b3d
2b20
2a44
525f
676b
6061
636c
8098
acb4
bec4
d0d5
cab8
a48a
6b4f
3925
1d2b
3443
5569
7882
857d
7b73
758a
97a2
a8b4
c4c8
bb9a
826e
5d52
403b
3745
7788
9498
9082
756b
6565
636f
8388
8f96
9ea0
9881
7378
847b
716d
758c
a693
7561
585b
5b5b
636d
7780
8082
837d
7d7b
8dac
cac6
b892
7061
5d53
545f
615f
5d53
4f4a
475f
80a6
c8dc
e6ec
d496
6547
3b49
4b4b
4a43
403b
3c58
84ae
c8da
e4e9
e8c8
9365
3e26
1923
1b12
132d
639c
c4da
e0da
d6d2
d8bc
915f
3d27
1011
0e09
1543
77a1
c4d0
d6d4
dce2
ce9e
6b48
2d19
2123
212d
4361
84a6
bcca
dfea
deaa
7557
3e31
435f
6568
695f
5557
5d72
8eb6
d4e0
dac1
9263
4539
4d5b
6772
7973
685d
5d5b
6481
a0b4
bcbd
ad88
6f59
555f
6166
7382
888e
8e86
847d
8088
8d8c
847d
7461
5245
5251
8088
8c8c
8c84
8684
8086
9298
a2b0
b4b2
a18a
775b
3f2b
1719
3959
6975
828c
979e
988a
8288
8e9a
a8b0
b8b8
afa2
9682
5f44
2d1d
1b34
4757
6c7d
8c9c
aaaa
9686
797c
8388
9296
a2ac
a496
9488
7355
4134
3133
546b
7992
9ea4
a89e
907b
6d65
6e7b
8a92
9ca2
9d86
7d73
6147
3731
437d
9aa4
aaa8
aea8
9279
605c
6365
6b70
777b
7169
7078
7982
8085
a7b4
b6b2
a68c
6945
332f
3f45
4f65
8296
a0a8
b2a2
9286
88a0
a698
8265
4931
252d
4963
89a0
b8c2
b6a8
8e73
6b6c
778d
8269
4d35
2f3e
5f8a
a4b8
c0c4
c1aa
9279
695b
565d
513b
2a27
3f61
849e
b5c4
d0d8
d4ba
9c80
6557
5142
302b
2521
2b43
6da2
c8e4
edea
d8ae
7d67
6451
4843
4747
4143
4755
749b
baca
d2d0
c6a9
8177
6959
4b49
4e49
484b
5362
758a
a2ac
b1b2
a9a0
9690
a0a0
866f
5f53
4132
292d
3d5c
789d
bac4
beba
a88a
6f5e
6380
8482
8a92
8b6e
5f49
3a3b
4151
6f8e
a9b6
c1cf
d2ae
846a
5869
6d63
5f65
7173
6b69
6360
595d
5b67
7c92
a4a6
b0be
c2b6
9e86
7573
7b6b
5d59
5b62
6163
6164
6359
6363
656b
7b90
a2aa
baca
d1c2
9c7b
6351
4f5d
575f
7788
8e88
7161
4a38
3447
5f80
98ac
b6b4
aeae
a89e
9a8a
7577
8373
7165
584d
413a
3b3b
5162
7994
abbc
c4c5
c4c8
b89a
775d
5559
5f59
5453
4f49
3f41
5471
90a8
baca
d2cf
ceb4
885f
4b4b
6661
574c
3f39
3031
4f6f
93b4
cce2
ece8
ce9a
6948
445c
5852
493b
2c21
2f50
7ba8
cfe8
f2ef
d097
674f
4d5f
615d
5143
373d
5777
a0c2
dada
bb88
634d
4f61
7975
6d63
5d5c
687b
93a8
bec1
ac8c
695d
575f
736d
675c
5555
6182
96a6
b1b0
aa8a
715c
5558
5b77
857d
756b
6567
7491
a0b5
c0c6
b990
674b
332a
293d
6575
8079
756b
696f
84a0
b0c0
c6d2
d4bc
9a77
5943
332e
3745
4751
5150
5357
5f82
9eb4
c0c6
cfd0
c9b5
ae9c
846f
5b4c
5353
4d49
3f33
2d2b
3348
6796
aeb8
c0c8
cfcc
baac
a6a2
9483
6d5b
5960
584d
443d
3737
434c
525f
7b9a
a6b1
b5c5
c6c0
aca4
9e9e
9880
6754
4f5d
5f55
4435
3845
5d6f
7980
8490
949e
aab6
bcbc
aeb0
b099
674b
3327
3139
4963
7b84
7c73
747d
8c96
a3ac
aea8
9882
7877
6b59
4f4f
5f88
8e7e
7772
7074
7880
8082
807b
787b
828e
a3ae
9e8d
7259
6159
575d
656e
706f
6d70
6f7e
9ab5
d0d9
cfa4
6f4a
3943
4b4b
4341
434d
5f82
9eb6
cdde
f0e4
b479
533b
3347
534d
4947
494d
6383
9ebc
d8ea
e0b1
7d55
3b3b
5969
7779
7163
6465
718e
acbc
b69a
7759
403f
5d71
8a9a
a09f
9488
7775
8286
8880
6f5d
534f
607e
8488
8984
8886
888e
9498
9e9a
9480
694f
3d2d
284e
6d88
98a2
9a96
8a86
8d8f
9cad
b6ba
a282
6642
2d19
132d
4f69
848c
8e95
9892
8f8e
8c9b
a2b4
bab6
aa9a
7857
3f2c
293b
4856
616b
7275
7c75
7177
889c
acad
b8b8
b4b0
af9c
7d60
4739
3751
595d
5b55
5b6b
7b80
7771
6d79
919a
a6b2
bab4
a9a8
a696
7b5b
4330
314e
5c68
6b75
7580
8884
7e77
717d
8a94
a0aa
b0b0
a39c
9075
553b
2721
4561
7081
98aa
af9e
846f
6b80
868c
989b
9484
7065
593f
2c31
5698
b5c2
d0c4
a67b
5d55
5b61
646b
777b
7963
5f67
637b
90aa
caca
bc96
6f54
423f
4559
6069
7079
888e
a0aa
aaa4
9896
9078
5f4b
4243
4b4e
5161
7d9c
bacf
d4cc
aa85
6759
5f4d
4540
4443
454f
638a
accc
dee4
dabc
9169
5955
4338
312e
3341
576f
97bc
ccd4
cec4
a68a
8c6f
523f
3d35
3d57
677d
90a8
aea8
a28f
8682
8294
826f
695d
4b3f
434f
6786
a4b8
beba
b091
7a69
6978
7771
7575
6755
4d49
4957
7596
aab8
bcc4
b296
7b6b
6967
5953
5b61
5f61
656b
726d
7784
969e
a1a8
b0a6
988d
8481
826f
5d5a
5352
4b44
3f41
5363
7992
a4ac
b4ae
b8b8
a994
8a7d
8090
887b
7b6f
6353
453b
392f
2f3f
5373
96b2
bcc0
beba
b4aa
a09a
9692
9282
6c57
4f47
3f39
393f
4b58
6879
7a7b
96a4
acaf
b4c2
cac8
b28d
654b
504f
5861
5b5d
5d53
5247
4153
6380
9db4
c0c6
cad2
d6b8
8a5d
4446
454f
4f51
4f4a
4144
4b67
8aa4
b8ce
dce0
dbc8
9c61
3c27
2b4b
5759
5e63
5f5b
6173
889b
acc4
d0d0
bca2
6d47
3333
546f
7c7d
786f
6453
5f69
778e
a8ba
beb0
9878
5d57
697d
7d7e
7367
5d59
616b
8094
a4a8
9580
6959
6777
918a
8273
6767
7d90
9eac
af9e
795f
4d4d
536a
756f
5c53
5d77
9aaf
c1ce
cdb8
8c61
4137
3843
6b6f
6759
5d65
7d9c
b0bc
cad0
caa8
7d5a
4741
353d
4945
4745
5365
7092
aabe
c4cc
d1ca
baa4
8a77
5f4b
4b47
392d
2423
2d3e
578b
a8b9
c6ce
cac6
b6b0
a89a
8975
6d79
6751
4231
3031
2f2f
3b5b
7b93
b0c4
cabe
b6b4
b4ad
9280
737b
8273
6153
4f4b
433b
3539
475d
7284
9cae
baba
b4ba
bcb4
a68e
7d77
8280
7160
534d
4945
413f
3f35
455e
7da6
c4d2
cfbe
b1b2
beb6
9c88
7363
655b
4839
2d28
2d29
3656
7599
b0b8
bebc
bec0
b9c4
ccb8
8259
3521
221b
1a1f
3b5f
7e94
9896
a0a9
b4b8
c2c2
bcaf
946f
4527
110f
3153
6d80
8685
888a
94a9
b3b0
aeaa
a48e
7159
433b
3945
676d
6567
7187
94a4
aea6
9888
8a94
8d8b
8473
5f49
4b5d
6673
868c
827b
736d
7388
a4b4
b2a2
8263
474a
677e
929d
9a88
7763
5557
6b7d
887e
6f65
6a75
96a2
a6a8
a094
8879
7379
7977
6957
413c
3c5d
8a9c
a4a2
9e94
8e8f
92a4
aeae
986f
5132
231c
3167
8096
a0a8
a08f
8680
8a9a
aab1
a28c
7551
3b2f
3153
697b
8688
867d
7573
808a
9cac
b6ba
ac9a
7d5b
4737
3f5f
6d77
8083
7e7b
6d59
535d
778e
a3b4
b6ac
aa9a
7b65
5347
5f77
8890
9094
8f80
6547
2f35
5169
7d95
a2ac
acb2
aa96
775f
514f
7382
8d92
8f90
8773
634d
3b37
4d5d
6979
92a4
b0ae
aeac
a28f
7363
5761
7d8c
8f8c
8c84
7059
4131
2339
607b
a0b6
c1c8
b8ac
a296
806b
5b51
6575
716e
6357
473f
4c69
8fa8
acb4
b4b4
aa92
7d79
6e5b
5049
4d69
737b
8084
888d
8e8e
8f88
7d7a
7881
807b
8277
655d
6176
959c
a096
8073
6a59
5b5d
697c
909a
9c9a
9283
807b
8a94
7d6e
5951
4d47
5167
7786
98a8
b3b8
b8ae
9e82
7665
4b37
2f2d
314b
6b84
9aad
bec6
c6bc
a58d
776d
5741
372c
2e44
5f85
a8ba
c4b6
a090
786d
7771
6960
5545
3b4b
6489
aac6
d6d6
c5a1
6f54
4547
3f47
4f53
5353
6775
8aa2
b0c2
cbcc
c2a4
886b
6053
4748
423b
4045
5972
8899
a8b2
b6b4
b8a6
9a86
7575
6d65
5f55
473d
3834
4863
84a0
bbcb
ccc1
c0ac
9075
6155
6769
6b73
6e65
6053
4a43
4857
6b84
9cae
b4b6
c3c2
b29c
8067
6769
6769
6b70
736f
695f
4f44
3b3d
4d6b
8499
a6b6
c6d2
d8c2
a879
5f69
6a6f
7775
6b5f
5347
3b2b
212c
4d73
9ab8
cacb
c6c7
c6c6
b08e
6c53
4f59
5953
5155
595d
5c53
4b53
6980
9ab0
bec8
bebd
beae
8664
5052
6f6f
635b
514d
4447
4d5d
7380
9cb2
c3cc
cbd1
ce9a
6b4b
3d4b
4749
4a55
595f
5959
778f
a4be
d0dc
d8c6
935c
3927
2745
5869
7773
7271
778e
a4b2
bdc0
ae82
6345
373f
5982
8a7e
756b
6b80
98a6
04b6
ac95
7055
3b35
3b4f
7675
7b7b
8290
9dac
b8be
bca9
8861
4a3d
2b2c
3b48
5364
7888
a4bc
c6ce
d6ce
ac83
613f
281d
201f
2d4d
6e8c
a6ba
c4c9
cece
c6ae
906e
4b39
3730
231f
212c
496c
9ab6
c5d2
d6d4
cdc6
ba98
775f
5750
4335
2d25
2123
355a
7495
b5ce
dad4
d4ce
b192
7567
7169
6361
584f
463f
3d41
4b61
7d8e
969e
a8c0
cfc4
ab8e
757a
736f
6865
6761
5f5f
5b59
5961
6c76
828a
8d94
a8b4
aea8
9c88
8482
776b
635f
5d59
585a
5553
5767
7780
8a90
918f
a0ba
ccd2
bd90
6c57
6561
5b5b
6167
6b67
6152
3f3d
556d
86a1
b2c6
ced6
d1bc
9271
5f5b
676b
6559
4d41
382f
2f3f
6798
b6c0
c8ce
d4ce
c8bd
9e75
5742
3035
2721
1e2d
5177
90a8
bbbc
bac2
ced8
cba9
8652
2f17
0912
233c
6488
98a0
a2a4
a6ab
b0c2
c8aa
805f
3b1d
0b0f
4872
92a6
aaa6
9b8b
8880
808d
948f
7b65
4937
3f63
8ea0
a6ab
9c8c
7b71
6d71
7978
6d5d
4844
4d71
a3bc
c3ae
9679
7073
8594
988c
6f50
3728
2d63
8597
9491
8279
849c
aebe
c6ae
885f
4731
325b
7275
736b
5f5b
7090
a4b0
b8b6
a58d
715f
505a
7d8f
8c80
6d51
3f2d
416d
8ba6
bcc6
bcac
9171
615d
6f8e
9690
8874
553f
313d
5d71
7b8b
9499
9498
9482
7c7b
8aa4
a49e
9686
6c59
4641
5363
6b77
8084
7d71
7171
7177
7e8e
a2b3
a8a6
a292
7e67
584f
5769
6d6f
6c71
7978
7271
7d7d
7977
7884
9ca8
a7a6
a6a0
8e73
5d50
4349
535f
6771
787d
7b71
7d92
a2a6
a092
9092
a69e
9289
7b67
574b
4443
4349
555f
7391
a4af
bdc8
c8ac
907d
7381
7a71
675d
4d3d
3735
4159
7899
b0c0
c0b9
b4ac
9882
7165
6f78
6956
453d
414b
5d73
8c93
98a4
a8aa
aab0
ab92
7c67
6b5d
473b
3b4b
5961
6871
798e
a8c1
c4d0
ccaa
805f
5b5b
4d44
4741
3131
486f
9dbc
d2de
d9ca
9e75
5d55
6158
544c
3d33
3d60
88b1
cede
e0c8
905d
3931
3b4b
595e
5f69
8391
aabe
d6e0
cc96
633b
2927
232b
3553
698b
9ca2
b4c0
caca
c6a8
8865
4c51
4845
372f
323b
5d86
a4ba
c8ca
ccc2
a07b
5d4d
5163
6762
574d
4141
5174
90a8
bcd0
d8da
c28e
683f
2a2b
4053
616d
716d
6363
6f7d
8fa1
b6c2
c4c9
beaa
815d
3d31
4043
3d42
5061
6f79
7b84
919a
a6ae
b8bd
b4b4
b094
6e48
312d
4959
5968
6b73
7771
6b6d
7484
8d93
9ca6
a89e
9499
9d8d
7763
5557
7984
7b77
7374
7575
6e63
5954
505b
6580
9cb0
b6b8
c8d2
ba88
6141
4467
6e6f
7371
6d67
594f
484f
6580
98a4
b2bc
bcc5
b287
6147
4057
7784
8886
806c
5036
2940
6286
a7be
c9c8
bcaa
8867
656c
7d88
7965
4f32
1b1d
376b
9abc
cadc
dcca
ae92
6f61
554f
5641
3525
2847
749e
bcd0
dadd
dec4
936f
4b36
1b1b
2b33
4765
8394
a1b1
c2ca
d4da
c69a
6e49
2913
0f12
1a3f
6b8a
a8c1
d2da
e3e6
cc90
5f3c
2013
1711
1a3d
699b
c0cf
d6da
d8d0
b38a
6141
2f30
2b20
1b1d
3973
a8c6
dae8
ecea
d4ac
784f
3b3f
3f33
2923
2535
5379
94b0
c7d6
e6e8
dcaa
7959
545d
5553
5353
5253
5764
6b76
8496
a0a6
b4ae
a292
7d75
7569
6160
5e5f
6b75
8090
9a9a
968e
8885
8881
694e
434d
718e
8e82
7772
6f73
7176
8a9c
a89e
aea8
a795
8875
5d49
3e37
4365
7384
918a
8275
6d66
5f6b
8496
9ca1
a2a4
a096
948d
856d
5b51
546b
7e75
675c
5559
646d
7380
94a6
a69a
8c8a
8886
848a
9894
7d67
5147
5153
5f76
8e9e
9f8a
796b
6359
5969
889e
a4a9
b0a4
8269
595c
7780
7a77
6f67
595b
5153
5f6b
8aa6
bac0
bdbc
a882
634f
5759
5557
5d5d
5f63
6271
7d98
b0c5
cec4
b892
633d
2731
4357
6b79
8084
8184
90a8
b2ba
ae8e
6d4b
332b
3f73
8a90
928d
7c76
8698
a8ac
a88e
654d
342b
376a
8890
918a
8c93
a0a8
a4a6
9e85
6750
4547
6267
5a4c
3d4d
77a2
b4b8
c4c4
b8a4
8a75
676d
735f
4e33
292b
476f
8ea8
bcc6
bcb0
9484
7d84
968d
755f
4d40
3d49
515b
697d
95a2
aab2
aaa0
a1a6
b29e
8468
5547
4347
4d50
5b6d
8288
8285
8386
8a98
adb9
b8ae
9883
685d
5b59
5f5d
646b
7578
737d
8477
635d
6b8f
a0b0
bab4
a089
736f
655f
5f61
6d7b
827d
777e
8075
635b
6473
929c
a6a8
a698
847b
6e60
5759
5d63
6b7a
7b75
7788
908e
847b
7175
8ca0
aaae
9a84
6e5f
5f51
4c47
505b
6b7d
8a8c
868c
9698
9691
848a
adb2
a882
6151
4f4d
4847
4959
5b5f
6c7d
92a4
c0d0
d2c0
988a
8c75
5d4e
5155
4f42
2f29
334d
7da8
c8d6
dcd8
cda4
7d6d
6f6b
5e4c
4537
2318
214b
7da6
c6d4
d4cc
cebe
9a7e
615d
4937
332b
272b
416b
89a2
bace
dae2
daa2
7349
3939
383f
454d
5769
758a
9eb6
d0df
ce9c
6d43
2f3b
434b
5360
6882
94a6
bed8
e6c6
8e57
352b
3f43
4341
4b57
7b96
b2ca
dce1
c28c
5f42
4165
706d
6759
4b49
5f79
98ba
d1d4
c08e
603b
2e4f
6d77
7e77
6b5f
6173
88a5
bacf
d4c2
a86b
452c
274d
5358
5f61
635f
6982
98b3
c4ce
d9cc
c098
6343
333f
6163
5d56
4c44
3735
4d82
acc8
d9e0
e2da
d4b2
7b4f
3a31
4b57
5551
5252
4f38
3139
5f98
bed1
dcdd
d6d6
d4c0
905f
3f33
394b
4745
4551
5559
5851
6175
8ca0
b4c2
cdd0
cac8
c2a4
7949
281a
193c
5971
888c
826f
695f
616b
8096
a4ac
b0ae
a590
867b
6f57
4d4f
5c83
908e
8e81
6f60
554f
556b
8294
9ea4
a694
8284
8c8a
897b
808c
7967
5953
5553
5358
6773
7b92
a6b6
b2c5
c6ac
8b65
595d
4e4b
4341
3937
3f5d
80a2
c5d8
eae6
e0b8
7749
3331
3129
1f19
1d3b
74b1
cee4
ecf0
eed0
ad6d
4325
1b1c
0901
0a37
81b2
d6e0
e4e8
e4cc
a06b
452b
1f22
1d1c
305c
88b4
ccd6
dadc
c88f
5d45
3339
5151
484f
5a6d
8ca4
bcd2
e5d8
a469
432c
2f51
6571
797c
6d6b
7175
8c9e
b8bc
b89c
6e4f
3f59
6370
858f
9898
9688
756d
717b
716c
6359
5d67
8285
7d80
888e
949c
aaae
aca4
9c8c
6959
4b33
2210
2159
778e
9da2
a09e
9c9d
a1a1
a6b4
c4bd
9a87
633b
230f
061b
2739
557e
a0ba
c2bc
afa2
9a94
9caa
b2ae
ac9e
8053
331f
111d
2432
496f
8aa0
aaae
aca0
9888
848c
a0aa
a6a4
a396
7d5b
412b
1f39
494f
6581
909c
a29c
948b
7e7b
7b88
a2b3
b29e
9482
6443
2916
1b51
7690
aaae
aca8
9e90
7771
7278
8282
7e70
6a6d
6350
4851
71a2
aebc
bcb3
a688
5f3d
333c
5065
7b89
868c
928a
847b
8bac
b6aa
9679
5536
1c1f
3f65
84a0
b2b8
b8ac
8e74
6979
948c
7862
4831
2b41
7194
b0c8
ccb9
a180
6257
5573
736b
6153
5759
778e
a0ac
b2b2
a096
8270
686b
6957
412f
3047
789e
bace
dad8
ba90
7162
5f56
4739
2f31
405b
7ba0
bcd0
d6ce
b894
8180
7159
412d
2725
354d
6f94
b0c4
d6d1
cab4
9a97
7553
392b
2b27
2f49
6788
a2b2
b4b0
a192
9094
b29f
7d6a
5b51
4137
3f4d
617b
92a6
a4b4
a290
8075
8e87
756d
6f6f
6965
5d63
6a6f
8090
999c
a8ae
a088
7171
8073
5d51
4752
5565
6d77
828a
8c94
9a9c
9da6
aaa2
8c77
7a89
866b
5749
474d
5357
6069
7d84
868a
8a8b
8692
9eaa
b1a6
9688
7d88
725f
5551
5c63
6667
6457
5352
596f
8eaa
b8be
cad2
c69e
735e
5761
534f
535b
5f59
514b
4f61
799a
b2c4
cbbb
b6ae
9a77
604b
4f63
6365
615f
5d5c
6170
7e8e
949e
a1a2
9ea8
aa96
7e63
5155
5563
666d
7779
6f6b
7373
8092
aab0
bab1
9263
4340
5f79
8488
8075
614e
5169
81a2
bac2
b296
7255
597b
8c88
7863
4b37
3f67
92ae
cbd1
bea1
6b55
4f6b
8077
614d
3733
537b
a1c2
d8d5
bd92
7569
737b
634c
372a
3353
7596
b6c6
ba9b
736d
7588
8879
6d63
5f6f
848e
9aa3
9e82
664f
454b
5777
736d
6b6d
778d
a4b4
c3ce
cab1
8665
4539
374d
574d
403f
4353
719a
b4c8
d9e1
e4ce
a879
5949
3d47
453c
3b3d
4549
516e
8aa6
bac6
d0ce
c6c6
b89a
775b
5f55
4437
2e26
282f
3b58
8090
a4b5
c4ca
bec2
c6bc
a689
7179
6b55
4737
3331
2923
2037
5f86
a4bd
d3d4
cfcf
ccc8
ad8e
776b
7361
4b3b
2e29
211c
1723
4779
a8bc
cdd8
d8d8
c5c0
bcb3
9867
462e
2f2f
272c
2b35
4b63
8293
a4b4
b6be
c4c3
b8a2
9694
885f
3f24
1f34
4055
758e
908e
8378
828e
a0ae
b4b6
a08d
8468
4837
3d5d
7d81
706d
6569
7784
94a4
a8a2
9c96
888a
8473
6a5b
5967
5b5d
6975
7b7b
7d86
8284
96a8
b4b5
a47d
604e
5d6b
6d6b
655f
5755
6575
91ac
c8c8
bd9c
7157
576f
6d6b
6861
5751
5d70
90b3
c4b8
9c71
574f
7594
968d
775b
4749
638b
b4bc
aa84
5d4f
5d82
949c
9682
6557
5161
8497
9280
6b59
5b6f
90a4
a8aa
9c8a
7875
7582
8a7d
6955
3b23
193f
7da2
b4b5
ac98
8684
90a1
b6c2
b08a
6742
200b
0b31
5773
888e
9088
7b82
96b2
c0c9
ceba
a47d
5138
252b
454d
5760
6167
5f55
6788
a8bc
c8d0
d0bc
af96
7053
4343
6368
665e
5957
4f43
3741
6c98
b6cf
dcdb
c2b6
a288
614d
4355
6f75
6d67
635e
5b4f
4647
658c
a0b8
c6cc
c0ac
a29a
8a71
5944
3b54
616b
707b
8280
6f5f
5f6d
8ca4
aab2
b2ac
997b
7775
6b59
4b45
5b73
7982
9098
9b98
907e
7b7b
7780
8a8e
8273
6c69
5b57
6386
a2a6
ada6
987b
695d
5d61
6568
6d78
8084
9294
8883
8aa6
b0a4
8a6b
5144
4345
5261
778a
989a
abaf
b2aa
9a98
8865
4535
3740
4b60
6a77
8aa5
bcce
d8c0
9877
6f57
4437
3233
2f42
638c
b3d2
e4e2
c490
6951
5347
4144
4d4b
566e
84a1
b8ce
d0c2
9e71
5d4b
352b
2d3f
6183
98a6
b5ba
b8ac
967c
6b69
4e3f
3530
3c5f
86a6
bccf
caba
9c75
5741
475b
5b6a
655d
575d
7186
9fb2
c7cc
ceae
784d
3535
3130
4753
6171
7987
929f
acb6
bac3
ccae
8a63
4741
2f29
2d33
3c4d
6479
91a8
acbc
c0be
c2c1
aa8d
6e59
5a4d
4545
3f35
3735
3f53
7390
a8be
ceda
d6da
cfa8
7d53
3f47
454d
5754
5557
534b
4d59
6b82
98b2
c4ce
ccc8
c4b0
8460
4338
4959
6b75
7a73
7069
635d
5458
6774
8ca1
acac
a7ac
b8ba
9e7b
5f65
7777
7167
5f5a
483d
332d
456f
99ba
d2e0
dde4
e4c2
7b4b
363f
4745
413f
474e
535f
6f98
b2c4
d8e4
e4d4
b37b
4521
1325
404f
6575
7973
7584
9cb2
c8d5
d8c2
966d
4322
1126
5b79
8288
8277
7984
96a2
aeb6
b19e
8165
4f4b
4f67
7970
6b67
6865
7189
9aab
b8c1
aea0
8875
6763
5d4b
3f37
3449
739a
b2c2
c7ba
aa9a
8667
5c67
635d
6065
7790
9694
928b
6f5b
4e3f
5377
7b7b
808c
9ab4
c2ca
ccbc
9364
3f1f
0300
1421
4569
8aa2
bad0
dae4
e8de
af8c
5128
0d07
1007
0f32
5a85
aac6
ced1
d5d4
c8b0
9e71
4f3b
3b3b
281c
1b1b
2d51
86b1
cce2
eaec
dac4
a874
4d37
334b
4f51
5349
4033
3f51
7198
b4c6
d4dc
dada
b479
553b
344e
4f56
6067
6767
615c
5b71
8e9c
a2a6
a8a8
bfbe
aa80
604e
5564
6360
6368
6f6f
6d5d
4f56
6779
8694
a8b0
c0ce
c6ba
9173
5955
6a6b
6c65
5d51
4138
3138
5584
a8bc
ccd6
cec0
b2af
a084
694f
4745
392b
2127
4769
88a3
b6c4
bfac
a8ae
aca8
a48f
633f
2519
232d
496d
90a5
aab1
a6a0
8e8e
a2bc
ae93
734f
290d
053b
688e
aebe
bab4
a088
8081
9290
7d5f
5135
272e
579a
b6c8
cec0
a480
6457
5b65
6965
5959
585f
7ba2
c8d0
c6aa
865b
4547
535f
6d77
6f78
7381
8cb2
b8aa
9077
5f50
5459
5f71
7d7b
7a88
9ab6
c6b4
8b6b
534d
5557
5f67
6963
636a
7596
bec4
bca1
886b
6d77
7b82
8479
6555
4438
4673
8088
8886
868a
99a0
a2a6
aea4
9081
6153
4b61
675c
554b
3f3f
5882
9caa
b4ba
b7ae
b29e
8577
8086
735f
4f3b
2b25
3147
5f81
9ab4
bab2
b8b0
9c94
96a4
a490
826d
4b33
2421
2537
4c67
7e92
969d
b0be
b4a8
a6a4
b0a3
9484
674f
3d38
3737
3d48
5569
7d86
8898
afc0
c2b6
a08e
948c
8e82
715f
4f43
413c
3540
4963
7992
a4a6
acc0
c8c6
ad8e
736e
7870
685b
534f
514d
413b
4359
86ae
cad5
c6c6
b89f
755b
5575
8a84
654b
3937
3a45
6386
9eaa
aeac
a7a0
a4a8
9885
736f
6c55
413f
4d59
5f6c
7082
8695
aaba
bcc8
c092
6b55
5955
474d
5a54
4d53
637b
96b4
c8d0
cfc8
9262
4941
4b4a
4f57
5961
7188
96a0
b2be
beb0
926d
503c
4444
5b65
7079
818c
98a8
bcc2
aa87
5d43
354e
5d6d
655d
607b
9ab4
d0dc
c48a
5335
305b
6e65
5349
4767
8eb2
d0e4
deb2
6f3f
2939
5762
625f
574f
6b8c
a8c0
dcde
c896
6749
435f
5e53
4f43
3f47
618a
a2bc
cccd
c4b4
8e71
6781
8071
5f4b
3727
213b
6590
b1ce
d1be
ae88
6859
6f98
9a92
866e
573f
2e31
4965
839e
aaad
b2b8
9a6d
5b61
848c
8c8e
8473
6351
494b
5a61
7b90
9e9a
a4a8
a082
6d6c
778d
8a86
7d74
6458
4f47
474e
677b
90a2
aaa4
a6ae
aa96
7c67
6377
807d
786f
655f
5753
4d50
5a6b
7589
92a0
a8b2
b8b2
987b
6965
798c
8e87
7767
5239
2b21
2b4d
6b8f
aac1
c4c1
cacc
c2ad
8c72
654f
3e33
2718
1313
2b6d
a1ca
e0f2
f8ea
d9b2
865b
3831
3123
1408
0723
5b9a
c7de
eaf5
f2e0
baa0
6f3f
1f13
1813
142d
5676
92b2
cdda
ecf0
d2a2
7b4b
2517
234f
5f63
6169
7589
a6c0
c6c9
b892
7353
3d37
4d6f
6f7d
8690
99a2
a692
887d
6f5d
4b39
3d60
888e
96a4
a6a8
aaae
b0b0
9d67
3716
0001
255d
8daa
afbc
bbb0
b8c3
c4a1
6d48
2513
1e2f
4b6d
8e9c
a6a4
96a1
b0bc
a88c
674f
3f4e
5755
5561
6b6b
7e92
9eb4
ccd4
c09a
6d47
2f2c
5062
717d
8079
6f70
6d69
79a0
c0c4
c6b0
8057
393d
5761
7682
8c88
837c
6f65
6780
a2a2
989b
9679
614e
4766
676b
7984
8488
8f92
8c84
889a
a9a6
8b86
7b69
4f3b
3243
6367
7580
888e
9aa2
a29d
928c
8892
988c
7570
6b67
5b47
3535
597b
919e
b2ba
bab8
a284
5f4b
4041
556b
7979
8491
9a96
827b
7d96
9c9e
988a
7763
4f35
1f26
466d
98ba
ccce
cab6
8e65
5352
7579
756b
5d50
4142
5175
a2b4
c2c4
ba9c
8d7b
5f4d
445b
6e67
676f
7773
7984
9c9e
a4a4
9e88
796b
5146
476b
7b80
8286
8284
858e
8682
8586
7d7d
7e67
5f65
868c
8e86
7367
636a
7380
8e9e
a29f
8671
6977
8f8c
775d
4b3f
4561
809e
bac6
bb94
7867
6d77
685d
535c
6579
8ca2
b2b0
987c
655d
5f4f
3d4b
6984
96a4
b2ba
bcba
9c84
6c5d
5b5b
412c
2125
376c
a2c0
d2dc
e6d2
c099
7359
5b4b
372b
2926
2b47
709c
bcd6
e3de
d7be
926a
5b5c
4940
434b
4947
4d5f
6d88
9cb1
b6cc
dcd8
b88c
7763
4435
3037
404d
5b70
7e82
8e98
9c9a
a8ba
b49c
8e8a
9273
5951
4f48
454b
4e59
6d7c
94a4
aea6
acb8
b696
796f
707b
7168
6167
5d55
4c44
4357
778e
a2ae
b0a3
9eac
b0a0
8979
737b
745a
4f49
4b51
5b67
7273
7e80
8288
8e98
a0a8
b8bc
a682
6149
514e
5568
737b
7868
5c53
5861
809a
b0be
c2c6
b586
5f39
3557
6b79
7b77
6d5b
433d
5979
a4bb
c8be
baaa
825b
4555
777d
7363
4f3d
2d39
688f
aec4
d6d4
ceb6
7d55
4151
574b
4134
2938
598e
b0ce
e2f2
eacc
864b
2821
3335
3133
3c4d
79aa
c8e2
f4fa
de9e
5d39
282b
2a21
1d30
4b8a
b8d4
e8f8
f2c0
8551
331c
231a
2743
6b90
bcd2
e4ec
e0a6
6e4b
3329
2315
1928
5991
bad0
e2f4
f8da
a675
4f37
372c
2016
172f
588e
bad0
e2e4
d4c8
9c73
5559
5b55
4d4b
494c
5a79
909a
aeb8
a8a0
8c71
6363
7471
6d6b
6969
7280
949c
a8b0
a884
7367
533d
354b
6976
7882
8486
8890
9eac
b6c4
c9b0
8c7d
6d47
2a16
203f
4d67
7584
9490
9298
a4ac
bac8
cdbd
9a92
825f
3721
1425
4157
6e80
878a
8886
8388
94a4
b0b8
b4a2
8882
8373
614f
4548
6574
7b80
7d79
6c61
5f65
7392
a8b4
b9b3
9679
7771
716f
6967
756b
6350
4b57
6f8c
9a9c
9e9b
8c82
8280
8296
9a89
634f
4b5f
6571
8088
8886
7b71
746f
6b79
94a4
aea9
9673
5953
6768
636d
6d67
5f61
6d7d
8aa4
bfc6
bcaa
7d57
3c31
4347
5568
7b82
9096
a0a4
bec0
a684
6334
1208
315d
82a0
aeb4
aaa4
a2aa
aa96
6d4f
2a05
012d
7398
acb2
a890
969c
acae
a27b
593a
2327
536d
7173
7584
94a9
b6ba
b28e
6b56
5063
7367
574f
495f
88a6
b6b8
ae90
796b
697a
8a81
6b53
3725
3f6b
90aa
c0c4
b8a3
8a80
879c
9277
5d47
3324
2f45
5b7c
95a0
a6aa
a8a3
a4be
b8a4
9279
5943
3d45
4547
4f59
6171
7e7c
90a4
c8d8
c6b8
a488
6d5b
5b67
6669
6968
5953
575d
5b67
84ac
b6b8
bcba
a27d
6961
686b
7175
797d
7171
7371
6160
6d8e
a29a
9a9d
948a
7b69
6965
676c
7379
8282
7b82
8a8a
816f
6d75
8888
8e9e
a496
806c
6157
5157
5f72
808a
8282
8a94
8f7d
7378
98b0
b8aa
8f6f
5849
4131
3147
6384
9898
98a0
a6a6
a2a4
aebc
9c6f
472f
272b
3143
5d6f
8092
a4b6
c8d8
d9b2
8a63
6457
4037
3b47
4440
5173
92b2
ccd8
d0cc
aa73
5755
6153
4342
4543
4d62
889c
afb4
bebe
c4a2
775b
533f
3340
5567
757b
797c
8ca2
b8c3
ba8c
674d
4b45
555f
6565
676f
8da2
c2ca
ba8c
593f
4353
6165
6368
7584
94af
bab7
9e79
635f
7373
5b45
3533
558a
aec9
d1c4
a06f
5251
777d
7363
4d3c
4770
93ae
c4c7
ae86
573d
436c
797b
7d73
615b
6982
96b0
c1b2
ab8a
6757
5871
675d
5751
4b4f
718e
a4b8
c8ca
bcaa
774f
3b4c
7379
776d
5f45
333b
6080
a4be
d0d0
c8c5
a46d
4940
6168
6a6d
695e
4b3d
3f4b
6788
a8c0
cac6
ced2
b07d
5750
6c6b
6b63
574b
433b
3b38
4f6b
90b0
c6ce
d0dc
dec7
9065
515d
6761
554d
443e
3839
3146
6c96
b9cc
d6dc
d8d6
cea8
7143
2d2a
414b
5054
595b
6567
7388
a0b6
c0c0
b9b0
9686
735f
4c4b
5b75
716f
7b76
6d67
6565
7586
96a0
b0b1
a297
9080
6d5f
7173
6759
4e45
3f49
6584
9bac
c5ce
bcb8
ae88
674f
5d57
4b3e
3635
374e
79a4
c4de
e4d1
c4a8
7355
4c57
4331
1f13
2657
93b8
d2dc
e0ce
bc91
6d4c
423d
291b
2b54
82ac
c4c2
c2b6
9e92
6f53
3c43
3b41
5879
9bb0
c0be
babe
a46f
452b
2333
4154
6980
909f
a4b4
cad0
aa7b
492b
375e
7486
9092
8074
6663
7796
9288
674c
5369
798c
a0ae
b2a8
a28b
7880
886b
573b
2518
3357
788a
a0ae
b6c0
c3b2
adb2
a97b
5b3f
1d04
002e
597d
969a
9c97
959c
9caa
c8de
cfa2
7744
2008
0221
314f
7286
949a
9894
8f8a
9fbe
d0ca
c4a6
794d
2f1e
2933
3d4c
575b
697b
8c98
9da2
b8ce
d4c4
bdb0
9e71
4a2b
202c
2b2b
3747
5975
97ac
b4b1
a8ac
b9c9
cab4
a490
6d44
2407
0005
2a57
87a6
bac4
cabc
a490
8688
9090
8667
5d55
452c
192d
689c
bacc
ccb6
a284
6757
5f76
8589
8368
5d5d
5b4f
5d7b
acba
b8a7
9689
755b
5160
6566
6f77
7982
9086
8282
a4a6
988a
775d
4231
4159
7090
a8b0
bcbe
a083
6f78
6d5f
5342
2b32
5380
a0be
dae0
d8ba
8259
4755
5347
2c10
1647
8cbc
dbec
f4d6
ae75
5755
6151
3418
0d2f
69a2
c8dc
e6d4
7e7f
7f7f
7a88
8e9e
969e
968f
8462
6056
5454
6878
8992
9c9c
9e98
8e7e
645c
5552
5772
7c88
99a1
9ca3
968c
7556
5554
4e5a
7784
949e
a69e
a392
805e
5450
4d4f
6e7d
8f9e
a6a4
a598
8869
504c
4e4d
6082
8d9c
aaaa
9f9f
8b6e
4a44
4d51
5882
909a
adae
a0a0
866a
4c44
4952
5a83
969e
b2b4
9c9c
8464
423e
4a55
5e86
9ba4
b5b6
9a95
7859
3840
4c5e
6892
a1ac
bcaf
928d
6c50
2c36
5266
749c
aab8
c2a2
8a7a
5e31
294c
6170
8bac
b2c1
bc88
8166
481e
335a
747d
a2b4
bcc6
967a
6654
2829
5e74
8494
b0bc
c7a3
7469
5234
1d56
7c86
8cb7
bcc8
aa69
5c4f
3228
5e84
8f92
adbc
c1aa
6a5c
4f3e
1a50
8b93
8cac
c8c7
9d5a
4c4f
3d2e
699a
998c
acbd
baa4
4549
5444
2464
9c9b
86ac
ccbe
863e
3954
4038
82ae
9b94
afbc
c662
373e
625a
3979
a0a0
6f9e
d4c2
672c
4766
4a36
90b0
9686
b1cc
c23c
264e
7259
448a
a992
66a2
d7bb
5623
5078
5946
8faf
8f76
9ed5
c228
2664
8864
5d80
a281
5082
c7dc
841d
468e
8136
4296
a473
74ce
e2a2
221e
6c88
5a42
96ac
7d58
9cd0
d771
103c
8a7e
3c5b
ac9c
6f76
d1d6
9e20
166d
8c69
6886
9a6e
6087
ced8
8610
3c8e
8450
4992
9876
6cc2
d8b0
3413
608e
8266
8796
784f
62c8
dcc2
2222
7a98
6e3e
6f98
8562
7dd8
d7a4
080e
749a
724c
a09e
7862
a5ce
ac45
0b45
9e9a
6a72
8878
5e74
acd5
e740
063c
9687
4d60
9899
7a63
badc
c050
013a
9894
585a
a391
656f
c2e2
c402
015e
ac90
4e70
9678
6472
d5e2
ac18
0166
9a87
4c78
a07a
687f
ccd6
bb01
0168
a696
4c74
9476
7070
d6e2
ca02
015a
a9a0
5070
936b
616f
cce4
c746
0129
9a98
6269
a27e
665c
acde
dc3c
0135
a7ac
5f54
8972
6d64
a9e9
e274
0103
94b0
8c5e
9c75
5251
a2ef
e88c
0104
90aa
8c56
967c
5e60
92e1
e5a4
0101
7fad
a25a
7b76
5c6c
90e2
eab6
0101
5ba7
b66a
7f7e
514d
7edc
eccf
1601
3a9e
b06a
7582
6458
70be
e2d4
5401
1c96
ba8a
6275
6957
75ac
e2dc
7a01
0187
bfb1
6e68
604f
68a0
e5e8
b801
013d
a2ca
8c75
6746
4a8d
daea
d015
012d
9ec0
9469
644d
5086
c6e2
cd7a
0101
79bc
b878
6654
4568
beec
db8c
0101
72b6
ba83
5e53
5866
82d4
dec6
8101
0168
afbe
8e72
5937
72e1
e8cb
1601
36ac
c292
6648
5861
9ccf
cdb2
8a01
0165
bcd7
9a53
2a30
7cc9
e2cc
af28
0120
91cb
c07c
4c3a
4cbe
f2d6
9801
016d
c4ca
8451
393e
6dc6
ecce
9a4c
0111
96d9
d57d
2916
44b8
eae2
b47c
0101
69be
e49c
4223
2a8a
e9ff
b678
0101
6dca
e29c
4811
1e8c
edff
af8a
0101
50c0
e4bc
5a0e
0e6e
daff
c891
2c01
219e
d7da
7e1c
0e52
c7ff
dca2
2a01
21a3
dad9
7e18
054e
c4ff
e48e
7201
0172
c8e7
a742
012c
a4f4
f8a6
7e01
015e
b6dd
b850
071c
88de
ffb4
7a34
0139
a0ce
cc78
1914
59bf
f4dc
8d82
0101
60b4
deb9
5201
169c
e6f6
ad6c
5801
398a
c0d2
952b
0452
beed
dc8e
7201
0d6e
afce
a847
0a3c
9cda
eaa2
7939
0146
9bca
c87f
2217
60c2
eecf
8a7a
0e12
68a6
c6b3
6115
368e
d0de
aa74
7413
3e72
a7bb
9e49
1d46
a4d5
ca94
736a
244c
75aa
c099
3a16
50b3
e0d0
8e72
5115
4f8c
b4c1
8e2d
1d5d
c4e0
c980
741e
2468
9cb4
b66e
2136
8ccc
d0a4
7479
1e44
699c
b2a8
5b24
46a0
caca
986a
7a2a
4f68
9caf
ac62
2746
96be
c4a2
757e
2840
6399
b2ae
6627
3389
c0ce
a176
8e2e
3156
91b1
bb7c
231c
7cd1
daae
807e
0e2f
72aa
baa8
5a15
2fa8
dccb
8b6f
5330
698c
9ea6
8b45
2d5c
b1c8
aa7e
757c
485a
6688
a6a2
5e38
4e84
b0bf
a488
9c32
1b42
9ac6
c26c
1618
75cc
e6ba
7781
2918
57a8
c4b6
7415
117e
dfea
ae6c
620f
5290
aca0
854c
2656
b0d2
b282
7270
4168
7d8a
9086
5b4d
5e96
bcaa
846a
886d
6c5a
5e75
a095
6758
688a
aaac
9282
9e4f
2f38
78ac
c180
3930
68b2
dece
8c76
400a
389b
ccc1
8325
015a
def9
c474
6c20
1a60
a3be
af6c
2030
87d2
d0a2
6d6d
3254
6c8e
9b9a
6a44
6088
a2a9
9578
7090
6e5e
4c64
96b4
925c
4f54
82bc
a97a
6c8a
8160
484f
8cbd
ab5e
364c
8ab9
c9a9
7984
361a
42ac
d2b8
6219
1b70
ceec
b271
6b9e
240b
52c2
daac
3401
43cf
ecc4
7c66
1e2f
71a2
b1a1
5a22
4a9e
c2a8
7e6d
8096
6651
4572
a8ad
6f52
606c
8caf
9c76
7aa1
6c48
3861
a2c8
8e48
4670
8cac
af96
7e92
4f2c
3a8c
bfbc
6f27
3483
bed0
af76
6d86
422e
59a9
c2a7
4c14
3fa2
d4de
a874
7a21
0e48
b6da
b650
011c
a6e6
dea0
6c6a
2c34
609e
bcb0
6020
3d93
c4c0
9672
6c70
6460
6080
a6a0
6450
627e
9ba4
9283
7c85
6150
4c74
a5b6
7f52
5a6e
89ad
a88a
6d7e
6958
536e
92aa
9264
4856
87b0
b5a0
908e
5620
217e
ccd0
8632
1c4f
b6e2
da9d
7712
0144
b1dd
c45e
0c18
82cc
dbb9
7c68
4b2c
3c82
babe
8a3a
205c
b8d2
bb86
6a48
445b
7c98
a492
5e49
6798
a2a0
9278
7c88
6350
5577
a4b1
8358
485e
8ea9
a896
7878
6650
4a69
9ab8
9c5e
4257
82b0
c0ab
876e
3125
5ea6
bfa8
652f
3a78
b6da
cc94
712e
0938
a2d4
c879
1a08
5ac4
ecda
945e
3420
428c
c4c4
8a3b
113e
acd6
d4a6
705e
3c43
608b
aca8
7a42
386d
a2c4
b794
7169
4a54
6a82
9a9e
7c5b
5c78
83a4
a885
7682
6c5c
6467
789c
9974
5e62
748d
afb8
947c
5c37
4074
a1ac
9e64
4154
84ac
c9bc
9069
2a1c
56a2
beb0
6f36
356e
a0cc
d0a5
7254
1f26
76b1
c0ac
6028
327d
bcde
ca90
5115
1866
aec2
ae67
2c2e
75ae
d4c9
9062
4337
4a80
a0a3
9568
424e
82a6
beb4
8767
6054
5974
848f
a086
625a
6d82
9cb0
9c78
6c67
6067
6e78
929c
8067
605c
76a6
b6a4
8a74
483a
4d74
9cb2
9c6a
4a4d
74af
d2c8
9a4e
1410
64ab
c8b1
6d36
2f65
a8d8
d8a0
6a32
142f
7eb2
bda2
5e30
3b7e
b6d8
c484
582a
2c5c
90a2
a083
5c4e
698a
acb2
9e7e
6d59
5660
7480
8e9c
8769
6870
7f95
a094
7c6a
686c
7473
7485
9487
6e68
6e75
859a
9a87
7874
766a
6066
7896
9f88
6e60
6480
a4b4
ae96
6032
254f
92bc
c08f
4f31
4a8c
c8da
c084
310a
2270
aecc
b470
3932
5ca7
d5d2
9966
2c1e
4b8a
a6ae
966a
5059
7498
aaa6
8a6e
635c
6774
7a80
9392
7d70
6568
7e8a
9692
7b6a
6c74
7e82
8284
7e69
6579
8082
888a
7b72
7984
8c8e
7e61
5664
7991
978a
7265
6c89
a6b8
ad82
4726
2e69
a6c3
b077
4130
57a4
d2e0
c064
1c01
2680
c3dd
b261
2b1d
58b2
e1e4
ac5c
1603
3b87
b6ca
a464
3c37
5ca2
c9ca
a26e
4434
4e76
8e9a
9885
6c61
6372
90a2
a191
7b6a
646a
6f72
767d
868a
8679
706c
7588
9496
8d7e
6e62
5a60
6c84
9aa2
8f6e
5a54
688e
a6ac
a488
634b
404c
6e96
b0ad
895f
444f
83b6
d2cc
893f
0e0b
4fa6
d4d6
994e
1e21
72c2
edef
ac3f
0101
2898
dceb
b861
2008
40a8
e0f7
d274
1a01
0662
b6de
d297
5125
2868
b2dc
dcac
642b
1632
71a5
beb2
905d
3f44
6c9e
bbbd
a27c
543e
4661
7e96
9f98
8167
585d
7996
acb0
9d7d
5c46
4458
7e98
a69f
8162
525a
7ba1
b8b7
9e6f
4632
3860
8fb0
b59a
6e49
405d
8cb4
c6ba
925e
3a2d
3d6a
98af
b294
6a4a
4464
96c4
d4be
8040
140c
4496
c3d0
af70
3c28
498e
cce7
da92
440a
0124
86c3
dec8
8444
1d29
6ebc
e5ec
b05c
1601
0668
b7e4
dfa3
5621
164a
a4da
f2da
8030
0101
379b
d4e8
c478
3414
2874
b6e0
e6ba
7132
0c16
4d8d
b8c8
b788
5736
3763
a0ca
dac5
8540
1505
3280
bad5
c892
542e
2d60
a6d6
e6ca
7a32
0101
3896
cfe2
c884
3f1c
2466
b0e2
f3cc
7a2d
0101
2d90
d0e8
d494
471a
1a56
a5e0
f4d3
832f
0101
2890
d4f0
dd92
491a
1652
9ed4
f0d1
8a3d
0501
2883
c6e4
d99c
5625
1944
8cca
ede4
a85c
1a01
0354
a4d5
e4c2
7d40
1a20
63ad
e1f4
c878
2a01
012c
91d2
f2de
944e
1b15
4d9c
daf6
d98d
3701
0115
82ce
f4ec
a458
210f
3b8a
cdf2
eaa9
540c
0101
52af
e1f2
ce85
4114
1956
a6e0
f5d6
8430
0101
1c87
cdf2
eaa7
5c22
0e34
84cc
f2ec
aa55
0a01
0157
b0ea
f7ca
813a
101a
59aa
e4f6
d482
3001
0114
81cb
f6f1
b466
280d
2a76
c2ee
eeb6
6014
0101
45a2
e0f5
d794
4e22
1f4c
94ce
e6d5
9546
0b01
136c
b4e1
e6bc
7b44
232e
66aa
d7de
bc7a
3302
0132
86c5
e2d5
a666
392e
4680
bad7
d0a3
5e22
0114
569e
cedc
c08c
573a
3b5e
96c5
cfb9
8641
1105
2972
b4d3
d1b2
7a4f
3e48
78ab
c0bd
9659
2913
2764
a2c4
cab4
8660
4d54
79a0
b2b0
8f5b
3524
3569
9bba
bdaa
8262
565d
7ca0
b3b0
9266
3824
2e5c
92b8
c6b4
8e6c
5554
6e96
b4b6
a074
4422
274e
84b1
c4b8
9d79
5c58
698a
a4aa
9d7e
5438
3649
759f
b1b2
a182
6860
6882
9da6
9e82
593a
3244
6e96
b1b5
a588
6e61
647c
98a6
a48c
6640
2e38
5e8c
adb9
ae92
7562
6072
8ea4
a796
764e
3432
5079
a0b4
b2a0
846b
616c
8099
a69e
845e
3c33
4166
90ac
b4aa
8f76
6665
7890
a0a0
8c69
4a39
3d5c
84a4
b4ad
987e
6c65
7288
9ca1
947b
573c
384a
7097
aeb2
a488
7164
667a
92a1
a28f
6e4a
3537
547c
a0b4
b2a0
866e
646b
7e96
a19c
8462
4638
4364
8ca3
aea6
917c
6c67
7589
9a9c
9177
5640
3b4c
7092
a7ac
a18b
7570
6d7a
8e9a
9a8b
7052
4441
567a
96a6
a899
8877
6e70
7d8e
9894
856d
5344
465c
7a96
a4a5
9b87
786e
707d
8e97
9485
6d54
4446
5a76
94a5
a49a
8a7a
7274
7d8c
9490
866f
5749
485c
7790
a1a4
9c8c
7e74
7479
868e
9088
765c
504b
566f
8a9c
a49e
9084
7671
7682
8e91
8a7c
6552
4b53
6a84
98a2
9e91
8277
7275
808a
928f
816b
564c
4e62
7c94
a0a1
978a
7c74
707b
878e
8e85
725e
504f
5c74
899a
9e98
8d7f
7875
7882
8c8e
8a7c
6858
5055
6a7e
919d
9c95
8980
7874
7d87
8e8f
8572
6052
4f5c
7488
9aa1
9a8e
7f74
7076
828e
928e
7e67
534a
4e65
7f94
a09e
9484
7870
747e
8c92
9285
7058
504d
5c74
8c9c
9e96
8a7c
7474
7e88
9295
8c7c
6754
4a50
647c
909c
9c92
867e
7778
8088
928f
8674
6052
4e58
6b80
9098
968f
857e
787c
858c
908c
806e
5c50
4f5a
6f86
949b
988e
867d
7a7c
838a
8d8a
7e6c
5a4e
525e
7388
949b
978e
847c
797c
848c
8e8a
7d6a
584e
4f5c
768b
9a9e
988e
837a
787c
848c
8e88
7a67
5550
5364
798d
9a9c
968b
8479
777e
848c
8d86
7c69
584f
5262
778c
989c
968c
827a
787b
818a
8d88
7b68
5950
5362
788c
989b
968c
8178
787d
848c
8e8a
7d6a
5a50
5160
768a
989c
9490
837a
787a
828a
8e8a
7f6d
6052
525e
7082
9399
968e
847c
7879
808c
8e8d
8674
6254
4c56
6980
8f98
9992
887e
7878
7e8a
8e8e
8876
6557
4f54
667a
8e99
9b94
8a80
7a79
7e86
8c90
8b80
6b5b
5252
5e72
8594
9896
8e84
7e79
7e83
898c
8880
7263
5854
5c6b
7c8c
9494
8e8a
8380
7c7e
8287
8886
7c6e
615a
565f
6f7e
9097
9690
887f
7a79
7c84
8889
867a
6a5c
5458
6578
8894
9893
8a81
7c78
7a82
888c
8a80
7365
5858
5c6c
7e8d
9494
8e86
7e7a
7a7c
828a
8d88
7e6e
6258
5760
7080
8e96
928d
867d
7c7d
8084
8a8a
867c
6e64
5858
6271
818e
9293
8d86
7e7a
7a7d
848a
8c88
7d6e
6058
5760
7283
8f98
948d
847d
797c
7e86
8e8c
887c
6a5e
5758
6374
8591
9692
8c82
7a7a
787e
878b
9089
7c6c
5e56
5763
7484
9094
928a
827a
767a
8188
8e8e
887b
6c60
5658
6272
828e
928e
8983
7c7a
7b80
888d
8e8c
7f6f
6258
5760
6c7e
8b90
8e89
837e
7c7d
8488
8e8e
8c82
7464
5c57
5d6a
7986
8e8e
8b86
807e
7e80
868c
8c8c
8578
6a5e
585a
6471
7f89
8e8e
8984
817d
7f83
888c
8c88
7e70
645c
5660
6a78
868d
8c8c
8782
7e7e
7f83
8a8c
8c84
786a
6058
5860
707f
888d
8c8a
8581
807f
8186
8a8c
8882
746a
6159
5c65
727f
888d
8c8a
8482
7f7e
8285
8c8f
8a82
7468
5c56
5a65
7482
8b8e
8c88
807f
7f80
858a
8e8d
887e
7464
5b5a
5e69
7680
8a8b
8a88
8382
8283
868c
8c8b
877e
7166
5b5a
5f67
7480
888b
8a88
8482
8082
8488
8c89
8881
7468
5e59
5c65
727e
868a
8a87
8483
8083
8788
8b8a
8781
766c
645c
5d62
6d78
8185
8989
8688
8483
8486
898c
8985
7e72
685e
5a60
6974
7e86
898a
8885
8483
8486
888a
8a84
8077
6c62
5d5e
646e
7884
8688
8a87
8685
8285
8788
8886
847d
746b
645f
6066
707a
8286
8a89
8688
8483
8484
8688
8684
7e74
6a62
5e62
6972
7a82
8788
8886
8584
8383
8486
8684
847d
756c
6561
6268
707c
8186
8a88
8684
8082
8384
8887
8683
7d75
6c65
6162
666f
787e
8587
8788
8484
8282
8384
8585
8680
7972
6864
6566
6d76
7e83
8687
8684
8482
8282
8483
8585
817c
746d
6764
666c
727a
8284
8686
8486
8584
8382
8484
8483
807a
746e
6866
686b
747d
8285
8786
8584
8284
8282
8384
8482
7c79
736c
6866
686e
757c
8485
8786
8584
827e
8081
8284
8584
807a
746c
6867
6a6e
767c
7f84
8584
8483
8282
8181
8484
8486
817c
746c
6967
686c
737a
8084
8685
8482
8280
8081
8084
8584
817c
7670
6b68
6c6c
727a
7d81
8482
8485
8281
8080
8082
8384
8480
7e76
706a
666a
6f74
7a7f
8384
8482
8480
8082
8182
8483
8483
807a
746e
6a6a
6c6f
747a
7e81
8282
8081
8181
8282
8484
8584
847d
7872
6c69
6969
7075
7a7e
8082
8384
8484
8484
8684
8484
8080
7d78
726d
6a69
6a6e
7478
7d82
8384
8483
8485
8482
8282
8180
7f7c
7873
6e6b
6a6a
6c74
7980
8285
8686
8584
8482
8182
8181
807e
7e7b
7670
6d6c
6b6e
7378
7c81
8686
8684
8282
8180
8080
8080
807f
7c79
7472
6e6d
6e6e
757b
8082
8485
8584
8284
7f7e
7e7e
7f80
7e7e
7d78
7470
6e6e
6f73
787c
8082
8484
8480
807f
807e
7e7e
8080
8080
7c79
7672
6f6e
6e73
777c
7f82
8384
8281
807e
7e7e
7e7f
807f
8181
807a
7672
706f
7074
7679
7e80
8182
8081
8180
7e7e
7e7f
8080
8480
7e7e
7874
716d
7071
7278
7a7e
8183
8484
8280
7f7e
7e7e
7e81
8382
807e
7a76
7370
6f70
7276
787c
8080
8485
8280
7e7d
7c7d
7e80
8182
8280
7d7a
7473
7170
7274
7679
7c7f
8482
8282
807f
7e7c
7e7f
8080
8181
807e
7b78
7472
7270
7174
747a
7f80
8282
8280
7f7e
7c7c
7d7e
8081
827f
7f7d
7878
7270
7071
7376
7a7d
8282
8282
7e7f
7f7d
7d7e
7e80
8182
8480
7e7a
7874
7270
7273
7578
7a7e
8082
8284
817f
7e7d
7c7c
7c7e
8180
8080
7e7b
7876
7472
7272
7578
7b7c
8083
8280
7f7d
7c7a
7a7c
7d7f
8281
8180
7c7c
7b77
7574
7474
7577
7c7c
7f82
8080
7e7a
7c7b
7c7c
7e7f
8182
8284
807e
7e7a
7674
7274
7575
787a
7c7e
7f7f
7e7e
7c7e
7c7c
7d7c
8083
8282
8180
7e7b
7876
7473
7274
7578
787c
7f80
7f7e
7e7b
7c7c
7c7d
7e82
8182
817e
7f7d
7c79
7775
7474
7576
787a
7e7e
7e7f
7c7d
7d7c
7c7c
7e7e
8081
8481
8182
7e7c
7a76
7777
7578
7676
787a
7c7c
7d7e
7e7d
7c7c
7a7d
7f80
8080
8080
807f
7e7c
7a7a
7876
7574
7677
787a
7c7d
7e7e
7d7c
7c7c
7e7d
7e7f
7e80
8180
7e7e
7c7b
7a79
7878
7777
7878
7878
7c7d
807e
7e7d
7d7d
7d7e
7e7e
7f7f
7f7e
7c7e
7d7c
7c7a
7a79
7878
7878
797a
7a7b
7c7a
7c7d
7c7c
7c7d
7d7e
7e7e
7e7f
7e7e
7e7e
7c7c
7d7a
7a79
7878
7878
7c79
7a7e
7c7c
7c7a
7d7d
807e
7e7e
7e7e
7f7e
7e7e
7e7d
7c7c
7879
7978
7878
7878
7a7a
7c7c
7d7e
7e7d
7c7c
7d7f
807e
7e7e
7e7e
7e7d
7c7c
7e7b
7a79
7678
7978
787a
7a7b
7c7c
7c7c
7c7e
7c7c
7c7a
7d7f
807e
7e7e
7e7d
7d7c
7c7b
7a7a
7978
7678
797a
7a7b
7c7c
7c7c
7c7c
7c7e
7e7e
7e7c
7e7f
807e
7d7d
7c7c
7b7c
7a7a
7a79
7979
787a
7b7c
7c7c
7c7c
7c7c
7c7d
7d7e
7e7e
7c7b
7c7d
7c7c
7c7c
7c7c
7c7c
7a7a
7a7a
7a7a
787a
7b7c
7c7c
7c7c
7c7c
7c7c
7c7e
7d7d
7c7b
7d7d
7d7d
7c7c
7c7c
7c7c
7b7b
7a7a
7a7b
787a
7b7a
7b7b
7c7c
7c7c
7c7d
7e7e
7e7e
7c7b
7d7d
7c7c
7c7c
7c7c
7c7c
7b7a
7a7a
7a7b
797c
7d7c
7c7c
7a7c
7d7c
7c7c
7c7c
7c7c
7c7c
7c7e
7c7c
7c7a
7c7d
7c7c
7c7c
7c7c
7c7c
7c7c
7e7c
7e7e
7a7c
7d7c
7c79
7a7b
7c7e
7e78
7e7f
7f7f
5d60
6165
6e74
7d86
8c90
989a
9b97
9892
9a99
9998
928c
8296
a06e
414d
8ea8
6026
4490
af7e
2b1c
324b
bf96
8ea6
c4de
a144
0101
0675
70cb
f0fb
e6b4
7c44
1c18
2233
547c
8e9c
9d8c
754e
351a
0c06
0e22
487f
b8f8
ffff
ffff
ffff
ffd8
a469
2501
0101
0101
0101
0101
175a
aaf1
ffff
ffff
ffff
ffff
fffe
cf96
5c1b
0101
0101
0101
0101
0101
0101
265a
89c1
f5ff
ffff
ffff
ffff
ffff
ffff
ffda
b07d
4a0f
0101
0101
0101
0101
0101
0101
0f38
6492
c1f0
ffff
ffff
ffff
ffff
ffff
fadd
be70
4c7d
4c5a
5a51
4e47
2e0d
0101
0101
0101
0101
0101
2944
7593
b0c4
ccc6
bcb2
b875
7e87
8267
9e7e
bad8
feff
ffff
ffff
ffff
fff4
eecc
bb98
6078
5e53
3413
0101
0101
0101
010f
243d
5358
6669
726a
5c4c
2e14
0101
0101
0101
0105
2c5b
8cb6
d8f5
ffff
ffff
ffff
ffff
fffd
e4e4
ecfc
ffff
ffff
ffff
ffff
fde6
ccb4
9b7d
582c
0101
0101
0101
0101
0101
0101
0101
0101
0635
6498
d4ff
ffff
ffff
ffff
ffff
ffff
ffe4
ce8b
6130
0101
0101
0101
0101
0101
0128
5b78
c1ff
ffff
ffff
ffff
ffff
ffff
ffe5
ac74
3a10
0101
0101
0101
0101
0101
0101
0101
0101
104a
84be
f7ff
ffff
ffff
ffff
ffff
daaf
8454
2301
0101
0101
0101
0101
2869
a0d3
ffff
ffff
ffff
ffff
fff8
e2c0
9c74
491a
0101
0101
0101
0101
0106
204f
92b4
e2ff
ffff
ffff
ffff
ffff
f9ed
decc
b69e
8270
5739
3121
0101
0101
0101
0101
0101
0101
0111
3b60
86ac
d6f9
ffff
ffff
ffff
ffff
ffff
ffff
ffeb
cab4
8e68
4015
0101
0101
0101
0101
0101
0101
0101
041c
2732
3a3f
4344
4058
5562
6c76
838e
9ca8
bcc9
d8ea
fcff
ffff
ffff
ffff
ffff
ffff
fff7
d9bd
a284
6441
1601
0101
0101
0101
0101
0101
0101
0101
326d
aceb
ffff
ffff
ffff
ffff
ffff
ffee
ac71
401c
0301
0b22
2e3c
4644
3c29
1402
0101
0101
0119
4079
94b9
d4ee
ffff
ffff
ffff
ffff
edb6
6352
3a01
0101
0101
0101
0101
0101
0118
398f
b8eb
ffff
ffff
ffff
ffff
ffff
e4b1
6619
0101
0101
0101
0101
0133
84d2
ffff
ffff
ffff
ffff
ffe0
a888
6c56
4944
463c
3c3e
4045
4947
4842
3f3e
3e40
4047
4b4a
5051
4a38
281d
1412
1c2b
3e57
6c7f
8c9d
b2c2
d1dc
ecfd
dfce
c2c4
dcd9
e8f0
fce7
e4e2
d2c2
b39e
8a6f
4e32
1201
0101
0101
0101
0101
0101
0131
77c0
fcff
ffff
ffff
ffff
ffa6
d2ab
94ae
a0b3
bcb8
aeae
8d6a
3904
0101
0101
0101
0111
4162
7a7c
7c72
5c24
1420
0b26
3542
638c
86a9
ffff
ffff
ffff
ffff
ffff
ffe2
8f76
6a70
7986
9aa6
a6a0
9886
6c4f
4e46
322c
2826
282b
2c32
3d4e
637c
96b4
d6e0
feff
f6ec
d4b3
ada2
988e
7e68
502d
0101
0101
0101
0101
0101
0101
312e
569d
c0de
ffff
ffff
ffff
ffff
ffff
ffff
c78e
5a40
3423
120a
0101
0101
0101
0101
0101
3061
e0ff
ffff
ffff
ffff
ea82
754b
2201
0105
346b
7c98
d2ce
c5c1
c492
706b
1201
0101
0101
0101
0134
7666
98d8
ceb5
d5ea
b2a4
9ab0
7e49
2c1e
2036
484a
4c7e
7eab
f3ff
ffff
ffff
ffff
ffff
ffff
f2c2
9890
6744
3c39
284c
4216
4c58
3a2e
4b50
4846
4a3d
2001
0101
0101
0101
0101
1c44
6484
9498
a3b1
ccf0
fff6
e6c4
bed4
bda2
aed3
f1ff
ffff
ffff
ffff
c780
5d3c
1101
0101
0101
0101
0101
0101
2056
5853
7484
98d2
ffff
ffff
ffff
ffff
ffff
ffff
fad6
b495
6a2d
1001
0101
0101
0101
0101
0101
1c0e
1c56
83ad
d3da
e0d1
c4e2
dccc
ac70
2a10
0101
0101
0103
1b50
878b
8fc2
c2af
b4ff
ffff
ffff
ffff
ffff
ffff
ffff
fffd
d4b9
7a35
0101
0101
0101
0101
0101
0101
1c03
1b8f
ac84
a1ee
ffde
f3fe
b8b9
b58f
724f
723d
1301
010d
2238
6a78
94fc
ffff
ffff
ffff
ebf5
e8e4
e2e2
d0d6
e7ca
b599
8021
0a01
0101
0101
0101
0675
958e
bcd0
c3b5
926a
4612
0c01
0101
0101
011f
3a52
8ac5
f0ff
ffff
ffff
ffff
e0a4
b6b0
8ba2
865c
4d46
2805
2033
1a0b
0c39
5a6e
626c
89a6
b3cb
e2f2
eef2
f6ec
ddd4
a748
0101
0101
0101
0101
0101
0e72
7e98
b0d1
fff2
e2dc
ffd2
b5d3
e6d8
dad8
e0de
e2c6
acd4
c2a6
cac7
ac8c
9780
200a
1407
0101
0101
010a
555e
59a0
e6f7
f4f2
d0aa
9248
4e3c
5447
3e39
2632
6e68
5560
5046
a4be
5e58
5c62
a5c0
c0f4
ca94
9689
6353
687e
708a
e9ff
ffff
ffff
ffff
eee1
dbd4
c4ae
8e6c
4001
0101
0101
0101
0101
0101
0101
0101
2401
011c
2d4e
4e79
8889
7486
c1b4
8e7c
b7ee
b2a3
cfff
ffff
a6b1
a8cf
e9fb
ffff
ffff
fff9
c86c
3a36
5a17
0101
0101
0101
182c
3b80
848e
a0b4
aa8a
857a
727c
856d
7c5e
6387
5961
797c
84a4
debe
eed8
dccc
ad75
544a
3c3b
0620
2c2e
0601
0105
343a
588d
b1b0
c6d8
dee8
ebf0
eae2
dad5
d0de
c07f
8f62
2901
0101
0101
0101
0106
335f
8ab2
dcf5
ffff
ffff
ffff
ffff
ffff
ffff
ffff
f0e2
d3c4
9f88
7c6c
2301
0101
0101
0101
0101
0101
0101
0101
0101
0101
0101
3ad2
f7dc
d2f4
ffff
ffff
ffff
ffff
ffff
ffff
ffff
ff95
9095
803a
0101
0101
142e
0901
0101
0114
2632
898e
d4f6
feff
ffff
f6e8
9492
b2cc
d8dc
ded7
cec0
9a8b
898a
7f4e
0f01
0101
0101
0101
0101
0101
0103
1b4a
a0ce
ffff
ffff
ffff
ffff
ffff
ffff
ffa8
661e
1518
4626
2c13
4004
3339
7085
8576
b2de
b448
6f76
4d16
1453
5029
9d62
0101
0101
2e44
7a3a
96dc
ffff
ffff
ffff
ffdf
aca1
5641
0401
2006
1c49
6e71
9d87
d6ca
e6e5
ffe2
fccc
99a6
c29a
aba8
b8c0
bfb6
aea8
b880
0101
0101
0101
0101
0101
0101
0101
0118
4bc1
ffff
ffff
ffcd
d4ff
ffb0
ffe9
fff2
adda
e8c7
a8ad
7a46
61a0
795a
2b01
0608
0153
b8fc
ffff
ffea
acc4
ac62
5c78
5b6e
846e
6d84
9a5e
0101
0101
0101
0101
0101
013d
8e80
80ae
ffff
f3dc
b2a4
d48f
5423
556c
7076
92f1
ffff
ffff
ffff
d9f8
e6b6
b0c9
aa80
7a21
0101
4b04
4096
aad4
ffff
d6a6
8fae
4101
0101
0101
0101
5c2a
0415
281a
0101
0101
011d
5277
c7d6
d8f2
ffff
d6f8
e8d8
a9ff
fff2
c1c4
c4b8
bfe8
d6c2
94c0
ce70
4893
b23c
0d59
4d57
2b64
a8aa
9253
8c28
0101
0101
0126
6f3e
6248
3519
013e
5122
84ff
ffff
ffff
ffea
ffff
cfc6
7241
6652
5894
9275
9f60
0101
0101
0101
0101
309e
c2ff
ffbe
7a4f
2601
0440
6244
bb78
ccff
ffff
daff
ffff
ffff
ffff
ffff
b670
8890
5201
0101
0101
0101
0101
7d25
8c94
7e65
c55b
2a39
3a08
0101
013a
1f2e
8bda
ffff
eeff
ffff
fff5
ffff
ffc5
9e3e
a29a
2a01
011c
9d38
2e5c
361a
18c9
b345
148e
b4cf
c660
011a
bb5a
e6b2
f56b
6839
4d8a
f0c7
c88e
ebc8
7668
1a3a
0101
0101
0139
0c4f
a1cc
deff
ffff
a2d6
6d8a
0101
0101
0134
a6fc
b6ff
ffd4
d8fe
caa6
aa84
874c
b36e
1e14
9a9e
eaff
e694
3866
482c
7b40
2845
80b3
b6db
ffff
ea65
609c
9a0f
010d
1801
0110
0101
0101
0101
3454
6e4e
4274
82ee
e8ff
ffd8
b8c0
b6bc
a9dc
d9ff
ffff
ffff
fff9
9156
4801
0102
0101
0101
5912
3301
5077
b6ff
ffff
ffff
ffff
fcee
dc7c
0101
0101
0101
0982
7826
1603
0101
0101
0101
0130
485a
5459
68d4
ffff
ffff
ffff
ffff
ffff
ffff
ffff
e392
6329
0101
0101
0101
0101
0101
2091
b3b5
6c0c
31ca
d4ae
d69c
a883
a662
88a1
cce5
edf8
f5ea
b5a2
883b
0401
0101
0101
0101
0101
0101
3640
404b
69e6
9ae4
ffff
ffff
ffff
ffff
ffba
929c
6496
7f2f
0101
0101
0101
0101
3c8c
c8ff
ffe6
ffff
ffff
fee2
d1c8
c0b2
a347
5801
0101
0101
0101
0101
0101
011c
4461
b7b4
aeac
e4ff
ffff
ffff
ffff
ffff
ffff
ffff
ce27
1d01
0101
4c3e
3506
1501
0101
0101
b2e5
b4ff
ffe4
5e01
0101
2682
8ff1
98f8
ffff
d2ff
d6b6
9004
1c5c
291e
5c56
2a42
101f
56ac
e2db
7610
1a64
86f6
ffac
f080
b282
8f6a
0101
5a98
ace8
ffff
e4d8
f6e6
c886
0111
0101
0101
0101
5a05
1601
3e55
9ccc
ffff
f5e8
8fde
f3ae
daf2
dcff
fc96
7b1d
0101
0101
0101
0101
0101
3b24
3282
c2de
fffc
e7ff
ffff
ffff
ffff
ff6f
9e89
6e62
3601
0108
230b
4cb8
96cc
680f
0101
0101
0101
013a
aede
fbff
ffff
ffff
ffff
fff0
b16e
1401
0101
0101
0101
0160
f3fb
ffff
ffff
cfa0
7c34
423e
4193
7e7e
9fb2
9998
d6a1
b6e6
8ad7
5201
0101
0101
3ebc
d4ff
e857
6b20
0111
548c
6a80
9968
9892
9387
7e38
1801
0101
0101
0101
3a95
fbff
ffff
ffff
ffff
ffd0
7298
a626
8838
0126
5401
0108
0559
beff
e0ba
e2d0
c64a
0903
0101
0101
0101
0586
c67e
aefc
beff
eefc
ffde
ffff
fce0
79c2
5401
0101
0152
a240
504d
b3b0
81f6
cb5a
0614
2671
163c
0901
012a
455a
5e9d
dab2
aece
ffff
ffff
ffff
ffff
ffff
fff4
d4d4
7b4e
3094
3601
0101
0101
0101
0101
0101
1136
88d2
ffff
d4f6
ffff
c3ff
fa9d
7a8a
948e
85a0
e6bc
b2b2
c67e
5586
bfd8
dbba
5801
0101
0101
0701
011a
1301
128c
92ff
ffba
bbff
ffff
ffff
ffff
ffae
786f
54a4
afb6
5a01
0101
0101
0101
0dc6
ffe4
f2c6
3c63
5e3e
83ac
a4cc
f0f4
c0de
825b
9092
3752
8f2b
015e
2401
0108
0148
3032
b4ff
e4ff
ffff
ffff
ffff
ffff
dc8c
1d4f
6259
522e
0101
0101
0101
0101
0112
a4b1
be5e
83d5
ffff
ffff
ffff
ffc8
96c3
9985
c67e
1e01
0101
0101
0101
0101
786c
9cc2
d6ff
ffff
ffff
ffff
ffff
c4f8
7c55
3501
0178
9891
623e
4cb2
a020
014e
4232
69b2
adc2
febc
6a36
0101
0101
0129
203a
b4fe
ccd8
ffff
ffff
f2da
a270
6e98
7f4c
0801
2518
0127
5d85
ccff
ffff
ffff
ffed
8078
3201
0101
0101
3801
5a74
8cd0
6b31
896e
6e94
823c
568a
1016
6a3a
7fd8
4a31
85cd
ccd4
ffff
ffff
ffff
cce7
c85e
5644
0101
0109
0101
0170
2314
554a
3a96
9c74
57bd
ffff
e8ff
ffff
ffff
f4d6
fcff
ca84
92a8
3b01
0101
0101
0101
0101
016d
a872
1856
6705
017f
5732
cae8
a478
baff
cebf
fffe
f3ff
d8e6
7501
1d06
0101
5140
0826
82a3
c494
2491
f2e3
bad9
ffff
706d
9a97
77c9
ffd1
7e68
0201
0101
0101
0101
0155
a4ff
ffff
ffff
ffd0
f8ab
a0a8
d29f
b48a
ecd4
490c
3201
0101
0110
0101
524e
bbb0
d8ff
ffff
fff2
f0d0
3c58
0101
0101
0101
0116
7844
6a6e
ba90
ffff
ffff
ffe0
ffff
ffff
ff6a
080c
1901
6e92
8d30
2401
0101
51c2
e0ff
f2f6
ef8c
220c
0f01
014b
011e
2a10
0101
1ea4
e4ff
ffff
ffff
d498
7457
acec
b84f
0117
0101
218d
fff6
9a62
4601
0101
2401
3601
096f
ffff
ffde
9db3
c9b6
bead
804d
a890
487e
5676
eed6
ffff
ffff
ffd3
b7c1
4a01
0101
0101
0101
012e
2601
0107
0c29
382c
ab50
272e
8bff
ffdc
beff
ffff
ffff
f996
9c5c
2501
2a1e
243d
112a
80ff
ffff
ffff
f7ff
ffff
dca2
b43c
0104
1a07
6676
7896
cbb8
c07c
0101
0101
0101
0118
013c
78c4
94cf
ffff
c138
012d
0f01
0101
0132
3a34
6062
b3ba
ffff
ffff
ffff
ffff
ffff
ffff
b06a
aaa3
2c01
0101
0101
3834
847c
5e11
1a01
0159
0148
92aa
b260
80b8
7642
4686
92c8
ad6c
3827
3438
56f1
fff4
ffde
ddc9
dedb
aabf
d1e9
fde4
ffaa
3a01
0107
6484
2601
0101
0144
607b
ba82
6822
0f16
0127
bec3
ffff
ffea
95cd
9780
caa6
4e2f
74ba
dcb0
a69e
59cc
eab6
5209
4659
4a80
4eb2
7910
0101
0101
2b58
96b4
fdfc
e8ce
381e
1301
0101
0101
0126
66a6
96b7
ffff
ffff
ffff
ffff
ffff
ffff
f7ac
b77e
4901
0101
0101
1428
24bc
bc9c
765d
9062
0101
0101
2ca6
ffe2
ffff
dabc
866f
5a4f
6832
3f08
0801
011d
4a94
e4e0
e3ff
f6de
ecd8
c997
73a2
9d72
6922
092c
011b
0208
0101
0101
45ef
ffff
f5ff
ffff
ffff
ffcf
3e43
8672
3401
2301
3101
0101
0101
0110
7aa2
7cce
fff4
ffd8
988d
9695
7cbc
d8bc
409e
a45b
3201
0101
530a
0301
0702
033e
3396
caff
ffff
ffff
ffff
c4bb
ba9a
e6c9
9cdc
d8aa
7a62
0101
0143
5e3e
6660
2e01
0101
0101
010e
5d8f
c9f5
f1e6
dcff
fffc
fefb
eccd
f19e
6554
5001
0141
0a01
0101
0101
1f01
0112
2aa1
c7d6
daff
ffff
ffff
ffff
ffff
ffee
ffe6
e5ca
99ac
7a55
3344
1901
0101
0101
0101
0101
010d
8886
779e
fff2
ffff
ffff
ffff
faff
d587
0101
0101
0101
0101
0107
7654
62e6
ff71
5ae8
b754
9364
806c
4d71
529e
d48e
82be
ffff
ff8e
d1ad
aad9
ffea
8688
1601
0101
0101
01ca
fff0
6751
58a4
dcff
ffa8
446f
bfd2
afa0
9088
8a85
7250
1928
225a
3a1f
0101
0145
9e9e
cabc
e3ec
a860
2901
0101
0101
013a
ceff
ffff
ffff
ffff
ffe6
6070
887d
8a70
6298
3a01
0132
3729
0101
0118
0144
dcda
99f6
a390
cde4
bcd3
ffff
9c1a
0101
0101
386f
647b
e3b9
68aa
edca
d2b5
9454
3651
343a
6152
9384
2a36
a5ff
ffff
ffff
ffff
ffd4
881b
1301
0101
0101
0101
4896
d3ff
ffd9
b479
88aa
ba75
5e01
0101
0101
0101
0112
607c
ffff
feff
ffff
ffc8
cdf1
eab3
5c1c
727d
c6ff
ffca
94b6
bd90
786b
3d49
4637
6c60
0101
0101
0768
a796
2c01
0101
014a
deca
e7d4
b577
cc8e
7e8e
aa94
7acf
e6b0
9690
4d19
3a88
ddff
ffff
f4cc
dee9
e9ca
9864
1801
0101
0101
0101
0116
524d
5a45
1b38
241e
4e2d
3b6c
ceb4
f4ff
a7b2
ffff
ffff
ffe8
ffff
f89f
9c94
957e
4401
3a84
3c69
ace8
ffff
ffff
b67e
3001
0101
0101
0130
0127
0101
0101
0101
0c01
31c6
f1dc
ffff
c69f
d8d0
8042
3f8b
fcff
cec9
de86
3e68
4f5c
739f
98a3
b894
808c
4c0e
0626
0101
0101
0101
2864
8ccb
ffff
ffff
ffff
ffff
ffff
ce90
4901
0101
0101
3850
443d
0101
0101
1d68
b1fb
faff
d0d8
b888
9e8d
7873
6288
4a01
0101
010f
2a0b
1b96
f9fc
a69c
e2ff
ffff
ffff
ffff
ff98
849b
3601
0101
0101
1654
c4d4
ace6
e7e0
d2dc
ffc1
6a46
0101
0101
0101
0101
3877
74ac
ffff
ffff
ffff
ca7e
6601
0101
0401
014e
685b
a5e0
ffff
fffd
ffc2
5078
1501
1b55
4e5c
96c8
aecc
ac9c
aca0
520c
0106
8298
b98d
4501
0101
0101
013b
b0ba
ceac
a680
acfb
ffff
ffff
ffff
cf8d
bece
8ea7
8930
0101
0101
0101
0101
017c
acdc
eaff
ffff
fcac
cadb
bccc
9b7e
5018
1601
0101
2e51
4a3c
b4ff
ffff
b86c
86b5
c0ff
e6aa
713c
0d01
0116
0101
4dca
f9ff
ecd8
946c
6675
8a6e
8ac2
ebe4
a789
7806
010f
0101
0101
2c2e
1c6a
805c
81b5
98c8
ffff
ffff
c87e
cac5
96d8
ffc8
c6b0
a37d
5e84
a888
9997
6e52
413c
2c3d
4b6f
b5bf
b8d8
b26d
3a01
0101
0101
0101
0101
0c8a
dd94
ddff
ffff
fff7
c491
a686
7789
c6d0
9e51
1e01
0101
0101
0101
1c49
8aaa
e6ff
ffff
ffff
ffff
ffff
fad3
7c57
614e
140b
0101
0101
0d2c
3e8c
7939
0101
0824
0101
31a7
98c0
ffff
ffff
ffff
fffc
fff4
5c52
7c5f
0101
0101
0101
0101
0b8f
b9f0
ffea
eaff
e4ff
f4bc
9d39
0243
4634
2746
5c87
adb6
e2ff
ffff
ffe9
f8c4
6c39
0101
0130
7a72
5e48
3b42
3d29
359a
c871
447e
c49c
745f
93c3
b791
5a6a
8b61
2b18
0a01
0101
2146
2534
7ecf
ffff
ffff
ffff
f4dc
dad7
ced2
e8ff
fad6
9a94
a894
5053
2601
0101
011b
3264
1401
1213
0154
6c85
858f
a9bc
8c7c
847e
5411
0101
01ac
c47f
94f1
ffff
ffff
ffd9
b464
6c94
6a01
0101
3e56
8560
180b
6e9a
8c40
6498
b4aa
af7c
401f
4ccd
ffff
ffe5
8e3d
3424
0101
6e9a
96ac
ecff
ffff
fffe
c5b6
b432
0101
2e01
015c
9a67
5f79
2e01
0101
6844
446c
c6ff
fff6
f4ce
b887
a352
0101
4ea8
bc7f
4610
0101
0101
0118
70af
98da
ffff
ffff
ffff
fff2
eabe
b4c0
d4de
c78f
1a01
0101
0101
0101
0101
0119
3601
3fd7
ffff
ffff
ffff
ffff
c486
8760
0f01
0101
0f86
f8ff
ffff
ffa8
2c01
4122
0101
0101
0101
60d0
ffff
ffff
ffff
a87a
7e76
3901
329a
6159
2001
1d84
c4d9
b494
a6aa
9f5d
0601
011b
3e4c
421e
1752
b8ff
ffff
ffff
ffff
965c
2901
0101
0101
012a
64d2
dba6
9ab4
a448
0101
0101
0120
6cc6
ffff
ffff
ffff
e29c
6f50
1d01
0101
0101
0134
6652
87e2
ffff
ffff
ffff
ffff
fff1
c98e
521e
0101
0101
0101
0101
0121
aade
a2a2
baf8
ffff
ffff
ffe6
923a
0101
0101
0114
2c2e
617c
78c1
ffff
ffff
ffff
9b6b
3f08
0101
0125
60bb
ecda
7843
3748
747b
6438
1c2f
1b01
44bc
eaf5
fcff
f2e6
dce2
b7ab
bdf2
f6de
d09e
646d
7a72
5e2d
0101
0101
0101
0101
0124
6f86
99ce
ffff
ffff
ffff
ffd0
2001
4486
7604
0101
0b52
3614
1446
b2fb
ffff
ca8f
a0ae
8524
011c
5652
4620
161c
353f
7162
9cff
ffff
ffff
ffff
e8aa
ae94
c999
a678
3618
012e
0101
0101
0121
6484
5296
d195
7e80
5f2b
6742
6e8e
6696
5258
245c
b5ff
ffff
ffff
be59
0c01
0101
2686
670c
105a
4f78
b0ff
ffff
f8ff
ffff
cbc6
d2ed
cb48
0121
94a1
8f9c
9c75
2a01
0101
0107
1f01
017a
fbff
c89c
7062
5895
c6f4
ffff
ffff
ffd4
6609
0101
0101
0101
0105
70b9
be85
5442
1e01
0131
558a
e0f9
fdff
ffff
ffff
ffff
ffff
ffff
dcc2
8324
0101
0101
0101
0101
011e
82f0
ffff
ffff
ffff
ffb8
7418
0101
0113
1811
57df
d578
a7ac
a0a7
a6ad
793a
4614
010b
80a8
5f48
5464
c8e2
a2a5
b47d
88a6
999d
b2ba
d1d5
baa8
6f20
0101
0101
1928
0a10
3216
1432
5b60
82c2
ffff
ffe8
f4ce
c0c6
b48f
a4b4
b08d
6918
0101
0101
010e
94e2
ffff
ffce
b8a4
91a4
dec6
4401
0b11
0101
0116
449a
cafc
ffff
ffcf
7e7b
80a9
d2bc
a08e
825b
4d7e
9cb0
c3c6
b499
7e62
2101
0101
0101
146a
a1e6
ffff
ffff
ff92
200b
294c
4419
1a1c
0601
0101
0755
9eff
ffff
ffff
ffdc
7836
0201
2c4f
5073
95a2
a4b0
c0b8
aeb0
b1ab
a6a0
a49b
7c2a
2114
0102
3853
5226
0c01
022a
6cac
d4d2
b283
5320
0401
0c60
86c4
f1ff
ffff
ffff
f3e4
e3e5
dac7
baa4
a08e
7d57
3e17
0101
0101
0101
3539
5270
745f
544c
3212
0101
1d12
1d3e
3d52
5d68
7ba9
d8e6
f8ff
ffff
ffff
ffff
ffff
fffe
e098
644a
2901
0101
0101
0110
221c
3129
3876
9cce
faff
ffff
ffff
dca2
662e
0101
0101
0101
010c
4056
80d2
eee3
f2ff
fdeb
f1e8
d4a1
7e4a
2814
0101
0101
0101
2240
6679
adc0
b4ae
a292
80a4
c6e0
feff
fffc
cc94
a188
7976
7280
5c39
4c58
3a42
7ea2
aeb2
b0a1
a2ad
aeaa
a8a4
988d
7a6a
766e
5b51
4936
1f23
0101
0142
2230
6458
5244
1601
0101
012d
7ab6
e8ff
ffff
ffff
fddc
ab92
9e5f
4e62
87a5
b8bb
c0a6
8462
2e01
0101
0101
014e
6c91
bad8
e6ff
ffff
ffff
ffda
aaa9
9a78
5e2c
3358
9d9a
7462
5c4f
3c29
8977
1801
0117
3529
2b39
4c86
bae4
f2ff
f2f8
f2b4
8254
2d3d
4125
1801
0101
267c
b0d2
d0ca
eff0
ceba
9675
7660
3601
0101
0101
0f52
92c4
f2ff
ffff
ffff
ffdc
9238
0401
0101
0101
0101
0101
3a91
f6ff
ffff
ffff
ffff
ffef
d6b6
7089
a488
3901
0101
073f
3e28
361c
0101
0101
3074
a2bf
fcff
ffff
ffff
ffff
e4a6
4a01
0101
0101
0101
0101
0101
1b4e
84b8
e8ff
ffff
f6de
b8c9
e7ed
ffdc
9877
6c66
6460
421f
0f01
0101
0150
99e2
ffff
ffff
ffff
e6be
a889
5015
0101
0101
3d90
b8ca
e9ff
ffc2
825c
1d01
0101
0101
2101
1014
142a
67cc
ffff
ffff
ffff
ffff
ff9d
5721
0101
0124
3f4c
8498
9474
4d38
0301
0101
0101
0101
2d98
feff
ffff
ffff
eca9
8d7f
90a9
bcb0
7e55
686c
1801
0101
0101
011a
3b6d
80a1
bcce
cdd1
ffff
ffe1
a989
7b6f
5452
7594
7b5e
5040
4d46
5b7b
8ead
d4f0
ffff
ffff
e28c
4f26
0c01
0101
0101
0101
0101
224e
a1f8
ffff
ffff
ffff
ffff
faa4
5924
1f26
5070
653c
1a01
0101
0101
0101
0101
0117
6979
94cc
faff
ffff
e7a6
8461
616c
98b5
a996
7f78
6052
628e
c4e9
ffff
fffe
daac
906f
3908
0101
0110
102e
7a9b
a292
9acc
feff
fffc
e8dc
9a62
380c
0102
213e
7672
3e48
7379
3d01
0101
0121
5a6c
7690
bae5
ffff
ffff
ffe0
ae86
543a
4958
6e7a
899a
b1a8
815c
1c01
0101
0101
0101
216c
b9f6
ffff
ffff
ffff
ffff
e898
5e1b
0101
0101
153a
5d7e
a4d0
f0f9
ffff
dcac
7f4c
2318
0101
0101
0120
4884
b9bc
e0f4
eeec
be70
3601
0101
0101
0130
7d95
9ea0
acc6
eeff
ffff
ffff
ffff
ffe2
8728
0101
0101
0101
0101
0c25
3662
a5a1
c3de
b4a9
edfc
ceae
9eb3
d7c8
c2ac
965c
3020
1a28
3b47
6267
1601
2327
0101
0433
6487
a5b9
c4cf
f8ff
ffff
ffff
ffff
febc
9675
6250
2916
0101
0101
181b
2034
6cae
eaff
ffff
f5dc
e0cf
8848
1801
0101
0606
0101
073f
567e
b8ff
ffff
ffff
ffff
fff4
c05a
0101
0101
0101
1c41
4a6e
949a
a0a1
7a58
1414
2611
0a34
98b0
cfff
ffff
e6ff
f0d0
dcb8
7a8f
dcf4
cc9e
885b
2801
364c
380b
0216
304a
7e7b
8aa0
ac9e
7759
6e42
3348
6d44
54be
bcb2
7f9c
6030
7ce3
dc52
4d9a
daca
6290
c246
663c
2811
2e4c
7dfe
fab4
5213
0a40
5c79
b086
6fd6
ffff
ac87
4618
0119
446c
94e4
ffff
ffff
ffff
c492
7b71
4801
0101
0101
0101
0101
097d
d6ff
ffff
ffff
fffe
cc81
5e2c
2d2c
0a01
012a
567c
c7ca
a99e
8c96
aec7
983a
0101
0101
3a82
b0d9
dab3
969a
8282
6d9e
dece
ceac
d2da
dde8
bf64
0801
0101
0101
012c
6448
334c
5852
394d
b6d1
bdc1
caec
ffff
ffff
ffff
ffd8
9850
0101
0101
0101
0134
6c78
a0b2
d4eb
f8c6
6425
0101
6182
6186
a0ac
b1ba
bec0
f0ff
ffff
fff8
d4a5
9182
783c
281e
0101
0101
0101
0101
4662
7fa0
b0e0
ffff
be7a
8ab6
6a54
9d86
6b75
9e9e
b0a2
666a
5810
0801
0103
3e55
6ab1
f6ff
ffff
e6ff
ffef
d2cd
c6cb
c6a7
8570
655a
4e46
362e
2e18
2c3a
2c22
2f52
546a
7463
2c01
233d
4133
4140
423c
2e1d
2c52
88bd
fbff
ffff
ffff
fff6
dcac
8768
563e
341e
1d49
79c1
fcff
f7e6
dca4
611a
0101
2801
0101
0101
388e
c3f6
ffea
d4e0
e1da
caa8
8460
2701
0101
0114
2c48
6d84
9691
a29a
989e
a8b6
c9cd
ccc0
a590
7468
4522
70c2
b3a2
968c
8c59
1c01
010c
314e
4b60
7a85
6654
524a
5f9e
e3ff
ffff
ffff
e2a4
743b
1706
0101
0101
1e5b
8394
bef8
fbd0
9d8c
9ea0
b6ca
be82
2601
0101
0101
1554
97ac
bcea
f6da
ba98
6e42
1101
0101
0101
086a
8adc
ffff
ffff
ffff
d5b2
afa0
8c62
4640
0601
0139
8cda
f2ff
fffc
ffff
fce0
af70
2501
0101
0101
0101
0101
0156
9dde
ffff
ffff
ffff
ffca
a4aa
6408
012b
2301
0101
4d95
b1c6
d6bc
9693
8262
535a
535c
6d6b
6472
625c
6d80
9490
7872
676e
8288
a9bd
ceb8
b8ee
ffda
d8ee
f1e6
be71
2646
6656
4f32
3839
0101
0101
0101
6ac2
eeff
ffff
ffff
fff8
c49b
8667
5a4c
2a01
0101
0101
3564
453a
7eb6
d8f4
ffff
ffdb
aa6a
4438
2e30
546f
8489
7c76
807e
7b64
5239
1209
0512
244b
a1b8
d8f4
ffff
ffef
cc9e
7a4e
5262
4f3e
331f
254e
80ba
f5ff
ffff
fed1
c8c6
c4cf
ccc1
bb9c
896c
6561
4a26
0401
0101
0101
0101
0101
0148
c7f2
ffff
f8ff
ffff
ffff
f8d8
be98
633c
2a26
160c
161d
3446
6a82
889e
8c93
9075
8f89
7880
9fad
b3a4
9586
8ea2
a6a6
9a92
8381
6e69
5d58
5a5a
4c38
474e
4a4b
3a34
3c5b
7c98
aeb9
b4ad
aa9c
8687
8e98
8e66
432c
1524
405b
626a
7f90
9faa
b9b2
a083
6d6c
8cbb
eeff
ffff
ffff
ffff
c084
3a01
0101
0101
0101
0101
3d90
e7ff
ffff
ffff
ffff
bb71
4c49
4f5e
3a45
514e
564c
5d61
6e88
94a0
abab
9376
5c45
2e20
1601
0101
0426
3a6e
94ac
ddff
ffff
fcf4
f0ac
4668
4525
0a10
2b60
6e6a
d5da
afc4
d4ff
fffd
f7da
daee
fdff
fcd0
903d
0101
0101
0101
0101
012f
465f
7f98
add8
ffff
f4e8
f0d8
c6e0
ccb2
d7c2
7524
0101
012b
5871
b2cc
c6be
bcb8
ac8e
6634
0101
0a0c
112e
4b58
644b
4a57
445c
8a9a
a897
9ba5
c8d9
d4c0
bdc2
c0b9
af98
a4ac
aebc
b8b0
a288
6f55
4d40
2001
0101
0101
263f
6490
b7cc
d0d3
b89c
9994
a4ab
bcdc
d8cf
c2aa
a4a8
a1a4
b5b2
907c
8480
4f39
6c7a
430e
0101
3562
7073
6a50
2b0e
1540
627e
8672
768d
9e9d
957e
5734
2d34
281e
2240
749f
d1ff
ffff
ffff
ffff
ffff
f8e1
bc8f
5204
0101
0101
0101
0101
4b82
caff
ffff
ffff
c083
6556
330f
0108
1015
1d28
436a
98a5
c2bf
b08a
6262
7fab
ccec
ebff
ffff
feae
7b55
1c01
0101
0101
0101
0101
4658
7aac
a08e
d0ff
ffec
ded6
bfc8
d4d0
bf98
805e
464a
6a83
7e8b
9092
806c
565d
6375
5868
a0a9
afb8
c8c0
a18a
9292
7b54
0701
0101
0121
477b
aeb4
beb6
a678
3f22
2e4a
668b
9cab
c8e6
eef2
e6d6
c5b0
a699
938c
7670
6164
6f73
6c60
8198
744b
3c4e
5e71
868c
7d61
3128
525f
666a
5c5c
8184
8680
6f66
494b
4f48
5864
788d
ccff
fff5
e4f6
ffff
ffff
e8c1
9f81
6c3e
4232
0136
555a
6a45
0a01
0101
011e
4f5b
afe4
fff5
e6b2
98a0
a6b2
a2a0
906b
482a
0601
0101
0101
0104
2b68
94bc
e3ff
ffff
ffff
ffe7
b49a
9ed6
fcc8
adb6
8450
5c83
601e
3c45
411a
0101
0120
5260
5c3c
2a33
1925
2e30
5e85
b4de
ffff
ffff
ffff
fff4
dbab
7433
0101
0101
0101
2d88
aecd
ffff
ca93
7554
4039
4f6d
819a
b69e
707c
7c8e
a4a7
daff
ffff
ffff
fcdc
c0b4
aa98
8251
0101
0101
0101
0101
0101
014a
a4d4
ffff
ffff
ffff
ffff
ffed
b869
4251
1401
0101
1269
b0d9
ecd8
af85
6958
587a
b0d4
f4ff
ffff
ffe5
bc8b
5e31
0a01
0101
0101
0114
558f
caf8
fefe
feef
d4b5
894a
3d6c
1e01
0101
0101
0101
0c97
e0fe
fefe
f3cf
b591
857e
7970
726c
4c31
2638
5162
6aa9
b58f
6685
b3b3
8762
6768
69af
9877
c3eb
fefe
fefe
fefe
fec3
ad46
0101
0101
010a
1e22
525e
5d57
3c31
4b6a
8987
705a
444d
7788
b3e7
fefe
f9e3
cdcb
b5c7
e5fe
fefe
fefe
cc87
3901
0101
0101
0101
0101
0101
013d
a1fe
fefe
fefe
fef5
b7b3
c1dd
c5bd
c0c6
c097
5a02
0202
0202
93af
a4a5
a8ab
9762
3002
0202
0202
023c
81cb
effd
fdfd
fdfd
fdc3
862a
0227
6642
0a02
0206
457e
afc4
cfe7
fdfd
d197
7a71
687a
7264
4c3a
1305
0202
0202
376a
606e
b3fa
fdfd
fdfd
fdfd
fdf0
dbc3
b0ba
5d02
0202
0202
0202
0202
3e61
6d85
a0bb
b2b6
9776
8a9d
a1c7
dcc6
8a5a
46a4
a558
3102
218e
dbe0
ad9a
9dbb
c4c1
e6f8
fcf6
b1a4
966c
4e3b
383e
1707
1703
0327
647a
939d
b7df
dcc6
9d8f
7e68
5545
2106
1315
1f29
1c17
324d
5260
7c8e
9399
9481
6e5e
5c41
4153
768c
918d
959a
adad
b3bd
d6f5
fcfc
fcfc
fcfc
fcfc
e7c6
9b66
2903
0303
0303
0303
1140
6477
8d91
a8c1
d4dc
e1e1
ceb0
8762
3933
4044
3e3a
2911
0310
0603
0303
224c
6f97
b0d8
f1e6
e1e7
e1d2
c9ae
917d
7060
3f3d
464d
68ae
dafc
f5b8
ddf9
b5c1
ca72
2f7a
a88b
a4aa
b2af
a4a7
9e8e
9281
3c30
3735
2c04
0404
0404
0404
040a
3e52
5e6d
8089
8e91
a4cf
effb
fbfb
fbfb
fbfb
ae84
8e8c
835c
4b43
5553
4c4d
616c
6245
332f
5eab
cbc2
c7d7
dfab
70a2
ecfb
910b
0427
8f73
788f
a1ba
bcac
804d
0d04
0404
0418
3c5e
7b99
b2b9
c9db
d5d5
d9d2
c1b9
ae9a
8891
8b91
9383
6b49
311f
0404
0404
0407
5280
aed0
d1c9
b28d
7058
6eac
bbb6
a49c
8f7d
808d
7066
7995
aca8
997a
5221
0813
4375
97ad
cbda
dee0
d8ce
bc8d
7291
7113
0505
0c1e
76ac
a8a2
b2ca
dce0
ded0
c5b7
aaa6
8c5a
422a
0505
0505
0505
0505
4980
89b0
bed5
ac7a
9395
a697
7e7d
8a8d
9188
8172
5242
3931
3f4b
7089
8aa4
dafa
fafa
fafa
eaa0
6980
8574
806c
5033
1008
0707
1628
5380
a4de
fafa
faf1
dcb0
8b6e
552f
140a
071a
2f42
4c58
7682
97a2
bbce
dcd8
cab5
ac98
9074
6e87
8ea0
8544
0606
0606
062f
618d
9cbd
ddca
b394
6d61
5650
5766
7e8b
9595
9891
7169
4a33
212f
1e31
7188
89c8
f9f9
f9f9
f9d6
6c33
0817
788e
5d6c
6c3e
59aa
f5f9
f9f9
f9f9
f4eb
dabd
9667
4a1f
0606
0606
0606
5339
1c0d
151d
323b
4b5d
7894
9b9a
9387
8992
7d96
c4a9
9592
8787
806e
4e3b
3333
314c
6787
aac6
ebf9
f2e3
ab96
9052
4385
8b58
393f
4a69
8b9c
a199
99b6
9ba9
e2cf
d3f7
f8f7
f5dd
a66a
3507
0707
0707
0707
0707
0707
3265
abf5
f8f8
f8f8
f8f8
f8e8
cae8
d2b1
7f63
5c2e
1b56
5607
070e
573d
2154
bef5
b7c8
e0a2
5023
6981
4b37
3f3b
4045
4539
211a
3372
a4d6
f8f8
f8f8
f8f8
b996
9eaa
ab9a
7c50
2e38
616a
5c65
7d91
9e9c
7d37
0707
0707
0707
0707
1640
7eca
f8f8
f8f8
f8e9
a26d
361e
360f
104b
92d6
f7f7
f7f7
f7f7
f7f7
cfb0
7c3d
1708
0808
0808
0808
6db2
f7f7
f7f7
f7f7
be87
542a
0808
0808
0808
1c30
557e
abc3
c1d8
f7f7
d280
441b
0808
0845
83b3
ccd8
d2ae
7e54
3631
507c
b3d5
e4dc
e9c4
8685
4f14
0820
547c
7c64
6888
9d9e
8465
636f
9ad0
eef7
f7f7
e5b0
6f3d
0a08
0808
0842
5458
6d95
b5bd
f0f6
baaa
c5a8
7a43
1008
0808
0826
4044
6f84
92b9
a79d
bba0
695a
568b
c9ec
f4d8
c8cc
dbcb
aee6
ebb1
600a
0909
0909
0a41
6fa6
d7f6
f6f6
f6f6
e9ce
c3ae
967a
4609
0909
0909
0909
0914
4b75
8981
7c85
8d96
9ca1
a6a1
a0a9
c3db
dbd0
beb4
b0a3
9886
8389
929b
a1a3
9fb2
c9cc
c6ab
8667
4a2a
1209
0909
0909
0e28
4e69
87ac
c5c9
c9b7
9e8e
8a8a
7c7a
7272
6b6d
6055
5d58
6e71
716d
6258
5853
3e3b
72af
cce6
f6f5
f5f5
f5f5
f5e8
c6a4
6d4a
2719
130a
0a0a
0a0a
0a0a
0a0a
0a0a
0a0c
4a5e
626a
7999
c6f5
f5f5
f5f5
f5c9
8c5e
4029
1c16
1b37
4f4f
71b1
e2ef
e4dc
c7c6
c6d5
d3de
e6e2
ded9
c4b0
9a8b
7159
4627
140a
0a0a
0a0a
0a36
7089
7967
80a1
b3b7
b3a1
969d
9bae
c8bf
a6a4
ac71
70ac
6921
1e0a
0a0a
1c38
5155
523e
4c56
7497
afb9
dcd8
d6ca
e8af
5f5c
768c
9bac
bcd1
dbdc
d1bc
ae9b
7a67
5b44
384a
4a30
1c12
0b0b
0b0b
0b19
384c
5d74
9fdb
f4f4
f4f4
f4e6
d1ad
9d89
6659
5332
0b0b
0b0c
478b
bdc0
b58b
5e25
0b0b
3681
cbf4
f4f4
f4f4
f4ee
9788
801d
0b0b
0b0b
0b0b
0b1c
70e4
debe
f4f4
dbb9
a6a4
a9b6
ad95
857c
5438
4351
383c
5050
708a
8780
6f54
6690
aab4
9764
3c20
2a64
92bb
dbd5
cec0
a688
897e
8364
5d5d
534e
8390
6955
adde
ce80
7671
784a
0c0c
0c0c
0c0c
62a9
d3f3
f3f3
e9e4
dec5
b3a9
b2b2
9992
7d75
6c6f
7e7a
7c7a
7363
5742
392d
2638
456b
7170
6972
81ce
f3d1
d1d3
9f8a
a6a6
7554
4254
82a1
a48c
6137
110c
1639
6489
9dab
afb6
ad8f
754d
352c
344e
5049
566c
6c87
9a80
768a
b9d7
deeb
c398
7c75
8588
b3e0
d2ca
bda4
8e67
4538
445d
7a9b
bac1
ad87
9e83
210c
0c1a
412c
1d23
3b57
6d71
6373
9393
8061
4f5c
5d65
73a6
d3b9
bfb6
a483
4772
9256
8087
ea8e
8bbe
f2f2
f2f2
b088
eaa7
4164
3b0d
0d0d
0d0d
d1f2
d3ab
839a
c680
d3ac
a5b3
b3ec
f2c8
6b19
0d0d
0d0d
0d0d
0d0d
1481
9466
455b
2549
a9ec
f2ce
e1e1
e6d2
b2a6
9ba1
c6f2
f2f2
8b4c
0d0d
0d0d
0d4b
95eb
f2f2
f2ba
7877
736e
789a
9f92
9087
7e5f
6380
8517
1865
3893
9f90
c0a7
835d
3f2b
3421
396f
6c88
b0e0
b584
aa95
a2b2
c9c0
6826
6b1e
0e12
65b3
7e85
494d
957f
643f
130e
0e0e
3c6e
8fc3
c7c0
c7cc
dde2
e7d4
c4e6
dbd2
bda1
7f6c
6a56
565b
66a1
711b
0e0e
0e0e
1b4b
86a3
bbdb
f1aa
9bda
dbc0
a9a7
bcc0
b268
260e
0e0e
0e0e
0e0e
0e58
9eec
f1f1
f1f1
f1f1
ce9a
715b
5244
285d
8797
773a
59b7
cdb5
b0c1
b7a0
8558
1f0e
0e0e
0e0e
0e32
9be3
f1f1
e5c5
a58d
8093
aaa6
a1ae
a169
270f
0f0f
0f0f
1377
d0e3
d2e7
d9e7
d5a5
9180
6132
0f0f
0f0f
316c
8e8f
92a2
a396
8a80
afc1
6a78
aeae
857d
cef0
d895
7661
472a
0f0f
0f2e
6393
bcb6
b6e4
f0db
a0b2
e1ec
e8d8
be9b
874a
0f0f
0f0f
4a5d
4724
1d0f
0f0f
1d63
88a9
bce4
f0eb
d3b5
a6a6
acb7
bfc7
bda5
7a43
3b20
0f0f
5367
6554
3524
69bd
c3a8
bdba
bcac
bcc1
9c93
8e9e
bcdf
d061
3571
5623
8588
2944
2b10
1010
1010
4c98
b09a
7a81
878e
cbef
efef
efef
efdf
803f
1010
1010
3152
1610
4275
4224
497c
b3d4
b3bd
bead
988d
a1d3
efef
efef
b885
5e28
1010
103a
7896
afc8
cfca
b298
7f5e
421c
1010
1010
1010
1010
4171
a0cd
efef
efef
efef
efdd
c6a3
804a
277e
7e15
1024
8575
704f
749a
9371
748f
9f82
5635
3049
808a
879b
c8e5
d0a2
795f
4d4d
5572
8aa4
bebb
98ad
d7a2
593e
445d
7b87
8a83
776b
6464
7c80
543c
5f81
9694
7249
2e38
5e8f
a5a4
a098
8679
5e3b
2520
284f
86ad
bfcb
ceda
e1d8
eeee
eed1
a260
2511
112b
445e
93c0
ddeb
e4cc
a68d
6917
1111
4346
2111
1111
1112
23a8
cf9a
4327
4d41
353b
4d8b
daee
eeee
eeee
eeee
eebe
b298
6725
1111
1117
1111
1111
1111
1111
2562
93d6
eeee
eeee
eeee
b565
1111
1111
1111
1116
53c3
eded
eded
eded
a985
6e18
122b
2535
5d8f
bad9
eced
deab
7967
4624
1212
1212
1212
737a
6f80
8c8c
836b
594d
5986
c1ed
eded
eded
edeb
a099
9379
4a2a
4312
1212
1212
1212
75e7
eded
eded
9980
7e86
8070
7caa
c4c3
c2b7
8d56
2812
1212
1212
1212
1d4c
6d7c
818c
929d
a0ae
9c76
a5bd
8892
d2be
a7b5
e5ed
eded
d59e
4a12
1212
124d
83aa
a17c
4140
8881
7a56
4231
4994
d0ec
ecec
ecec
dc87
5f32
1313
1313
1313
3a4b
9db5
b5ca
ecec
e8cf
7e6e
3e20
70c7
c7a3
5d88
6d72
9770
1e13
1313
55a9
deea
ecec
b38d
662f
1313
1313
1329
2570
734b
8aab
c3eb
ecec
e6d3
dae4
e9ec
ecec
ecdf
c2bf
b4a2
6f4c
575e
5849
1e13
1313
1313
131d
575d
653f
2730
1e19
5a98
c0e4
ecec
ecec
ecec
ecec
ecd5
b6a2
8658
1313
452a
1313
1313
1313
131d
7499
a7b6
d8eb
ebeb
ebeb
ebeb
eb99
3d14
1414
1414
1414
1414
309c
d6e7
d8d4
ebeb
eaca
cade
ebeb
ebeb
d4a8
784e
312c
2514
1414
3b47
3f14
1414
273f
627d
8f97
a9b7
c8cd
e8ea
d2d7
beab
978b
866f
7e7e
694e
3833
404c
535e
6f7f
5549
9cd4
d7a7
7478
9cd6
e9d7
b6a3
99b0
cac4
bbaf
ad88
4a15
1414
1414
1414
1459
645a
525f
819a
e7eb
ebe6
ebeb
ebdb
a470
6071
819a
b0a0
9074
5437
1515
1515
1515
4660
4466
b9c4
6a7c
c1ba
8884
5959
afb0
8070
7995
e4ea
c4a3
c8ea
eaea
eaea
eaea
eab8
2615
1515
1515
1515
1515
1515
1561
83b9
eaea
eac1
c693
7583
8365
4c45
2d2d
a3ea
eaea
e6d0
9061
2c15
153a
747f
a9a2
7c31
1515
1537
a9ab
a1a6
b3b7
b270
2615
1515
43a3
e6ea
eaea
b672
3b15
1539
99dc
d5c5
c6b3
94a1
bebb
a3d0
e2d0
8b58
5570
6357
6682
a1b5
b18e
a4bc
baaf
6a6a
2e16
1616
1616
1616
164f
93e9
e9e9
e9e9
d783
9293
6298
a72b
1616
588c
bfc9
e9e9
e9e9
e88c
4716
1616
1a2e
3f3d
5239
1616
1631
9ce9
e9e9
e2e9
b586
b1c8
e9d3
be7c
1916
1616
38ab
9b67
1a16
1762
b274
6c65
6da8
83c4
e9e9
e9e9
e97e
2416
1616
1616
48a9
a073
4332
3d2d
164d
9ce9
e9e9
e9e9
e9e9
e9e9
dba7
724b
1616
1616
1616
1616
2f8a
9380
6788
b1c7
e8e8
e8e8
d7b3
9375
5117
175b
86a2
a98d
a274
2d2a
305b
a09d
6534
4b8a
c8e8
e8e8
e8e8
c876
1917
1717
1f35
2223
391e
171c
3368
8589
899a
cfe1
dacc
dde3
a776
7c9a
aaa5
ae9d
92a4
cee2
bca0
8a7f
765f
4851
5f53
4850
4a3f
3a32
2d2c
3744
585a
5c64
656e
7993
adbb
c6c4
bdbb
bcbe
b9a9
9b8e
859a
9675
5f5a
5864
7270
593c
5f7e
9082
6a60
6c90
a4bb
ccc9
b99d
7253
3322
2125
1c24
426e
8d91
98ab
b9c6
c7c6
b8a6
997d
695b
4f54
5362
8081
5c6a
8dad
c0c2
af79
6f89
aab0
9c9d
a3a3
9a74
3b18
1818
1818
1818
244a
7272
80b0
d6b5
987d
6f76
7984
a5bd
d4e7
e7e7
e7e3
b49d
9e9a
b0ad
8b7c
a6bf
a781
7264
7266
3e18
1821
1818
1818
3a7e
9981
5451
5d58
7084
7b80
838b
b2cb
dad7
cdc2
8955
2518
1824
5999
bccd
d7ba
8e6f
564a
5a8b
a6af
a2c6
e6e6
e1e6
d5bf
9d73
5166
553d
4c6c
7484
8056
1f38
2f19
1919
1930
7bbf
e1b5
89b8
e4bb
a2a1
5419
1919
2f7b
8469
84c9
e6e6
e6e2
a673
6276
7e8b
9c82
5d49
413f
4754
5a62
88c2
a583
a293
7464
6b84
9d99
a3d5
e288
4662
a9be
9e86
816f
5757
4f3d
2925
201e
1c2d
1c1f
405d
94aa
cbe6
e6e6
e6e6
e6e2
c18b
694d
1c19
1919
1919
1919
193c
7fb3
c5e6
e6e5
e5e5
e59c
865b
1a1a
1a1a
1a41
86b4
d6e5
e5e5
e5e5
e5d4
bb93
8264
331a
1a1a
4163
848e
9ba8
adc0
c688
8199
845c
3e31
3c47
6169
411a
1a1a
1a71
aed7
e5e5
d69d
7348
281a
2144
698f
b5d1
dfcf
b7af
bcc2
ac9f
998b
767e
7b48
1a2a
6968
5e59
5860
5549
4951
646b
7087
977b
6269
7376
7897
a39f
9fa4
acba
ced2
d3d8
e5dd
a893
7860
583c
1a1a
1a2e
4b5f
8586
7273
98c2
c5c1
baba
c1c8
c2a9
804b
1b1b
1b1b
1b1b
1b20
3747
8edc
e4c2
7581
a7c5
d2cf
d3b1
b0aa
7a83
663e
5855
728b
b1b1
afb1
c0b2
9f95
8063
371b
1b1b
1b24
588e
b2c5
cdc5
bfa6
8376
6e70
765e
565a
6975
8597
a6a6
a6a9
a2a3
a9a7
9896
a19e
aaaf
866d
5e53
4843
1b1b
1b1b
6d81
6b68
6d80
a9af
b0a1
9a96
806b
685c
7aa2
8b8e
a8c5
8c5a
6d74
4f32
2e4c
5561
7199
b8b7
c09a
9aba
8a74
7378
7799
a171
4820
2941
688e
979d
99a2
b795
8b92
9dc0
a781
87a4
b095
8f7e
5735
4a3f
3e55
6250
6075
afa0
6a41
5a5a
361d
1c40
7172
879a
d6e3
dcb3
b4b2
af9c
a7d7
cb76
653d
1c1c
1c1c
3b8e
8164
7a7a
6a8b
bbe3
e3e3
e3e3
e3e3
b373
7b68
5138
2e20
2231
4b57
463f
464c
5973
8684
9fc3
c8c4
a087
8183
7e5d
241c
1c1c
2e65
6884
afca
d5c3
a87c
441c
1c1d
1d24
51aa
e2ae
b4d4
e2e0
d4c2
b09f
7b76
9f98
917b
7db4
c9cf
c8c4
c4b1
a688
3c1d
1d1d
1d1d
1d1d
1d35
6593
d0e2
d0c5
ccd8
cc91
583b
241d
418d
ae81
5973
8791
a8c8
d9c7
c2a4
b6b0
9d92
8d91
97a4
a9ab
bfa5
6034
1d1d
1d1d
1d1d
517b
a5e0
e2e2
e2e2
e2e2
b946
1d2b
5f76
9146
1d1d
261d
1d23
5f8a
9e97
9eb7
9186
979b
7249
1d1d
1d1d
1d1d
1d25
4c6f
95ce
e2e2
e2e1
e1e1
e1e1
e1e1
e1e1
d773
231e
1e1e
1e1e
1e1e
1e6c
abcf
e1e1
e1e1
b778
5b5b
4f4a
61b8
9242
2968
c0c0
b1cb
b8b1
d9e1
d8a5
815b
313f
4226
1e1e
1e1e
1e1e
1e1e
29a1
a7a6
b4df
e1e1
e1d3
bec3
e1e1
e1e1
e1d4
9a36
1e1e
1e62
796a
4e25
1e1e
1e1e
203a
3362
4865
898d
7955
4a6e
b1e1
e1e1
e1e1
e1e1
e1c1
691e
1e1e
1e1e
1e1e
1e1e
2857
89ca
e1e1
e1e1
e1e1
d2a5
8559
251f
1f32
6f7e
93a1
9b8a
7e96
a9ad
b2c6
c5b3
863a
1f1f
1f1f
1f2f
534d
536f
6764
6371
b0db
e0e0
e0e0
e0d9
d2d6
c49e
704d
1f1f
1f1f
1f1f
1f1f
1f1f
273a
63aa
e0e0
e0e0
e0e0
e0e0
e0e0
9348
1f1f
1f1f
1f1f
234d
674a
3c40
5a92
c4e0
e0d3
b38c
7978
5d31
1f1f
1f33
3755
7398
a298
896a
5b3b
1f1f
1f23
528f
c7e0
e0e0
e0e0
e0e0
e0e0
e0a5
5f1f
1f1f
1f1f
1f1f
1f2f
64a6
c0c0
aeae
bdc3
ccdf
dfdf
a68c
8985
4920
2028
5b50
2f33
2020
3c66
7367
4c43
4848
4542
508f
ccdf
dfdf
dfdf
dfdf
c6b3
b990
4120
2020
2e3c
2020
2020
2020
2b24
2020
2020
2a2e
395a
798f
a8db
dfdf
dfdf
dfdf
dfdf
dfdf
baa1
8c7f
816f
4827
4979
8065
6673
8685
7069
7a71
4e50
2720
2020
2020
2020
2065
6257
4647
4138
3a3f
5485
badf
dfdf
dfdf
dfdf
dfdf
dfd6
b585
6f8f
8171
6b68
3a21
212a
3621
2139
7196
a19f
8054
2621
2121
2121
2121
2b68
a9de
dede
dede
dede
dede
deb4
9d9d
978a
817e
7760
6b7e
7480
a6b2
a580
5721
2121
2121
2121
2121
214b
6862
5568
7f8a
a4b5
b0a0
9090
8a80
949f
afbe
d9de
dede
dede
dede
c1c1
a882
4321
2121
2121
212c
3621
2121
2121
2121
2121
496c
96b8
c9de
dede
dede
dede
dede
dede
dede
deca
c1ad
7533
2222
2222
2222
2222
6699
975b
4c44
5768
8088
add8
dddd
dddd
dbc9
c3c4
b891
4d22
2222
2222
2222
2222
73bb
dddd
dddd
dddd
dda4
776a
5923
2222
2222
225f
9ebf
dddd
dddd
dddd
dddd
ddc2
9474
2a22
2222
2222
2222
2222
487d
89a0
b7d8
dddd
dddd
dddd
dddd
ddd2
bfae
9874
4d22
2222
2222
2222
2222
2222
223d
7493
bad9
dddd
dddd
dddd
dddd
dddd
bb98
6f23
2323
2323
2341
3223
2623
2323
2323
2323
386d
aedc
dcdc
dcdc
dcdc
dcdc
dccb
8025
2323
2323
2323
2323
2323
3449
74a4
dadc
dcdc
dcdc
dcdc
cead
783f
2323
2323
2a3f
3c23
2b49
453c
5278
b2dc
dcdc
dcdc
dcdc
dcba
8f94
5923
2323
2323
2323
2371
91c5
dcdc
cfd5
bba8
a2b8
b1a4
9d9b
6b35
2b23
2323
2323
2323
3e78
acdc
dcdc
dcdc
dcbc
9391
9e9f
b1c5
d8d6
d0c9
a668
2c24
2424
2424
2424
2424
2424
78b7
dbdb
dbdb
dbdb
dbdb
dbdb
dbdb
b67d
3624
2424
2424
2424
244d
8fbf
dbdb
dbdb
dbdb
dbc3
7539
2424
2424
2424
4c74
7b93
bed7
dbdb
dbdb
dbc1
a282
5924
2424
2448
616b
85a1
b5c5
c6b5
a294
8f8f
b0bc
ac9f
8f7b
6b35
5c87
9175
5733
2424
2424
2424
2424
2436
7ebe
dbdb
dbdb
dbdb
dbdb
dbdb
b68c
5024
2424
2424
2424
2424
4c99
d7db
dada
dada
d1c1
a580
5229
2525
2525
252b
5c85
c2da
dada
dada
dada
dad5
9955
2525
2525
2525
2525
3252
8caf
d1da
dada
dada
dada
dace
b67c
3f25
2525
2525
2525
2525
2536
6e91
dada
dada
dada
dada
dada
dada
dacb
8841
2525
2525
2525
2525
2e30
4477
7dbb
dada
dada
dada
da5f
696c
4e33
6a6b
2525
4c2b
2525
2525
4a93
b7da
dada
dacb
a987
582f
2525
2525
2533
4f6d
7a8e
c1d9
d9d9
d9d9
d0c9
c1b5
b1a4
754e
4866
5e42
544a
372d
446c
7f92
c0d2
cdc5
c1b9
9276
6c57
9d89
9077
3f49
444b
6c73
8fab
d0d9
a188
7860
5d56
4a28
3126
2626
2626
2626
3e7c
95c7
d9d9
d9cd
9c6f
6166
7b90
d09b
8192
b4d4
d9d9
d9d9
d9d3
d0c7
b1a1
7d56
2626
2626
2626
2626
2626
2626
2626
5374
89a6
d9d9
d9d9
d9d9
d9d9
d9d4
bda5
8a70
88a0
aeac
ae81
3f26
2727
2727
2727
273c
acd8
d8d8
d8d8
d8d8
a580
8a8d
8274
7f7e
8cac
c3bd
a997
968d
6d54
4836
3927
2727
2727
2727
2727
2727
2f64
96ab
bbbe
b9a0
8980
6d5c
6469
7386
9fc7
d8d8
d8d8
d8c7
ab8f
7652
3927
2b44
5d80
8b64
4d4d
462f
2727
2727
2727
2728
4f8f
d0d8
d8d8
d8d8
d8d8
d8d8
a989
654c
4153
5273
7476
726d
7581
98bb
976b
545a
6166
6281
866a
4227
2727
273a
8da4
ae9b
7661
5c69
7e97
bed5
d7d7
d7d7
ccaf
9c82
6048
2f28
2828
2828
3857
8487
5628
2838
6e98
bed7
d7b5
7b4b
2828
2834
6688
a6bb
c9c6
b6a5
9a94
9793
8f8c
96a9
bbc0
d5d7
d7d7
c8be
b6b4
b1a3
9a87
5d28
2828
2828
2828
2828
2828
476e
8894
9495
9e9e
a2a5
aeb4
a4ba
d7d7
d7d7
d7d7
d7cb
b193
767d
8090
a2a7
9161
2828
2828
2828
2828
2828
6c95
bcd7
d7d7
c5ad
946f
5d54
5b75
868b
9eaf
acb7
d2d6
d6d0
d6d5
be9f
7b63
5956
5c6f
7565
4e38
2929
2929
2929
2929
2929
6cba
d6d6
d6d6
d6d6
975d
5f80
b3d6
d6d6
d6c6
9329
2929
2929
2948
7ea0
c1ca
c4b1
9166
3629
2929
2929
2929
2946
667d
93bc
d6d6
d6d6
d6d6
d6d6
d6be
9b7d
6a57
4c3c
2f2d
434c
3e29
2929
2929
2929
5173
8a98
9da0
afbd
b6b1
b0bb
d6d6
d6d6
d6d6
d6d6
d6c3
9d7a
6351
3f34
2a2a
2a2a
2a2a
2a2a
2a2a
2a2a
3038
485c
81a8
d5d5
d5d5
d5d5
d5d5
d5ba
bab6
b3ad
b0bf
ccc3
bcb6
a698
968e
7e6f
6246
2a2a
2a2a
2a2a
2a2a
2a2a
2a2a
2a2a
384c
4672
82a9
cad5
d5d5
d5d5
d5d5
b3a8
a5b5
ced5
d5d5
c7a5
9276
6a63
5765
6a52
2a2a
2a2a
2a2a
2a32
697e
9492
8e84
888a
8990
8faa
9da1
7d69
606c
93a9
a4a3
988d
8a84
8886
7b77
8890
815f
4d4d
556f
7c7d
8198
a297
887b
654e
3f3b
3338
373a
4a58
6274
8a92
9aab
aea2
8d88
898e
95a8
9c88
a391
7082
a1be
d4ce
bdd2
d296
999b
aaba
cdd4
cbcd
bd86
624a
322b
2b2b
3a3e
455c
5f56
2b2b
2b2b
3a3e
2b2b
2b4d
4e59
353a
2f3d
3840
558f
c9d4
d4d4
d4bd
9a92
839b
c3d4
d4d4
d4d4
d4d4
d4af
8264
7d41
2b2b
2b2d
394c
6883
809a
a7b8
cb9d
8087
9298
9363
382b
2b2b
2b2b
2c2c
2c2c
2c2c
2c2c
2e66
7a78
7a8c
99c1
d3d3
d3d3
d3d3
d3d3
d3cb
c5cf
cab0
8758
4945
4932
2c2c
2c2c
2c2c
5991
b2aa
9593
91a2
c3c8
b4bc
bfaf
aec3
d3d3
d2b8
aa9f
8b78
6c57
2c2c
2c2c
2c2c
2c2c
2c2c
2c2c
2c2c
2c59
95c1
d1ca
ad97
836e
7aa4
c8d3
d3d3
b7ab
afa2
9183
8fa4
bed3
d3d3
d3d3
d3d3
b59b
7d55
413b
4a53
3a2c
2c4a
7197
b3a2
8e8f
919c
a7a5
9f80
502e
2d39
3e30
2d2d
2d2d
2d2d
4e52
5654
5669
8097
a9a7
afae
b1c2
c3d2
ceb4
a294
a1b6
bdb5
a190
7d64
5751
4b34
2d41
6076
6f5f
5651
5a72
7c87
9f98
8b85
8186
9ab6
cad1
d2cb
b796
7448
2d2d
2d2d
2d2d
3c5f
8aaf
c2cd
d2d2
d2d2
d2d2
d2d2
cfba
9f8e
7869
5c54
514e
5056
6263
5a50
4450
432d
2d2d
2d2d
2d53
788e
a2a6
9a92
8071
6754
434d
6a8a
adc5
cdbf
b7ad
9e97
8f98
9792
aabd
d1d1
d1ca
a46d
402e
2e2e
2e2e
2e2e
2e66
8ba1
b6d1
d1d1
d1d1
d1d1
d1b4
8f68
4b39
3c4a
5b43
2e2e
3a54
5266
7e93
a1b0
b9b2
ac8e
5545
505a
5d5d
6780
827a
7998
9983
7265
5551
5154
554a
4c62
92cf
d1d1
d1d1
d1d1
d1d1
d1c1
aa9e
9687
6d5a
372e
2e2e
2e2e
2e2e
2e2e
2e2e
3368
7b77
6e67
6b75
8498
a2af
bccd
ccc4
b3a5
8783
8a9c
a7aa
b4ac
917d
5a59
7095
b3c9
d0d0
d0d0
d0d0
bf95
6c4c
2f2f
2f2f
2f2f
2f4d
789d
bbd0
d0d0
d0d0
d0d0
d0d0
d0cc
bfa4
9177
644f
2f2f
2f2f
2f2f
2f2f
2f2f
2f2f
3f47
546c
767b
80b1
b2ba
b1c3
d0d0
d0d0
d0d0
d0b5
9549
5352
514a
3936
2f2f
2f2f
2f2f
2f2f
4f5f
8598
a492
94b0
d0d0
d0d0
d0d0
d0d0
d0b9
997e
6e67
592f
2f2f
2f31
3d4a
5f6b
7a91
8b79
8fa4
948a
7765
646b
8297
a5b6
b7b9
c7c0
aa9c
a4b1
af92
6d64
696d
86ae
aba5
c4c8
af90
8174
7987
7253
3030
3030
3030
3030
3030
3761
86a0
a8bb
cfcf
cfcf
cfcf
cfcf
c2b3
8b5f
5e5f
6261
6672
786b
4330
3030
3030
3030
3030
366a
95b3
cfcf
cfcf
cfcf
cdb7
a59e
9eb1
bac3
cfc4
ab9b
8d90
8877
7b7b
7e8e
a2a8
a2ab
b0b4
a39b
958c
846d
4f38
3042
5e6f
7065
4e30
3030
3030
3030
3030
4977
96ab
cacf
cfcf
cfcf
cfce
cec8
aca3
9482
5831
3131
3131
3153
7680
717b
7e78
7e88
a4c4
cece
c1ac
937b
685b
4033
3133
4653
6997
c3ce
cece
cece
cece
cece
cece
c9bb
b0ab
9991
8978
625b
4e31
3131
3131
3a3f
3837
3131
3a39
3131
3131
3131
3131
446f
8c9b
afb5
ac9e
9a9e
a0a4
a3a8
a5a0
a3b1
c0b9
a4a3
abb0
c3cd
cece
cec6
b6ae
a289
7566
605b
575e
6d71
6e61
6773
797c
8178
716c
6752
4145
3c32
3232
3232
3232
4258
707d
899e
aebd
cdcd
cdcd
cdc8
cdcd
cdcd
cdcd
cdc3
a292
8270
6253
3432
3232
3232
3232
3232
3232
3232
4763
7f89
979d
aabd
cdcd
cdcd
cdcd
cdcd
cdc6
b29c
8c82
796d
5c4d
3c3b
3232
3232
3e5f
7c8f
a5b3
c1cd
cdcd
cdcd
b491
817c
6d60
554c
4e4d
5454
4f3e
3232
3232
3f52
5a6c
7880
8a99
aeb8
bfcd
cdcd
c0b5
b7bf
c4c6
cabc
ab8e
6432
3233
3333
3333
3336
7797
abae
b7ba
afb1
aa98
8776
6d7c
7c81
8c93
084f
8279
726c
695d
544a
4a4f
535c
6372
93ad
c6cc
cccc
bab1
b1a9
9e86
7d6f
5c51
4952
555d
7187
929c
9ea8
a28e
7358
5040
3333
3333
3333
3333
3333
3337
586f
8095
a4a7
b6c0
c8cc
cccc
cccc
cccc
cccc
cccc
c2ae
a794
8a84
8485
6f53
3333
3333
3333
3333
3333
3345
6e97
b9cc
cccc
cccc
c9b4
b3ba
aeab
ae97
8170
6359
4f37
3434
3443
4a56
535b
716b
6877
757c
8595
a3ad
bbbb
bba8
957c
5b45
3d3a
4c68
7e7d
6c5e
5053
5d5c
7988
8b88
96a7
a2b4
bcba
b3ad
b6ca
cbcb
cbc8
af98
8583
887d
5c34
3434
3434
3c4a
4e54
545e
635a
4f4b
3f34
3b3d
383d
4c67
7783
858d
a0b5
cacb
cbcb
cbcb
cbcb
cbca
b19b
8b83
7875
6f5d
4942
3a34
3944
5158
5a66
7784
847d
706b
686f
7c88
939b
a5ad
b7b9
b2ab
8e68
5a36
3535
3535
3535
3535
3549
5c63
6e85
a4b2
bdc7
c3a5
8e89
8a9b
aab8
c5c4
c4c7
c4c0
b6a5
9c8d
7c74
603f
3535
3535
3535
547e
a2b1
a39d
9685
7b6e
7666
5250
585c
687d
8e9f
b8b7
aea8
a19c
9b90
8f95
9a9a
9ba0
9b9c
9fa0
9689
8282
7783
8489
898a
877b
6952
3d35
3535
3535
3536
4046
4d6e
93b5
caca
caca
cabb
9476
5c42
3535
3535
3a42
4f5e
6268
6a68
6f81
8995
acba
bcc3
c4c5
c5c8
c5c4
bdb4
a38e
8671
5c56
4847
564c
4840
3636
3647
575b
535c
605c
6568
6e79
9baa
c3c9
c9c9
c9c9
c9c5
bcc5
c9bf
b6a6
9079
614e
3836
3636
3636
3636
3636
375c
5b70
8399
a8c3
c9c9
c9c9
c9c9
c9c9
c3b3
a9a1
a59f
8d83
715e
4436
3636
3636
3636
3636
3636
404e
7e90
aac1
c9c9
c9c9
c9c9
bfba
b0b7
8490
8584
8276
5f4c
4347
4958
7d95
826c
6c62
5f81
9ab9
b8ba
bcc1
a778
6c3b
3737
3737
3737
373b
4f66
6b81
93b1
b5a0
8b91
b9a4
9087
8992
a299
928a
8387
7b63
4a37
3e65
99a9
b1c1
ad8e
7d5b
455c
7175
7c8f
9388
a4ac
a9a2
a18c
7a8c
9293
939c
9380
6d64
6878
9298
8773
7175
8097
9e9f
8e71
746a
4b37
4244
4f6d
7a7a
7886
9592
786c
5e4c
403d
3737
3737
373b
5679
8f9b
a2b0
bec6
c8c8
c8c7
c7c7
c7be
bcb8
bfc6
baa8
8c75
7482
6f45
3838
3838
3838
3838
383c
4a68
707e
9fad
b2b9
bfc2
c7c7
c7c7
c1a7
907d
7e78
6752
3d3c
5970
868c
786f
7566
5951
6271
7b6f
624c
5e68
6054
4b52
7893
b2c7
c7c7
b7a0
a5a0
918f
8b79
5c4e
3938
3838
3e3a
414d
4b45
5777
93b1
bcc7
c7c7
c7c7
c7c7
c7c3
9e81
7c78
7280
7f91
abc3
c7c7
b59c
9474
6566
6f77
6e59
543f
3838
3839
3939
3939
3939
3939
3942
586f
7c86
929d
a0a6
b8aa
aa9d
9d8a
7e87
9dc3
c6c6
c6c6
c6c6
ac95
7567
5d5e
7c88
8a85
7a5b
4b39
3939
3939
394b
5a6e
878c
847c
7067
5f59
7793
a6b3
b9bf
c6be
bec6
c6c6
c6bf
aa9d
8d8b
908e
7e70
4a39
3939
3939
3954
8697
9fa1
8e69
575a
7690
9eab
bec0
c5bb
af9e
8985
7163
6660
626c
7d78
6979
8b8e
867a
7677
7779
7879
6f67
614d
444f
504c
526d
818b
8f9a
9184
7869
5b52
5155
5c6b
8197
a0aa
aea4
9da5
b6b9
b5b9
b4ad
a498
8480
736e
6c75
8388
8a85
7570
7065
4e3a
3a3a
4348
5264
6767
665e
5c6a
7a7d
7875
7b86
95ac
c0c4
c2c1
c4c5
c2af
a7aa
b2b7
b7b0
a69d
856d
6160
5943
3a3c
3b42
3a44
5346
3a3a
3c4b
5e75
797b
8083
8485
8d8f
8589
8c8a
9496
a9c2
c5c5
c5c5
c5bc
9a72
3f3a
3a3a
3a3a
3a3a
5163
6061
6e7f
90a6
bbc4
c4c4
bcb5
aaa4
9ea3
a395
8f89
8e91
866c
554b
554d
5652
505c
6773
8c9e
9ea9
a99f
9086
7a73
7077
7985
7e7e
7471
7b69
5842
3b4b
605d
6675
776c
6a6a
6b6b
717e
8593
9ba3
acbe
c4c4
c4c4
c4b3
a590
847a
7368
6676
7467
6168
453b
423b
5750
4f67
5452
4c3e
6251
6581
7084
85b3
aead
c4c4
c4c4
c4c4
c4bc
b8a3
a576
5c68
3b3b
4745
3b3b
5b71
5368
8185
a682
9299
6e7b
7d7d
6552
7780
7887
8496
886d
7756
5458
6982
737c
9a9e
a497
8b8e
777d
848c
9687
9ab1
9f99
8278
869c
aa98
94a0
a29f
8d5e
443c
3c46
614c
414b
574b
3c3c
3c3c
4052
6d87
98a6
b5b9
b6b8
c3c2
bfb5
a393
8e90
9383
706d
7b7f
8789
7e78
7c83
6e60
6789
9289
9299
97a7
a9ac
b8b0
a081
6958
3d3c
3c3c
3c3c
4b60
5857
6376
7a75
83ac
c3c3
c3c3
bdad
a082
6e65
573d
3d3f
4743
4144
494c
4f4b
5967
84a8
aba3
a5a2
a096
9797
92a7
c0c2
c2c2
c0a3
988f
8489
8686
959a
938c
8977
604f
423d
3d4d
4f4b
4552
7b94
9287
8078
7a78
706d
6e75
8187
8c93
9593
8a76
6663
5f64
6462
676f
7379
7571
7173
7c8e
929a
a6b2
bdc2
c2c2
a89d
999a
9f9e
9b90
887e
736e
686d
767b
8087
8982
7b79
756f
6e65
5750
525a
5a50
4943
3d41
423d
3e49
586c
84a9
acaa
acab
a4b1
b3aa
a298
938f
9192
7c6b
645c
5c67
7469
7088
9091
8888
928b
8c8b
898e
9898
989c
9b95
8b78
6e75
7571
7379
8999
9e99
7a6f
6664
5754
6d83
8b85
7f7c
8181
7564
5147
4040
3e3e
3e48
6879
8076
746f
6865
717d
8690
9daf
b7bd
c1c1
c1c1
c1bb
b7ac
a7b2
b7b7
ad9b
8870
6267
7161
493e
3e3e
3e3e
3e3e
3e3e
3e3e
4851
7492
a3b1
c1c1
c1c1
c0c0
b7a7
a19e
9a8e
8884
7763
5c5a
5043
414d
698a
9899
9690
8a81
766c
5d48
4042
5056
555a
6568
6d69
6a79
92a9
b7bb
c0c0
c0b9
a9ab
a69b
8e88
7c77
797a
7889
8f88
7262
4842
4553
636a
7882
8f90
8373
695f
555d
697a
878e
8e8c
8a93
9286
7b6a
5649
4a5a
7587
94a1
a3a6
a19c
a1a1
a4a4
9c9c
a09a
8471
5d45
5264
6773
7775
848f
8470
635e
686b
6259
646c
6d73
7a83
8ba2
abaf
ae97
8086
9396
9fae
ad9a
7e71
594f
4042
4040
4040
4040
4e6d
6a6e
828c
a6be
bfab
9fa6
bebf
bfb3
908f
9bae
b3a1
977d
685b
484a
5872
7462
4e55
6570
757c
8890
9fad
a072
4f48
7174
6a5a
5d82
958f
8984
7e75
8891
9a99
7c5b
5474
99a7
a57f
6e73
6873
6f5d
6875
6860
5c53
5568
7c77
6f73
7584
9eba
bfbd
b0b4
b4af
a695
9198
9da0
a9a6
9483
7971
6c70
7c7f
766c
706c
626a
7467
6163
6466
5d4f
4141
4141
4141
565d
6f7c
818c
9ba4
a38e
786e
6a6d
8396
8f90
9fa2
adb5
a2a4
9595
9a97
9ea0
a0a5
a5a3
9f8e
898d
a3ae
9c93
7c60
5e77
808b
9290
917e
5d42
4141
4141
487c
8e8a
7980
9692
8f90
7d61
4a41
4141
444e
767d
7c70
7465
656a
6b71
7c91
aab3
bdbe
b49f
8e88
8483
8382
7769
616b
7b8b
a6ac
908e
8b7a
6c70
837f
7172
9495
8ca7
9c8b
907f
7a81
7782
836c
6e77
7d80
7d7a
736b
7882
8280
7a70
7683
8076
7074
828e
958d
7980
827c
776b
5765
8d8e
7c72
645b
4e43
4c63
656c
7074
7f8d
a3ab
a29d
988d
827d
7573
7069
7088
9a9c
9fab
a4a5
a18c
92a0
a2a7
a9b2
b5a7
9585
7259
4342
4242
424c
6d80
857e
7d86
776a
6676
7778
829a
a498
7b5e
6178
8982
6445
475e
7181
8476
736f
6a6d
706d
7586
877a
848b
8f8c
8080
7c80
8c94
9d90
8a8a
9cab
aea3
a8a2
9e96
8073
5f4e
4e6b
8589
8b8e
8171
6b6d
6875
7769
5a59
5e6a
7679
809b
a590
7e75
7d86
8b96
a1a7
9c88
8384
808c
877f
7f94
a191
7670
6b69
6669
767c
7c80
7464
5b5c
5a4f
5064
6a7f
8f91
8076
7c6f
7285
8685
8c9a
acb3
b6b7
aa9d
8d70
5451
6461
5045
5570
7d7d
8487
7769
6c6d
7986
8588
8c95
908e
8f8a
8693
9f9a
968e
7d75
796f
6165
6b68
6d80
8575
6055
5051
5567
8192
9c98
989e
a8b6
b7bb
b3b0
af8d
8c8a
7f6c
5644
455e
6156
6063
666e
6a7f
958f
9f9b
8779
93ae
a699
9792
8477
664a
4444
4444
5356
5e5d
646d
6962
6767
6b76
8493
abbb
bbbb
bbb5
9e7b
6360
5e63
717f
939b
9ea7
a29a
9694
877f
828b
8b8f
9293
9084
7a6f
6d74
8794
989b
8d8d
9a97
898d
8878
6a5c
5244
4444
4444
456d
8386
8484
7a67
5445
4545
4545
5f6e
7675
747e
8b92
9692
959e
a7ac
aaa1
9489
8c98
a2a7
a6aa
a9b0
baba
baba
b3a1
9379
5d47
4545
4545
4545
515d
6c82
97ac
baba
baa4
9893
8373
6c6b
6b66
615d
585c
7389
9197
837c
8d83
6b61
6c74
7d85
867f
6a4c
4545
697f
9397
9d9f
8e83
7f7a
685f
7179
7577
89a7
aeac
a9aa
a9a6
a096
8a81
8185
8280
7f80
7a74
6e68
6e79
7062
5f74
6f6e
7882
8083
7b62
4646
4769
7c8a
7c77
808d
9483
707e
7a7e
817b
8c9b
9092
957f
6655
524d
4e5a
646e
8085
828e
9399
9c9e
a4a1
99b4
b9b9
b7a7
978e
8a88
7b73
6661
676c
707c
8582
7c7f
8580
7c80
7e7d
7d71
6b65
5f65
6156
5b73
767e
8593
9c92
8687
9287
8494
9b8e
816e
655c
5960
6a5a
5b69
614d
4646
5261
6f77
7b83
8b99
a4a2
a0a3
a19f
a9b5
b9b9
a099
9991
968d
7d6e
6e80
99a9
aea4
9e86
857f
737a
847e
7061
4c47
4747
4747
4747
475f
666a
6668
787d
756f
7384
8a84
8086
9c95
969c
a5a5
a79b
8877
8171
565c
5b68
809b
b8b8
b8b8
b8a4
9896
9e97
9399
9990
9c9e
8d7b
6a71
6378
7167
7487
8074
6e68
6466
5555
5c5c
6b7d
7373
716f
5a47
474d
5162
6c75
746c
7377
797e
7f81
94a0
917c
6e67
6b7b
8697
adb8
b8b8
b8b8
b5ac
9d98
9596
9b7a
4f48
4848
4848
4d50
5064
7b8c
a5b7
b7b7
b7b0
a190
7158
4e4f
5e7c
7868
5f56
5259
7384
7880
817c
898e
95a2
a49f
9794
8e82
7878
858e
8a7c
8594
8980
7e6b
6a6a
625d
6369
5e57
4f53
687b
8284
878f
96a1
9e89
8081
838a
97a3
a6a1
a693
7760
504f
5657
5968
6a65
6e75
8da3
b1b7
b7b7
b7b7
b4a9
9b87
7869
4c48
4848
4848
4c6c
8088
887f
7878
6a5a
5d6c
6d65
656f
859a
a7af
a996
8379
6c5d
4f49
494d
6686
a4b6
b6b6
b6b6
b6ab
998b
8074
6b6f
7b8a
8c9a
b2b6
b6b1
a086
735b
4949
4949
4949
4949
495d
7488
8c93
a0aa
b2b6
a797
998e
877c
6a62
616b
6b6c
6458
5c62
6176
8f8f
94a3
a5a3
a3a3
a4a6
a6a5
a296
7767
5f5e
606c
7072
716e
6f6e
6870
7969
6677
797b
8397
aeb6
b6b6
b6a0
978c
6d57
4949
4949
494c
4b4b
5058
6773
7181
887f
8ca3
a8ab
adaf
b4b2
aaa1
908a
8a8b
8e86
8278
6658
5751
5564
7380
94ac
b5b2
a99b
907c
644a
4a4a
4a4a
4c62
7486
939b
a09f
9c99
9995
9998
918a
908d
8d90
9a94
8476
685d
595a
5763
7e88
8271
6a62
5858
636e
6968
6b6f
6662
6d7a
8591
9590
9093
8c80
756f
6e72
7d83
8b85
7f91
9da9
b5b5
b5b5
b5b5
b5b5
a495
7a73
7167
6d66
5959
544a
4a54
5e5b
5754
5c62
5754
5a65
7171
787a
6f81
918e
8b7d
7689
867d
8e8c
878a
8e89
838f
8990
917c
7c78
797b
7377
9098
8c87
899f
9697
a2a7
9eb0
b3a4
8e89
7e63
5b76
8384
805e
4b4b
4b4b
4b53
7175
707c
888a
898a
847d
8077
746f
6f76
7f8d
7f7c
7b67
646e
6970
7880
8287
92ae
ae9f
9ba7
a7a6
a088
7a7c
768e
9d9b
9487
7160
534b
4b4b
4b56
606d
747d
8283
9394
968d
8780
7974
808f
9488
8086
8ca4
a89e
928b
858e
a3a7
9888
888a
7465
6053
534c
4c4c
4c4f
5c68
635b
595a
647b
8488
898d
9189
8a95
9d98
9691
96ad
b2af
a99a
877d
7569
6a82
8077
7a91
988a
694c
4c66
7585
8b7f
665d
5769
767b
8390
a1a5
9e97
8c95
9b83
7371
869b
9188
8a8c
7d6f
6e57
5e73
605a
6c63
5966
646d
665c
637b
8a92
9892
9491
8e90
7d6f
7272
7684
8e90
8680
7e7f
7d81
94a4
9f99
9795
9287
7f80
7977
7870
7e8b
9095
9a90
8292
8d7e
6d59
4e4d
4d4d
4d58
6f73
7374
8183
7e81
919b
9ca3
a195
8b7d
7c81
7b78
706c
6c73
7d7f
838b
877e
736b
6664
626b
7885
949a
938e
8a89
9096
9ba0
a5a6
a29b
8d83
746b
6f70
7078
7571
7274
7c7b
705e
4f55
696a
6359
6074
7a71
7983
8593
9fa3
a7ac
ada8
a190
8079
7d7e
6956
4d4d
4d4d
655e
666e
6564
7086
8699
9f92
97a5
b2b2
b1a6
a7b1
b1ac
a39d
9694
9a9a
9688
725d
4e4e
4e4e
4e4e
4e4e
4e4e
4e4e
5266
7d94
a09b
97a3
b1b1
a7a6
b1b1
b1b1
a99f
9180
7769
6f66
7975
514e
6366
4e4e
6463
6b7c
7770
8197
9583
8e96
8a80
839a
ada8
9594
9b7e
6465
6054
4e4e
4e64
7980
8282
858c
9391
8c91
998d
7f80
7e75
7a82
8690
928d
94a4
9b7d
7160
636c
7575
7d88
97a3
9e87
8083
8a85
727f
9887
6f72
7877
5a4f
4f55
656a
7582
807a
897e
7a82
7065
5e77
8e93
9484
8077
6d7b
846e
535f
8077
798d
8a76
716f
7599
9fad
a289
8a83
8f95
817f
8aa6
b0b0
b0a1
7963
706c
6775
6069
765e
554f
4f4f
5c8c
9078
7084
8179
7983
93a0
a396
82a0
ac96
6f67
626f
8183
7a78
7176
868f
969a
9f96
8674
6c66
615c
6875
7a70
7170
746f
6c7a
9598
a29f
907c
6b69
6a5e
5c60
737c
90a8
b0b0
b0b0
a99a
8368
5150
5050
5050
505d
768a
9598
97a0
afaa
99a4
a48b
796f
6357
6375
6e6e
788a
97a6
afab
9f8c
817b
796c
5b50
5050
5050
5067
717d
9391
8d8a
8f9c
a4af
afaf
afaf
afaf
ad8d
8484
775f
5151
626d
6254
5050
5050
5050
5860
6f86
8a81
7c81
8691
9f9f
a5ab
a79d
9188
857c
7074
6450
5050
5667
7a7d
7e87
8e94
a1a7
a8a2
9389
8485
9190
8574
6d71
777b
807d
7b7b
7e6e
686b
5f56
5d78
797d
807d
92a1
998e
8c85
827f
7870
7780
8599
8d76
6c70
8178
747e
8185
8b8f
8f8b
807b
827c
787e
7c7e
7e84
8993
9288
7d76
7979
6964
686a
696c
7793
aba7
856e
6f8b
886a
6887
8e80
86a7
ae9a
808c
8d88
8790
8256
5151
5e6d
6256
5c73
8e8d
6e55
5f6e
6a73
93ab
ad93
7286
a7a8
9598
a493
6e62
6560
5151
516e
8d7e
869c
a295
9192
807c
8077
7072
8494
8164
545d
7c95
a09f
9a91
8b85
8384
8892
8d89
8778
787d
6452
5252
6b98
ada8
a39a
8282
887e
7571
6e77
7f85
7e6c
625e
6365
6369
8c9a
968f
8b86
878a
8f90
8d7b
635d
6463
6578
7f7f
8ea0
a796
7e75
6668
7275
7d87
857c
7584
8d87
827c
8c91
8a87
8c8c
8075
7f8f
8472
6a76
908a
6452
5255
7e98
9fa9
997a
7179
7e6f
6074
9398
8268
7069
5252
5252
789d
a7ac
9791
9791
8f7e
6d6c
7791
a7ac
acac
a4a2
a398
7f61
586e
7562
6170
655b
7586
8e93
9292
938a
7059
5353
5353
5353
6b7e
8c92
9897
887f
8180
817d
7b7a
7d7d
7575
808f
939c
aa9b
7d73
7b76
7576
7d8c
9ca9
a291
8679
6f6f
6f6f
706e
727c
888d
7f78
7673
6d77
8897
9b9c
a29e
8d87
7d6e
747a
777c
8686
7c7b
857f
726b
5b53
5353
5353
535b
6f6f
7b84
929a
a1a8
aaa3
a0a1
917f
6e59
5454
5d80
8d91
9aa3
aba8
9f99
8e8c
918d
8284
8d88
8077
7371
7173
8686
858e
9996
857f
7a73
7370
6363
6660
6369
747e
7c7c
8487
867b
6f68
5f5d
656a
6d78
8082
868e
99a1
a3a1
9e9f
907c
726c
6563
616d
7374
8088
7f7c
797a
807f
7e81
8a91
8f82
7d70
6568
6e7a
828c
8d8c
857d
757d
8079
7168
6c73
7173
7e88
9088
8c94
8f8b
8a89
8a8e
9197
947e
737b
807b
7787
9189
817d
7b74
695c
5555
5b6c
757b
848e
8a85
848b
868b
9191
8d94
9a9f
9a98
9180
7779
7e7d
888a
847d
726a
6e69
5a55
555a
646d
777e
7a7a
7b84
8287
908c
8c8e
8a88
8e90
8881
7e80
7f77
797b
7677
767a
7d7c
8178
716d
6863
6569
7275
7273
776f
7884
878e
918a
888d
9c9a
958e
8784
8583
878b
8e91
9393
8372
6963
5c62
686a
7678
747d
8a8e
9190
9698
908a
8289
8a83
827e
787c
8388
8b83
7877
8083
8180
7c79
7676
695f
5c5a
575a
6e77
777e
858e
8c88
8177
7a7f
8c90
959e
9c95
918d
8981
7d7a
7770
6760
5d60
6264
676a
6a68
727f
8892
9b94
8f93
9491
8f86
817f
7674
747a
7e83
868a
8481
807c
7c87
858e
938c
8e91
8c93
9791
8d8b
8581
7f7d
7f7c
7471
6e67
6159
5b62
625f
5b59
5d69
686e
7074
7878
7e83
8286
9093
9397
9a97
928f
938d
8e92
8a83
8380
807f
7976
726e
6c6a
6b6f
7374
7a7f
7f7f
8283
858a
9091
8e88
898b
867d
7c7f
7773
716f
777c
7e7d
8085
8283
8586
8784
817c
7a79
7479
7b79
7b7e
8386
898b
8e90
898c
8073
7a7c
7e80
898d
8a8c
8a83
7f7c
7a72
727e
7775
7372
7477
726b
6b75
7978
7774
726c
6c73
7676
797c
7c80
8b91
989f
a39f
9a92
8378
706a
676e
6b6a
6f79
7d81
7e7a
7577
8186
8a8e
9596
9595
8d86
7c73
6e6b
6f79
7f7e
7e77
7574
7b82
868a
8a87
7d7a
7e80
8289
8e8b
8384
8d83
7673
7472
6f69
6d75
7c7d
7777
7776
797e
8084
8385
8887
8988
888f
9593
8b80
7e7f
7c7b
766d
6a6a
6c6e
7173
787b
7b7b
7b80
8486
8893
9794
8f89
8a8c
8987
8480
7c76
7065
6165
6871
7f8d
9394
8e86
7e7c
7c7c
7c80
7e7c
7778
777b
7f83
8585
8586
8789
8e82
7169
635c
5c5b
6367
6e73
7982
8a8f
9294
8e89
8583
8284
8788
8a90
8c86
8383
8381
7873
787a
7673
7570
6c6d
7170
6d76
7c81
8a90
979c
a6a6
a59e
9898
968e
8377
7a73
6b6e
6460
6063
5959
6469
6c6e
7683
8c8d
898c
8e94
938f
8f8f
8a88
877e
7670
7377
7a7a
7a75
7076
7673
7167
6b72
7b83
8487
8d91
8c88
817c
797b
7876
7c7e
7979
7f89
8a85
817e
7b7b
7c80
817f
7e80
7f81
8783
8282
8287
888b
8b88
8a88
8082
8181
8583
807d
7b78
7377
7979
7575
6c6b
666e
787d
858b
8788
898d
8d89
8581
797b
7978
777c
7f7d
7a79
7d7f
7879
7a75
7570
7273
7d87
8e88
8985
8484
8583
8685
8585
8084
8e8f
8a7c
777e
8988
7a68
5c6d
7c7c
7a75
7071
7b91
917c
726f
7d8a
807a
8187
9295
9185
7e7b
7b73
7177
716c
7476
7171
747a
7a7b
7f81
8184
8384
8f89
7c7b
7e81
8786
8188
8d89
8480
7e80
8080
7d7b
7777
706b
6d71
7682
8686
827f
7f82
898e
9395
9694
918b
837c
7b7a
7d7b
7a7b
7b7f
807a
797a
7a7b
7877
7c7c
7573
716b
6763
6870
7e8b
8d8c
8d8e
9293
9492
908c
8375
6a63
5e5b
5b5b
5b61
6b75
8180
8287
8e91
9394
9a9e
988e
8887
8a8b
9293
908b
887d
7473
706d
6b68
6264
6872
7979
7c7a
8082
8986
898c
8a88
8987
8788
8581
7e7c
8185
8484
8081
8485
827c
7778
7977
797a
7470
7271
6a6a
757c
7e84
847b
7c85
7f76
7975
6f71
6f70
757e
858b
9196
9899
9a91
9091
8d8c
878a
8680
7f79
7575
7373
7677
7674
7778
7577
7377
7874
7780
7f79
7571
7074
7b7b
7e83
7e79
7979
8688
8285
8b8c
8c8d
8e8c
9090
9094
938a
8485
8788
8884
7974
756c
6666
6666
646e
6f75
7981
7971
6c6c
6b72
777e
8787
8b8c
8c8c
8984
8384
8589
8782
8284
8080
7d7e
7e7f
818c
918f
8f87
8380
7676
7177
8183
7c7f
8282
877c
7b75
6f71
7079
7877
7572
6b6f
6965
6776
8d88
9396
918e
8989
7f80
868e
8b83
7d7e
8182
8382
8484
888d
8882
7a74
7477
7875
7a7a
6568
6e7e
7b83
767d
6c69
5d6b
9095
9286
767e
9090
8e8a
97a2
9885
7272
7485
7b6c
6861
6d88
8b8f
908f
8069
666f
6d72
7c80
8997
948c
8889
8277
7b7b
7977
7172
7c76
7375
757d
797c
8488
847d
808b
9189
887a
7272
7c7f
7e81
8184
8684
878b
8b86
847e
7878
7f74
787a
7574
7c80
7e82
8586
8786
8378
797e
7c7d
8380
7c79
7372
756f
696d
7a7e
8186
7c7f
8286
8382
7f84
7e80
888d
918c
7e7c
807d
7d7b
7883
7e7d
8181
7783
796a
717b
7f81
7e86
8e8e
918a
847d
6f6d
7079
7b88
897e
887f
6972
878e
877b
7d7c
8189
7a7e
8477
6666
615f
6068
737c
857c
8294
a0a0
9f9c
8b86
837d
7a87
838a
9597
9998
988e
7f76
696c
6965
6771
706b
6f74
7d7e
736d
6566
7074
7b86
9194
9087
8584
837f
7769
6f7a
8085
8a87
898f
908b
7d80
7e7c
807b
7b7e
7f7d
7d80
8081
8080
8388
8582
7e7e
8483
7d78
7371
6d6a
6c72
7072
7277
7c83
847d
7a75
7475
7d89
9096
9898
9da0
9586
7f7f
807b
7772
7076
767f
8785
8682
8079
6c68
6c6c
6f77
8284
8081
8581
8483
8281
7c7c
868a
8b8d
8e8f
928e
8c84
857b
736e
6e6e
7074
726c
6b6f
7379
7f80
8081
7f7e
7b7e
8487
8d8d
8d89
878b
887f
7676
7d7a
7e81
817c
7b7e
7875
7476
7573
7474
7573
7f85
8484
8382
8188
8380
888b
8581
7e7c
7d81
837f
7e7e
8182
8080
8284
7e7c
8081
807d
8081
8182
7d79
7b7d
776f
6a6f
7372
7178
8089
8c8c
8c8b
8885
878a
8782
8587
7f7d
7d7d
8282
8082
8079
716e
727c
7873
7170
7178
8080
7f7f
808c
9090
8880
807e
7d7e
8180
7f7d
7a78
7c7d
7770
7981
8280
7e80
8380
7878
7f7e
797e
868d
8f8c
8786
8a86
7f78
736b
6668
6c6d
757e
8080
8082
898b
8782
8182
8388
8c8d
9291
8a8a
8780
7771
6b64
6162
6674
7b80
878d
908a
8077
7172
7070
747b
8589
8990
8c88
8f8c
8888
8084
8988
8078
777e
837c
7977
7472
716f
716f
7174
6c6a
6f79
7f85
8683
888f
9697
9294
9487
868c
908f
908a
7f7a
7777
7471
6e66
696f
7176
7b7e
7e7c
776f
7077
7d7e
7b7a
7f82
7e7c
7b7d
888e
8e86
8283
8888
837f
807f
7c7f
766f
7073
7b87
8f91
9392
9186
7871
716e
7076
7c84
827d
7d85
8482
8889
837f
7a77
787c
7d7e
837c
7f83
8584
7c75
777f
7a79
8184
837e
8388
887b
767d
7f7b
7d83
7e7f
7f7e
7a78
777d
7e7b
7c84
807c
868c
8888
8789
8a86
837b
7275
7b7e
8081
7b7c
7f7c
716d
6b6d
6a6f
858b
8d8d
8984
8a8a
8785
7b80
7d74
7074
7980
828c
9195
7e76
7d8c
887d
7d86
7c6a
6369
7b7a
797c
8193
897d
6b68
786f
768b
9591
8b98
7c7d
8373
7170
6365
707f
728e
9c9c
7782
8686
8a9c
9c8a
8086
7c8c
8d81
828d
8b7a
6363
6363
637a
6c7a
8a9c
9c9c
9c94
8071
6464
646f
8090
8d7b
7c72
7a73
7375
757d
6f6b
6f87
9b9b
9b94
8678
758d
918d
877a
7574
817d
6e6c
6464
6977
808b
8585
9297
897e
7c78
7c7e
8281
8584
8787
9191
9089
8b84
7778
7375
8080
7c7c
7b79
7678
736d
7579
7873
7f7d
7676
8188
8582
8080
7f7c
7a79
7a73
7073
777f
7976
7779
7c7f
8e91
9394
8e8e
8d84
7c79
7d7f
7c7b
8080
7773
737a
8289
8d96
9b9b
9791
857e
7b79
7577
7c7d
766f
6767
6b77
777e
8182
8187
848d
9395
969a
9389
847a
7771
7374
6869
6f6b
6865
6566
727a
7f88
8d8d
8d91
8d89
8888
817c
8080
7f7b
767b
7d72
6d68
6a67
6565
6a80
8f90
9091
8f91
918e
8a83
8385
8481
7f7e
7e86
8177
767a
7a7f
8380
8581
7b7d
8383
8984
8687
7d7c
7e89
8f8b
8d8b
7f72
6d6e
7b83
8483
8480
8080
7b7f
797c
8481
7365
677b
8188
8170
6667
7e88
8c8c
8d88
786d
6d6f
8283
8681
7e7b
7e7b
726b
6f72
7279
8392
958e
8d86
8487
9493
8e8a
7b6e
6e7f
7668
686b
6e69
6666
666f
8996
9999
9999
978c
8889
8183
807d
7b7b
6d6a
787b
7f86
818d
8683
8777
6c7c
8979
7983
7d7d
746c
8084
8387
9185
7f83
7a86
827c
786e
717c
8189
817a
7a79
8589
8e7e
7f78
8187
8680
6e67
6a6b
6b66
6666
6f80
8b8b
8a86
787c
7d78
7290
968f
8796
988c
9098
8a6f
6767
7370
7983
858a
8672
6f76
8798
8b8e
9782
6768
8f8f
7a6f
7987
8293
9898
9069
6767
796d
7182
7f85
9292
8987
7e6a
6867
697c
6967
706e
6767
757e
8e89
8684
857c
807b
818f
9398
9898
9898
9484
8178
6f73
7b7e
807b
7268
6770
6f6f
736c
6767
707c
8885
7f88
867e
7c79
8383
8a8e
7c7f
9196
9898
988c
958a
8886
8782
7872
7167
6868
6868
716d
6e71
7d84
8a8c
8992
8f8a
8a84
8480
8489
8583
7c7c
7a76
737b
7f77
6b6f
7171
6d6d
7474
787d
7e7e
8688
8787
8d91
9090
938e
817d
7578
8b94
9793
8877
7077
8181
7c7e
7f7a
797d
7d7e
8288
918c
7b7c
777b
7b86
7e7e
7f7b
7678
7273
6e6b
6868
686b
7376
7882
8b8f
9797
9797
918d
888b
8e8e
8886
7e74
6a68
6868
6868
6868
6e7b
7e87
8f97
9789
8389
9296
8a85
8894
9696
938f
908f
877b
6f69
6f7a
7976
6969
6969
6d79
828a
8987
8580
8687
8171
696d
8292
9696
9696
886d
6969
696d
7069
6969
6976
838d
9096
9694
8073
7485
8c91
958f
8c8a
877a
7676
756f
6a6c
747b
7373
8192
9593
888a
8180
7e87
8f91
938c
7e75
7270
7b84
7f76
6c6f
6a6d
7776
6d69
6979
8187
8f94
9696
8d88
8380
8e95
9693
928e
8474
6969
6969
6c7a
7974
7879
787a
7878
8083
857f
7d7e
8e8d
8687
7c79
818c
948e
8584
7c73
797b
7979
7977
756d
6b79
8172
6a6b
7d8a
8b7f
818a
8e92
938c
7f7e
8389
908f
9291
8d89
706a
6a6b
8282
887d
736a
6a7a
7d83
9391
8f7c
6f6a
7179
716f
798a
9084
7f86
908d
878c
8c7d
6d6a
6c71
8388
8c91
8879
7270
6c6f
727a
8e95
9389
867e
7773
7b82
8789
8884
7d7b
7a74
6c6a
6a6a
6b79
8086
8f93
8c7a
6b6b
6f82
8789
8f93
9494
9487
8184
9194
9494
948a
7e7b
7875
7073
7975
6b6b
6b6b
6b71
7b7a
7471
7171
7e8b
8b8a
8786
8589
8a8b
9394
908e
8c87
8782
7f7e
7973
6b6b
6b6b
6b6b
6b6b
6b6b
6b6d
7b87
8789
9494
9494
918f
8f94
9494
9494
8f8f
877e
736d
6f75
797b
7e7e
8081
8080
8280
7e7e
756e
7171
6b6b
6b6c
7475
7271
747b
8180
8487
8a93
9494
9494
948c
8582
807c
7674
7879
7a7d
7f82
8484
8180
7e7a
8185
8286
8f90
8685
8580
7a7a
7d7f
7d75
7273
7571
6e6f
7076
7673
7173
7270
767b
797f
8384
8688
8b90
8e8b
8986
868a
8f93
9393
9393
8e89
8381
7f79
7a79
716d
6d6e
6c6c
6c6c
6c6f
7477
7e89
8d8c
8a84
8687
8b8e
918f
8e8b
8076
7175
777a
7b7f
807d
7873
7679
7d86
8d86
8283
8278
777e
8684
858a
898c
8b88
8588
897f
7b77
7471
6d6d
6d6f
6f6d
6d73
6e73
7a7e
827f
8088
908f
8f89
8684
8387
8d8f
928f
8988
8382
7d7c
8083
8485
827d
7f78
6e6d
6d71
6d6d
6d7e
7688
8d84
7c7d
887b
8283
867e
7e82
746d
7686
8372
8292
8f84
7a7a
756d
6d6d
6d6f
7f8f
9292
9292
9292
9292
928d
8271
6d6e
8383
7c81
848b
8886
7d6d
6d6d
6d71
777c
8581
7976
7870
727e
8988
8b8e
8585
847d
7c80
8489
877c
716d
6d6e
737f
8b90
908e
8e8a
837a
706e
6f77
7f8b
8e88
8a88
7d74
6e6e
6e6e
6e6e
737a
7b7a
7f81
8182
8589
8588
8f91
9191
9191
9191
897a
6f6e
6f6e
6e79
8083
8789
9091
8d86
7d7c
7d82
7f7c
7c7a
7678
8188
8680
7e7a
7977
706e
6e73
7b7d
7d80
8079
7e83
7976
7975
7780
7d76
7778
777d
808b
847f
8d8e
8a91
9191
8f82
7d77
6e6e
6e70
7483
9091
918c
9190
8285
847a
7981
8483
8285
8d90
9090
806f
6f6f
7d85
827c
7473
7877
7475
7f84
7f7c
797b
7d86
8c86
7e75
6f6f
6f6f
6f6f
7479
7c7f
8588
888d
8f85
7874
787e
8287
8c90
9090
9090
8b86
8683
7d76
757a
7d7e
7b76
736f
716f
6f6f
6f6f
6f76
787b
848c
8e8b
8e90
9090
8b86
8386
8781
8484
8388
8984
7f7a
7979
7a78
716f
6f70
7479
7875
777e
8187
8f90
9090
9090
9086
8a8a
7e75
7473
706f
707a
7e7f
8583
7977
7670
7070
7075
7372
777c
8484
7f80
8385
8a8f
8d8b
8c88
8587
8c88
8385
8885
817d
7d79
787a
7d80
8581
7e7e
7c74
7075
7978
7471
757e
8686
8280
8080
878c
8a85
8282
8081
8a8e
8f89
8079
7a79
7774
7071
7070
787b
7370
7479
7679
8083
858a
8b87
817f
7b7a
7e81
8282
7f79
7270
7074
7d85
878a
8a89
8c8f
8f8c
8b89
888d
8f8f
8f8f
8981
8389
8c89
7f81
7e76
7171
7173
7171
7171
7171
7171
7173
737d
8789
837d
7b84
8d8d
877e
7373
7b84
867f
7874
7374
7a81
878d
8783
7f7a
8186
8483
868c
8e8e
8c7c
7a72
7176
7e81
7d79
797f
848d
8e8e
8474
7171
797f
7a74
7476
7c7f
898a
8789
8e8e
8e84
8086
8a82
8184
827c
797a
7a80
8180
827f
7771
7171
7b7a
7a7c
7c80
8787
817c
7e7b
7b79
7d80
7a80
8385
8988
8688
898a
8683
8486
8076
7272
7272
7276
8084
8281
8082
7b76
7a80
8280
7f7d
8082
8484
8185
8280
7872
7272
797f
7c7b
7e85
888b
8782
848c
8d8a
8284
8989
8982
7f82
817e
7d79
7b7e
7c79
7572
7272
7376
7779
8188
898a
8b86
8186
8989
887f
7774
7275
838c
8d83
7872
757d
7e84
8285
8b8a
8784
7f7d
7675
747a
7d7f
7c7f
837f
8185
847e
7d81
8287
8a8a
8781
7c76
7272
7272
777a
7c7f
8187
8c8c
8b84
8082
827e
7673
7379
7980
898b
8786
807e
7e7e
7e7a
7c7c
7a7d
8385
868c
8c86
8482
7b78
7675
7778
7373
737b
8385
8687
8785
8583
7a74
7376
7980
878b
8c89
8781
7e7b
7c78
7574
7578
7e80
8283
8889
8481
8281
7f7a
787b
7e7c
7b81
8586
8787
888a
8c8b
8482
7e78
777a
7879
7679
8184
868a
8989
8b85
7d7b
7d7e
7b7a
7a7a
7c81
817c
7878
7876
7373
7477
7b7b
7d7e
8080
8080
8182
807c
797c
8185
878a
8b8b
8a86
8280
7f7e
7f7f
7975
7474
7577
7a7b
8080
817e
7b80
8886
817f
7f84
8482
8280
8186
8888
888a
8682
7f80
817f
7c78
7a7e
7a79
7b7d
7f82
8283
8282
807b
7b79
7a7b
7e7f
8384
8688
8987
807d
807e
7c78
7476
8084
8481
817e
7b7b
7c78
7779
7574
7676
797a
7b82
8588
8988
847e
7b7c
7f7f
817f
7e80
8086
8a8a
8985
8382
7e7a
7575
7575
7575
7981
878a
8a8a
8a8a
8a86
8383
7b79
7575
7575
7575
767c
8187
8a89
8a8a
8a8a
8988
8685
8482
8381
7e7d
7a77
7776
7575
7575
7579
7f85
8788
8889
8885
8586
8581
7f7e
7c7c
7a7a
7978
7c7a
7675
7575
7575
787c
7d7d
8083
8587
8a8a
8a87
8585
8683
8081
7e82
8385
8887
847e
7a78
7575
7575
7575
787b
7c7c
7d7c
7d81
8382
8384
8687
8987
8486
8686
8687
8683
8180
7e7c
7d80
807f
8182
8484
8484
8381
817f
7d79
7676
7678
7978
7676
7777
7676
777a
7c7e
8184
8989
8989
8889
8989
8989
8988
8583
7f79
7676
7676
7676
7676
7a7d
7d80
8281
8383
807f
8082
8281
8180
8384
8281
807e
7f80
8080
807e
8081
8281
8282
8082
8484
8281
7e7d
7a76
7678
7e80
8180
8080
7f81
7e79
797a
797b
7b7a
7c7c
8183
8183
807d
7e7e
7b7b
7b81
8786
8587
8888
8882
8386
8380
8081
8380
7c79
797c
807f
7d7d
7d7c
7a78
7979
787b
7e80
8282
8586
8686
8684
8482
8081
7e83
8581
7d7e
807e
7f7f
7d7b
7778
7777
7778
797c
7e7e
8184
8888
8884
8581
7e80
7f7d
7e7e
8184
8583
8482
8284
8583
807f
7b79
787b
7d7c
7d7c
7c7c
7c7a
7779
7a7c
7f7d
7d7e
7b7b
7d82
8587
8583
8382
8182
8284
8684
8280
7f7c
7b7a
7d80
807f
7f82
807f
7d7a
787d
8183
8685
8280
7c7b
7f7e
7e81
7f7e
8085
8787
8785
817e
7b7a
7c7d
7f81
817f
7f7b
7978
7878
797e
7e7b
7b7f
8185
8080
7d7e
8487
8787
8482
7b7d
8385
7d7b
8484
7f7e
8085
827a
7878
7f78
7b7f
7879
7d80
8787
8787
8786
7b78
7a7a
787e
8182
7d78
787a
7878
7878
7e85
8787
8787
8787
8785
817d
7d7a
7879
7e7e
7e7e
7b7e
7b79
7a7d
7e7e
8281
7f80
8280
8080
8081
8385
8682
8080
8486
8582
7f80
8281
7e7d
7e7e
7d7f
7d7c
7e7d
7c7e
7e7e
7e7e
7c7a
7979
7d7e
7f81
8182
807e
7c79
7979
7b7b
7d80
8385
8685
8586
8686
8583
8181
7f80
8180
8080
8081
8485
8483
8382
8182
7f7e
7b79
7979
797a
7d7e
7d7d
7e7b
7979
797a
7f80
8082
8685
8482
8082
8282
8180
7f81
8483
807e
7c7a
7c7e
8183
817f
8080
807f
7e7c
7b7d
8184
8281
8182
8380
7f7e
7e7d
7b7b
7f80
8182
8281
8180
7e7d
7b7b
7e82
8383
8383
8382
827f
7e7d
7a7a
7c7a
7d81
8080
7f7f
8181
807d
7c7e
7e80
807e
7d7d
8081
8281
8284
8281
8281
817f
7d7e
7e7d
7d7d
7e7d
7c7d
7e7c
7e80
8080
8080
8181
8182
8281
8080
8081
8180
7f80
7f7f
7e7e
7e7e
7e7f
8080
807f
8181
7f7f
7f80
8081
807e
7f7f
7e7d
7c7c
7f7f
8080
807f
8081
8182
8180
7f7d
7c7d
7d7d
7e7f
8180
7f7e
807f
7e7e
7f80
8283
8383
827f
7d7d
7d7f
7f7f
7e7e
7f80
8181
807e
7f81
8182
8281
807f
7f80
7e7d
7c7b
7c7d
7f80
8180
8181
8182
8080
807f
7f7f
7f80
7f7f
7f80
7f80
8080
8181
817f
7c7b
7d80
8081
7f7f
7f7e
7e7e
7e7d
7d7e
7f7e
7e7f
7e7e
7d7e
7e7f
8081
8180
8181
8181
8180
807f
8081
8080
8180
807f
7f80
8080
8181
7f7f
8080
8081
8281
8080
807f
7e7e
7e7f
7e7e
7e7e
7e7e
7f7d
7d7d
7e7e
7f80
8181
8181
8181
8180
7f7e
7f7e
7e7d
7f7f
7d7e
7e7f
8080
8181
8180
8282
8181
8282
8281
8181
8180
7e7c
7c7c
7d7d
7d7e
7d7e
7e7e
7e7f
7e7f
8081
8182
8383
8181
8181
807f
8080
8080
7f7f
7e7e
7e7f
7f7e
7f7f
7f7e
7e7f
7f7f
7e7f
7e7d
7d7f
8081
8181
8181
8282
8281
8080
8080
807f
807f
807f
7f7f
7e7d
7d7d
7d7f
7f80
8080
8080
8080
8080
8181
8180
7f80
8080
8180
7f7f
7f7e
7f7e
7f7f
7f7f
7f80
8180
7f7f
8080
8181
8180
7f7f
8080
8080
807f
8081
7f7e
8081
807e
7e7f
7f7e
7e7e
7d7d
7f7f
7e7f
8081
7f7f
7e7e
7f81
817f
8081
807f
7f80
8080
8181
7f7e
8080
7f7e
8080
7f7f
7f7f
7f81
817f
7e7f
807f
7e7f
8080
7f7f
7e7e
7f81
807e
7f80
807f
8080
8182
8282
8080
8181
807f
7f7f
7e7e
7e7e
7e80
807f
7e7e
807f
7e7f
807f
7f81
817f
8081
817f
7f81
807f
8081
7f7e
7e7f
7e7e
7f80
7f7e
8080
7f7f
807f
7e7f
8081
807f
8080
8080
807f
7f80
807f
7e7f
8080
7f80
8080
8081
807f
8080
7f7f
7f7f
7f80
8080
7f7e
7f7f
7f7f
7f81
807f
7f7f
7f7f
807f
7f80
807f
7f80
8181
8181
807f
7f80
7f7f
7f7f
8080
7f7f
7e7f
7f7f
7f7f
8080
7f7f
8080
7f7f
7f7f
7f7f
8080
807f
7f7f
807f
7f80
8080
8080
7f80
8080
7f7f
7f7f
7f80
8080
8080
8080
807f
7f80
8080
7f80
8080
8080
807f
7f7f
7f7f
7f7f
7f7f
7f7f
7f7f
7f7f
8080
807f
7f7f
7f7f
8080
8080
8080
8080
8080
8080
8080
807f
7f7f
7f7f
7f80
8080
8080
807f
7f7f
7f7f
7f7f
7f7f
7f7f
8080
8080
8080
8080
8080
807f
7f7f
7f80
807f
7f7f
7f7f
7f7f
7f80
8080
8080
8080
8080
8080
8080
8080
8080
8080
8080
8080
8080
8080
8080
8080
8080
8080
8080
8080
8080
8080
8080
8080
8080
8080
8080
8080
8080
8080
8080
8080
8080
8080
807d
7d7d
7d7d
7d7d
7d7d
7e7e
7c7e
7b7d
7f7f
7e7e
7c7d
7d7c
7d7c
7d7f
7e7e
7d7b
7e7f
7f7f
ff70
4079
7742
0101
012e
ceff
ffff
4cff
4408
54ff
ffff
c242
0101
0101
0101
88d6
ffff
ffff
e825
0101
0101
63ff
ffff
ffff
6801
0103
7a4f
4a0e
162e
b8f7
98f8
ffff
ffff
f207
0101
0101
5ac2
ffff
5935
2301
0138
527e
f8ff
c298
926c
2e01
47ff
ffff
ff9d
aa44
0124
3074
2ba2
ba8a
3d90
268a
cfff
ffff
ff6c
0101
0101
01c6
ffde
6c6b
ffcf
1001
0115
869c
e6ff
d6ff
fe0e
0101
0172
caff
e258
4c11
9dea
f25c
2c2a
9e06
acff
5401
0196
f866
480d
52ff
fba7
7801
017c
ffff
ffff
ffc8
9da2
bca2
3701
0101
01ba
b60b
5601
f8ff
7c9a
b401
0e88
bce2
6a42
3ead
bb9a
b2e4
a322
4a01
0101
7695
d8be
663a
81d7
f654
be86
0116
014c
a6b4
2a7e
faff
ff76
0126
c1ff
dc6a
981b
a8b6
ffff
e216
0101
06ff
fffc
ccff
ff9e
6c01
0101
7eac
bcd6
ff78
0101
0114
1a6d
afb2
a262
2e2d
0120
6eb1
ffff
ffff
c612
0101
297e
78de
f08f
9446
564c
0121
91c6
8428
5677
a492
6634
297c
ceae
e4c5
a65a
1e56
b8ae
f0ec
ffbe
3c16
1546
9590
dbc4
8450
0101
016c
8ec8
ffff
fc8e
4201
0143
e2fa
fcda
e8aa
901c
0101
18af
d4aa
8064
0501
0101
68cc
ffc0
6c01
2e69
9ec2
968e
ffff
da88
1632
80b0
c274
3682
987c
6001
295c
0d38
86d8
9aca
daf6
8476
351d
0117
52b2
7e59
5694
ccf4
eef4
ab34
628e
fff2
6232
0b58
555c
4c24
6a78
a69d
96a4
a699
8266
1e83
5e43
4497
9666
2e40
3764
628b
8bac
a0a2
5042
7182
6d42
6e84
67ac
bce8
ffff
dc7f
3658
8ab5
d8d2
a07c
683a
1201
0d54
85a6
9c92
8e7c
413f
477a
acd8
d5ac
bdac
9788
6a7c
9a6c
603f
3312
166e
9485
6a54
2611
120c
2a76
e0fa
f7ae
776a
4038
5e6e
94a8
9b8e
7e8e
b2e0
eae6
b48b
520c
0101
0e66
aeb2
846a
8cae
c4b6
ab74
5d2f
483e
5a5a
88be
babe
b8a8
a276
7a81
6e7e
7e6a
7082
a895
926c
6f62
6666
6360
736f
5b5c
525a
7878
7788
aa9c
877d
7e6c
603f
76a0
d6e0
a980
7ac4
7426
2e64
98de
ffc4
6914
0108
2f78
aec4
c6b2
7a4e
4224
1e82
aac7
c2a7
946f
5a53
85ba
ac89
a29a
a6aa
8c7b
8592
a28a
6048
1a01
442a
1e01
0c3e
537a
7f87
7a6f
5570
ccc8
9885
828e
9ba4
b2a2
8d9a
9fa4
b192
713d
2c2e
384e
6e71
9ec4
e7e2
d0a3
8686
9a9c
8e8e
b0a6
aa87
8180
8d96
a6aa
8f68
522c
0e01
0822
345e
7c84
7252
4a60
7795
a5b2
a2a6
887c
928e
9692
917e
948a
8487
696e
7186
6a73
665e
6c7a
8a88
827f
7272
8c95
969e
9095
8d68
6464
7a9d
b8c0
c0a6
9178
614c
664c
6c8e
bab8
ac92
6c3a
3022
7a91
8873
7d80
4480
bce2
e3c2
9856
1c01
0101
0110
3d8e
9aa0
8c89
94a9
bcb8
b5a6
ac92
8674
706b
627a
808e
989c
a0ac
9c94
7d8b
8c8b
7e8c
b98a
7eae
a668
1342
5460
7393
a6a2
9a81
6657
333b
464e
6871
7880
7878
7d82
8cab
a8b4
b9ae
ecc0
9c7a
6a7c
8ca0
b6c0
b8b0
9e8e
694f
563a
3248
6072
7a78
685f
6d6e
7872
8273
8275
5c5a
5878
6f72
786e
6876
5a54
6f80
9e9b
a68f
784e
595c
6c74
a9a9
c4c8
c0aa
a286
8664
6c6c
8888
8886
887a
6c72
96ae
beb4
8377
6452
546a
688c
94a8
aa9c
8f92
703e
3136
7784
6f6e
601b
5a9c
bcd4
d6ce
6c64
2a01
0101
017c
ceff
ffff
ffff
ffbd
3c01
013a
6d9a
d6fb
fff2
9263
1801
0101
0d3a
3a47
3633
5d67
8cbc
e4ef
e8d0
b88d
7a7e
749c
ba8e
6d53
4044
718f
a2ac
988e
6447
3230
2831
4b62
7e8d
8878
7a7a
8894
98a6
aeb2
9890
767b
7084
9388
878a
8178
766e
5874
9060
3f20
3662
7a8f
9ca0
9088
9294
8594
7a94
8891
8c96
a69c
9ca0
809c
f2b8
a29c
aca4
c2ac
6b28
0f16
447b
a6c2
9caf
b8a0
6b3c
0501
0101
1a1e
303d
5e7f
a9c0
d2e2
ccb8
9664
524c
365c
96a1
aa93
9281
6264
a8a0
886c
4e6e
9ecf
e8de
cebc
9774
5c2a
1401
0118
445c
6c88
a198
8770
7873
6e7e
a696
daca
9d70
5472
91a2
b1be
b6aa
9b7c
665c
2a2e
3040
3455
698e
9288
9a9c
a6a5
a89f
98a8
a0a6
928c
868c
827f
81b3
a626
4756
2e2a
a698
aca0
9474
3a39
3020
0614
3877
96c5
e6e6
ecc8
a46c
4d5c
6884
7f7a
998e
7d50
3e78
9c98
b896
8448
8f5d
3006
1250
90b9
ccd6
a891
624f
3464
504a
2c40
5036
261c
498c
afbc
98ff
fff6
c67e
7b7f
b2ad
97b4
d0af
a47e
6334
2056
384c
6a4e
3a80
9ab2
9e95
6f5b
807e
989c
c0ac
7964
4428
6282
9ec6
b585
678d
a464
6d7c
4001
0107
3a58
ceff
da9e
a199
8fc0
de88
a194
899c
c265
645a
ce8b
848b
3a46
946a
686a
a396
b884
bcb4
0901
b43b
0101
bd8a
9ab2
b040
0401
013c
4633
c6d0
7a6e
cc86
5e94
92a8
7ab0
8a4a
704a
3352
b078
6b70
8fb4
b87d
8686
80a4
ae8c
a0e0
b680
3a33
7e6b
90a8
aab6
786c
664a
4848
3e3e
566a
5f5c
9890
bebe
cda8
38d4
bc7c
9e92
4ea8
b249
828f
b6c6
585e
6a1d
0178
018e
a462
466c
1731
3e5c
d3cf
f0d2
b5a8
7450
828e
6a60
2339
0f37
798e
b8dd
ffe4
ffbe
e2c2
a2be
ac9c
7388
7864
7834
6a3c
344e
6a3d
3823
0e15
0101
747a
9696
e9d1
92bc
7a98
88a4
a46e
7e7e
7f8e
7b8c
86ac
9896
8674
5c70
4440
3ec6
ba43
1ef2
8074
e2ca
9c74
0101
4bba
33c6
ffc8
7bde
8f01
018c
1362
809b
fccc
4e01
371e
0121
011c
6868
f8bc
648c
628c
d699
befe
ffff
cd4e
0104
1a5e
767e
848e
7069
b684
c672
8087
baae
989b
58a0
6a64
5856
3d52
606e
641a
3b67
8c62
bc9e
ceac
9499
9aa4
6864
7654
8287
5c7f
a6a4
7e7e
9a8c
bcb1
8d6a
434b
6a70
8190
acb8
9aa8
a8a6
8f8a
7e63
8d94
865c
6e67
745c
4e3b
484f
7a64
6f7b
aaea
6226
c880
2796
8a58
acb8
7ec3
b874
6d7e
a06a
6a8e
7975
765e
3e2e
2a02
326c
6472
7476
7886
7876
817c
7a82
7173
7676
7ca2
a68c
90b8
c2b2
8d89
6a6e
7062
589c
a880
6ab4
411c
7c7a
9eb8
6f39
523c
2a31
663a
3c6e
bc3c
4f6b
c6fa
f0bd
7f74
6045
2c67
a8be
c0c2
baae
a68e
5d59
7b8d
95a6
888b
8c8b
8e80
767b
7070
4648
6461
5e7f
9280
9878
7558
0d31
3501
986e
6387
c786
8986
b698
adc4
bcc1
cfbe
8068
8696
8ac1
d694
8280
586a
4a70
445f
a575
444b
430a
3d56
3738
95a8
afb6
9e92
8898
605b
7e4f
4933
140a
0a66
5884
867e
7c80
796e
8d96
72b2
cfbe
e4a4
af80
4e8c
b465
78b3
c4b2
beb4
9e97
726c
3e52
7a7c
908c
6a84
7978
7c76
5430
374c
6e98
b66e
4f6e
6480
90ae
aab4
a2b4
969d
6860
3c48
7884
9698
5825
2d6a
8a72
969a
6a72
8e48
1a19
242a
5eb2
d1b8
c0b4
7a76
a097
7e9d
c4c8
d2c8
c49c
ae82
6ea4
9896
2c01
3382
7659
685a
5c30
7848
507e
9c87
9e60
484b
9b79
4070
7074
5866
5126
494a
3e96
9e56
779c
c06e
7664
5c7e
8cca
fff0
9cea
ff98
a0c1
5328
aa5a
1bac
4c38
c08f
a4ec
8c01
50a8
3660
d37c
4a68
927e
606a
ac82
6284
625e
7257
6292
929a
a368
5c87
6277
8fb6
a67e
a7b6
9786
7782
4a68
8988
9082
8271
2660
465b
3355
8e64
4998
848e
6094
769a
9a96
606a
809e
6b7f
bea4
7aae
a693
74a6
ae71
8aae
a276
464b
2620
4a90
be7c
7898
525c
646c
4646
907c
6f6f
8668
805d
9478
5e7f
a28a
9888
b2a0
9aaf
7c8a
8e74
8848
8a84
8aae
c8ac
a47e
5016
63b3
f2a0
0128
0a23
c074
60b8
58b6
cabe
b03d
1886
803b
8f72
98ac
840d
0101
0102
204c
75c0
ffff
fff8
b888
584c
464e
3d44
aeab
9887
6e68
56a0
8894
826d
8a7c
a0ac
69d6
7ae4
b9f2
bc9a
6c48
1279
8c72
7670
8e68
7258
6459
5b4a
4d64
684a
3824
7a76
7168
6e82
8892
6d5c
7e74
7aa8
a97c
7ca2
c1b4
a4a6
9662
82bb
a260
526b
984e
a6ff
c4d2
b97c
3f3a
3160
7fa0
d3da
afad
909e
7c62
5f75
7277
7292
7021
4e1a
4484
304a
6250
2024
4a42
3e7f
947a
5b26
1e2a
5d48
84cb
dccf
865d
1822
3a4e
50a7
dab2
e4f2
f8d0
b6e8
ffc4
a8e1
daba
a387
5361
6262
4558
5886
aaac
8c69
6e3c
223a
6243
465c
7c78
648a
c08d
5d5a
6d4e
6c66
809a
6f76
6038
3e58
5664
605e
7e88
a0cb
caae
aabd
aec3
b895
889e
bcb6
b2b4
9bc4
be9a
3e12
096a
8098
8a58
4b53
3831
2931
4644
3b3c
3c4b
4857
7ba0
b4c0
9e87
8e8f
804a
6382
a4bc
cddc
c89e
8089
7a78
688a
8e60
586c
a688
463d
0101
2a70
aece
e2d8
b292
8682
725e
6681
8fbc
dcde
c6b8
9274
829d
827c
5e4e
4638
4c4b
5164
5246
598e
999c
6642
1a38
7a96
bbba
b1a8
976e
6664
6874
888c
967e
a074
7264
5066
7f95
9a89
7868
696e
787a
767c
7a7a
8486
9797
9ca8
9698
9182
aca2
8882
638a
a29a
8d82
7874
6868
582d
3428
415f
7598
9092
788d
4920
0102
1e5a
5799
8ebe
bab8
b284
6e4e
5059
6084
a6b9
c2db
deb8
aaae
b0b2
b0aa
9884
877c
807c
8870
7e94
7e8e
7e62
324f
6252
3621
1a27
3824
3c5e
acb6
9051
210e
142e
98ba
77f2
ff9e
bfc4
ffd4
9c7e
7c80
90b6
b2b5
d7bd
4a8a
8c8e
6864
321c
1012
2048
7b6a
9cac
9b96
8e6c
5c58
815e
7c71
4644
626c
8aa3
a0ad
aa66
8486
7084
6076
7584
6aae
80b2
b09a
cd7c
8a70
7048
69f4
0ead
9e6d
c362
52a2
5e11
6646
4e4d
8276
8461
6c6a
2415
686a
8480
557c
3c6e
70b0
8d98
98c0
f6f2
ffe2
e6bb
aa99
7247
5a30
62a2
c2bc
9880
703c
2f42
4b73
5f67
7b64
6461
6443
6ca8
956b
ae84
5e82
9ab7
866e
8294
808c
c6ac
4973
855d
828e
a57c
698a
8c34
2f6d
4e62
6492
a084
868c
aa83
86a1
a077
6c74
6262
789a
a09c
a9b8
7c86
8660
6176
646e
6f88
9087
848c
8075
a8a8
a390
7a7d
435e
3e44
7089
7a7e
7876
7d3c
5a6a
695e
494d
4460
5e5c
8276
3c70
b492
88cc
9e70
8ebb
ac8c
90a2
a462
c8b0
969c
ccbc
94a6
ce9a
8b86
8f74
4b7c
8990
c4a0
8c3f
5654
724f
5a5f
4854
242a
1816
2754
5a5c
6954
5a6a
537a
7190
8fb5
d8b3
c405
dcff
b201
f0ff
0a22
ff89
01bc
ffc6
01c2
ff36
016b
cd01
01d2
a450
49d8
cc60
86b2
2e6e
fe7c
019e
0901
72ff
7839
ffff
5262
ce46
0136
8e16
0166
c036
50d8
af42
87ca
bc78
743c
6c52
54ca
ef88
87b8
b0fd
6a01
72ff
2829
ff8d
4958
ff66
016b
ff1e
01ea
7210
52e0
cd01
0ef0
b628
6aae
6a8e
b081
60ba
6ebc
6f5e
7e74
948e
8460
9682
7e22
218d
2701
a48f
54a0
9cf0
86b0
c24b
1a8c
c67f
0a31
d4b8
7b8e
835e
9872
ad78
6a8e
69b6
a074
9738
cab0
5c66
4488
7371
7c96
7e7f
9ab7
769c
a613
3866
8314
3080
868f
884a
1804
6844
3e72
7368
6e2e
c4ae
82d0
7dc4
7a6e
8699
9891
b278
627c
5d9c
82e0
d1b6
6472
6e7c
6cd9
4ede
de68
a269
7f5c
5c91
84a0
7b1e
a87b
688c
8a3f
30ae
a34e
3a72
80ae
05ca
2577
9f66
9d8e
a26a
7f76
01c2
4876
ac01
827c
b071
7662
4190
7e8f
b87c
68f3
4e93
765a
8a82
b748
bfac
5e54
6f44
6772
8c66
8486
be86
4be5
285d
b6a0
ce8c
6cac
3a7c
7d8b
809a
5ba3
5560
8f3e
467a
9654
5668
5875
a68f
6b52
8291
76a5
79b2
8e8a
948c
6468
66af
7662
9a59
6772
6c54
9caa
4d73
a655
6a70
7e4f
72c4
4c33
6ec9
ac60
bae6
9c94
5ea2
395e
9842
8174
8758
8878
928f
9072
6f94
8c94
8e4c
4a3a
628b
705f
7ab2
506a
a6a8
2c40
8054
356a
6c56
438c
9c98
60a8
bf9a
9c7a
8e80
717a
5ab0
b799
89a8
b498
a0af
a274
9c88
8672
848e
7c7f
6d41
567a
804a
7191
6e50
2aa5
3d26
8b6c
3243
2646
628f
a866
8da4
888e
9374
a28e
8a5e
6d6e
9888
5f7c
9675
9ca2
9395
9a60
9ea0
7e8c
7e87
9e8c
9079
7876
715b
5c5e
8cb6
ac7c
6b58
4349
6470
8072
6678
8691
897c
6a75
6e7f
7e71
7266
4f6c
7898
9d8c
a890
7477
7c7a
7388
8e88
6468
7a92
a09b
9679
7564
566a
687c
8a94
9276
636c
7e86
808c
927a
8c93
9e90
8585
7268
7282
8a7c
a49a
8879
6766
5e7e
7a74
6a6d
786c
6c6a
6a6c
6e81
797e
8776
6f7a
6f81
8a94
84a0
5c94
64aa
8c92
7b8c
867e
9262
746a
8c76
7e69
8e7e
969e
a696
8a66
7454
6f68
8468
8084
9276
7566
8280
8884
6a7e
6157
5c5c
6a6c
7886
a288
7f5a
4e60
8462
788c
7979
7684
a29a
8a96
9796
9298
848e
7e86
7e92
8882
7e7a
7e8a
7f7c
586b
6c59
6766
6058
495c
6a64
5858
6379
8488
7374
7e7c
8a8f
7c7f
93a0
a8b0
987d
8e9b
b49c
a78c
7a9a
9576
9782
7890
9690
666f
6872
7a6e
7e72
6656
6169
6a70
7c86
6874
6866
6862
7494
747a
8890
7f86
7486
84a2
9c89
8486
a49a
7460
b292
cc61
3c47
3a96
8a7e
525a
0278
80a2
b497
9235
1356
2a78
9aaa
7e66
8872
b5a2
90aa
9aa6
7c7f
766c
8080
748f
abd4
9c7e
5d5e
6b86
7983
916e
5a58
7c78
8296
8c92
8466
7488
86ac
8283
6456
7474
8ca0
b2bf
9462
4050
72a2
aaac
917c
6a66
6660
85a4
af91
8f52
292e
467e
7c8f
8e94
8876
786b
7a6e
8466
6180
a4be
aa5e
4f89
8ca0
8670
557e
6668
8477
8486
838c
7d85
6074
5c86
6975
5280
7284
9496
9986
7a7a
5366
7b8a
967c
7a8a
9c9d
a68c
989a
9286
7a51
607d
6364
6280
a498
7c7d
6979
8696
8289
735c
6c5a
707c
7288
9c84
5564
6c72
6a84
9095
869e
9474
7888
bc91
9292
89a6
ab9e
9684
6da8
7e7e
9a62
647c
689e
646f
6f3e
4e45
768d
9386
806e
6054
6c64
8e84
814c
6c5b
8e90
a292
9282
788a
5ecc
ac80
465c
3e65
768a
828b
7c82
8664
a990
7e64
7080
7c74
969a
977c
787d
6455
6278
6e7f
9c88
907c
6072
829a
8693
8e75
8e80
8c64
768d
7670
6e7c
9082
8072
8f7f
9486
7a68
6885
707e
8b74
757c
7276
827d
7c83
7a86
6874
807c
8a88
8892
8e86
8496
7e8a
7e84
6e6f
7681
848b
7762
6660
6268
7cab
ae9e
886f
5c68
6c76
7c8c
8076
6a66
627e
8982
8a8e
765e
768f
7768
7c78
6275
82a0
a8ad
a298
7666
4d59
567e
6094
9d84
7a82
5f6e
656f
6e78
86ae
a07a
4e4b
6c84
86a2
9288
8459
5861
5872
88a2
9cb8
7870
6822
4f36
7db7
97ba
a496
7470
385c
547d
8ca9
be9a
869a
a063
6483
9e80
8c98
6a74
7a9e
6e62
6a72
8fa6
c3ac
8680
6839
3642
6272
8cd8
e8da
a266
302f
1830
48ac
bac5
9c8c
7478
5e36
2e52
788c
bd96
865e
3c4f
4468
6888
8eb2
aca4
8e80
7773
6a62
556c
688a
92a6
8e80
8a94
9682
7c70
7574
7476
6262
6676
858a
9390
8078
7a5c
7273
686c
545d
5b74
8887
ae9a
b084
8a76
7b70
6364
7883
8f9e
8882
8064
7e85
9092
9684
735d
4850
665e
838c
96a8
b29e
857e
6e5e
5344
4b5e
7294
89a1
8ea6
8186
707d
7478
7b8a
877b
6c5b
6a72
8e84
92a0
aabc
9c90
8062
6062
7571
8480
9a88
8f70
7c85
7c68
6060
6676
7053
5a6c
7f8a
8a86
7a74
7066
786a
825a
727e
8994
776c
7c79
8d8c
9998
8e90
8e7a
7e5c
5a83
707a
8680
a894
8084
727a
666c
606e
847a
8d7c
767a
706f
82b0
88a4
8e7c
5470
3268
466f
9694
a2a5
8980
5c7e
768c
8e8a
7286
6a71
7b9a
9a90
9288
8160
5c62
6d88
8a98
8690
7f6d
6668
6280
9c9c
b284
8774
6254
585a
7886
8b90
9083
887e
6b82
7c85
8295
8a88
6a5d
6863
796e
7a80
7e79
7a6c
7876
807c
836a
7e70
7f72
8780
7889
7c81
8c8c
8271
6f58
6252
547e
92a2
9281
7a76
6264
6c6f
848c
a19a
9e83
7d70
6c72
807c
8882
8482
7788
7c84
8282
907f
8a89
8670
7a7c
7a64
7e74
8582
786e
8479
7978
7e88
8074
6c6c
6c74
6c71
7276
8e6f
637a
7689
6e86
6e6d
7b6d
6c76
7c8e
a49a
9e82
8776
8a8c
9e88
8a7c
9574
7c80
7e7c
9a6e
706f
707e
7c6c
9c78
ae8f
7086
6466
6a6a
7884
8786
7470
6a6c
6490
7678
7e68
8c7e
7a6e
7887
6a7c
6670
5e64
7070
8a9a
8188
5a7a
8a80
978c
9aaa
8254
4a60
6c85
9b96
a49c
8e8a
6c65
526e
6898
8888
986c
7078
7376
82a2
8494
736c
6e58
8078
8aa8
9692
8674
7a74
7686
8673
6e6a
727b
8f74
8b7f
6475
6880
907e
7878
6b64
9266
a288
7c8a
6471
826c
8692
8260
5e83
9086
7480
9276
826c
616d
8686
9a8e
8f98
9573
5c70
727a
866f
7860
8f75
667a
827e
8279
608f
7672
9260
6e8e
9070
8050
4056
5a90
8f91
816e
7478
6a8c
8c9c
8394
5e72
8668
9a6f
8e87
8884
aa84
7c84
7d6c
8486
8086
7a6c
6364
677a
94a2
9484
ac83
76a2
7842
5a81
6083
7a9e
6e8e
8c94
896e
6c55
617c
848a
6870
637d
948a
787c
826a
708c
828d
8e8c
7a7c
7e7d
7c89
7e82
887e
7d78
7a84
697a
6072
6c74
7981
8686
8878
756c
757b
7c78
7c6e
7e7a
8089
8681
7a80
7f7c
7e76
6470
798c
7e82
7880
7d7f
858c
8070
7478
747c
768c
767c
9284
7c73
8872
7a8a
787a
7f82
8480
8171
7276
8082
8f68
7c68
8e88
8e84
8c70
837e
7d71
7e68
8a6f
7e86
7c80
7e72
6874
7876
7482
7e8a
8684
8288
8088
888c
7a69
7c7c
7976
7881
767c
727b
827c
7c7c
7878
8280
827c
7580
7e6e
7068
696a
6770
7a82
8f94
8485
7e80
7577
7380
8089
9c66
5cb8
ca56
010c
aee0
9c3c
2886
b9bf
7b4a
4266
869d
907f
6864
678e
a49a
7a76
8789
8a89
5e5c
6f8e
8c6e
717f
8088
8e8a
8271
8184
7c6e
605c
606c
7c83
8082
9896
8276
6c6f
7684
8682
8a84
8a74
6e6a
7978
888a
908a
7e7f
8080
887f
8182
8c80
7e82
827a
867c
7e89
7e6e
7479
7278
786f
746e
7d82
7676
7278
7678
766e
5c6c
7a84
848e
9071
757e
8672
7279
747e
8c7a
7b6e
7a8e
8080
7c82
827f
807c
8982
7e86
8070
6a65
646a
7991
a096
968e
7f79
6f7f
827a
7e76
7a84
8672
7668
747e
7481
827f
8080
7a78
7c74
746e
7888
8684
8e88
8471
6871
747a
6e86
808c
8878
6f6a
7676
828d
8777
727c
7282
8288
8484
8872
8676
7a92
8481
7674
7074
8882
8c7e
7e88
8e88
8e9a
8e84
8374
7478
807e
7476
7470
6273
7378
7e74
7e73
6565
627b
7882
7c7c
7a78
7874
7e7e
7676
796e
6b68
9270
8476
9678
886c
7c90
928a
8a83
837c
8280
807a
8c88
7880
7976
7e7b
8a8a
857e
7380
767c
8892
7070
7279
768c
7e6a
867f
727a
6480
7867
7e76
7082
8682
8486
7c70
6f6f
6f76
6f82
897c
8082
7a80
7686
8e8a
7e89
7c82
7888
8886
867c
9680
8276
9182
6a7e
7778
6f78
9288
7886
7e7c
807d
7878
6a7d
667f
7872
756a
787c
6a6e
6086
748e
746f
8076
797b
846e
668a
808f
8a80
8485
7c86
7f74
846d
7684
826c
8080
7c8c
788c
8c88
8a86
7f80
817a
7282
7c88
7a84
7c80
7871
7073
7682
8284
7c82
8482
8280
7c76
7973
7673
767f
7c7c
7d70
807f
8288
8480
768b
6a75
8a72
867e
767f
7479
7e80
8280
7c74
7c7e
7a7c
7c7e
7d82
7f7e
7f7a
837c
7a72
6f7a
8275
8080
867e
8381
7c7a
8084
6e78
787e
7e7c
827e
847a
7885
7b7c
8072
787c
7b7e
8486
7c87
767e
767a
7c6d
737c
667c
8276
8c74
7c76
7a86
868a
8c90
8178
7282
807e
7d82
848a
8084
8186
8a82
7f74
7e71
8080
8d80
8884
7c7f
807f
806e
7680
817a
8080
887e
8078
7d7e
7c7a
7268
6a6c
7877
6d7a
7474
6e82
817c
847d
6972
717e
787e
777c
7a80
8683
8a84
8c79
7476
7e76
7682
7a81
787a
8270
7870
726e
7e8a
7e80
897e
848a
8b7e
7e7c
787a
7770
6d76
7481
7c72
7e88
8779
7f86
7a6c
787c
7287
897d
747a
827e
8682
7b81
877b
8672
6c86
907c
8e80
807e
8e76
7a6d
5876
6074
7d8f
8480
869c
908a
9a82
7674
717a
8488
7a7e
8a78
887e
7c62
707c
7a6c
766b
7877
8a7a
8c88
9488
7e58
8a5a
8e66
8280
9372
7578
8c6e
785a
6670
8a70
7872
6777
866d
6469
8476
8470
6888
7582
807a
a286
ba84
8390
7084
6f5b
7352
846a
8288
6c96
7e8a
8277
8a7c
7695
787a
7c77
8f6f
847c
8a8e
589a
5368
7a76
6288
8f7d
807d
748c
8f7c
7e7e
8075
7084
6a92
8098
8c78
8472
726e
7a76
867a
857e
8a78
7878
7c82
848a
7587
7c80
7a70
7a8f
848c
9491
8c6a
636a
706a
8866
7c82
8e76
7972
727e
827c
6b74
747a
7273
6f78
8681
8c89
7e7c
7172
6e72
7a76
7a7e
848a
7c7e
7f7e
796e
7670
766a
6c76
8688
8898
9288
8682
746f
777b
7c85
7e8a
8285
8288
8f86
7472
7e7e
7b6d
7c7a
707c
8888
8682
817a
7c78
7376
757d
8286
7c7a
7880
787c
7e74
757c
7472
7685
8082
988f
8288
826e
6874
707a
6e78
8284
8483
8087
8a82
8286
6d7c
7474
7883
7892
8a97
817f
766b
7878
8680
7f82
7c82
7e7a
7a76
6c79
6877
746a
6a70
7c81
928a
8e84
7872
6d6a
656f
6c7c
7c7e
767a
7684
7a84
7a81
7a87
6a89
7886
7480
9894
8c86
736e
6a70
6f7a
8282
8c8a
8c84
808c
7978
7c7a
7170
717c
7678
889f
9491
8e82
7970
786c
7275
847e
868a
807e
8678
806e
716e
686e
787d
907e
8c88
8a78
7277
726f
6e7c
7880
7c84
847e
8b83
7c7e
7e74
736f
6b7a
8088
8a8e
9478
8671
5c76
6a7c
7873
7e78
8488
7c82
827c
7c6a
726a
6473
7074
7d94
8f92
8288
7a62
7470
7474
7c82
7684
787d
7877
9675
8882
7670
6c6c
7178
788a
928a
827d
7974
7072
7476
8084
8488
8e88
8e8d
7689
706f
6c5f
786c
7e7c
829a
859a
708a
647c
676a
806c
8e6f
987c
8c8c
7f7e
7467
7e6a
786d
8080
988e
9a8a
8c7c
7a5f
656c
6872
7179
7f7f
8080
808c
8686
8074
7a5a
6d66
7a72
8089
888a
847b
6c65
626c
7180
7e86
888a
8694
8f86
7d76
6f68
6060
6d7e
8a8f
969c
968a
826d
6466
6868
6e73
7680
8688
8b8e
8a86
806c
756d
6d68
6f7a
8288
8d90
8c88
8078
726a
6c6f
7279
7a84
8a8a
8e98
928a
786e
6a6a
6f74
7f8a
8e98
9a92
8f88
7e78
7872
686c
727e
8083
7c8c
9694
8883
7674
6456
606c
787e
8d90
9588
877e
7670
6564
6d6e
7478
7c7e
8a84
9285
8480
6c60
5e60
6a78
8893
9994
908e
8270
6963
6468
7278
7c83
8a94
9894
908c
8678
706f
6b66
6c7c
8286
8a8c
8c84
7a7a
6e72
7072
6f76
787e
8288
8c89
8c84
7e74
6f68
6a6a
7281
828c
9496
8c8a
837c
7876
6c74
6c76
7c7e
8784
8f90
888a
8076
7866
6868
717a
868c
8e96
8f8f
847a
7a70
7374
757a
7e84
848e
958e
8786
746c
6a62
6c6b
7479
8084
8886
867c
7a71
6c66
6664
6a6f
737f
808a
8e84
9582
7c74
6b68
6466
727e
8688
9898
8d8a
7882
7672
766b
7682
8082
989d
8e94
8f7c
7866
6276
6e60
9182
788a
8688
8e74
7678
666e
6a6e
7274
7483
8892
8a91
8c7f
6e6c
625e
6a70
7c8a
8e90
8f8c
8987
7a80
6e72
6c78
7a7e
7c82
8a93
8e8c
918f
8472
6e6f
7476
7e84
908c
8a83
7e7e
796e
6a70
706f
6d6c
7482
8685
8788
8a80
7471
686a
6e6f
787a
8888
8383
827a
7472
6e72
6f68
6f6e
7a82
8a8f
9494
8980
7a74
6a66
6c72
7687
8e94
8f8f
8984
7c74
7570
6e6e
7276
7d82
888c
9091
847d
7470
6a60
6e70
768a
8a8f
868c
8a80
8288
847c
7474
747a
7276
8490
938c
8c84
7b78
706e
706e
7470
828c
8e89
8a89
7e77
7470
7272
7271
727c
8489
8e8e
8e87
7d76
6e6c
6c6a
7479
7c8a
8a95
8e88
827a
7477
706e
6c71
787a
7e86
888a
8d8a
847e
7c74
6f6c
7174
787e
8888
8c8b
8880
7d7a
7674
706f
7074
7878
7a7e
8084
827f
7c72
6c6a
686c
7378
828a
8f91
8c84
7e78
7874
766e
8276
7a83
8288
8a92
9189
8a7e
7a74
7070
737f
848a
958c
928e
8880
7870
6f6c
6f6a
7272
7e82
828b
868f
8a81
7e72
6e68
666a
6d76
7e86
8c8a
8982
7e7d
7678
7272
7478
787d
888a
8e90
928f
887c
7474
6864
5d6c
7982
889a
8c86
7e82
7971
6468
6070
7078
788c
8e8e
8e8c
8b8c
8679
6a6c
6466
6e7c
7c86
8483
8583
8273
6a71
816f
706a
6970
7476
7c88
8b8c
918c
8e80
7775
7370
6c78
7c88
948f
8c8c
8982
7e7a
7076
7c73
7a7c
8088
8892
9490
8a7e
766a
665e
626b
727a
8490
9290
8f8c
827a
7168
6872
6770
6d70
777a
868c
8c8c
847e
7868
6e68
6a6e
767f
7d85
8284
8085
8175
7670
7172
727a
7c7c
8786
908f
9188
8278
6e6e
6668
6472
767e
878d
8c8c
8888
7f78
7876
7072
7270
747e
7f80
8786
8e86
807c
7278
7074
6b6d
6c7a
7a87
8687
7e7e
7c78
7878
7975
7878
7e82
888a
8c8c
8c83
8280
807a
7a7c
7c76
747b
8486
8a86
807f
7e7e
7a72
7274
7b7c
747a
828c
928e
8682
827f
7774
7278
757d
7c78
767f
7e80
8282
8483
7a7c
7073
7874
7470
7680
8284
8486
8480
7e74
7478
7472
7074
7476
7a7c
8286
8a92
9091
8478
746c
6a70
7178
807c
7a84
8c8e
8d88
847a
767a
7478
7872
7573
7478
7c80
8789
8381
7a7c
7874
6f76
7880
8088
8b8e
908e
857c
7b7a
7776
7678
787a
7679
787c
7f83
8a8c
8a83
766f
6a6e
6a6e
767e
8586
8686
878a
8684
837f
8280
7678
7678
787c
7c84
8888
8684
8a8d
867e
7671
6e69
6a68
6a72
747a
7c7e
8081
817e
817e
7674
706e
7678
7875
797a
7a7c
7c81
8086
8280
7872
6f6e
6c6c
727c
8286
827e
7f7f
8283
8482
8382
847f
7e7d
7c7f
8682
807d
7e82
8684
8888
827c
7270
7076
8082
7e82
8382
7e82
8a84
7974
7172
786d
767c
7674
768f
928c
8680
726c
7270
7476
7872
7682
8580
8b80
7a70
6f6f
7c7d
7e81
8e90
8e88
8684
7e7d
767c
8082
8078
7c86
8582
7f74
6f6a
666b
7576
7b80
878a
807a
726b
6668
6268
6e76
7983
8890
8f8c
8172
6d6c
706e
6e72
788a
9492
8b80
7f7c
766e
737e
8688
8a8b
8c88
7e7d
7976
7675
7680
888a
9294
8e7a
6b65
6a6e
7272
7b82
898c
888c
8e8b
7d70
6a68
6a6e
7678
7f8b
9090
8c82
807c
7474
6e76
7684
8683
8583
837a
7370
6e70
7d7c
7e80
8c89
8888
827a
7677
7874
7671
7882
8788
8c8e
867d
7672
7573
7b7a
7c80
8284
7e82
7668
5c5c
626c
767c
848d
8e97
9491
887a
7274
706c
6667
6872
797e
7f83
8992
8e88
8078
7474
7875
787c
827f
7c79
7477
7e80
7e84
8c8c
908e
8a86
7e76
7170
6f68
717c
8082
8084
8c8f
9698
928a
867e
7874
6466
606a
7079
7f84
888b
898c
8d86
847c
7776
7470
6e72
7174
7473
7279
7c7c
7676
7e86
8887
8486
8882
7a6e
7072
7271
7476
7a7e
7d75
8082
8680
7a7e
8087
8480
7d84
8688
7e76
7680
867c
7c7f
8586
7e76
7578
7c76
6f6c
6f6e
706c
6d78
7b7a
7476
7e84
847a
7a88
9295
8e8b
827a
7875
6f70
7478
7574
7686
8a86
7b72
7678
807e
7a84
8c86
868a
8782
7e78
747b
7e84
8482
7c7d
7a7a
797e
8389
8686
8584
857e
766c
6e78
7e7c
766c
727b
8286
8686
8887
7d82
7a72
7073
6a70
7e82
7d78
7272
7476
7976
7d81
837a
7276
7c7a
7a74
727c
8286
7a71
656c
7884
888f
9595
887c
7870
6f76
6e6d
7778
7e7c
8072
6c72
7c74
808b
8c9a
9e9a
8d8d
7f7c
7c79
726f
6867
6c6f
6568
6c73
7a86
9192
9489
8078
7079
7e7e
7c84
7e70
6f6d
7075
7a84
8288
8a8c
9094
8676
706c
6d72
7a7e
857a
8286
8888
8680
8482
7c7b
838b
8686
7c6f
6c74
7a80
7e71
6465
645e
6572
798e
8f86
8385
8e8e
8a7c
7062
6064
6d78
8482
7e84
7f7f
7472
7476
7879
7c80
8c95
8b81
7172
6e6e
756e
7478
7978
7a7e
8484
8688
8488
8a86
8c8f
8882
7c7a
7878
7676
7276
7c7e
7e82
8080
7e7a
7470
7682
8688
807c
7c7e
7e7f
8280
7e7f
767a
7e80
8076
746e
7075
7d80
8686
807a
736e
7078
8088
8e8a
888b
8a88
8a86
8684
7e75
686f
7480
827c
7c78
7676
727a
7e82
8882
7e78
7e7a
7878
6e70
6e6e
7274
8286
8a86
7e79
7574
7278
7e80
da6d
6f48
9899
697a
4599
9995
5a3e
67a2
87a6
5e38
8698
7f9b
3b6d
79d2
4778
2b8c
a098
6b8a
5283
8078
b151
6882
7290
a826
a47c
8279
7b71
8f77
6b8c
6397
6b7b
ad57
6265
8ea7
7b5e
7362
ad8e
6760
7774
9f7d
8062
9685
4992
a05f
8d7a
49c0
4c86
775e
f06e
3794
34b6
b852
787b
5cb2
4b9b
9647
c43c
7683
6096
9f32
9a42
baa9
7248
5465
b491
5284
626f
cc44
864a
6ed6
5778
3877
bf64
557d
28cb
945e
8545
699e
b754
5e2e
8396
958d
503e
9f77
b360
4b5d
997d
9444
67bf
4d79
5171
c976
4654
6d8d
b330
5447
55cb
8f62
5f48
93a5
6a78
477a
9986
7f5b
708c
7156
738f
a271
563d
b270
9659
6177
86a5
5663
6771
ba76
6262
51ac
95a5
4457
6873
cd63
6a7a
7098
8753
7778
9f68
5b75
a59c
6c3c
80b4
8074
663c
c96e
5b92
49d6
6b40
955b
b792
3193
8b6b
994a
6dc2
706f
7273
9c78
7064
8a9d
6f4e
76a8
6d81
526f
82b5
5c7f
5ec7
4c75
6986
9494
587a
7293
9550
7974
7b95
8b74
7282
956d
5168
62ae
8e48
6d8c
6e7e
7353
b57e
7d65
5394
8892
6066
6eb1
7576
5e8d
59a1
7097
5f84
5674
906f
6f9d
647d
6e64
827d
988e
547e
6288
8e94
4383
7c9a
7d50
6b6b
9983
7578
7078
7b66
6197
6c7d
5d6a
997b
5685
7e9d
5c83
5584
966a
8470
7187
5488
995b
7b74
6f84
8166
779a
576a
817d
7c7f
725c
6d8f
8b63
6259
93a0
7e70
5577
8a6e
6e80
7489
6554
719c
786b
646d
a258
7d60
6b89
8268
816b
7b8f
586d
9073
776f
6d97
5f5f
848b
9255
5d77
b75b
6067
7fa4
7366
728f
a166
5891
8869
804f
cf5a
7685
7daf
644b
8087
b579
5163
91a4
9947
6a8d
9675
6277
a969
6c78
938f
706d
5fa4
965b
8366
a371
6b5f
aa88
9b49
56a7
9d70
a03a
9282
a983
5073
907c
8b64
8c80
7a7c
8f6b
8765
9277
677a
9b69
786f
8189
825e
9b5c
7791
7970
796b
8772
807d
806a
946a
7c7d
8688
8756
8770
906e
8e50
8e7d
6994
7170
855f
7794
647c
8453
817b
7196
814d
7886
6294
618b
6a94
5e64
ae47
8f7d
469c
8193
6471
6a98
6378
8c4b
8c7a
677d
6f81
8e80
4ca5
469c
5b82
8876
4995
6899
675b
6e9d
617f
6096
548a
7284
5d6c
5e91
7755
935f
8361
7c66
8476
8657
9556
a24c
758c
7966
9c39
aa5c
60a2
724d
c03a
7693
5380
9f1f
d24d
709d
4f83
8f49
a85e
7986
7a55
c032
9d69
8670
5899
52ae
5b75
8151
c035
9788
43cb
447d
a365
6bb4
2495
a34b
bf6a
61a7
65a5
57ad
3f9a
8569
8d8d
7b85
7d86
8b5f
a75c
66b9
35b7
5c84
a041
b36e
63b3
3ea3
8459
8f70
7a89
6c9d
5788
854e
8d9d
6e68
807f
7585
6584
6f86
9661
6e8d
6880
9752
72a0
56a8
5c69
9c4a
9283
738e
6a6c
a75e
7f6e
8671
7262
a961
7c93
5578
8673
6c72
8f6c
7085
7d79
6d80
6091
62a1
736a
778c
5e8f
7987
6d75
818d
5985
886f
7560
a361
7872
9f60
8457
aa60
7f56
9463
a45f
8e45
9a6b
a747
8d6b
9e49
905a
7d78
9547
9749
9b70
9753
7d4d
a756
a249
8557
9071
9276
6c76
4964
9084
8456
8371
5d72
9c65
686c
8a71
755a
887f
5daf
5579
56a3
6b73
7c72
a95c
5a8d
4d9c
9668
6a64
847d
9263
579b
62a7
705b
6e65
b05b
8a5e
53ac
4ea0
5388
8072
6f4a
ac6d
7f7c
46aa
4d8a
6963
aa6e
934c
8da7
4f93
4db6
6574
825e
b55d
6e6a
7ba5
637f
5399
a159
8e51
93a8
5c7c
6c7f
8e5b
a078
8987
4a96
8b64
9368
77ad
578c
5b71
ab7f
7876
5781
ad7d
7b79
57b0
8c6b
9649
819c
679e
7756
8a85
7d9e
8055
7e91
79ac
5a54
9b81
8888
5760
a688
849c
5e70
9583
858a
6a51
937f
739c
795e
7c75
6886
9180
8058
6095
948a
6e73
7075
9d93
7083
7360
7894
827b
7563
675b
868a
7c78
685c
7681
8588
7362
6167
7687
927f
6d77
5d70
8576
9082
6d6c
6471
7e80
817d
7168
716f
636e
837b
7a77
6d71
5a74
6185
7964
7370
7e70
6564
7f79
726f
6166
695e
6a79
7d82
6f68
726a
5f72
697e
726d
7275
716c
6f7d
7569
6c78
807c
7074
7964
696c
7470
6369
8178
7a74
797b
7769
7771
8675
7580
6e68
6a72
7979
6d72
7e78
7e7c
797e
7f72
7076
787c
847c
8988
7d83
8889
7b75
8a7f
788a
7672
7c73
7a7e
7d86
7580
848b
8b88
9179
8f82
8583
8182
847f
7f83
7b7f
838a
7c84
7496
807f
9481
8299
827f
927d
838b
8183
8f7b
8284
8087
7d87
8776
847f
7c85
8580
8a80
7d89
8a82
947d
858b
8884
8082
8184
8788
8678
7f87
7e87
8984
847c
7a88
877a
867e
877a
7a8b
7781
7c78
7f6c
797d
838c
7d83
7f7a
7d72
7b83
7e79
7279
7777
7373
8570
7f75
6b7a
6775
6b6b
726e
7471
6876
706e
6d6e
7571
716d
6e71
7877
746f
746b
7773
6e78
726a
6769
5b70
706f
7170
6272
6160
6064
666d
666b
5f56
615b
6062
6364
625e
6262
5f62
6d5e
6d67
5c6b
6566
7865
6d68
6964
6968
6c75
656e
6a62
6f62
6766
675f
7460
6866
6c6a
6d6e
7770
6b76
7373
786a
7c72
7477
7c78
7382
737e
7d6d
8275
807c
7d73
8378
7d82
777d
847d
8e81
7785
8086
8980
898a
817b
827d
7b86
8185
8e82
8783
8293
8687
8b82
8b90
8b8a
9389
9492
8590
858c
9191
908f
8a8b
938d
878c
9086
937f
9386
8794
898a
8e8d
918b
7f94
848f
8b8a
8a8d
898d
908d
8c87
8b87
9090
8d8d
878a
917f
9580
888c
7991
7c88
8a81
8386
7f82
8386
7d7e
7d7f
8385
8677
827d
8081
7d7d
7e77
7a6e
7579
7671
6e7f
7977
7b77
777a
7278
7077
6c79
7775
7078
6b7a
746d
7d6b
736e
6c73
7560
6b6d
6474
6b61
6f63
6d65
6273
5f68
6e58
6663
646d
6564
6b5d
6667
5f66
646c
6468
6763
6469
626a
6a68
6a67
6973
6d71
6c70
7068
6e6e
6e70
6f7f
6e78
686f
7276
7573
7873
7765
6d71
7172
6b75
6970
7570
726b
7175
6f6f
696f
6e75
6875
7275
7d6b
7474
7e73
746d
7175
6e75
7272
777a
7877
717d
6e80
7874
7a78
7676
797e
856f
7d74
7b7d
7e82
8284
8188
7d79
8081
867c
8e78
8586
7d82
7c83
8684
8783
7986
887d
877a
7a80
7c7c
7e88
8483
817f
7e7c
7d80
808e
7e7f
927b
837d
857c
8c87
7e7f
6a95
6e83
867b
7d79
8388
7383
7f7a
7d7b
7e7d
7d81
8785
8085
7f8a
7e7b
7e7e
8586
867e
7a86
798a
9080
8a82
837d
8179
7d7c
7e82
7972
847c
8481
7d7d
847e
8473
887b
837c
7580
7680
7c80
7f83
7f82
817b
7b87
777b
7e6c
8075
7281
7c7e
7383
7b7c
7785
8470
8271
827e
777c
7577
7a7e
7786
7d7b
7b76
7c7d
7980
787a
757a
8374
7e7a
747d
7f76
7479
7a82
6b7e
616f
7a71
7375
6d86
7075
7979
6a81
647b
7967
767a
6483
6c64
8163
7b6f
6572
7466
7a66
696f
6b69
736c
746a
7975
6e6b
7768
7d6d
7a72
7072
7477
7578
7171
706b
7a71
7277
6973
725e
7076
6a6b
687f
5e65
6f6c
6265
646b
6c63
7174
6975
7271
6e6d
6c6f
7176
6b75
6e6e
7470
776d
7678
6a79
7a72
7769
736e
7471
7072
7d70
816f
766e
766b
7271
796c
7b6d
6d77
6f76
7a76
7c89
8077
8974
8783
7f78
8784
857a
7e84
7f90
8c88
8a7d
8378
7f8f
6f8a
767b
7f73
847e
8f78
8482
7c85
7a8b
8c8b
868e
8484
9085
7e8c
7f93
988b
a28d
909a
8d96
8c8e
8b8e
818c
8283
8b8c
8792
8786
8d85
8b83
8780
7d81
806b
8a72
8c8b
8196
828c
8576
8a76
7d83
7685
7b89
878b
7a8d
797f
8574
8a7d
867b
7985
7b7e
8477
7f7f
787f
8077
7d7e
8083
6f80
777d
7680
757b
6f75
7671
7287
7075
7467
7b6a
7173
6d75
6d70
7b75
756b
6c68
7670
716d
7070
7066
6e73
6c6b
6c71
706c
756a
6c65
6a6a
7073
6c64
6e6d
6469
6770
6d6e
6572
5f6a
726e
7060
6b67
5c6c
616a
6c5d
6f62
666a
636a
656e
6171
6c68
7366
6c6e
7370
5d71
706d
7869
7a6c
7170
755e
8373
7077
7077
6c73
726e
736f
6665
7172
7868
7673
6a73
8572
717f
6970
796e
747c
7485
7480
7f7f
8682
8477
7d80
7f7f
7b89
7689
878c
8b82
9085
8a84
878f
907a
8485
808c
8781
9388
7f89
7687
8e7d
837b
808e
8485
817e
808b
7f8c
8a87
8b8e
7793
8791
928c
9291
9197
9187
8b93
888d
8a8a
8c89
8c91
8b87
8a6d
8884
8089
8786
9187
7e8c
7f88
8a83
8b86
8689
857d
8683
9487
9478
8c7a
7c83
7c7d
7c7a
7d71
7977
8177
7a77
7574
7177
7d72
7378
6f73
6e74
7271
7a6c
746b
776b
716f
716b
756c
7772
746d
7e70
7272
6d75
696d
736d
647b
636d
7763
6579
6d68
655b
6067
6481
677a
5f7c
6577
6775
786b
7366
6277
5f7b
726e
7478
686f
7069
6b60
546d
5065
5b5a
5b60
5f56
655b
5d62
595d
5e62
6a69
665d
826f
7171
776f
6d71
7662
7161
6461
6950
6e67
5c78
5266
6f64
8180
7b7f
7f72
8d80
858c
8798
9497
9599
8583
8b82
8b7a
8179
6d6d
5473
6e5d
7c67
7379
7387
897a
827f
8082
6e94
8e7e
a088
9994
9c94
8883
848b
8187
8e89
748f
7892
7488
8585
957f
8681
92a1
958d
a0a4
8d9e
9893
9496
9794
9788
a186
7d7b
857f
8a7c
9283
769e
7f7e
798b
8686
9582
a294
7f9f
878f
8c94
8f8d
9695
927c
817b
7276
7a64
8a6f
776c
7074
6f62
6e7b
6987
6e84
7668
7976
6a7d
6c77
6b78
717f
6e88
707b
6a82
6277
6d71
7878
7578
787b
728b
6374
7a61
7e6b
6e70
7f56
8956
726a
656b
6760
6d60
6159
5a54
5d67
4b63
4766
685f
656f
587d
6175
7863
6b86
6587
6e80
6f6d
7673
6574
7e72
8074
6667
636c
7776
7274
666d
6b6d
717c
8178
717f
5f8e
657e
707c
837a
7e7c
6675
8474
826d
7a75
7c5a
7370
7174
7a81
728d
7d7c
7676
746f
7586
7b80
7e73
7173
7779
7082
747f
7372
837b
6d87
8b7c
8f8f
a686
7c96
7b80
9283
9385
9076
8265
8780
7d7c
8368
7d7f
7580
7974
706b
6d76
7971
7d76
8775
7184
7583
a166
a772
6885
7e71
8b6f
9692
8591
7b74
787a
6c8b
747d
8f72
857e
6a80
717b
6f8d
6982
7376
7c69
7771
7884
7a95
837c
8c58
7482
7585
8e74
7880
7c75
827e
7d72
7d91
827a
8c7b
8e7b
827e
787c
6f88
6f63
8a7e
8c74
7263
757b
746d
7e6a
766d
8377
7573
767e
8681
8192
8272
8d78
807d
6f93
8d76
7877
8288
7589
6581
6b7e
735e
746d
7e76
7586
707b
8369
7a74
6f74
846d
7e72
7886
8574
946f
8581
767e
7a72
8476
7173
9371
8174
7970
6587
6f7e
7781
6379
506a
7c77
8a83
6976
8175
9e80
9aa2
93a7
9875
9a98
8293
8799
8f8f
9778
6e5f
786b
636b
6058
666f
5d6a
4f65
6d6b
6380
667c
8a74
8f7c
7077
6882
7d84
8777
8184
636d
5c69
6a71
6e73
706c
8271
6f7c
6981
7c71
817f
7873
7897
707a
7c78
777d
797c
5665
6c73
5963
735c
6374
5888
3f74
5d6a
6a6e
527e
5766
815d
7663
6c7e
586f
6166
696a
7180
5c7e
8278
a07c
816c
527e
7079
9a82
7b92
6677
806e
926e
7a64
6e6f
7279
6263
6666
6a75
5d6f
4c7b
8457
8276
5d8f
7c82
8478
7d76
6879
9080
869d
8270
7868
838b
8782
7c68
8676
9079
7391
8686
8073
7083
6b89
707f
8c83
947f
8a85
918f
8d91
8f80
968f
839d
8889
9981
8c95
8c8f
8c97
8981
a082
9582
7b8b
776e
897f
8f88
7c83
717f
8c72
8684
8892
878e
8b69
9284
9179
938d
9e90
948b
8087
958a
8b96
a789
9d95
939a
838c
7785
89a9
8d9e
8e88
8678
6183
6e7a
918b
9081
7175
8279
8977
758c
797b
7d6a
737c
707b
7c66
977e
8171
6b65
7a6d
7862
745c
6c7c
626d
6364
7157
695b
5551
6a56
6468
6572
645e
7251
606c
5b63
585e
5c5d
676c
6c6f
6e64
6f65
5679
726e
8e65
6876
4b5b
625d
705f
6e58
6948
615c
4b6d
4a72
584a
665f
4180
5d67
5739
4a3e
356c
545e
6555
4759
515c
4c56
5a57
6562
6d5e
5b74
457c
7c76
a378
8c97
6681
7c81
8592
798e
767d
6a75
656c
5c6f
7268
6f61
7471
998f
8570
6f7d
7c9d
9685
8f8c
8e7f
a288
93a8
9189
9286
8698
858a
8784
7f94
798a
788b
909b
a9ad
9490
878f
957d
9c8d
9b91
9d96
9b86
8f86
9799
a3a2
9c8e
a3a9
97a9
a39a
88a0
8fbf
95b5
998f
8c98
b99a
ad8f
8576
8b70
8385
8f8a
977f
887c
8070
8d7b
9297
958d
876c
868a
7aae
8d8d
9190
a288
8d8f
7b86
928c
8c91
7a92
8f7a
7e74
7670
836b
807e
8474
6c6d
5d7f
7295
656c
7163
736f
7971
638b
6d68
746a
5a71
6d6c
755b
6f76
634f
6f45
7156
7b68
6c66
6951
5142
5361
5e7f
5f63
6853
5860
404c
5e52
7573
6d72
5663
5c71
5f68
594c
7046
5e6c
3d6c
3a52
6054
5f5e
5c59
5068
7760
5d7f
686b
7b63
6958
7670
5e84
7c65
8066
5949
6466
5264
484b
3c4b
694e
6679
6683
787e
6373
6274
6072
5c71
6872
8368
8362
7871
8d6b
6f77
5675
7762
9e76
8a89
7b84
7a8b
6f8b
80a2
849e
8688
8877
7f88
7e7e
ab7a
9b76
9787
8299
9b7a
a098
9aa0
93a3
958c
8fa5
9a9a
9c98
878e
9878
a293
78a6
8193
8590
887e
9d85
8990
a098
9f92
9d94
aabc
a391
9283
7596
82a2
9593
9685
8a8b
7876
828d
9496
7b8b
7887
8779
8d91
80a8
9492
858e
8d86
7b88
867d
848f
7972
6e83
5e64
6559
6860
8667
6366
6665
7577
8780
8587
8a76
8a62
8d7f
7d8f
867e
6b6a
7282
4fa5
5969
6c55
7e5e
6381
647d
6877
6958
6571
6571
6a82
6c7f
7968
7a6e
8172
7c78
776f
716a
645e
7072
7871
6b5f
4981
7a77
6d78
664a
6b70
596c
6d71
6860
6b75
5693
456a
7e56
8582
606c
5c5b
755a
696b
545e
5a4b
627c
5b7f
805a
6b67
5749
6944
6379
696c
646e
545a
795d
7e6f
8484
5984
7083
8197
9d82
967a
6683
6f6c
776b
7379
887a
7c8e
6f93
6e9a
6b6d
7961
7b66
5f91
6785
9180
896d
7c82
8a84
8982
63a6
788c
9a7a
9a86
8d67
5f82
7a7b
877c
6d76
869d
758b
9886
a390
9977
8375
8786
88ab
9a9a
7f87
6484
8582
8a82
805f
786b
6a77
5b6c
7c83
ac8c
8e87
7c87
737a
8d8f
9e97
9589
8d8a
7e8a
8675
aa82
927c
7370
657c
837e
7887
7078
7874
7868
6882
6f7d
8d73
8e70
947e
8190
8c8b
7e83
729f
8190
867d
7289
a280
7294
6d74
9873
7770
6f83
7891
8584
8566
8573
6681
727a
7f7a
6b75
6f74
7965
7f7c
7189
6d83
7387
6867
7453
7783
7963
6e64
517a
7e7a
6762
7968
6380
7270
626b
6758
787f
7272
8468
7282
6643
8e61
7e74
7964
5964
6e63
5e77
7b73
746b
5875
6468
6659
5779
6880
6f65
7662
5476
4e69
545d
655c
6a6e
7468
6a63
6b6f
6774
6368
6765
6b88
818e
7378
6f61
836d
797b
6f7f
6b93
8787
9077
7b80
7776
9978
9286
7c82
8e84
898b
5f80
737c
8075
7362
627b
8590
737b
705b
8a77
8886
6e6d
7d74
9282
8f8d
7e84
8c8e
8c94
9b89
868b
9494
a690
908a
8cab
a194
8d78
8e7e
b08a
a1aa
828d
8c75
7390
7b81
8180
887d
7983
7d65
7c8d
7e73
7c90
845b
aa5d
6eaf
6b8f
9866
8e8b
8d9f
a47e
8c76
7498
8a98
9d79
8d77
8194
768a
8188
8b7b
8273
7272
6e5f
786a
6775
6d68
6868
7078
8195
7289
5f4f
6c59
6f80
7d92
6663
6852
7183
766a
666a
667c
647b
8a62
7870
5143
6a68
546c
5f6b
5f65
5e35
575c
5b79
6e7a
7973
6e4e
435a
4e76
8477
727d
7b75
7161
5121
584a
698a
6964
3e42
415a
6674
6b63
656c
637c
7572
7367
748b
869d
9a85
977d
8784
897c
8a83
8e92
7787
7773
716f
8367
7f8b
6f7b
6d73
7e7c
7c74
7370
9084
7f94
696b
8977
7a7c
6a75
847b
8d70
6872
83a9
8d8b
967d
9f9a
8890
847b
a691
9cb8
979d
a499
a393
8d98
a899
9c91
8773
8680
717b
4c71
6e5e
7776
686a
9173
849a
648f
8264
958d
6aa8
9894
a594
8071
7e73
6e71
8f78
9b99
7b7f
9a66
8c6a
7277
898b
7c7d
697c
816f
877b
5b70
776b
7895
716e
7375
7784
7271
6a7e
6d8b
807b
936f
8e8b
5e6e
5866
796c
7d6a
685d
827c
739e
7b7a
7a56
616b
766f
7b7a
6683
8a7c
6f63
6667
6597
8382
7b6a
6875
827b
7b65
7671
6c81
7169
705e
696d
5f6f
7070
4f68
534c
775d
596d
6977
586b
5743
3562
505a
8444
6778
4a83
5b76
a874
a7a0
827b
787e
8c9d
8d8d
7c96
8485
9e79
726f
7f86
5683
7673
6e99
545c
6858
587f
688a
8a6c
764b
567a
5f88
8589
7d7b
7f86
7780
9164
737f
7182
7f7c
7281
6a98
8e9f
9d7f
998d
7798
8459
8188
86a0
9b8f
9480
7194
7d76
957f
707e
6d7d
8086
6270
8466
9e95
8e8f
6b76
8171
7684
7d85
8086
866c
917a
7e8f
5e91
9269
8a7f
5a6d
7b5e
7e59
8666
73a3
676d
a946
8196
5f8a
7572
8c6c
887f
6b80
7c74
7f78
768a
6b8d
7c6e
8f61
7579
7888
7982
7c6a
8768
7f85
797f
897e
7b84
7386
7f80
8d84
8299
7985
8874
8686
788b
8076
8579
7c88
7986
827e
877d
7c7d
777a
8082
847c
7b78
7378
7875
7b83
8080
7e75
767a
747c
817b
8083
8182
7f7d
7b7e
7e8e
6f85
b37e
a38f
0f43
4575
bca1
7147
7895
7d80
7185
979c
908d
8467
7573
6e83
706b
8673
554b
4a5b
6375
6d6c
7462
8776
8379
7176
7d8a
8c8e
9288
8a87
8a7b
7978
7873
7574
7378
8180
7b79
8181
8682
7a6e
6e73
7679
7c80
7c8b
8087
8786
8a85
8987
827e
7f72
796d
7371
7a81
7a83
7f74
7a7c
7f7f
828b
7b7f
7b7b
8084
7d83
817a
8d86
808b
807d
867d
8584
7f7f
7678
6d75
7777
727c
7b7b
827a
807e
878a
8886
8582
8886
8789
8896
918f
8a7c
7c7b
8088
8a8a
817b
7e78
7e7f
8286
7c87
807d
887c
8781
7f7d
7e7e
8078
827e
7d81
8c84
8d87
7d81
7f7e
857b
7a75
777c
7e8a
8483
8283
7983
7c78
8577
8485
7984
7d7f
8588
857d
827d
8884
807e
7c81
7d83
7b84
8280
8380
787a
797d
7c7c
757a
7984
867f
7678
7672
7e7e
7876
7a71
7c7b
7d7b
7a7e
7371
6e6b
7177
7a77
6f71
7677
827d
767e
7e87
898b
877c
8173
7c7d
7e83
7a79
7473
757c
7376
6d6e
7d71
7a78
6b75
7a71
7b7f
7f85
877e
8383
7c80
806c
797d
6f80
726f
726c
6e6b
6a75
7e79
8880
7687
767f
7e6f
7c76
7580
7a87
807e
8787
7e84
8280
8788
8082
7e7f
7b82
767b
8079
7e7d
7b80
7981
7f7f
827b
7b7b
777f
8482
8681
7d87
7e7a
8676
8387
7988
7e83
847c
8982
8086
847f
8083
7c80
837e
8584
837d
8182
7588
7d79
897d
7a8a
7f81
8c7d
7c83
767e
787c
8877
7f85
857d
9282
8586
7e83
8685
9088
808e
8285
777c
7b76
7b7f
818d
8981
8577
7b80
8784
8587
787b
7876
7477
7e73
7b7b
7980
8175
707d
7086
847d
8d79
7976
7387
7f8b
8983
7e82
7881
7f82
8282
7f7d
7f73
8478
797a
6f7e
7b7b
7e71
7772
717d
7b76
8578
747f
6f7c
7673
7d79
7c86
7a81
7871
7971
7e77
7f7a
7576
6a7c
7474
7977
7478
6b71
776a
7d6e
7572
6f76
727d
657a
7978
8476
7d83
7487
797e
8478
8373
7c77
707e
6f7b
7a7c
7f79
767a
777b
8076
7f74
7782
6c81
7e70
8478
7282
7d78
8876
7c78
7b82
8a83
8c78
8d7f
8289
8486
8b7d
827e
797c
7f7d
8377
877b
8480
7984
7687
7a7e
816e
8075
7e89
8084
8884
7e88
7e86
8382
8784
8d89
7d8c
847d
8e85
7a87
788a
887f
887c
7d78
7b78
837e
8380
7d83
7488
798c
8681
8f7c
8b83
868c
888b
8982
7b89
7b8c
8a80
9380
8b7c
7c80
818c
878d
8a7c
787a
7180
7d89
8c7d
7875
757b
7c7e
8082
7685
757d
8a7e
877b
797e
777a
7c73
7e7a
8381
788a
7279
817b
7a80
7d7f
7f7e
7b79
7676
7076
6d72
7c70
7381
7675
787e
7879
7d69
888a
7f8a
7970
7973
7989
6b7d
776f
7d76
757e
6a75
7c6c
826d
747d
6c78
7e6d
7877
7582
7a75
7a6f
747b
7a7b
7178
7866
7d85
708d
7785
7e7d
7c80
8489
8183
897a
7d74
7676
8280
7c7f
807b
7f7c
7e78
7478
7e7d
7084
6b6f
736a
777c
7280
7a6e
8773
7684
6e8b
856f
8e78
6f86
7686
847e
8573
7c80
7482
8f82
8984
7884
7a7b
7a7b
7d82
837b
7a6f
7374
767b
7c8f
7887
7c78
7d7d
8179
8575
8b82
8689
7692
788a
947f
907c
8189
7c90
827a
817d
8497
7e8b
7e6e
7d76
7e8b
7685
7f78
867f
7989
747c
7c78
7b72
6e6a
6b72
7582
8677
998b
9194
8788
7e8c
9380
a974
8db5
5994
5a47
9977
7fb7
78a7
9670
8755
7874
7863
667f
9183
655b
7d92
90a9
aaa1
b18b
7784
9789
b19d
959c
7895
916b
8f70
8b97
6a7c
8070
775c
6472
767f
5a5b
5c61
8073
6a76
787d
5f6d
5b53
6769
7c80
6c83
7c7f
8882
8379
7b7d
7e8a
8698
9f9a
8c97
7c85
7c6a
8676
8d78
6377
7280
8694
8984
775d
6e8d
8aa2
979c
a182
8369
79a2
8e94
7d7c
6e79
846f
6b83
6b65
4962
5365
6c2c
2e35
242e
2c55
4e5d
5958
3ad7
a7b5
1ea4
f42b
4927
145f
1a2b
3a1e
dfd1
bd37
1a32
4749
e29d
ab91
0a39
7aa0
a5c5
d7d3
d6d5
d4d6
d4d4
d4ac
8199
9791
6256
5739
5a6c
6a50
2c2c
425d
5d81
6166
7287
8a7f
7479
858a
8462
5f37
303d
5e72
5d6a
8aa4
dad1
5261
8eb1
d4d1
adad
97aa
a3a4
7b84
5d79
7973
8093
7361
6084
a69f
a25d
7170
7293
7b81
825b
6e65
6076
6a60
5557
6f68
8889
8491
8185
8797
a1af
aaa5
addb
bb88
7f7a
2a7c
9f59
3f5a
6863
aed3
cde1
1031
3a36
95aa
4c50
517f
dcc7
d7de
517f
8eb1
c4af
7475
4e99
a45c
a76d
737d
437a
9075
7f52
4a84
7e8b
c38c
9b88
2f7b
5621
7f29
8176
624c
3653
a796
a083
273a
2722
6f7f
7791
4978
5132
822b
7699
5ea7
9298
7689
989a
7274
b27f
94a0
6288
81a1
9164
83ac
77d4
8c67
9864
948d
84af
8e90
9e4f
9161
4744
2c4e
4658
6e65
5855
255b
5b70
a9a9
8a74
4341
514b
8160
7594
8785
7657
5046
475b
4557
4b72
7886
94a5
9bb9
aba6
a296
8fbf
acd6
d1c1
c5a2
8c8b
8a8d
a38b
9088
6f6b
775d
7c6b
747d
7383
6d6b
6555
604a
5a64
6172
5860
6d57
6467
5d68
6266
756b
7187
8994
9282
95a3
9fb1
a997
a8a8
abaa
a1ae
a7a1
ad9b
9a8e
8887
8587
8191
817e
8e7d
8b80
7486
7670
7861
6c6a
5e72
6d6b
736c
6d69
5f60
6256
594a
5460
5577
676a
776e
837a
808b
8487
9a93
99aa
9a9d
9699
9497
928e
8f91
8a7f
8e84
7d89
837d
7b7e
847c
827e
797a
7c81
7987
8387
8080
8c85
898b
8d8a
898e
8991
8f88
898c
8692
8885
837b
807e
7b7e
716d
6a65
696e
7167
6e6a
6c75
7a72
7664
5e65
5672
627b
8073
7c73
7c7b
7992
837b
8c84
95a0
8f9b
9a8d
a095
a5ab
9ca6
9c9d
a39c
a496
9087
7f7a
8273
736d
6c70
6f6f
7367
6465
615c
6066
6b6b
6c67
6164
666a
6567
6969
6e77
7a7c
796f
7379
7e82
7d7a
7c7e
797b
7880
8291
9196
968e
8a86
8586
8685
8882
837f
7977
6e80
7875
7c70
6f74
7575
7865
605e
596a
6b6e
7a73
7270
7078
7d73
7c6e
6f73
6d77
756f
7562
6f6d
6c7b
6e73
766e
7479
767a
7f80
857b
848f
828a
867e
8983
828b
838a
857d
7d7d
7b7d
8076
7a78
747b
7b7c
7e7c
817c
7a7c
7e85
8589
8380
877d
8888
8586
827a
817f
7a80
7c7d
807e
8082
7d82
8381
867e
8480
7b84
857f
867d
7b80
7b81
827d
7d79
7a7c
7c7d
7a7c
8182
848e
898f
8c8e
908d
9390
8f91
8c8a
8b89
898a
8685
8886
8384
7f80
7a7b
787a
787b
7a7d
7b7e
7f7d
7f81
8083
8583
8587
888b
8a8e
8b8d
8b8a
8683
8182
7f7d
7f7d
7d7c
797a
7a79
7d79
7a7a
777c
7b80
8284
8485
8186
8386
8885
8889
8789
8b8d
8e8b
8c8c
8b8c
8c8c
888a
8686
8683
7f83
7d7d
7f7b
7c7c
7676
7670
716e
6d70
6c6b
6c6a
6c6b
6c6a
6b6d
6f70
6f71
7477
767b
7c81
8383
8586
8686
8785
8585
8182
827d
837c
7b7e
7878
7873
7676
7579
7776
7775
7875
7377
7375
7675
7776
7674
7b7a
797a
7678
7976
7a77
7576
7376
7877
7476
7475
7677
7575
7477
7476
7677
7978
7a7a
7a7a
7a7e
7d7c
7d7b
7e7b
7d7a
7879
7879
7a79
7a78
7c7c
7b7c
787a
7c79
7e7c
7a7d
797a
7c79
7b7c
797c
7978
7a78
787b
7879
7d7b
7c7d
7a7c
7d7b
7f7e
7d7e
7d7d
7e7f
7e83
8182
8381
8384
8183
8480
8683
8486
8786
8887
8789
8889
8985
8785
8485
8485
8580
8180
7c7f
7d7c
7d7e
7e7f
807b
7d7b
807b
7c7f
7f80
8182
8083
8081
817e
7b7b
7c80
7d7e
7f7d
807f
817f
8081
817f
807f
8080
7f81
8081
8382
8282
8081
8482
8281
7d80
7f7f
807f
7f80
7f80
7e7f
7e7e
7d7d
7e7d
7e7e
7d7d
7f7d
7e7d
7a7d
7b7b
7c79
7b7a
787d
7d7c
7e7c
7b7e
7e7e
8180
8184
8183
827e
8382
8386
8184
8284
8485
8385
8483
8483
7f82
7e80
7e7e
7f7e
7d7c
7b7a
797a
7877
7876
7676
7675
7676
7878
7778
7776
7774
7577
7477
7574
7775
7474
7274
7474
7576
7575
7473
7879
7a7c
7b7c
7c7b
7b7c
7c7d
7e7e
7e7f
7c7f
7e7f
7f7f
8181
7f7e
7e7c
7d7b
7e7f
7f7d
7e7d
7d7b
7b7c
7d7d
7d7e
7e7e
7e7e
7e7f
7b7e
807f
7f80
7d80
7e7c
7f7c
7f81
7f82
807d
807d
807c
7b7d
7c7d
7f7e
8081
8081
7f80
7e7f
807f
807f
7e7f
7e7e
7e7c
7d7f
7e7f
7e7c
7f7e
8080
7f81
8180
8182
8283
8182
8281
7f80
7f7f
7e7e
7e7d
807d
7d7d
7d7d
7d7d
7d7d
7e7e
7c7e
7b7d
7f7f
7e7e
7c7d
7d7c
7d7c
7d7f
7e7e
7d7b
7e7f
7f7f
5e61
6778
90b8
dad4
a680
667f
8078
6f6e
768d
9782
6136
181b
3954
6269
a8d7
faf3
bc92
593c
373a
3230
567a
acaf
806c
5a75
8a72
646b
8f97
9e89
7861
5961
7898
b6bc
b8b2
a198
6a52
473e
4a6e
90a8
bed9
f2f2
bc7c
4f3c
6957
3d2e
505a
483b
3434
4d79
a5c8
e4ea
dcbe
957f
5e40
524e
5464
7c7a
7978
7a74
6b74
7075
8e9c
9e97
a8ac
8266
5848
404a
545e
7da3
aa9c
8e8c
a4aa
bec0
a6a2
a492
7a6b
6253
506f
8282
8882
7872
7a88
664c
525a
646a
6e66
7898
a68a
6e58
676c
7c8c
6e4c
3c48
4648
3c3b
4692
ced8
cdc8
cac4
bcb8
9873
6e66
6256
5238
365c
8692
9898
b8cf
cecc
a570
5656
5861
6268
7cb8
dcd3
9a70
605c
4e3c
3632
598a
aab6
c2b6
9688
8472
523e
2b3d
3b3e
4232
283d
5e70
8494
aade
ffff
ffbe
9378
6036
1b1a
336a
a2b6
bab8
9a78
6e73
92a8
aeb2
aa92
7c61
3420
2c36
4456
7698
aeb6
b29d
8676
6848
293e
6880
9a9c
a0a0
9a86
7a74
7886
8b78
603f
1809
0402
1248
88c9
ffff
ffff
fffa
c484
3f01
0101
0101
225c
90c0
eeff
ffe6
f2fe
ffe2
a670
3003
0101
0101
013a
85b6
ae96
7887
a7a0
9278
7268
8e8a
7d6e
626d
7c80
7a58
73a1
bac8
8f82
583e
4f84
8c9f
94b4
e2ea
b058
270d
586e
4838
5878
907e
5c4c
486c
9acb
eafb
f5ee
c9aa
6828
0801
0112
5060
788e
d2fa
ffb9
9164
7b98
7350
446f
6e54
3b2c
2a39
6081
94ac
b296
6e60
7066
7a84
889b
b2b6
aa96
9392
8e6c
4e42
3468
705b
6ea3
c8ac
9e98
989b
9aa2
a4b4
c8a6
673c
4a5e
7080
7e72
727a
6f6a
6e7c
8282
9aaf
9e8c
7150
4552
6e48
1409
122e
3e4e
5a7b
c6ed
dec0
aebe
c2b3
af88
5d3e
403b
353a
4654
96e6
fcf1
ceb4
9a90
928b
544d
586a
6c74
6d5d
6c94
8a74
6062
8a89
9998
7e66
787a
746a
5e4e
70bc
cbb6
6a40
393f
323c
2e30
6c96
aeb0
b39c
808b
8e8a
8a7c
9795
8e9c
8b5a
4446
4c4d
4c55
72d0
ffff
e093
7f73
543a
383e
6ea6
c2cc
d8c6
a07a
707c
7f64
504c
464f
5950
3e48
6676
8492
9abe
d2d3
b87c
4c34
2001
0104
2a74
b6e8
ffff
fffa
c5a0
a89a
7448
2606
0103
0108
336e
a6d3
ecfa
f2d9
b487
582c
0801
0101
5991
bece
dee2
d9c2
a080
94a8
a683
4e18
0101
0101
013a
74b2
deff
fcce
9878
7368
5645
3027
4c6e
7174
6f8a
afcc
d0ba
c3e0
fceb
a37f
6139
363d
4245
4866
9ccc
d4ae
927e
98ae
a186
827b
7a74
5f4e
3b38
5274
9299
949e
94a4
9270
6a51
4455
646a
6c68
7c98
b076
442a
2e7c
8072
629a
c9d4
c298
7c6c
7c96
b0c8
cec0
936a
5e3e
2929
263c
71a0
b8c4
c6cc
cab4
8e75
6057
6c59
4340
6564
463a
302c
344c
6682
a8c0
a682
707f
8695
9688
8da0
9880
6851
4945
4252
586b
8d96
9a9e
bccc
a6a2
a8ac
a299
9276
86aa
9165
2e2a
4458
736e
6778
a2ba
b8b0
b0b2
b6d0
cfa8
7754
3618
1131
2d17
3468
7f82
8a82
80ac
b49c
8879
9aa2
9888
5529
1918
1012
233c
5fb2
eeff
ffe8
e0dc
c7a4
8e60
5a6e
7e7f
7c79
5868
8670
6056
5a78
7c88
8475
6472
7076
6760
5e6f
aebc
b684
706a
664c
3a37
3a72
a8bb
b3ac
9880
8288
8894
8e7e
754c
3a22
1001
1338
6f98
b6ce
ffff
ffff
ba74
522e
0208
2049
7ea5
b2b6
ac97
8c7e
8ca4
b59e
9896
8e8c
7f58
4b50
5e70
7e85
9093
908d
7a60
4e46
302d
5e74
7e80
7a8c
959c
9288
8599
a093
694e
2d04
0101
0938
72ae
e4ff
ffff
dcb2
9672
481f
0101
0245
5c7e
8eae
d7ea
f0dc
c4d6
d8d8
9862
4b22
242c
3e38
5062
8fac
ac76
4232
3b73
7f8a
848e
91a2
8e6e
4f35
4162
82aa
b8cc
e5db
d29a
7a5e
2e2c
4458
6c76
90b6
c7ae
7a63
528c
aca6
8c8c
8f7e
6c39
2010
1962
8cc4
e5f6
f4d2
c09a
6e64
504e
5662
6261
667a
827b
5248
4e66
a0a9
8e8c
aaaa
8d6e
4c32
181c
4755
768a
825e
4d5c
7087
aeaf
b1c4
c6ab
8c73
656c
646d
787a
a3c4
cebd
c0cf
9a56
4024
1d26
577a
98d4
ecc8
8d6a
716d
6660
321d
445f
5862
768a
a8c1
e7de
bc9a
7c5c
465a
6538
334d
646a
7278
687c
a188
7161
7aa3
a6af
a67f
605a
4a3a
3c4f
6894
dcf3
eac7
a692
8274
7568
5570
94b2
b4af
a08a
9cad
9684
6e66
6453
3e18
0101
010c
314c
688c
e5ff
ffff
be90
6f49
200a
0418
4a7b
8a90
8a79
6e81
96a8
c0cb
dcce
aa86
5832
1a1c
242e
4964
91d6
f2f4
cdab
a2a2
8068
7280
a5c2
c4bc
aa8a
6248
3841
5056
473e
302d
353c
3648
6586
aaca
deea
ddb8
8752
2608
0101
010e
3f79
a4ca
f2ff
fff1
d2d0
d4ce
ac84
6338
1d13
121d
3a63
90bc
d5d8
cdba
aa9b
8673
5e4f
5063
7686
96a0
a2a3
998c
7250
382a
1a14
162c
5887
a4ba
d4de
d5ae
763a
1101
1e5a
88a0
a2ab
aeac
9271
544b
5280
b4d2
dace
baa6
8c6e
482c
365a
7888
93a8
b8b8
a279
5844
3e4c
5e74
8187
8f94
9283
6e5c
4c4a
5864
6860
5a5c
6876
7c82
8692
a1a6
acac
aaa1
947e
6a56
4e4d
5260
6e7e
8e9f
a8b5
b6b5
afaa
a49e
948e
8479
726a
625a
5d5a
646c
747c
8487
8686
817c
766e
6a65
605e
5a60
666c
7278
7f84
898a
8e8d
8e8e
8e8c
8b88
8688
8484
7d7b
7c82
8a90
929a
9b9a
9288
7a74
7271
6c74
767c
766f
695a
463e
3943
6580
9aa6
b4b8
aa8a
6440
2b34
5664
6f7a
8489
8677
6858
617a
81a0
bed0
cab0
968e
7469
6b5e
6378
888e
acd7
dccc
b68d
6045
4637
2432
3c5c
7886
aab8
d0e7
deb4
ae9c
6626
0101
0134
6f80
93a8
b8b2
a4a6
7d41
324c
4f58
6864
6677
969c
a28c
9681
7e8e
7e54
3e3e
3f32
371f
569c
daff
ffff
fffc
e2c4
892f
0e20
2b2f
2a12
082c
485e
717c
a6bd
c5cd
c6a6
8a7a
633f
322a
3b78
a6c4
bea8
9b96
a4a2
9e8c
90cb
e2da
ac60
3c38
3028
221c
3952
6876
7e88
8f86
817e
8074
87a4
b4bf
ac94
8280
764f
4049
5e9c
c0b4
8851
435a
688f
acbc
c8c7
9c56
2d0c
0101
264d
7280
8080
7c82
8188
92a2
b0a5
b4c8
cede
e2c4
8a58
433a
4866
7686
848a
8166
6a74
746a
6881
94b2
c2a8
8974
5a49
3525
0a01
0456
88a4
b4bc
c8d2
dcce
c6be
b8a0
7346
1501
0101
0101
3076
b4f9
ffff
ffee
c6af
9881
5e30
2252
7068
4e4e
4d7c
b0be
beda
eded
d8a4
7040
2014
1c3c
5476
8c9a
ae8e
5a2f
1622
466d
8286
8fa2
a292
7d77
7f97
b5c2
bba8
9474
5028
0801
0528
5684
abce
e6f6
f8f3
dbc6
a88c
745c
4839
3230
3543
4e5e
6c79
8588
9294
9490
8c86
7f7a
7a78
787a
7a7f
7f83
7f81
8080
7870
6966
6468
6c74
7a82
8586
8986
8682
807f
8284
8c8b
8580
8390
9696
8c7b
6974
808a
948a
8282
8892
a87a
2a02
010a
55c0
ffff
ffda
d0cf
8432
0101
0112
72a0
bc9f
6048
6887
a4c2
c8e8
ffd2
8d48
0101
0110
4b92
885c
2830
8bdc
ffff
ffdc
833a
1a20
548f
a0c2
fefa
a848
0101
0101
011c
4e7e
8494
c3f8
ffff
ffff
fff6
b46f
1401
0101
0101
0129
7ca0
b2be
d2d2
c6c6
b8ac
a193
8256
0501
0101
0f7e
ceff
ffff
fff0
8220
0101
0101
224f
85bd
daca
b2a4
98a0
b8be
a88e
817e
6e53
6172
6724
0101
0c45
7fa0
c2ee
ffff
f2e0
d4af
8264
4f56
4e52
7a88
6c4c
3c55
88aa
b8b8
babc
a99c
9688
5e1e
0101
0101
0160
c7ff
ffff
ffef
b674
4825
3666
88b0
c8ce
d8f2
feea
9f2e
0101
0101
0101
6eb2
aeb6
c0e0
e6a2
6a3f
3086
f2ff
ffff
b448
0101
0824
2526
2c42
657f
9476
4648
96e2
ffff
ffe2
cabc
cad8
c689
3201
0101
0101
0124
464c
69ae
eaff
ffff
e5ae
7d68
6c7a
888e
6c3c
2038
74a1
b293
7873
5352
5846
3e42
5068
85ac
cad6
d8da
d6dc
e4e6
eace
a278
4007
0101
0101
1422
2f5a
9edf
ffff
ffff
fff1
984e
0101
0101
011a
3a47
4b50
708c
afcc
d4ca
af9a
9b95
9086
7260
5a61
6269
646d
8eb8
d4dc
d8d1
cac8
beba
af92
713f
0a01
0101
0101
014e
8ea6
b7bc
c6dc
e6e9
e0d2
c2b2
aea1
8878
6862
6a78
726a
482c
292c
445b
5e4a
3830
3c58
81a4
c6d9
dece
ac79
5044
4a64
8eb2
cadc
d4c8
b488
5622
0101
1146
8094
9c98
9cb0
c4d8
dacc
b08a
7264
503f
1801
0105
2846
5e75
8fa4
c2dc
f2ff
ffff
edca
ad82
5b40
3020
1401
0101
2960
7e86
868f
9aa4
a69c
928a
8280
8084
9298
9492
8d86
8382
8376
6c58
4044
5464
7a88
a2ae
a7a4
a8ad
b6b4
a080
5835
2216
1720
344e
78a2
bcc4
bba6
937a
5d4a
4048
6884
8f81
6c59
5a6a
768d
a3c0
d4da
ccb3
9a78
5a49
424f
687a
8986
7f72
797c
7a78
7480
9ebd
d8dd
c6a1
8a85
8a90
8e8e
807a
7878
807d
7266
5249
4236
3646
5d6a
7378
8080
7e7c
7468
5c55
5058
6a78
7e8a
9db2
c8de
e4d8
c3a8
8d76
6b6a
6976
808c
918d
877a
6e64
5e58
5442
260d
0304
0b20
436c
8aaa
ccea
fcff
f4d2
a078
584a
4852
5865
6d6c
6a5c
504e
4f54
6475
8492
9190
8e8e
8885
7e7e
848a
989a
a0a2
988f
8e91
8e96
9290
8979
6e6c
7a8e
a4b2
b4ac
a098
9388
7a72
6865
5c57
566e
7e8c
989c
8b7e
7876
787e
7c7a
7360
5242
362e
3340
4c69
8c9c
a7a6
a6ae
b4c9
cfca
bca4
8878
7068
563a
1d01
0101
0118
4774
a4d0
f2ff
ffff
e4b1
7e52
3a3b
5272
98ac
a293
7259
4c4b
5a68
7274
7072
7682
8b90
8b83
807a
7369
6057
5453
586e
8194
9e9c
a0aa
aea4
8868
544e
5e7e
a5c3
d2d2
be9f
7640
1701
0101
244c
7ba0
bcd0
dee5
ddca
b6a4
8e7f
7680
96a3
aaa4
987e
6858
4440
4142
4648
4f5b
6c7e
9598
8f84
7662
6263
666e
6f6e
6977
7f94
a2b2
bab8
aca4
9280
6a58
5252
4f56
6586
a2ae
b0ae
a8af
b0ae
a084
6349
3742
4d65
7281
8288
8880
7661
534e
5464
7a92
a4b0
b7ac
aea0
8e78
6762
6466
7382
7f72
5e4b
3829
1a16
223e
6078
8ea6
bac0
c8ce
d4de
dcd6
cdb6
9678
5c48
3e40
444c
6272
8084
7e7e
7d7f
7a87
94a6
b4be
c2be
b69e
816c
5b4b
4440
474c
545c
5a64
6666
605c
667c
8691
9e9f
a29f
989a
8e86
807b
838c
8878
685e
5056
6264
6b6d
7478
8690
949a
9c94
8a7e
7a76
7e7e
787d
808f
9696
928c
8e8e
8f87
7874
6e66
575a
656a
7674
6e6e
6b6c
6664
6566
6e76
8288
868b
8a92
9291
8a8a
888a
909a
a1a4
a096
8a78
6b5b
5046
3a3a
3d44
4e66
7a92
aaba
c6c3
b69d
8074
716e
7a86
92a6
b0b6
bdbc
b2a6
8c74
5b43
3834
4054
6774
7c7c
7876
7278
767c
8081
7e86
8e96
9e98
8264
5752
5868
7782
8a88
8d84
827a
7068
6870
787c
7e7e
786f
6e65
666b
6c70
7680
8892
968c
7e74
6c78
849b
aeb6
b39e
8c72
5c48
3832
3441
526d
8a9b
aaac
aaad
a9a0
8c6e
5849
3c44
4f66
88a0
a6a2
9a8e
8678
7c86
8e90
908a
8078
6c62
5a60
6276
8aa3
a6ad
a6a2
a0a2
a4ac
a696
8466
524f
5255
554c
525e
6874
828e
9a9e
9886
7a6e
5a50
505b
647b
8898
a0a2
9d95
8a90
8e90
806a
5242
4a60
829c
acb0
a492
7c70
6a6d
7681
8a90
9699
9892
8078
6864
626c
6e6e
7476
777a
7a78
746e
675c
5e6a
6c6d
6d68
6b71
7880
8a8c
908f
888a
8680
6e62
5c64
6e78
808d
8f8e
8378
706a
6a72
7688
929e
a2a6
9c98
8c7c
7670
6a69
626d
7884
929a
a2a5
a69f
9384
766e
6865
696a
6f70
6c6c
6661
6566
666b
707a
7e88
9097
8e8a
827a
726e
6e74
7a82
888d
8c86
8482
837e
7a76
7278
7274
787e
828a
9098
9ea0
a099
8a7a
6854
4244
4a5d
747c
8688
858a
8686
8b84
8a82
8079
7c7a
7871
6f68
686b
767b
8593
969e
a09c
9486
776c
6761
6262
605e
5c5c
6370
8699
acac
aea0
9489
837e
828a
969c
a2a3
988c
7c66
5848
4448
5365
7c8a
9ba3
a6a5
a39a
9386
7a70
6865
666a
7074
767a
7e79
7b77
706f
696a
6a6e
7376
7a79
787a
7a7e
7f7a
7774
6c6c
6a6a
686c
6e72
7478
7879
7e82
858e
8e93
8e92
8e8e
8c88
867c
7471
6a6a
7276
838a
9694
9a98
8c7e
7464
5248
3f40
4e60
7785
8f99
9896
908c
8484
7a7a
7a7e
8082
8882
817a
7a7a
7c7c
8688
8d93
928d
8e81
827e
7878
7478
8084
888a
8286
8a8f
9292
908a
7a68
6568
6c6e
6868
626a
707c
8797
a6a8
a696
826f
5a4f
4e4e
5964
717c
7f84
8a8f
9296
9898
9584
7f7c
8080
8682
786b
6258
5b67
727c
7c7d
8391
989e
9a8e
7964
4e3d
3c44
556a
7c92
9ba4
aaae
a8a8
9e92
846f
6256
4941
3e42
444d
5666
7080
8894
9c9c
9c9c
9c98
908a
837d
7973
7676
7070
7071
7476
7e85
8885
8a87
7e80
7c80
8688
8e8e
8b8c
8a88
8688
837e
7670
6966
6a6c
747a
7878
7676
7a7e
868a
8e8e
8a8d
8a87
8480
726e
6d78
7f87
9096
a09a
8f86
817c
817d
827e
7a76
746e
6a66
6969
6e73
7a7c
7e82
8687
8284
8480
807c
7672
6e67
6869
696c
7376
7878
7072
7478
848a
8e8a
827e
787e
7c7f
8482
8281
7e7e
8280
8080
7e7a
7e7b
777a
787a
7a7e
868a
9092
8e88
7c76
6e68
6463
666a
6e76
7882
8286
8d92
989a
9a93
8882
857e
8076
7268
6261
6570
7c84
847e
7a70
6767
6672
7a86
888a
8b8c
8881
7a76
7272
6a66
6766
7278
8288
8c8e
9092
9494
9692
8a7e
6d61
5c62
6468
6866
6a74
828c
98a4
a8a6
9e8e
7b62
5852
5050
5052
5466
7694
aabc
caca
c4b9
a696
806b
5a4c
4844
4e4e
5c68
7a8b
98a0
a398
8c7c
6859
544a
4c51
627a
90a8
bbca
d2cf
c7b4
9c7c
603a
1b0c
0c1a
2436
425a
7a94
b3c8
e2ee
e3cc
aa83
6044
312c
3242
5a74
90a9
b2ba
b6a8
9883
746c
6058
5451
555e
6772
8189
9192
928a
8682
8484
888c
8e8e
8a86
827f
7c7e
7c7b
7a7a
7c7e
7f7e
7c7d
7e7a
7874
716c
7278
797e
7c76
746f
7274
7a7e
8284
7c79
706d
6968
6868
6c72
7c88
9093
928e
847c
756c
6a68
6b6e
7684
949c
a2a2
9e97
8f8c
827d
726b
6058
585e
6c7e
909f
a8ac
a79e
8e80
736a
6463
6060
646a
7480
8f9a
a0a2
a2a0
9687
746a
6058
5859
5e6c
7a86
9192
9492
8f8b
847c
7770
6868
6468
6e78
7e8a
9194
9698
948f
8a86
8076
6e66
5e5c
5859
5b61
686e
747a
7e7a
7e7c
7772
706f
6e70
7072
767c
828a
9095
9699
9692
8a84
807d
7a7a
787a
787a
7c7c
7d7c
7e7e
807a
7672
7074
767a
7f80
8282
8283
8186
8482
807c
7876
7678
7980
868e
9496
958e
8c84
807a
7875
7878
7b7e
7e82
8282
8081
8082
8280
7a74
726e
6864
6566
6a6e
767b
817f
8282
8182
8282
7e7a
7676
787e
8386
8a8f
8c8e
8c88
827c
7670
6f6e
7074
747e
7e80
807e
807e
807e
7c7c
7c76
7470
6d70
7275
7579
787e
7e80
7c7c
7c78
7674
7578
7a82
8686
8584
8482
8082
8080
8082
8081
8382
8282
827f
7e80
8280
7f7c
7e7c
7978
7678
767a
787e
8382
8788
8488
8484
8282
807d
807e
7a7c
7d7f
787a
7678
7979
7878
7677
787c
7c7e
8280
7f7e
807c
7a7c
7c80
7c7e
7d80
8082
8488
8888
888a
8883
7e7c
7f7c
7d82
868a
8a8b
8c8c
8681
7f80
7e7e
7675
7178
7e7f
7f7f
7e8a
7474
9067
8784
7b80
7f7d
817e
7c80
7d80
7c80
7e7e
7e7d
807b
7e7c
7d7e
7c7d
7c7e
7c7e
944c
5aba
27af
4e7a
8198
8878
6069
7e92
8d7e
7262
7079
898c
8075
6870
7c85
887b
706c
747c
8683
7d74
707a
8085
847c
7876
7e82
8884
7c76
7a81
848a
847f
7d7c
8484
8480
7c7c
7c80
8f68
758c
7b64
7f84
8c84
7571
7682
8887
7e72
7177
7e84
837c
7374
7880
837e
7674
747a
7c7f
7d78
7676
7a7d
7f7c
7c76
787a
7e7d
7c76
7779
7c7e
7e7e
7c7c
7c7d
8081
7e7f
7d7e
7e80
8380
7f80
8081
8280
807f
7f7e
7f7f
807d
7e7f
807f
807f
8084
7a7c
8082
7a7e
7e7e
7c7f
7f7d
7b7c
7c7c
7e7d
7c7b
7c7a
7c7b
7a78
7a7b
7c7b
7c7c
7c7b
7b7c
7c7c
7c7c
7b7c
797b
7d7c
7b7c
7d7d
7e7e
7c7e
7e7e
7f7e
7e7c
7f7f
8080
8080
8181
8080
8080
807f
8080
7e80
8180
7f7f
7e7d
7e7e
7e7e
7f7e
7f7e
7d7c
7c7d
7c7b
7c7c
7b7c
7c7c
7c7c
7c7b
7a7a
7879
7b7a
7a7a
7a79
7a7a
7c7a
7a7a
7a7a
7a78
7a7b
7b7b
7c7c
7b7c
7c7c
7d7c
7e7d
7d7e
7c7e
7f7e
7e7e
7d7d
784f
0108
ce9e
cc62
949a
647d
a1c9
6894
9c88
928c
ac76
aa7f
8a7a
70a3
778c
6a7c
727b
896c
8454
775e
584f
4e72
727d
6d85
797e
7c68
896c
8281
7a8a
7284
7875
6f71
6f78
8473
8471
7c84
7b8a
7679
7476
7071
7270
7f74
8480
848d
868e
8687
8280
7860
2d47
899a
daab
3e4c
9c90
848a
818a
888c
8375
867b
8483
7579
646e
7c88
8a82
7e74
7d76
7d79
747e
6e78
7674
766e
6e70
767e
8272
7677
7281
7f89
857c
7d7c
7878
7a7a
7f7a
7c7e
7b82
7e80
807e
7f7e
8481
827e
7f7c
7e7f
7e81
7c7e
7f7c
807d
7b7c
7d7a
7e7c
7a7c
7578
7979
7b79
7c79
7c7a
7c7c
7c7a
7c7e
7876
7575
7671
7478
7578
7878
7a7a
7c7c
7a7e
8287
8d7e
6b6e
7879
7879
7c7c
7c7e
7c77
7a79
7a7b
7a7b
7c7d
7f80
7e84
8484
8684
8482
7f82
8181
8080
7f7f
8080
807f
8080
7f80
7e7e
7f7f
7e7e
7e7c
7d7c
7c7c
7b7c
7a7c
7c7a
787a
7978
7878
7879
7a79
7c7a
7b7a
7b7d
7c7a
7b7d
7e7c
7c7c
7d7c
5918
d901
da9c
40f4
02f6
29ee
92b8
86a6
ab8c
948d
9a86
4a5f
8870
6b97
9c88
8f92
8082
777c
767a
7464
676e
6e6b
6766
686b
686d
6a6c
6c6a
6f70
7077
6c78
7675
786e
7670
7172
6f6c
6e6b
6654
1efa
0cff
a901
ac9a
2ca9
2c12
8cff
55a2
dc47
be9c
9bdf
5030
ff44
d5a8
21f4
75ba
92b0
9eaa
7a9e
956f
9a62
8c5d
7a68
6470
4f76
6270
6062
7265
7e62
7e74
707a
6c7c
727c
4e01
84d6
01a5
6901
55c8
7085
6f2f
cc2c
a05a
848e
8088
767d
8c83
907d
8386
6e74
7580
600c
adcd
07cc
6d43
cb46
4e93
de59
a0a3
60a0
7596
9482
8591
8c8e
8d8d
8388
7f6c
1c99
ea34
94a8
4788
7580
887f
8199
8588
847d
7e86
9281
8a88
8889
8486
847e
735e
01c4
8ba4
5674
9456
aa50
672e
2bd8
3584
7671
9883
8892
8e8c
908c
878b
8986
8284
8380
807e
7e80
8082
8680
7f81
7f80
8082
8389
be88
54c4
8e8e
9f84
8e68
5ab7
a062
9482
7994
8686
918f
9698
9f9c
9aa0
9d9c
908e
8881
7c75
746e
6c62
6458
5046
4039
3438
3234
332d
3034
383c
3e44
4a4c
505d
6f72
7a88
919c
a4ac
b4c0
c8cc
d2d2
dada
d3d3
cdc6
c7c4
bbb7
aea4
9998
9492
8a84
7c76
7370
6866
6b64
6666
5d58
646a
6d72
6e6c
7377
7e86
888c
888a
8f98
9594
9291
8c88
8686
857e
7874
6d6c
6664
645e
5c5a
5859
5c58
5955
5d60
6262
646a
696c
7276
7c7a
7e7c
7c80
7f7d
8080
8281
8486
8486
8482
8480
7c78
7779
7478
7474
7171
7074
726f
7470
7472
7276
777c
7b7e
8081
8482
8887
888a
8a8d
8a89
8a8b
8c8b
8883
8580
8180
807d
7c7c
7b7a
787b
7b7a
7e7c
7f7d
7f80
8480
8282
8284
8282
8585
8283
8484
8382
8084
807f
7e7f
817e
7a7b
7d7c
7a7a
7978
7979
7676
7576
7476
7474
7677
7878
7979
797b
7a7c
7c7a
7a7d
7c7c
7a7e
7f7f
7d7a
7978
7a80
8481
807e
7c7b
7876
787b
7a7a
7979
7978
797c
7b7a
7a7c
7c7e
7c7e
7f7d
7d7d
7e7d
7f7e
7d7f
7f7e
7f7f
807d
7e7f
7e7b
7b7a
7978
7775
7674
7474
6f70
6e71
7372
7272
7472
7374
7474
7474
7475
7675
7779
7878
7979
7d72
4194
b81c
a27e
777e
6683
776e
7e7e
7b7f
7f7e
847f
7e82
7f7d
7c7a
7e79
7a89
8780
7880
7c80
8480
8a8a
8784
7e80
8384
8685
847f
868a
847f
8282
7f81
8281
8281
807f
807a
7a80
8480
7c7c
7e84
617a
9b76
8d9e
6686
7e83
8e7a
8488
8284
8582
8683
7f7f
7c78
8086
8482
8280
7f7f
7e7c
7e80
7c7b
7f7c
7a84
7e7b
7674
7d88
7c74
7377
7a8f
792f
af78
52a2
5199
5384
7a5c
7e7f
7c7a
7677
7b72
7076
7678
7b7c
807e
807e
7174
7a78
7e7d
7d7a
797a
7b7c
7c7c
7a7c
7e88
9ea0
846b
6578
8681
7e80
7871
6c6e
6f6e
7273
7678
7979
7c7b
7e80
8081
8284
8484
8688
878c
8a90
8f8c
8e8e
8d8b
8e8c
8c8a
8a88
8686
8484
8485
8283
8282
8181
8284
817f
827e
807d
7c7e
8180
8080
807f
807f
7c79
7978
7876
7878
787b
7b7a
7b76
7178
8188
7487
767c
7d7c
7f79
7d82
8081
8281
8282
8480
8282
8281
807f
8381
7c7b
8685
8182
827c
7e7e
7e7e
7c7e
7d7d
7d7a
7a78
7878
7a7a
7c7a
7a7a
7877
7676
7779
7979
7a7a
797a
7a78
767a
7e7c
7a7c
787b
7d7c
7e7d
7d7d
7e7e
7c7c
7b7a
7a7a
7c7c
7d7d
7d7d
7d7e
7f7f
7e7e
7e7e
7e7e
7f7e
7c7e
7f80
8080
7f80
8080
8080
8080
7f80
807e
807f
807e
7f7e
7d7e
7e7c
7d7c
7a78
7f7d
797b
7d7a
7b7c
7e7b
7e7f
7d80
8080
8180
807e
8081
8180
8180
8080
8080
8080
807f
807f
7c7f
7f7e
7e7d
7c7c
7e7e
7c7e
7e7e
7e7e
7e7c
7e7d
7e7e
7e7e
7d7e
7e7c
7980
827c
7f7c
7b7a
7d7c
7a7d
7c7b
7c7c
7c7b
7a7a
7a77
7876
7777
7776
7877
7778
7878
7876
7678
7676
7476
7776
7878
7879
797a
7c79
7a7a
7a7a
7c7a
7b7d
7d7d
7d7d
7d7f
7f7e
7f7f
807f
8080
7d7f
7f80
7e7e
7e7d
7e7e
7c7e
7e7e
7e7e
7e7c
7e7f
7e7e
7e7e
7d7d
7d7c
7c7c
7c7c
7c7c
787a
7b7a
797a
7979
7a7a
7c7a
7a7a
7a7a
7a77
7a79
797a
7a7a
797b
7c7c
7d7e
7e7f
8080
7e80
8180
8282
8281
8484
8484
8486
8484
8482
8385
8483
8382
8182
8284
8181
8281
8080
7e80
7f80
7e7e
7e7f
7e7e
7c7e
7e7c
7876
7674
7575
7574
7574
7375
7474
7474
7474
7474
7476
7778
7877
7877
7778
7878
797a
7a7a
7a79
7a7d
7c7b
7b7a
7b7b
7c7c
7c7d
7e7e
7e7e
7c7e
7f80
7e7f
8080
8080
8081
8182
8281
807f
8081
8080
8080
7d7e
7f7d
7e7e
7c7e
7d7e
7c7d
7d7c
7b7d
7c7c
7c7c
7c7c
7c7c
7c7c
7c7a
7b7d
7c7b
82c2
a33c
016c
a7ac
6246
5578
8e6a
7579
6370
7483
7e78
7876
7d76
7e84
8073
737f
848b
847e
7d7e
8484
8682
807f
7a7e
7f87
7f7c
7878
7c80
7d72
7c82
8680
7066
646e
7675
7473
7776
7370
7475
7879
7676
7474
7576
7574
7373
7675
7678
7c7e
8086
8887
847e
8489
8c8b
8c8b
8b8c
8b8c
908f
9090
8f8e
8d90
8f8f
908f
8e90
8e8d
8c8a
8a88
8987
8884
8485
8281
807e
7b7a
797c
7878
7878
7776
7577
7978
7676
7675
7576
7c7c
7d7a
7a77
7874
7375
7678
7574
7473
7474
7474
7676
7678
7676
7978
7878
7879
7c7c
7c7d
7d7e
7c7a
7a7a
7d7f
7e7e
7e7d
7d7c
7e7d
7f80
7e7e
8182
7f82
817f
8080
7e7d
7c7c
7c7c
7d7e
7f7e
7c78
7b7d
7d7d
7c7c
797a
7a7c
7c7a
7e7c
7c7c
7a7d
7d7c
7b7c
7a7a
7c7a
7c7a
7c7c
7c7c
7c7c
7d7d
7c7e
7e7c
7c7c
7d7c
7c7d
7e7f
7e7e
7e80
8381
8080
807f
8180
7d7f
7e7e
7e7d
7e7c
7e7f
807f
7f7e
8080
7e80
7e7e
7e7e
7e7e
7c7e
7f7e
7e7d
7c7b
7c7d
7c7e
7e7e
7f80
807e
8081
807e
7d7e
7d7e
7e7c
7e7e
7e7e
7d7e
7c7e
7f7e
7b7c
7c7b
7b7a
7c7c
7c7c
7c7c
7a76
777b
7c7a
7a7a
797c
7a7c
7a78
7a7a
797a
7677
7b78
7878
7678
7776
7876
7678
7675
7674
7375
7678
7575
7574
7474
7477
7678
7778
767a
7b7a
7a7a
7a79
787a
7c7c
7a7a
7c7a
7c7a
7d7f
7e7f
8080
8080
8084
8180
8282
8384
8483
8586
8387
8683
8888
8488
8886
8684
847f
8081
807e
7d7d
7c7c
7c7c
7c7a
7a7a
7a7a
7679
7b7a
7a7a
7b79
7a7a
7c7a
7c7c
7c7a
7c7a
7b7b
7c7b
7c7c
7c7e
7e7c
7e7e
7e7d
7b7c
7a7b
7d7c
7e7d
7e7d
7d7d
7c7c
7e7c
7c7d
7c7a
7b7b
7c7b
7c7d
7b7a
7a7c
7c7c
7c7e
7c7e
7a7e
7d7c
7b7d
7c7b
7a78
7c7a
7a7a
7877
7878
7b79
7a7a
7a7c
7978
787c
7978
7a79
7a7a
7a7b
7d7e
7b7e
7e7b
7c7c
7c7c
7a7a
7c7b
7c7a
7c7d
7e7f
7e80
807f
807e
7d7d
7e7e
7e7c
7c7c
7d7e
7b7d
7c79
7d7c
7c7e
7c7c
7e7c
7a7a
7b7b
7a7a
7b7a
7b7c
7c7c
7e7c
7e7e
7e7e
7d7e
8180
7f80
7f81
8280
8480
8080
7f7e
7e7c
7d7f
7b7b
7c7c
7978
7874
7476
7676
7678
777f
a38a
5ea4
9893
7474
848b
8b7e
7f80
7072
8995
8a82
8485
8170
797c
8886
8a6a
99c8
7f89
bb9e
9a82
9fa0
7796
8484
8870
6e6d
6871
6767
726b
6d74
6d75
6f6e
766e
7678
6c71
6466
6f71
6b6c
6c71
695f
646a
6b68
696e
6c6c
7577
716c
6462
6565
6a64
696f
7272
7476
7275
6f3e
2aac
b69d
7e4d
8c78
6d76
8a8a
747c
7e71
7274
8482
7579
8484
8886
8684
8086
8783
7d81
8382
8284
8689
7d6e
7178
7e80
7c7d
8083
828a
918c
8582
8a88
8688
8282
807e
7c7e
8186
8284
847f
8081
8486
898c
8c8c
8d89
8a8d
8a86
8688
8988
888c
8688
8684
8686
8587
8788
8a88
8888
8788
8486
8686
8483
827f
8383
8285
8989
817a
7c7e
8280
787c
7b7c
787b
7d78
7b76
7478
7a78
7474
7678
777a
7874
7b7d
7a7a
797d
7878
7e7c
7c7c
7a7a
7a78
7674
797a
7e7f
9c6f
4e5a
6686
789a
908f
8c8c
9793
8c82
8e98
9884
5e5c
707e
7a75
6f68
6c73
7574
7a7c
7c75
7274
7474
7276
7576
7874
777d
7b7c
8684
7b77
7478
7278
7e7d
827c
8683
7779
7984
8e89
8687
8481
8186
8b80
6c6a
778d
8d8a
8788
8784
8088
8086
8a86
8480
7e80
8182
7d79
7875
7576
7c80
8080
8187
8886
8581
7c7a
7878
7572
7470
6a6a
686c
6e74
7273
7174
7374
7878
7876
7474
7478
7c7a
726f
7779
7a78
7276
7375
7574
7678
7479
7774
7273
716a
6b70
7477
787a
7d80
7f82
7f7c
7c7c
7d79
7570
6e70
757a
8088
95be
8032
47a2
505b
d15e
608d
7aa0
8484
8475
8c86
7c7a
787c
7773
7a7a
7472
757c
827c
797c
7c7c
8080
7c7a
7d7a
7f84
888c
8882
7d82
8482
8485
8a88
878b
8886
8c92
8d88
827c
7878
7c7f
7e7a
6e7b
8989
8c87
817d
7e7e
7478
7c7e
7e83
7e7f
8987
827a
7c82
857c
7c74
767e
7c7f
7a7a
7f83
7f7f
8281
7c78
7c7c
787a
7b7a
7e7e
7e7c
8181
7d7d
8284
8181
807c
7c7a
7c7f
8080
7e80
8184
8687
8683
817c
7476
787a
7474
7876
7971
7578
7678
7976
7674
7778
7a7a
7c7c
7a7a
7b7e
7c82
7c73
716f
686a
6e70
747c
7e7a
7b83
8288
8472
797d
7c75
7476
7273
7674
737e
7f7f
7f7f
7f7c
7a77
787c
7d7e
7d7e
807f
8783
7a7b
8284
8181
817c
7a7c
8284
8482
8282
898c
8a8d
8181
8485
8684
8282
7f7f
807c
7f81
8080
8080
8180
8184
8180
8282
7e7e
7c7d
7b79
7a7c
7a7b
7c7e
7c7d
7c7a
7d7a
7a78
7979
7773
7472
757c
7c7c
8282
7e7f
8080
7e7e
817d
8081
8281
7e6d
4c42
648a
9086
8c89
8a83
7c88
8a8a
8d8d
8c8c
8988
8a88
8684
8282
8582
807e
7a75
746f
6c6a
6a6c
7071
706e
706d
6c70
7070
6f70
7074
7274
7676
7878
7677
7577
7676
7677
7879
7c7c
7872
7475
7674
7679
7a7a
7c7e
7f82
8284
8482
8283
8482
8183
8584
8384
8283
8079
7478
787a
7c7e
7e7c
7e81
8080
8082
8182
8180
807e
807f
7e80
7d7d
7d7c
7b7c
7c7b
7c7a
7c7c
7c7e
7e7e
7c7c
7e7f
807e
7e7e
7d7e
7f7d
8080
7e7f
8080
7f81
8181
8181
8282
8483
8482
8284
8482
8481
8283
8180
7e7e
7d7e
7e7c
7e7d
7e7e
7e7e
7d7e
7f7e
7e7c
7c79
7878
7678
787a
7e7e
807e
807f
7e80
8397
948a
8070
6c75
7e7a
7d7e
7c77
7978
7574
7475
7273
7576
787a
7c7c
7a78
7b7b
817e
7f81
8386
8884
8080
807f
7e7c
7576
7976
7a7a
807f
7e82
7c7e
7d7e
7f7e
7c7e
807f
7678
7a78
7578
787c
8a51
727a
6664
7075
7590
8e8a
8e91
8880
8484
7d82
8986
8884
888d
8278
727a
8582
7e7c
807f
7e7d
7a7c
7c7c
7d78
695c
5c60
5863
6c76
8486
908a
868e
9395
948e
8c8c
9191
8b88
898c
8a85
7766
5972
837c
838a
878d
8a76
747e
8178
756f
7074
7d79
767a
7678
7976
7a84
8882
7e7f
8281
8586
7b78
787c
7c79
7c76
7576
7376
776f
6c69
6a6d
7378
7e80
8488
8f94
8a8a
8a8a
8a86
7f7e
7d76
7876
7979
7a7c
7c7c
7a7e
7c7c
7c77
7a7b
7878
8298
9c92
7d74
7e82
7e79
777e
7272
6758
6067
6661
5c51
4c52
5e6a
7177
868a
8785
868a
8778
6d6c
7474
808a
9292
9699
9996
9da0
a39a
9195
9294
8d8a
8a86
867f
7876
7379
7678
7a7b
797a
7a7c
7676
7c7f
8280
7d7b
7b7a
7e86
8889
8684
807d
7e7a
7877
7671
7371
7070
6d6c
6d70
6f70
6d6f
7474
777a
7577
7b7d
8082
8380
7e82
7c7d
7c7e
7e7e
7c7a
7e81
7e7d
7e7f
7d80
8084
8484
8687
8786
8687
8585
8381
7e7b
6b6f
7c7a
7a7c
7c7f
827f
7e7b
7a80
8280
8181
8184
8182
8285
8486
8382
7f80
7e7e
7d79
7878
787a
7a78
7878
7a75
7677
7678
7676
787a
7d7c
7e7f
8082
8282
7f83
8585
8383
8484
8486
8888
8a8a
8986
8684
8585
817e
7e7c
7978
7674
7475
7676
7578
787b
7d7c
7d7b
7c7c
7b7a
7877
7676
7476
7474
7679
7878
787a
7878
7876
7575
7475
7472
7272
7374
7275
7879
7c7c
7c7e
7c7e
7a7a
7a77
7779
7878
7678
787c
7e7c
7c7e
8081
8484
7e7e
8184
827e
7a7b
7e7d
7c7a
7a7a
7877
787a
7b7d
7a7a
7c7c
7c7c
797c
7c7c
7e7e
7e7e
7c80
7f80
7e7c
7d7d
8080
8083
8082
7f80
807e
8281
8282
8284
9590
7e84
9284
8684
8282
817e
7f7e
7e7e
7e7d
7c7e
7c7c
7c7e
7c7a
7878
797b
7b7a
7b79
797a
7a7c
7a7c
7c7c
7c7a
787b
7d7c
7b7c
7c7b
7c7a
7c7c
7c7e
7c7c
7d7c
7e7d
7c7b
7c7d
818c
807c
8286
7c7e
7c7e
7c7d
7b7c
7b7a
7a79
7a7a
787a
797a
7a77
7978
7f7f
7e7d
7f81
7f7e
8080
7f82
8282
8280
7f83
8380
807f
7e7c
7a7a
7c78
7976
7876
7676
7779
797b
8380
7980
807c
7e7c
7e7e
7e7e
7c7e
7d7c
7a7a
7879
7d82
7c7c
7e7e
7c7c
7c7a
7b7b
7a7a
7979
797d
887c
7682
7c7e
8296
9667
97a8
6b98
5a80
6671
5560
685a
7256
6860
6069
6471
6472
6f8c
c265
52a7
8a7e
7e80
7e8a
7782
8084
8280
847e
7e80
a0bc
3f74
a471
7e75
797d
7872
7174
7474
7eaf
a22e
8e9c
a4cb
1592
9668
7479
707a
705c
6662
666c
7277
83cd
a60e
ba8e
6789
6c84
7f74
7899
ac5a
6694
8174
787a
7c80
8c95
6c69
897e
7479
7c86
968f
7180
868a
ad5d
5598
7274
7674
7c8c
a470
6788
7b76
7a75
7d80
7478
7a7a
7a77
7c7a
7b77
787a
7979
797a
8284
7c7e
7e84
8480
7e80
7f7a
7676
7777
8082
807c
7a7e
7c7c
7e7e
7d7d
7d80
7e82
8180
817c
7e7f
8086
8b7e
7a83
8380
807f
8081
8688
847f
7f80
7c7b
7a7c
7c7b
7c7b
7978
7877
7878
7678
7a7c
7c7d
7c7e
7f82
847a
7a7d
7c7e
7e7e
8086
8a7c
7c82
7e7f
7e7c
7f7e
7f7f
8084
8182
8282
807e
7a7a
7d7c
7c80
817c
777c
7c7c
7c7a
7c7c
7a78
7e7d
7c7b
7e7e
7c7c
7d7c
7e7e
7e7f
8080
7e7d
7d7e
7e7d
8680
796c
647f
8c80
7c77
746c
7077
8080
7e7c
7c76
7a84
7f7c
7e84
8284
7f7f
8386
8382
8080
827d
7c80
827c
7c7c
7a7a
7b7b
7978
7676
7575
7674
7676
7677
767a
7a7c
7d7c
7f7e
7f80
8080
8084
8482
8484
8481
8283
807e
7c7c
7877
7574
7477
7677
7778
7475
7575
7677
7878
7878
7c7c
7c7e
8182
807e
8081
8182
8282
8383
8284
8482
8282
8280
7e7f
7f7d
7d7e
7c7b
7c7c
7c7c
7c7c
7d7c
7c7c
7d7f
7f7f
7e7e
7d7d
7c7c
7c7c
7e7d
7c7c
797b
7b7a
7a7a
7979
7878
7c7a
787a
7878
7878
7979
7876
7677
7576
7674
7576
7676
7678
7677
797a
7a7c
7d7d
7d7e
7e7e
7e7e
7f7e
807d
7e7f
807e
7e7e
807e
7e7c
7d7c
7e7c
7c7c
7a7d
7d7c
7b7c
7a79
7a7a
7e7f
7f7f
6f6d
7a82
8784
807b
7973
6b72
8481
7575
7374
7f86
8482
7a79
7b7d
7e7d
8689
8079
7a7c
8285
8379
6a67
685d
5c6c
7b81
7f7a
7a75
6a71
8285
7a75
797c
807a
635b
6981
9595
8060
617c
8373
6b6e
7a7a
7570
707a
8486
827b
7274
898d
7c7b
868d
8b82
6a62
6871
7277
7f74
6767
747b
8183
8684
8082
8b86
7a77
7377
7271
7a82
7c7a
8593
8871
7277
6d66
676a
6c70
7e88
856b
5c61
778a
9493
8781
7d73
6061
7487
9597
867c
786c
5f5e
727f
7d79
7e87
9290
816f
5e60
6c6e
6c70
787d
8685
7e74
6a6a
757f
7c75
747a
7e7f
7f86
8272
6b7a
928e
756a
7276
7466
5c60
6d7c
8b8f
857f
8376
5e55
595d
6d82
9097
9282
706d
7b8b
939e
9a78
637d
9279
554d
5c5f
6078
9a9b
846f
6d75
8087
7e6b
6873
8188
817b
7c80
7463
717f
7f79
797b
9aac
8659
5b6d
6f73
7567
6679
8d90
9098
8965
6275
7d6c
647a
7f6d
7283
828c
9b94
7e72
6660
697e
7f73
868e
8683
8775
554c
617d
7f75
767a
7c86
897f
7c7b
6b6c
878f
716b
8b80
6276
8f7c
5858
7583
7c72
6658
6279
7e83
8c8c
7c59
4b6a
929c
9a8e
7d81
8e7d
6e7d
8285
8768
3f43
657c
8b9c
ab8d
6675
9ca3
744e
4e64
7579
777c
8d92
7d67
6a85
928c
7b64
5754
5a67
7686
8a87
8a81
7a93
936f
667d
9daa
9682
6b5d
5f61
6c87
8881
7a5e
5583
a07b
6793
ac85
5860
7c69
5364
8097
9876
5a62
6f7f
8282
8075
6a6c
7178
7b86
9892
807b
855f
3755
97af
9d91
5e2f
4c96
bb96
4e37
7383
6861
6d65
5b6e
8597
947f
7280
7462
81a5
834e
6a8f
837e
a6a8
6e48
74ae
9b70
7a75
4751
909c
5946
8ebe
9e66
5964
675d
758b
7d7d
9690
5750
847e
4346
8285
5d85
b6b2
a68f
644c
5d68
6d96
a775
5b75
8588
8c7d
5d6e
a2b8
a072
4e3f
4f6e
7072
8e97
7872
8d89
6e60
5a55
638e
b1b5
9877
6a62
6486
8c5c
67ab
bb78
4163
806d
7f73
3755
a199
5753
869f
7d51
6987
6255
7a8f
8791
a88e
4947
7e9b
7948
567c
8790
ac9c
6e69
9caa
5343
415a
9da4
a681
4f4f
9fa2
6576
9b50
3973
c49f
4254
abba
8c71
4b36
5f9c
884c
5ba1
b2ad
b38e
417e
b085
3f56
858b
9ea3
6d3d
5e92
845b
7fb1
a460
4989
a165
415a
81a8
a679
6188
9256
466c
9694
7e78
716b
7786
7c65
5e83
7e78
7880
807d
7a73
6f74
8291
9b96
6f5a
7e83
7c6a
7177
7e90
9873
4851
8a90
6373
a1ab
865d
445b
9c91
4f57
9eb4
875b
7b96
663f
62a1
a18b
855e
3e77
b287
467a
bca9
b3a2
6845
819d
6b35
476e
89b4
b261
3b92
c683
3949
9285
5d9b
a35c
457e
a2a7
9c66
3c47
4ca0
a56d
6a96
af93
867d
5c46
719a
8444
4884
ab95
858e
7e59
5b84
724f
759d
8d58
528f
a744
4256
8b69
7f6b
416e
b4b5
6c5a
838f
6461
6a75
94b2
b491
6852
5b5e
6d84
9076
7494
9275
6d70
543f
4b6e
9cb7
a774
5c77
8d88
8577
5e6e
a39d
7066
604e
5f8a
a6b0
b68e
5d7d
763c
4c5b
944e
5784
9e7e
7b8b
7861
616a
5766
93c0
974e
4f95
9957
446d
806e
95af
7e49
65a5
aa84
7d90
704f
77a7
8763
6f81
757a
9497
8970
5d62
6e64
6480
4a42
4389
bc82
3946
448a
9dac
9d46
484f
897b
808f
998a
797b
6e6f
6776
7e84
827f
7162
5c6e
9896
8565
5563
7c66
557f
a89c
6975
9c8b
5859
7881
8688
705f
615c
6980
94a7
a180
686c
8f96
7c7e
8a87
8988
7868
5c54
5762
798b
9288
6d66
7a91
907d
7779
7666
504d
6e9f
a17a
6586
ab9f
8c7d
5f43
4b5f
8884
827d
7078
8e84
7b8d
999c
9371
4b55
798c
8c84
7d7a
6657
6471
7b83
785b
5577
8f7b
627a
8d70
6c8c
8b6f
697a
7d7e
8887
7e79
7774
7d7e
654d
5271
8785
858e
8875
7b81
6b60
6471
7c91
9c8e
8283
766a
7d7d
6768
7c77
6562
849a
918f
8e7c
6766
7474
6e6e
5f58
7eab
9f7d
787a
7d80
7364
7081
7d7b
8088
8275
696a
7c88
8176
6d6e
8099
9b7e
605e
5d50
5274
9082
6473
97a0
948b
7e6e
6f7f
9297
9283
6f5d
5956
5c74
8380
838e
8c7e
6e62
5c65
7277
726c
728b
947e
6b70
8087
807e
7e7a
7574
7b7f
776b
6a73
7e84
877e
7871
6c6e
6d62
5c6d
808f
9388
7f79
7c7f
7460
5e6b
777c
8595
9788
7663
5f70
7e80
8791
958b
7a63
5b68
8289
7f72
6b6b
6667
6a77
7371
8494
887a
7b81
7c70
7276
7575
7b84
8c83
7f83
8583
807c
746a
6673
7f79
7172
6962
6880
8b8d
887b
7c89
8d76
7179
8286
857c
706f
747a
7a70
6a73
807f
645e
7b95
9684
6b5c
6077
817d
7975
7984
8373
6973
7a7a
7e81
7c6e
5d5c
6768
6977
8385
827d
7a7a
7f88
877e
7d7d
7b79
7981
8585
8175
7375
867d
4a6f
ada9
6239
4c7d
9788
7a87
9790
7d81
8e7d
6e7d
8285
8768
3f43
657c
8b9c
ab8d
6675
9ca3
744e
4e64
7579
777c
8d92
7d67
6a85
928c
7b64
5754
5a67
7686
8a87
8a81
7a93
936f
667d
9daa
9682
6b5d
5f61
6c87
8881
7a5e
5583
a07b
6793
ac85
5860
7c69
5364
8097
9876
5a62
6f7f
8282
8075
6a6c
7178
7b86
9892
807b
855f
3755
97af
9d91
5e2f
4c96
bb96
4e37
7383
6861
6d65
5b6e
8597
947f
7280
7462
81a5
834e
6a8f
837e
a6a8
6e48
74ae
9b70
7a75
4751
909c
5946
8ebe
9e66
5964
675d
758b
7d7d
9690
5750
847e
4346
8285
5d85
b6b2
a68f
644c
5d68
6d96
a775
5b75
8588
8c7d
5d6e
a2b8
a072
4e3f
4f6e
7072
8e97
7872
8d89
6e60
5a55
638e
b1b5
9877
6a62
6486
8c5c
67ab
bb78
4163
806d
7f73
3755
a199
5753
869f
7d51
6987
6255
7a8f
8791
a88e
4947
7e9b
7948
567c
8790
ac9c
6e69
9caa
5343
415a
9da4
a681
4f4f
9fa2
6576
9b50
3973
c49f
4254
abba
8c71
4b36
5f9c
884c
5ba1
b2ad
b38e
417e
b085
3f56
858b
9ea3
6d3d
5e92
845b
7fb1
a460
4989
a165
415a
81a8
a679
6188
9256
466c
9694
7e78
716b
7786
7c65
5e83
7e78
7880
807d
7a73
6f74
8291
9b96
6f5a
7e83
7c6a
7177
7e90
9873
4851
8a90
3149
486c
8865
888b
896e
7555
6471
649c
b391
7892
a0a9
a9a6
6945
6384
8c92
916e
653a
4441
3b41
4a8c
a2ab
846e
6574
9881
7877
4a74
a28b
6867
97a9
adaa
b0a5
9198
7b58
5259
5659
463b
4755
5a69
7968
7e98
9f8c
8999
8678
98a1
9a8b
594f
4a4b
5367
889e
aab0
adab
a997
918c
752b
473e
336a
8877
576d
6c82
8a7c
7888
8a94
9780
848e
8d92
7040
3d46
3856
93aa
b9ae
92a4
b4b6
907c
7f77
7b58
2a53
3343
4762
616b
99a0
b28f
8c87
9289
7764
556b
6e69
6567
5a6f
7b97
a892
7686
b3ac
a99c
8a81
7e60
434a
4348
4f7e
bd91
9f8d
6160
6e7d
95a6
8e9d
9773
6c4c
3a4c
4144
4a6a
bec4
b5cc
baac
8a6d
4255
4e47
697e
795f
648e
a7a0
8f64
3d43
6f8f
b3c4
c5b6
9961
2c53
253d
4361
cca9
cca9
8d9c
9467
3d64
8dbb
ba95
4c3d
6387
263d
4e2c
bcb8
8655
5174
9e93
89d0
cc01
3775
012e
5bac
a125
4948
4355
b1d7
c0d3
4c1b
6d5f
e38e
8965
3937
62e7
b278
2853
409b
a7d4
e5a0
876a
7612
5c26
366f
c559
f5f5
283a
3657
b9e8
889a
46c8
7b3f
a773
026b
2e45
f9b3
be88
055d
39bd
9ab4
9006
2f2c
d9a5
026d
f6cc
3956
b954
1085
927a
b6e9
c6b2
1949
4732
69d0
7b05
7b40
e1ad
4a3c
c4ae
2da7
cc6d
22a8
ab37
4046
2ccb
c21b
5061
78cc
d836
64b6
56a6
9c14
86c4
299a
f400
2fd7
803b
6138
3088
c77e
54ac
645c
a95a
086c
e2d6
d163
43ad
c262
5d3a
89b6
8ad9
7912
8fde
7c33
5a6f
3739
6fe5
ad73
4030
6594
b341
3d9c
e3b5
a960
6a27
6bde
4735
c2af
2077
b499
8141
5dc5
0404
7c13
dcf4
5cb8
ab1f
3067
7bef
c7cb
1f66
2e90
f6aa
ac26
5324
4e35
e5ce
961d
2960
51a0
a7da
c6e4
8711
5f2a
3af4
f4bc
3841
265e
74a0
7e9a
7566
395e
b3b8
8b52
505b
3963
9c55
61b8
bb59
3e7b
90a0
ac9e
718e
b36f
2054
85a4
555f
4829
5496
d245
499d
decd
8647
4d6b
4572
bfa9
5b5f
6935
3449
dcd1
4577
6247
42de
c684
9484
4b9b
d802
4040
9566
68e0
8067
4475
6aa7
ae6e
4c38
3f91
c27d
5e40
91a0
5059
bdb6
80b2
c460
1172
14f5
e18b
d8b3
6115
6e12
4646
69e9
5581
c401
3f9d
ae57
6686
0935
359b
ccc3
6f5b
2539
362e
85e2
b96c
629d
0442
4599
1624
5815
e503
78c9
55c6
5a3a
44ee
956f
b07c
7559
95a8
702c
3e74
8732
a2ea
a26d
6917
0f62
2487
c463
d3b1
0236
6424
b075
c7b1
819f
9330
3073
8aa2
c085
0969
88bb
5f76
5627
4d57
ee8a
977f
9b83
8db2
8163
205f
92a5
7981
4551
9fb3
7863
8b8b
8e48
4380
b768
75b3
9c4f
3358
66c5
c9a5
7373
781c
453a
4098
89ce
c884
115e
5621
4a6d
a89a
87ba
b640
3b84
9289
a7ad
6f2b
4e45
9a87
58a7
b395
5a58
2d4a
8ca4
906a
6a8c
8f51
6990
967b
6063
a3c7
a9a9
2b42
4c25
5f9b
ac8d
987b
a668
334c
758e
8994
a0b7
814b
326d
b291
5e8a
9e75
6457
6a55
3a87
d4b0
6c32
514f
366d
a6c7
bfbc
783e
3a52
7b90
a292
b5e1
ab4d
3f99
7315
597d
ac6c
546d
a980
4460
5860
5a7c
a3c0
a06d
575e
899d
9c97
7a44
547d
7a66
686f
9998
5d68
926b
386b
9976
4a65
8b8c
8d91
8388
a0ab
a681
5b3c
5e9f
7847
587e
999c
6c54
657d
8763
5286
a084
9173
4c49
66b4
b891
98b3
7f4e
565b
7b8c
7da1
ac5d
3870
8468
8a68
3161
bc98
5b78
846c
6d9d
9a85
7678
6c49
4e77
baab
8592
9c68
495c
7f97
8379
6d6e
7171
8599
8775
8893
8690
7b61
7977
6c5b
4563
855a
4e6a
7b89
695c
7796
8093
a882
5445
657b
717c
bfbd
8e65
5c73
8780
8081
6074
7b59
6e8a
5a3f
727e
7375
6b64
87a3
8f6b
7089
8785
a692
636b
8494
8e58
3964
916c
648e
8471
897e
5a81
a797
847f
6666
8186
766d
747b
869a
7c51
82aa
9480
7073
8252
3c6f
5b37
7baa
9789
7a70
6468
9db5
9389
9c9a
6e5e
6970
575e
7d72
787f
9281
677f
7b47
63b6
964a
4d81
7c56
6d87
6667
8e7d
7a9b
987e
7877
6b60
6081
8855
4c61
6f71
7a76
797c
7e80
7a97
aea9
a69f
8c75
5f64
675d
686c
6468
93a8
8e62
5257
5f7b
808e
ad96
4f39
5054
557c
b1b9
b4a3
8d7b
6e7f
7c73
8c9a
756e
8c88
5847
5d69
676d
7d8b
9494
806b
6c5f
6082
9271
5e6c
7071
8289
7066
7ea0
998d
9992
7879
8c79
5c6e
888b
9083
7668
637b
8279
8b82
6478
746b
7e75
80a3
7e53
4e46
5a7b
7986
8d7c
7670
676d
819b
9b85
7c87
9373
585c
5f5c
7d9c
704e
687d
6c6b
6d6f
7c7a
8089
786c
7d8f
8374
6e77
7c80
826f
7789
826e
6f7a
7c80
8b8e
908e
756a
624c
5871
7688
948c
808a
8b8c
8470
6d83
9a8b
8d90
7e78
8078
6a63
515c
797c
7e8f
855b
5b6b
5764
797b
6f8a
a7aa
8762
6d65
5d8a
b495
8182
766a
7e7f
0000
6474
8591
999e
a1a1
9f9a
928a
847f
7b77
7878
7a7d
7f7f
796c
5e56
514e
4f58
6e87
96a1
a7aa
aba6
9d91
837a
726d
6c6d
7177
7f85
8a8b
8475
6356
4d48
4850
6b8a
9ba8
afb4
b2aa
9a87
7a6e
6766
676c
747a
7f85
898b
8c89
806f
5e51
4944
4550
6f91
a3b0
b9bc
bbb1
9e8b
7b6c
625d
5b5c
6169
7480
8c95
9a99
8b71
5c4c
423f
4970
97a9
b6bd
bdb4
9c83
7063
5a56
575b
646e
7984
8d95
9ba0
9c8f
7459
473b
363f
6b9a
adbc
c2c1
ab86
6c5a
4e4a
4d58
6779
8690
9698
9999
9994
866f
5440
322e
3866
99b0
bfc6
c4af
8768
5446
4145
5166
7c8f
9ba2
a29f
9994
8a77
5a41
3127
2b56
97b1
c3cd
caa9
7558
453d
4255
6f82
8e95
9895
8f89
868a
8c85
6e4f
3828
2434
7dad
c1ce
cd9f
644c
3d3f
5c82
98a0
9a8b
7b71
6f75
808e
9ca1
9774
4f34
211c
398c
b6cb
d8d3
9a5e
4434
3a65
90a5
ada2
8971
625c
6272
8597
a5a6
926a
432a
1a1a
4e9e
bfd3
d6a8
5f43
323c
75a4
b6b7
9a71
584d
556d
899c
a9af
ac94
663e
220f
114e
a8c6
dbe1
bc65
3f2a
367a
aab9
b387
5c48
4862
849a
a5a9
a595
754d
2c11
0619
7cbb
d5e5
d580
482e
2851
8eab
b29e
785c
535e
7e98
a6ac
aba2
8a63
381a
0505
46af
cfe5
e9ae
5739
273d
7eaa
b39e
7155
526b
8ca3
a8a1
9893
8868
3a1b
0502
38a9
d1e9
eda7
5238
305e
9db5
b599
725b
5a73
8b94
918c
8f9a
a294
6230
1100
096d
c2de
efcc
633b
2d54
97af
af99
7f6f
696a
7179
7f81
8591
9ba0
9c7c
4821
0600
249a
cee8
ea9d
4e35
3465
9db4
b49f
806a
6065
727e
878c
939d
a39a
794b
270e
0423
96d2
ebe6
8d4c
3d4b
6e8a
9fa5
9880
6d66
6a76
838a
9199
a1a6
9a71
411d
0705
47bd
deef
bf61
4d56
6a78
8896
9484
756d
6f7a
858d
9097
a1ac
aa7f
431c
0400
27a5
daef
dd7a
5155
6e7a
858e
8e85
7a70
6c74
848c
8a8b
96a4
a993
5b2b
0d00
1381
d0e8
e28a
5a61
7177
8693
9085
7c79
7775
7a80
8282
8996
a4a8
8f58
2c0f
010b
66c8
e2df
8364
6d62
6084
a09c
8a84
8079
7173
7b7d
7f87
949e
a6a0
713a
1f0f
1141
b4dc
e8ad
6867
6759
658e
a19c
8d82
7971
6e75
818b
8a8c
9aa4
996e
3a1c
0a08
42b9
dfea
a866
6b69
5c68
8a98
9286
817b
7271
7a85
8b94
9795
9e8f
5426
0e05
1988
d4ea
db86
6a66
5f6a
8899
9181
7d7d
7873
7a87
8a8b
93a0
a38c
582b
0f03
116d
cae5
e89d
6a71
7a74
7786
8c86
7f7d
7a76
777d
8283
868d
979b
8a58
2a0f
0419
7dcc
e5e4
9c64
617b
948f
7d78
848c
8374
6f76
7f7f
7c83
929c
9a83
5b32
1201
0d65
c4e0
e3a1
756e
636d
8a97
897d
8185
7e76
7173
7a7e
8490
9a98
8663
3a1a
090d
55bc
dfe9
b378
706a
6574
8a8f
8884
8683
7974
767d
8185
8e98
9882
552b
1207
1f87
cce2
dc9d
7a71
6667
7b8b
8981
7f7f
7b77
787c
8186
8d97
9984
5b31
1508
1672
c6e1
e6ac
7b77
726d
7684
8c89
837f
7a75
767b
8187
8d91
9084
683f
1f0c
0f49
add3
e3cb
9e8b
7d6f
7280
8787
8787
8177
7272
7679
7d89
9494
886c
4320
0d0d
40a5
cfe1
cd8f
7679
8082
807f
8286
887f
7772
7479
7d80
8287
8e8e
784f
2912
0d33
96c9
ded8
a884
7671
7781
8683
8182
7f79
7475
797c
818a
9494
815c
361d
0f1a
61b5
d3e3
ca93
766c
6d77
8184
817f
807e
7974
767e
868b
8e8e
8267
4020
0f11
4daa
cee2
d7a6
8172
6e74
7c80
8180
7f7d
7976
777b
8188
8c8b
8268
462c
1a19
4094
c3da
d8b6
9281
7771
757d
8284
817f
7d7b
7978
7a7c
848b
8b81
6642
2514
1440
9ac3
d9d8
b690
7f76
7175
7d82
8380
7e7c
7977
7878
7b84
8787
8168
4527
1513
3c98
c3da
dcb9
907f
7774
767e
8584
817f
7d7a
7877
797c
8489
8777
5633
1c11
1e68
b0cb
dbd1
a685
7a74
7578
7f83
827f
7d7b
7778
7879
7e86
8882
6c47
2816
1337
8dbd
d4db
c497
8078
7475
7b82
8481
7e7d
7c79
7779
7c84
8988
7a5b
3922
171f
5ca5
c4d6
d6b3
8a7b
7775
767c
8283
7f7c
7c79
7778
797d
8587
8271
4d2e
1b16
3280
b4cd
dbcf
a484
7a78
7679
8084
817f
7d7c
7977
797c
8288
857a
5f3e
2618
1f52
9cbf
d4da
c393
7d79
7878
7a80
837f
7d7b
7977
7878
7d84
8680
7152
331f
1a30
76ad
c6d7
d6b3
887c
7977
787d
8381
7f7d
7c79
7778
7a81
8783
7b63
4128
1b20
4d95
b7cd
d9cd
9e80
7a79
7778
7f84
7f7b
7c79
7778
787c
8285
8072
5436
231d
3071
a5bf
d2d8
c091
7b79
7876
7b80
827e
7c7c
7977
787a
7f86
837a
6545
2c1e
2047
89af
c4d5
d4af
8479
7877
767c
817f
7c7b
7977
7677
7b81
847e
7257
3c29
202d
649b
b4c8
d5cc
9d7c
7879
7879
7f82
7f7d
7c79
7776
7a7f
8482
7966
4830
2324
4580
a3b9
cdd5
bf8e
7b79
7877
7a80
807d
7b7a
7876
777b
8184
7e72
5a3d
2921
2d61
95ab
c0d1
d2ae
8279
7a78
787c
817f
7c7c
7b77
7778
7e85
837a
684c
3123
233f
7a9d
b0c5
d5cb
9d7c
7778
7679
7e7f
7c7b
7a78
7676
7a81
847e
705b
3f2b
2531
608f
a2b5
cbd4
bd8b
7878
7877
7b80
7f7b
7b7b
7776
787d
8482
7967
4d35
2727
4177
96a4
bbd0
d1ad
8277
7877
787e
7f7c
7b7b
7976
7779
8084
7e71
5b41
2d26
3360
8a98
a8c3
d3c9
9c7d
7878
787b
807f
7c7b
7c79
7778
7c82
817a
6a51
382a
2745
7891
98ad
c9d1
bc8e
7c78
7778
7c7f
7d7b
7c7a
7876
7a80
847e
715c
4331
2935
6189
9198
b5cd
cfaf
8477
7777
7a7e
7f7d
7b7c
7a77
787c
8283
7a69
4f38
2929
4678
8f8e
9dc0
d0ca
9f7d
7573
767c
7f7d
7b7b
7b78
7678
7f85
8172
5d44
2f27
3361
8a8f
8ca9
c8d1
c091
7a74
757a
8081
7d7b
7c7b
7878
7c82
837b
6950
3a2b
2a49
7d91
898d
b5ce
d0af
8577
7475
7b80
7f7b
7b7c
7977
787f
8480
725b
4331
2936
668e
8d7f
96c1
d0c9
9f7e
7676
787e
807d
7b7c
7b79
787b
8284
7c6a
523b
2c2b
477e
9386
7ca1
c6d0
c195
7a71
7279
7f7f
7d7b
7c7b
7778
7d85
8374
5f46
332b
3869
9291
777e
afca
ceb2
8775
7175
7d80
7f7b
7c7c
7b79
7b81
847d
6b53
3c2c
2c4d
8396
846f
8cbc
cec9
a27f
7574
7a7e
807d
7b7c
7b79
797d
8482
755f
4735
2b38
6793
9577
709d
c3ce
c195
7a70
717a
8181
7d7b
7c7b
7a7c
8285
7d6d
543c
2e2f
5289
9d87
6879
b2cc
d0b2
8673
6e75
7d81
7f7b
7c7c
7a7a
7f85
8376
5f45
312a
3a70
9b9d
7862
87bd
d0cf
a87f
6d6b
767f
827f
7b7a
7a79
7c81
847e
6c51
392b
2c4e
8ba3
9063
639a
c6d2
c699
776a
6d7a
8181
7d7b
7a7a
7a7e
8584
7961
4631
2835
6b9e
a47c
586c
afcd
d3bb
8a70
6a72
7e82
817c
7b7b
7c7c
8286
806f
543b
2b29
4c8c
a899
6354
81c0
d3d2
ab7f
6c69
747f
827f
7b79
7a7a
7d82
837a
674d
3a30
396a
9aa7
865a
5c92
c3d0
c89c
7667
6a77
8181
7e7a
797a
7c80
8581
7156
3b2a
2746
89ac
a56f
4f62
a7cb
d6c3
906f
646c
7a84
827d
7977
797d
8484
7b66
4932
2731
68a1
b192
594d
78ba
d1d4
af81
6966
7280
8581
7d79
797c
8186
8272
583c
2a27
488b
b0ac
744c
5293
c6d5
cd9e
7566
6876
8283
7d79
7778
7d82
847d
694c
3224
2d62
a0b6
a263
485c
a6ce
dac7
946f
6268
7a85
857f
7b78
7a80
8683
755b
3e2a
2442
86b0
b584
4f45
72b8
d2d6
b381
6763
707f
8482
7c78
787c
8284
7e6b
4f34
242a
5c9f
baaf
6f46
4787
c4d7
d6aa
7861
6171
8288
847d
7978
7e85
8578
5f40
2820
3980
b1bd
9754
3f53
a3cd
dccb
976d
5d64
7786
8881
7a77
7a81
8682
6f52
3423
285b
a0bd
b675
463e
70bb
d5db
ba81
645c
6b7f
8888
7f78
797e
8586
7a62
4128
1f37
7eb3
c1a1
583a
418a
c5da
d7a9
755d
5b6e
8289
847d
7879
7f86
8372
5436
2225
529b
bec0
8749
3751
a5d0
dfce
956a
5a61
7686
8a84
7d79
7c82
857d
6646
2c1f
2f73
b0c5
b367
3d34
6cbe
d8df
be83
6258
667c
8888
8079
787e
8683
7457
3722
224d
99bf
c794
4d34
3d8f
c9dd
d9a6
725d
5b6e
838b
8980
797b
8286
806b
4a2d
1e2c
6cae
c8bd
7641
2f4d
a6d1
e0d0
986a
565b
7285
8b86
7d79
7c82
8478
5e3e
2622
4691
bfcc
a65a
3630
6cbd
d8e0
c084
6055
637b
8a8b
837c
7a80
847f
6e4e
2f1e
2765
acc9
c684
442d
3a92
cbe0
dba7
705a
566b
828b
8880
7a7c
8283
7960
4026
1f40
8ebf
d0b1
6137
2855
b1d5
e4cd
9066
5760
7788
8b85
7d7b
7e84
806f
5131
1e26
60aa
c9cd
914a
2d2c
78c3
dde2
b97d
5d54
647d
8a89
817b
7c80
8379
6240
251c
3d8b
c0d3
bb6b
3823
3f9f
d0e4
d99f
6f59
586e
838a
867e
7a7d
817e
6f52
321d
215c
a9cb
d19b
4f2b
2260
b9d8
e5c6
8860
535e
7787
8982
7c7c
8081
7b63
4227
1b36
83be
d4c7
7a3f
242e
87c9
e1e2
b277
5b55
677f
8b89
817c
7e82
8071
5534
1f20
54a4
cad6
aa56
2f20
49ab
d4e6
d497
6754
5a71
868b
867f
7d80
837b
6544
291b
317e
bed6
ce84
4124
2370
c2dd
e6c1
845f
5461
7b8a
8b84
7e7e
8280
7357
361f
1f50
a2ca
d9b6
6032
1d35
97cf
e4de
a870
5754
6a81
8a89
817e
8182
7c68
472c
1d2e
7abd
d5d4
9047
261b
55b5
d7e7
cf91
6554
5c74
878b
867f
7f81
8073
5838
201c
479b
c8da
c16e
371d
257b
c5e1
e6bd
7e5d
5363
7c89
8983
7f80
827c
694a
2d1d
296e
b5d4
d9a1
512c
193c
a0d0
e5da
a26f
5958
6d84
8a88
8280
8280
745c
3a22
1b42
96c8
ddcb
793b
1e1b
64bd
dce7
ca8b
6254
5e76
878a
8581
8182
7d6b
4e2f
1e29
6ab2
d4dd
ab59
2f19
2e8d
cae3
e1b2
785c
5567
7f89
8983
8182
8075
5d3c
211a
3e91
c6dd
cf83
4221
164c
acd5
e7d6
9a69
555a
7084
8a88
8381
817c
6d51
301d
2561
afd1
deb7
6533
1a20
73c1
dde5
c185
6054
6078
8889
8583
8381
755e
3d23
1936
89c2
dbd6
944a
2514
389b
cee6
e0ab
7459
5668
808a
8985
8382
7d6e
5234
1e22
59a9
d0df
c271
3a1c
1759
b3d6
e7d1
9569
575c
7284
8a88
8483
8178
6242
271a
3381
bfdb
dba1
552b
1426
80c4
e0e6
bd80
5f54
6279
8889
8684
837d
6f54
361f
2054
a6cf
e0ca
7e41
1f13
44a5
d0e5
d9a3
705a
596c
8089
8886
8481
7762
4327
1a2f
7bbe
d9dd
aa5b
3117
1c6b
bcdc
e7c9
8c64
5660
7585
8a88
8684
7e70
5636
2121
51a3
cfe1
d084
4522
1334
92cb
e3e2
b37b
5d56
677d
898a
8886
8378
6447
2c1e
2f76
b9d8
deb2
6536
1916
56ae
d4e7
d69b
6c57
5a6f
8389
8987
847e
7057
3923
214b
9bca
e0d5
934e
2813
257a
c0dc
e4c2
8762
5660
7685
8a88
8783
7966
482c
1c29
6bb3
d5df
be71
3c1d
133c
99cc
e4de
ad76
5b57
677e
898b
8988
8172
5a3a
2320
4596
c9e0
d99c
562d
151a
63b4
d7e8
d096
6b58
5e72
848b
8c8a
857c
684a
2d1d
296b
b4d5
e1c3
7942
2013
3188
c5df
e2bb
815f
5661
7887
8c8c
8981
7259
3c25
2144
94c7
dedb
a45c
3319
174d
a7d1
e6db
a371
5958
6b81
8b8c
8b87
7d66
482b
1b25
65b0
d3e2
c981
4826
1526
71b8
d8e4
c98e
6557
5d73
858d
8e8b
8374
5a3d
251d
3f90
c6df
e0ae
673a
1d15
3a91
c6e0
e2b7
8061
5864
7b89
8e8d
897e
6a4f
311d
235c
a9d0
e1cf
8e53
2f19
1d58
a9d0
e3d5
a070
5b5b
6c82
8c8e
8d85
765e
4028
1f3a
87c0
dbdf
b671
4121
142c
7abd
dae3
c48c
6657
5d73
868f
8f8a
806b
4f31
1d21
55a4
ccdf
d397
5833
1b17
4498
c7df
ddb0
795d
5865
7c8b
908f
8778
5f41
281e
3783
bed9
e0bb
7846
2615
2264
b0d3
e3d2
9a6c
585a
6e83
8f92
8e82
6d50
321e
2155
a4cd
e1d5
9c60
391e
1634
83be
dbe2
c088
6558
6177
8891
918b
7a62
422a
1f32
79b9
d6df
c082
4f2f
1a1e
4f9d
cbe0
dbac
795e
5868
7e8c
928e
8370
5335
2020
4d9c
c8dd
d7a6
6941
2417
296c
b2d3
e0cc
986e
5c5d
7185
9093
8c7d
6546
2d20
3174
b5d4
e0c8
8a57
341f
1c40
8bc0
dbdf
ba83
6357
6178
8a92
9187
7255
3723
224c
9bc7
dcd7
aa6f
452b
1c24
59a3
cde0
d6a4
765d
5b6c
828f
948e
7f66
462c
1f31
75b5
d4e0
c88e
5b39
221c
3275
b5d4
e0c8
916a
5a5f
7588
9494
8974
5738
2321
4894
c4da
d9af
764c
2f1e
2145
8ec2
dbdd
b682
6359
657b
8e96
9282
694a
2f1f
2b6a
b0d0
e0cd
9864
4128
1c26
5aa3
cde0
d5a3
745d
596c
8394
978d
785a
3b24
1f43
90c2
d9db
b67e
5436
231f
3677
b4d4
e0c7
916a
5a61
768b
9694
856c
4c30
202b
66ad
cfde
cd9a
6947
2f22
244b
92c3
dbda
b07e
6159
6880
9298
8f7a
5c3e
2620
428e
c2da
dab6
8059
3d2a
222e
63a8
cddd
cf9d
715d
5c70
8795
9588
6e4d
3120
2761
abce
dfd2
a16e
4e35
2523
3a7d
b9d6
dfc3
8b67
5961
788f
9892
7f61
4028
203c
88be
d7d9
ba86
6044
3024
274f
96c5
dcda
b07d
6159
6882
9498
8c74
5335
2328
5ca7
ccdc
d1a3
7254
3d2c
2530
63a8
cede
cf9c
705b
5c71
8a97
9583
6543
291e
357f
bad5
dcbf
8d65
4c39
2a26
3c7e
bad6
debf
8b67
5b64
7c92
998f
7655
3723
2557
a3ca
dcd3
a778
5a43
3329
2b51
99c5
dad5
aa7a
605b
6e87
9797
8567
442c
2036
7fb9
d3db
be8d
684f
3c2e
2734
6cad
d1de
ca97
6e5b
5f77
9099
917a
5737
2223
56a3
cadc
d3a7
7a5d
4838
2b27
4387
bdd7
dbb8
8363
5a67
8295
9887
6946
2c1f
347d
b9d3
dbc0
8f6a
5344
352a
2e57
9eca
ddd3
a475
5e5d
708b
9893
7c5a
3924
2451
9fc8
dbd3
a97d
614f
4132
2934
6db0
d1dd
c895
6d5b
607c
9499
8d6f
492d
1f2f
74b5
d2db
c294
6f5a
4c3c
2d28
4186
bfd8
ddb9
8463
5a69
8698
9782
5f3f
2722
4c9a
c5da
d4ad
8066
554a
3b2c
2d56
9ec7
d9d2
a274
5e5e
758f
9a90
734f
3020
2d6f
b3d1
ddc5
9672
5e51
4533
2835
71b4
d3de
c68f
695b
6580
9497
8362
4029
2348
95c5
dad5
ad81
665a
4f40
2f29
448c
c2d8
d8b0
7d61
5c6f
8a98
9075
5133
212b
6bb0
d0db
c596
7261
594d
3c2c
2f5c
a5cc
ddcf
9e70
5d61
7b91
9787
6744
2f29
478f
bbce
cdab
856f
655e
5342
3742
75ae
c8d1
b888
655a
6682
9492
7954
3422
2964
adcc
dac6
9875
635d
5544
302a
4891
c2d8
d6ac
7a60
5d72
8c97
8a69
442b
2440
8dc0
d7d8
b285
6c61
5e51
3c2a
2e5f
a8cd
ddcd
986e
5d63
7d94
947e
5938
2327
5eaa
cdda
c999
7465
615e
4e36
2939
7cb9
d3db
bc86
675d
6d88
958c
6d48
2d22
3a86
bed6
d7b4
866c
6363
5b45
2e29
4996
c5da
d5a9
775e
6077
8d93
815c
3924
265a
a9cc
dbcb
9b76
6663
6253
3b28
2f66
afd1
deca
936d
5d67
8294
8f72
4b2d
2137
82bd
d7da
b786
6c63
6661
4b32
263a
83be
d7db
b67f
615b
708a
9383
5e3a
2424
56a6
cbdb
cd9c
7464
6568
5d42
2b27
4e9d
c9de
d4a3
725d
617b
908f
754d
2f21
357f
bdd7
dcba
866b
6469
6955
3827
2e6a
b3d2
dec5
8c68
5c6a
8692
8563
3f27
2451
a2ca
dbcf
9e76
6767
6e66
4b30
263f
8bc4
dbdc
b17d
6362
768c
8e77
5131
2132
7bbb
d5dc
bb88
6d66
6d70
6041
2929
57a5
ccdd
cf9b
6f5e
667e
8e86
6641
2824
4f9e
c8db
cf9e
7667
6972
6d54
3627
3376
b9d6
debf
8867
5f6f
878c
7853
3324
3175
b6d2
dbbb
886c
666e
7567
472c
2443
91c5
dbd7
aa77
6162
788a
8568
422a
254c
9bc6
d9d0
a075
6467
7474
5c3b
2527
5dac
d0df
cb94
6c5e
6a81
8a79
5432
202d
72b7
d4de
be89
6b65
717a
6f51
3123
3680
bed7
dcb7
8164
6174
8685
6944
2a24
4a99
c6d9
d0a1
7564
6876
7b66
432b
254c
9eca
ddd5
a373
6065
7b88
7c59
3624
2c6d
b4d3
ddc2
8c6b
6571
7e78
5937
242b
69b2
d2e0
c68e
6960
6e81
846c
472c
2343
92c4
d9d5
a977
6366
777f
714e
2f22
3886
c1db
deb4
8065
6375
837c
5c39
252b
67b0
d1dd
c68f
6c62
6f7f
7d63
3f26
224f
a1cc
ded3
9f71
6168
7b81
714c
2f24
418e
c0d4
d2a9
7a66
6878
8278
5c41
343e
71a7
c1c7
b188
7068
727d
7c64
4633
3566
abcd
d9c4
8e6b
606d
7f82
6a46
2b21
3f8f
c1d8
d6aa
7863
6474
7d6f
4d2f
243f
8ac0
d8d7
ae7a
6263
7787
8062
3d25
265a
aacf
e0cc
986f
636a
7979
613f
282a
60ac
d0de
c893
6d60
6d83
8976
5230
2031
7bbd
d6dc
bb85
6a65
717b
6f51
3325
3b85
bfd7
d8b0
7c62
6276
8886
6945
2b25
4796
c5da
d3a7
7a67
6773
7764
4430
305d
a2c5
d4c5
966f
6169
818b
7e5b
3823
2862
aecf
ddc7
946f
636b
756e
5235
273a
82bd
d6d9
b37e
635f
7388
8b73
4b2d
2137
83bd
d7d9
b583
6965
6d72
6142
2c2b
57a3
cadb
cd99
6f5e
677e
8d84
643e
2521
4b9e
cadd
d4a2
7767
6770
6d54
3627
387e
bcd6
dcb9
8364
5f72
898f
7b55
3421
2a6b
b3d2
dec5
916f
6469
6d61
442d
2c54
a0c9
dbce
9c71
5e65
7f8f
896d
452b
1f39
8ac0
d9d9
b280
6965
6a68
5439
2836
77b7
d4dc
ba84
635c
6e88
9182
5e3a
2525
56a4
c9d9
cc9d
7868
6669
6048
3331
5398
c3d6
cda1
745f
627b
908f
7550
3021
2f76
b7d4
dcbf
8c6f
6466
6655
3d2f
3b76
b2ce
d5b8
8566
5d6e
8892
8868
432b
2444
95c5
dbd7
ae80
6a63
635d
452f
2a4f
9ac8
dbd4
a575
5f60
798e
927c
5735
2125
5caa
cede
cc9a
7665
6261
533c
2b35
71b3
d2db
bf8b
675c
6a86
968f
704a
2d20
3581
bdd7
dcbd
8b6d
625f
5a46
3029
4a95
c5da
d5a9
785e
5e74
8d93
8562
3f26
2248
94c1
d5d0
a87f
6a61
5e54
4032
3b6f
adcc
d8be
8b68
5b67
8294
9278
5333
2029
6ab1
d0de
c897
7362
5c56
4531
2c4a
93c3
d9d5
aa78
5f5d
728c
9589
6943
281e
3885
bed7
d9b6
886b
5e58
4d3b
2c34
6eb1
d1dc
c48e
685b
6582
9595
7f5a
3823
2354
a3cb
ddd2
a67a
645a
5142
312c
4a93
c3da
d5ab
7a60
5c71
8c98
8e72
4b2c
1d2a
70b5
d2dd
c494
715d
5449
392c
346a
afd1
ddc7
926b
5a63
7e94
9987
6441
2822
408d
c1d9
dab5
8668
584e
4031
2c48
8dc0
d8d8
b27e
625a
6d88
9691
7a55
341f
2259
a7cb
ddd2
a578
6052
4637
2c34
66ab
cddc
c995
6e5b
607a
929a
8d6e
492d
1f30
78b9
d6df
c492
6e58
4b3d
2f2b
468c
c1da
dbb3
8163
5a6a
8697
9580
5e3c
241e
4393
c4db
dab3
8464
5143
352b
3364
a9cd
dac9
976f
5c61
7890
9a8e
7350
311f
2765
aecf
decd
9e75
5c49
3a2d
2a45
8abf
d7d9
b481
645a
6984
9696
8565
4126
1c35
82bd
d7dc
bf8d
6851
4032
2933
65aa
cedd
cc9a
6f5c
5e75
8e98
917a
5938
2322
4d9b
c6da
d6ac
7c5c
4837
2b29
4387
bed7
dab7
8463
5a67
8194
988a
6d4a
2d1d
2967
b0d1
dece
9c70
543f
3028
3161
a7cd
ddcf
9e71
5d5d
728c
9996
8362
4028
1f3a
87bf
d9de
bf8b
644c
382b
2941
82ba
d5db
bc88
675b
657c
9299
8e76
5537
2527
549c
c4d8
d1a9
7858
4030
2731
5fa2
c7da
ce9e
735e
5d70
8997
9687
6947
2c1f
2d72
b3d1
ddc8
9568
4c36
2827
4082
bad6
dcbb
8665
5963
7c90
9890
7b5a
3a23
1d3e
8fc1
dadd
ba83
5c40
2d25
2e5b
a0c8
dad1
a374
5d5b
6e86
9697
8b72
5133
2125
59a6
cbde
d5a4
7250
3628
253d
7fb8
d3dc
bf8a
685a
6278
8d97
9281
6443
2b1e
2f76
b6d3
dfc7
9163
432c
212a
579c
c7db
d4a7
785e
5b6d
8494
988d
7859
3924
2145
93c3
dbdd
b57b
5337
2523
3c7c
b7d4
dcbf
8b67
5961
778b
9592
846c
4b2f
1e25
60ab
cfe0
d29e
6844
2c1f
2656
9dc6
dad3
a576
5d59
6a81
9097
8f7c
6140
271c
347f
bbd8
e0c2
8658
3824
1f38
79b6
d4de
c28e
695b
6175
8993
9287
7152
3521
214d
9dc8
ddd9
ab71
492d
1e25
549d
c7dc
d5a8
775f
5b6a
8090
9591
8167
472d
1e2a
6cb1
d2e0
cc93
5f3c
241c
3578
b5d5
dfc6
906a
5a5f
7387
9393
8b78
5b3c
251d
3c89
c0d8
debc
7b4e
2f1d
214e
99c5
dad7
ac79
5f59
687e
8d92
9084
6f52
3421
2252
a0ca
ded7
a366
4126
1b2d
6fb1
d0de
c892
6c5a
5d71
8590
918b
7d64
452c
1e2c
70b5
d3e0
c98c
5734
1f1f
4994
c4dc
dab0
7c60
5966
7c8b
9290
8773
583a
241e
4091
c4db
ddb2
7145
2819
296c
b1d0
deca
956d
5b5e
7183
8e90
8c81
6b4c
301e
255d
aace
e1d2
965c
371f
1c44
93c4
dcdc
b17d
605a
677b
8a8f
8f88
7960
422a
1e33
7dbb
d7e1
c17c
4a2a
1825
67b0
d1e0
cc97
6e5a
5c70
838d
8f8c
8371
5637
221f
4797
c7de
dba9
663c
2118
3a8d
c2db
ddb6
8163
5865
7989
8e8f
8a7e
684b
2f1e
2561
add1
e2d0
8e53
2f19
1e5b
abcf
e1d2
9d6f
5a5a
6f83
8b8e
8d85
765f
4128
1e33
7dbb
d7de
ba73
4325
1732
85bf
dadf
bb83
6157
6378
878d
8d8a
806f
5436
2120
4c9b
c8de
d89e
5a34
1b1d
54a7
cee1
d5a0
705a
596c
818a
8c8b
867b
6547
2c1d
286a
b2d4
e2c7
7e47
2617
2c80
bfd9
e0be
8564
5761
7786
8c8b
8982
745d
3f27
1d39
88c1
dbdd
ad64
391c
194d
a3ce
e2d7
a372
5b59
6c7f
898b
8988
7e6d
5233
1f20
52a3
cee1
d390
502b
1727
77bc
d8e2
c28a
6457
6076
858a
8a89
847a
6546
2c1c
2b6f
b5d5
e1be
723d
1f15
419c
cbe0
dbaa
755c
5768
7d89
8a88
8680
725a
3a22
1b3e
90c4
dcda
a158
3018
1e68
b7d6
e4c9
8e67
575f
7584
8c8a
8885
7d6d
5133
1e22
59a9
d0e1
cd83
4727
1838
93c6
dedb
ad77
5c56
677d
8989
8788
8278
6344
2a1b
2d79
bdd9
e0b3
6335
1b1c
60b4
d5e4
cd93
6757
5d72
848b
8987
8580
7258
3821
1f47
97c7
ddd4
924d
2a17
338f
c7df
dfb3
795c
5665
7d89
8985
8583
7b69
4b2e
1c23
64b1
d3e1
bf6f
391c
1755
afd3
e6d2
986a
575c
7184
8b89
8687
8377
6142
251a
3382
c0da
dba1
552d
1528
82c4
dde1
b97d
5e56
637b
8889
8684
837e
7156
3620
1f4b
9ecb
e1ce
8143
2317
4aa9
d1e6
d69e
6f5a
5b70
848b
8985
8583
7b69
4b2d
1d28
6bb4
d5de
b463
341b
2578
c0dd
e3bd
8360
5563
7988
8985
8384
8177
5f41
251c
3b8c
c4dc
d591
4b28
1842
a3cf
e4d9
a16f
5a5a
6f83
8a88
8382
837e
6f52
331e
2056
a7cf
e0c0
6d38
1c1f
6ebf
dbe4
c084
6055
6077
8688
8380
8181
7a67
4729
1a2c
76b9
d7da
a053
2b17
399b
cee4
dca5
7159
586b
828a
8783
8082
7f74
5b3a
211a
4196
c7dc
cc7c
3f20
1d66
bcdb
e5c4
8862
5660
7786
8983
7f80
827d
6e50
301d
2462
afd1
dcad
5c31
1a34
94cd
e3de
aa74
5a59
6c82
8b89
8280
8282
7a63
4125
1a33
82be
d8d5
8f47
271f
5ab5
d6e4
ca8e
6555
5f76
868a
847f
8082
8174
5a38
201f
4c9d
cbdc
c06c
371d
2b89
cae2
e2b1
795c
576a
7f8b
8982
7f80
827d
6b4c
2d1c
2567
b1d1
d8a0
502c
1d4d
add5
e7d1
9567
565b
7284
8984
7e7d
8081
7962
4125
1c38
87c0
d6c9
783c
2228
80c6
e0e2
b379
5c56
687f
8b89
827d
7f82
8071
5433
1d1f
54a5
ccda
ac5a
311f
4aa9
d3e6
d398
6a57
5b72
848a
857d
7c80
837d
6948
2a1b
2c74
b6d3
d18b
4527
2673
c2dd
e3ba
805f
5767
7f8b
8982
7c7d
8283
785e
3d23
1c41
91c4
d7ba
6938
2442
a1d0
e3d5
9d6c
585a
7084
8a84
7d7a
7e82
7f70
5232
1d22
5ba9
cdd3
9c4f
2d28
6bbe
dbe3
bf85
6157
647b
8a89
827c
7c80
837b
6646
2c1f
3579
b3ca
c079
412c
4095
c9dd
d4a0
6f5a
5a6f
838a
867d
7a7d
8283
765a
3a21
1f49
97c5
d3ab
5a33
2963
b9d8
e3c4
8864
5964
7b8a
8b82
7b7a
8085
806e
4e2f
1c26
65ab
cbca
8844
2b38
8eca
e0da
a873
5b59
6c81
8a86
7e79
7b80
837b
6442
271e
3984
bacf
b569
392c
5db3
d6e1
c68c
6659
6379
8789
827b
797d
8382
7356
361f
204f
9bc3
cb96
4f32
3989
c8de
dbab
765c
596c
828a
867e
7979
7f84
7e6a
4a2d
1d2c
6daf
c9bf
7740
3056
acd4
e2c9
9067
5860
7787
8b84
7b77
7c84
8578
5e3c
221c
3d88
bbc9
a359
373a
82c5
dcdc
b079
5e59
6a80
8a87
7f79
787f
8582
7052
321e
2356
9fc2
c385
4836
55a8
d2e0
ce97
6c5a
6176
888c
867d
787a
8386
7d67
4629
1c2e
71b0
c6af
663d
3c7b
c1db
ddb4
7d60
5a6a
808a
8880
7877
7d84
8476
5b3a
231e
428c
bbc3
9351
3b53
a3cf
dece
9a6f
5d61
7586
8a86
7d78
797f
8581
6f52
3627
2d5c
9dbb
b276
4740
75bc
d7dc
b982
6259
677d
8988
8179
7679
8185
7b63
4228
1d32
75ae
bea0
6043
539b
cbdc
d09f
725d
6174
858b
867d
7877
7d85
8374
5838
2220
458d
b6b9
8550
4573
b9d6
dcbb
8665
5c67
7c87
8881
7976
797f
857f
6b4d
3020
295d
9fb9
aa6e
4a57
98c9
dad1
a374
5f60
7384
8a86
7e77
767b
8485
7961
4028
1f35
76a9
b692
5e4f
75b6
d3d8
bb89
675d
677c
8789
8179
7677
7f85
8271
5436
2222
488d
b1ac
7b54
5e98
c8d9
d1a7
7961
6272
838a
887f
7776
7981
857d
6849
2d1e
275d
9cb1
9b68
5676
b3d2
d8bd
8d6a
5d66
7986
8881
7975
757c
8584
785f
4028
1e35
74a4
ac8a
6062
96c5
d6d0
a97c
6460
7082
8885
7e76
7376
7f84
806f
5334
2020
4383
a8a3
7860
79b1
d1d7
c093
6f5f
6677
8688
827a
7575
7a82
847c
6748
2e20
2859
94a9
946d
6b97
c4d6
d0aa
8065
6070
8288
877f
7774
757d
8583
745a
3e27
1e35
719d
a183
6a81
b2cf
d4bd
9270
6166
7885
8882
7a75
7579
8185
7e6b
5033
2222
4683
a098
7977
9ec4
d2cb
a780
6763
7180
8885
7e77
7475
7b82
8278
6244
2c1e
2759
8fa0
8d77
89b5
cfd2
bb93
7162
6678
8588
817a
7472
767e
8480
7259
3e27
1e31
6a96
9b87
82a3
c7d4
caa8
8168
646f
7f86
857e
7873
747a
8084
7d6a
4f34
2121
3e78
9896
8792
b7ce
d2bb
9474
6467
7683
8682
7a75
7175
7b82
8379
6244
2d1f
2551
8698
908f
abc8
d3c9
a681
6a65
6f7e
8685
7e78
7372
777f
8480
7157
3b26
1d2d
628f
9892
9dbd
d0d0
b891
7464
6776
8487
8179
7371
747a
8082
7c69
4f34
211f
3a72
9298
9ab1
cbd3
c5a3
806b
6570
7e86
837d
7773
7275
7c82
8176
6044
2c1e
2149
7e95
9ba7
c1d1
cfb5
9075
676a
7684
8781
7b76
7473
787e
827e
715b
422f
2631
5d87
97a2
b6cb
d2c3
9f7f
6b66
707e
8584
7d78
7372
757b
8083
7b68
4f34
211d
3368
8f9e
b0c6
d3d0
b38d
7367
6a78
8487
827b
7774
7577
7d85
8376
6144
2c1e
1f43
7b98
aac0
d3d8
c69d
7e6b
6871
8087
857e
7975
7376
7a80
847f
7058
3d27
1b24
5286
a0b5
cad7
d2b1
8972
676b
7885
8882
7c77
7475
777c
8283
7b69
4e33
211c
2f66
94ac
c3d4
d9c5
9b7c
6c68
7380
8785
7f7a
7776
777a
7f84
8177
6247
3022
2341
799d
b4c9
d5d1
ae85
6d64
6a79
8588
837d
7876
7677
7b81
847f
7057
3c27
1c24
518b
acc3
d4d9
c699
7868
6772
8389
8881
7a77
7677
7a7e
8383
7d6b
5034
211a
2b65
9ab7
cedb
d6b1
846c
646c
7a87
8984
7d78
7677
787a
8085
847a
6545
2d1e
1d3a
7ca7
c2d6
ddca
9976
6665
7283
8b89
817b
7776
787a
7e84
8781
7357
3924
1920
5193
b5cf
ddd7
b080
6a62
6b7d
898b
857e
7978
7778
7a80
8687
7f6a
4c32
1f1a
2e70
a6c3
d8df
cc98
7263
6373
848c
8a82
7c78
7778
7a7d
8487
857a
6242
291a
1a3d
88b3
cede
ddb6
8067
5f69
7c89
8d86
7e79
7778
787a
7e85
8782
7457
3824
1820
579f
bfd8
e2d2
9b71
6161
7284
8d8c
837d
7877
787a
7c80
8688
816c
4b30
1d16
2a73
afcc
dfe1
bd83
655b
657b
898d
897f
7977
7879
7a7c
8186
867b
6240
281a
1a44
93be
d6e3
d6a0
725f
5f70
848d
8c84
7d79
7879
7a7c
7f85
8884
7354
3621
1723
64a9
c8dd
e0bf
8363
5963
7c8b
8f8a
807a
7778
7a7b
7c81
8688
8169
472c
1a15
3287
bcd8
e6de
a670
5b59
6e84
8f8e
867d
7877
797a
7c7e
8487
887b
5d3a
2113
1750
a2c7
e1e9
cc89
6457
6078
8a90
8a80
7a77
787a
7a7c
7f85
8986
7352
311c
1223
73b6
d3e7
e4b2
765c
5668
828f
9089
7f78
7779
7a7c
7c81
8689
8167
4327
1613
3992
c1db
e7d3
9366
565a
748a
928d
827b
7778
7a7c
7b7e
8489
897a
5a38
1f11
1b62
b1d0
e7e9
b978
5c53
6580
9091
8a7e
7877
787a
7c7c
8086
8a85
6e4b
2c17
0e2a
87c0
dceb
dc99
6652
5571
8993
8f85
7a77
787a
7c7c
7e84
898b
8062
3d21
0f12
4eac
cfe7
ecc1
7c5b
5061
7f91
938b
8079
7779
7b7c
7c80
858a
8a76
522f
160b
1c74
bedc
eee5
a56a
5250
6c88
9592
867c
7778
7a7c
7c7d
8188
8d86
6b45
2511
0d34
98c9
e5ee
d289
5e4d
5879
9095
8d82
7977
787c
7c7c
7e84
8b8c
7d5c
361b
0a11
5bb4
d6ec
eab3
7154
4d65
8594
948a
7e77
7679
7b7c
7d80
878d
8a74
4d2a
120a
268a
c7e3
f0da
9160
4c53
738f
9790
847a
7778
7a7c
7b7d
838b
8e84
653d
1e0b
0a44
abd2
ebef
c178
564a
5d81
9597
8b7f
7876
7a7c
7d7c
7e85
8d8c
7a55
3016
0818
74c2
e0f2
e49e
644d
4f6f
8d98
9285
7b77
787b
7d7c
7c81
898f
876b
4324
0e09
369f
cee9
f0ca
7e57
4757
7e94
988e
8079
7678
7b7c
7c7d
848d
8e7f
5d35
1908
1061
bcde
f2ea
aa68
4e4a
6889
9794
877c
7677
7a7c
7b7c
7f88
8f8c
744b
270f
0525
90cb
e8f3
d78a
5d4a
5378
9298
9083
7a76
787a
7c7b
7c82
8b8f
8565
3b1d
0a0a
4bb2
d8f2
f1ba
7252
4860
8597
988c
7e77
787a
7d7e
7d7f
868f
8e7a
542d
1104
187b
c6e4
f5e2
975f
4a4d
7190
9892
857a
7678
7a7d
7c7c
8189
9089
6d44
200a
0536
a4d3
eef4
c87a
5446
5a80
9498
8d7f
7776
797c
7d7b
7d84
8e8f
815c
3214
020d
65bf
e0f5
e9a3
634a
496a
8c98
9487
7b76
7779
7c7b
7c7e
888f
8c74
4a25
0c05
2897
cfeb
f5d0
8055
4654
7c94
998f
8179
7678
7c7e
7c7c
848d
9084
6438
1703
064f
b5dc
f4f0
b46d
4f47
6288
9996
8b7d
7777
7a7c
7d7b
7e86
908f
7c54
2b0f
041b
83ca
e8f7
de90
5c47
4f74
929a
9184
7a76
787c
7e7d
7c81
8b91
886a
401f
0a06
3ea9
d5f0
f2be
7451
465e
8396
988c
7f77
7678
7c7c
7c7d
858e
8f80
5a31
1506
1570
c2e2
f5e5
9d61
4849
6c8e
9893
857a
7677
7a7d
7c7b
7f89
908c
7246
210a
032d
9ed3
f0f7
cd7c
5445
567e
9698
8e81
7876
787c
7d7b
7c84
8d91
8360
3617
040b
5bbd
dff6
eeac
684c
4868
8b99
968a
7d77
777a
7e7e
7d7e
8890
8d77
4d26
0c01
1e8c
cdec
f8db
8b5a
4751
7692
9890
8279
7678
7a7d
7c7c
828c
9086
663c
1a08
0849
b1d8
f3f1
b870
4f47
6085
9796
8b7e
7776
7a7c
7d7c
7e85
8e8d
7a54
2c0f
0116
7ac7
e6f7
e497
5f49
4e71
8e98
9285
7a76
777a
7c7c
7c81
8990
886c
431f
0803
37a5
d4ef
f4c7
7954
475b
8095
988e
7f78
7679
7c7d
7c7e
848d
8e7f
5b31
1404
0f68
c0e1
f6ea
a567
4d4b
6a8c
9893
877c
7776
7a7e
7d7c
8089
908c
7248
240c
042a
97d0
edf8
d587
5a48
557a
9398
8f81
7876
787b
7c7c
7c82
8b8d
8262
3818
080c
54b5
dcf4
f0b5
7152
4b64
8595
958a
7e77
787a
7c7c
7c7f
868e
8b76
502b
1106
2084
c7e6
f4de
9360
4c52
748f
9892
837a
7678
7a7c
7b7c
8189
8d84
673e
1d09
0741
a9d4
eff3
c479
564a
5d81
9496
8b7f
7777
797c
7d7c
7e85
8c8c
7954
2f14
0619
73c2
e3f6
e7a1
674f
506e
8a96
9285
7c77
787a
7c7c
7c81
878c
856a
4220
0b07
38a0
d0ed
f4d0
865d
4d5b
7e91
958d
8178
7778
7c7c
7c7e
858b
8b7b
5832
1608
1466
b9db
f1ea
ad6e
544f
6886
9493
877d
7877
7a7c
7b7c
8086
8a86
6d47
250e
072c
90ca
e7f3
db93
6350
5775
8d94
8e83
7a77
787b
7c7c
7e83
8a8b
7e5f
371b
090f
55b0
d6ef
efc0
7a59
4f62
7f90
928a
7f78
7778
7c7c
7c7f
858a
8572
4c29
1108
2480
c2e1
f3e5
a169
5354
6f87
938f
857c
7778
7a7c
7c7e
8489
8a80
633d
1f0c
0e47
a4cf
e9f0
cc86
6053
5e79
8c91
8b80
7977
787a
7c7c
7f85
8986
7352
3016
0c20
71b8
d9ee
e8b1
755b
5669
828f
8f87
7e79
7779
7a7c
7c81
8688
7f66
4326
1311
3d95
c5e1
ecd4
9569
585e
7588
908b
827a
7778
7a7b
7c7e
8488
8575
5532
1b0e
1d68
b1d3
eae8
bd7f
6158
667d
8c8f
897f
7977
787a
7c7d
8186
887f
6846
2814
1239
8ec0
dfed
dea2
705c
5c70
838d
8c84
7c78
7779
7a7c
7e82
8684
7559
371f
131f
5ea6
c9e2
e6c7
8c68
5b63
7788
8e89
807a
7877
797a
7c80
8587
8069
492b
1714
3381
b6d4
e6e1
b17b
635d
6b7f
8b8d
867e
7978
797a
7b7e
8286
8375
5939
2014
1d56
9dc4
dde8
d29a
7262
6374
848c
8a82
7b77
7878
7a7c
8085
8680
6b4b
2e1b
152f
76ae
cee2
e1be
886b
6168
7986
8b86
7e79
7877
787a
7d82
8481
765c
3c24
181e
4f92
b9d3
e1d7
a97e
6763
6e7e
8889
837d
7977
7878
7a7f
8485
7d6c
4f33
1f19
306f
a4c4
d9df
ca99
7566
6674
8389
8881
7b78
7778
787c
8184
8175
5d3f
281c
234d
89af
c8d7
d5b6
8b70
676c
7a85
8985
7f7b
7778
787a
7f82
837d
6b50
3522
1d34
6e9f
bdd3
dcce
a57e
6b66
6f7e
8788
827c
7877
7878
7c80
8480
745c
402b
1f25
5088
aac3
d4d7
c195
7768
6973
8088
857f
7a77
7677
7a7e
8282
7b6a
4f35
231f
366c
96b2
c9d6
d2b3
8a72
676a
7783
8783
7d79
7676
777a
7e82
7e73
5e42
2b21
274f
83a3
b9cd
d7cb
a682
6f67
6d7b
8587
817b
7875
7679
7d81
817b
6a51
3726
2338
6b91
a7bd
ced2
c19a
7c6c
6872
7f86
857e
7976
7476
7a7e
827e
745f
452e
2329
4f81
9bad
c1cf
ceb5
9177
6a6b
7682
8683
7d79
7676
787d
8282
7b6a
533b
2c28
3f6e
8e9d
afc2
cbc4
a786
7168
6d7a
8384
807a
7774
7579
7e82
7f73
5f45
3127
2f55
8296
a2b6
c8ce
c09d
7d6b
666f
7d85
847e
7975
7376
7b80
817b
6950
382a
2941
738f
98a3
b9c9
cab6
9277
6969
7481
8582
7b77
7475
777d
827e
735e
4530
2730
5985
9498
a6bf
cbc7
ab88
7167
6b79
8385
807a
7674
757b
8082
7c69
513c
2d2b
4676
9194
96ac
c3cc
c2a3
806b
656e
7c85
847e
7874
7376
7d82
8074
5f46
3229
325e
8994
8e95
b2c6
caba
9777
6866
7280
8783
7d78
7576
7b81
837b
6a51
3c2c
2b48
7b95
9186
99b9
c9c9
b18b
6f63
6978
8486
807a
7573
767d
8280
745f
4632
2935
648f
9687
84a2
c1cb
c3a3
8069
646e
7e87
857e
7974
7479
8184
7c6b
513b
2c2c
4d83
9990
7c86
adc5
ccbc
9674
6464
7483
8783
7c77
7476
7d83
8276
5f45
322a
3869
939b
8477
91b7
c8ca
b38b
6d63
687a
8588
827a
7676
7981
847e
6d53
3b2c
2c4d
859e
9475
739a
bfcc
c6a6
7d65
606d
7e86
857e
7874
757d
8283
7860
4532
2836
6a98
a086
6979
a9c5
cec1
9974
6163
7484
8884
7d78
7679
8084
7e6e
543c
2c2b
4c89
a49b
7465
84b5
cace
b689
6b60
6679
8588
817a
7676
7b84
8479
6145
3027
366f
9ea7
8862
6797
c2cf
caa6
7a63
6070
8289
887f
7876
7980
8580
6f53
392a
2a4e
8ca9
a073
5a72
acca
d3c2
946f
5e62
7585
8883
7c77
767b
8485
7962
4530
2738
72a2
ac8d
5e57
82b9
ced2
b483
645c
687d
8788
8179
7677
7f84
8071
563b
2a28
4c8d
ada8
7753
5a96
c4d4
cea3
765f
5d70
838a
887f
7876
7b82
847c
6546
2e25
336f
a4b3
9861
4c68
accc
d7c5
936a
5c62
7585
8984
7c77
777d
8583
7358
3c2a
2649
8eb1
b27d
504c
7fbe
d3d5
b47f
625a
677d
8989
827a
767a
8285
7d66
482e
2330
6ea7
b8a0
6248
559c
c8d8
cea0
715c
5d71
848a
867e
7878
7d85
8375
5a3d
2926
4990
b5b7
844f
436a
b3d1
dbc3
8b66
5963
7989
8b84
7c77
7981
857d
6748
2d21
2f6f
a8bd
aa67
4243
86c3
d8d8
ae78
5e59
6b80
8a88
8078
767c
8483
755a
3a24
2246
8eb7
bf8f
503b
53a5
cedc
cf9a
6b59
5d72
868c
867e
7779
8185
7f6a
4a2d
1f2b
67a7
c1b3
6f41
396d
b9d5
debe
8562
5763
7989
8982
7a77
7b82
8378
5c3d
2722
438b
b9c5
9d56
383f
8cc6
dcd9
ab74
5a57
6a82
8b89
8079
797f
8580
6c4c
2f1e
2965
abc6
be78
4131
54ac
d3e2
ce93
6757
5d74
878b
867d
787b
8283
785e
3e25
1e40
8bbb
c9a7
5a37
3476
c1da
dfba
7f5f
5664
7e8b
8a82
7b79
7f84
806e
5130
1d26
60a8
c7c4
8345
2e41
9ace
e1d9
a370
5a59
6e84
8c89
8079
7c84
867b
6240
261e
3c89
bcce
b163
392c
5cb4
d7e4
c88b
6254
5e77
878b
847d
7a7e
8380
7153
331f
225a
a5c7
cb90
4a2d
3081
c6de
e0b4
7a5c
5567
7f8b
8981
7b7c
8183
7b64
4227
1c35
81bc
d0bd
6e3a
2744
a2d0
e4d6
9b6a
5659
7084
8c86
7f7b
7e82
8173
5736
2121
52a0
c7d1
a354
3026
63ba
d9e4
c486
6156
6279
898b
847d
7c80
837d
6645
291b
327d
b9d3
c67a
3f25
348e
cce3
e0ad
755b
5569
808b
8980
7b7e
8281
7459
371f
1e4e
9fc8
d4a9
5830
2251
afd6
e7d1
9367
565d
7487
8b86
7e7c
8082
7c67
472c
1c2f
79b8
d1cb
8342
2526
76c2
dbe1
b77b
5c53
647b
8a8a
827d
7e82
8174
5938
201c
4b9c
c8d8
b45f
321d
3a9f
d2e6
dba3
6f57
586f
848c
8880
7d80
827d
6949
2c1c
2b73
b5d3
d391
4727
1e5a
b6d9
e9cc
8d63
545f
7687
8b84
7e7e
8281
775e
3b22
1d43
95c6
dac2
6e37
1d29
84c8
e2e3
b479
5c55
667f
8a89
827d
8082
7d6b
4c2d
1b27
6bb2
d2d8
9e4f
2817
43a8
d3e7
d89b
6a55
586f
848a
8680
7f81
8076
5e3c
211b
4092
c5db
c777
3a1e
1d6c
c1df
e9c3
855f
5461
7989
8a84
7f80
817c
6b4e
2f1d
296a
b1d1
d9a5
562e
1a39
9bce
e4dc
a570
5756
6c82
8a87
8280
8281
765e
3f24
1b40
92c6
dccd
7e41
2019
5bb7
d9e9
d091
6657
5f76
868b
8782
8081
7c6e
5231
1d23
61af
d3df
b461
3218
257f
c6df
e3b8
7c5c
5564
7b89
8985
8181
8177
6142
261c
3889
c2db
d591
4824
1440
a4d3
e8dc
a370
5958
6e84
8a88
8381
817c
6e52
331e
2056
a6cf
e0c1
6f38
1b1b
64bb
dbe8
cb8c
6253
5e75
868a
8884
8381
7963
4427
1a32
7fbe
dbdb
9d52
2912
2a8c
cbe5
e5b4
7a5c
5567
7e89
8986
8482
7e70
5535
1f1f
52a5
cfe0
c675
3b1c
1551
aed5
e8d6
9b6a
565a
7084
8c89
8585
8279
6446
281b
307c
bddb
dda8
582c
1222
79c2
e0e8
c184
6055
6178
888a
8884
837e
7056
361f
1f4d
9fcf
e1ce
8143
2012
3b9b
cee6
dea8
735a
576a
7f8a
8987
8683
7a65
4529
1a2c
75bc
dae1
b363
3216
175d
b5d9
e8cf
9367
575c
7184
8a88
8684
7e70
5838
201d
479a
cbe0
d691
4b25
1129
86c5
e1e4
ba80
5f56
637b
878a
8887
8379
6648
2b1c
2b70
b6d8
e0b9
6b38
1b14
4aa6
d2e6
dba3
705a
596b
8088
8987
8580
725a
3a22
1d43
95c9
e0d9
9952
2a12
1d6f
bcdc
e7ca
8c66
5760
7686
8c8b
8985
7c67
4a2d
1d29
6cb4
d5e1
c075
4120
1338
93ca
e3e1
b27b
5c56
657b
898b
8a88
8172
5a3b
221d
408e
c4dd
daa2
5a31
1617
57ae
d3e6
d49b
6e59
5b70
838b
8c8a
867c
694f
311f
2764
afd4
e3ca
8247
2412
277b
bedb
e4c2
8763
5660
7686
8c8b
8981
725b
3e25
1d3d
8bc2
dcdd
aa61
3418
1345
9ecc
e2dd
ab77
5d59
697f
8b8d
8d89
7e6a
4f32
1e25
5eab
d1e2
ce89
4e29
131f
68b4
d6e7
d096
6c58
5c70
848c
8d8b
8375
5c3d
241c
3987
c1dc
dfb2
6d3d
1d13
3389
c4e0
e5bb
8362
5864
7a89
8e8e
8a7f
6b50
3320
245a
a8d0
e1d1
9254
2f17
1a55
a8d0
e4d7
a172
5b59
6b81
8c8f
8d85
765d
4026
1c38
84be
dadf
b873
4325
172a
72b3
d1db
c592
6e60
6475
848b
8c89
8072
5f4b
3c3e
5f95
b7c7
c095
6342
2b27
478b
b9d2
d2af
7e63
5a65
7987
8d8d
8678
6042
291f
337b
b7d5
ddbe
7c4b
2a18
215c
a6cb
dfd3
a071
5c5b
6e82
8d90
8d83
6f55
3723
234f
9dc8
dcd4
a166
3f24
1931
7bba
d8e1
c38c
6859
6175
8790
918a
7a62
442c
2035
7dba
d6de
be80
4f2f
1a1d
4e9a
c7de
d9ac
7960
5a69
7d8c
928e
8371
5437
2424
519d
c6db
d5a4
6a43
281d
2d6c
b0d0
e0cc
966e
5c5d
7084
8f92
8c7d
6344
2b20
3177
b7d4
dfc3
8957
361f
1c3c
85bd
d8dd
ba85
6559
6379
8a92
9187
7356
3824
224e
9ac6
dcd9
ab72
482c
1d24
549e
cadf
d8a9
7860
5a6a
808f
948e
8066
462c
1e2d
6eb2
d2df
c991
5f3c
241a
2d6d
b1d2
e1cc
966e
5c5f
7387
9494
8b77
5939
2421
4694
c4db
dab1
7850
3220
2143
8ac0
dbdd
b984
655a
657b
8c95
9282
694a
2f20
2c6b
b0d0
decc
9866
4229
1e28
59a1
cbdf
d6a5
765f
5b6c
8393
978d
795b
3d26
2245
91c3
dada
b57e
5539
2623
3875
b4d3
dfc7
916a
5a5f
758a
9593
846c
4b2f
1e2a
67ad
ccda
ca99
6c4d
372a
2c4d
8ebe
d4d4
af7e
625a
677d
9097
8e7a
5c3e
2621
428c
bfd7
d9b5
8159
3e2b
212d
60a6
cfdf
d2a0
735d
5c70
8695
9588
6f50
3321
2962
aace
ded0
9e6f
4f36
2824
3978
b6d5
dfc4
8f6a
5a61
788f
9892
7f62
4028
213d
89be
d7db
bb87
6145
3024
274b
93c4
dbda
b27f
615a
6880
9397
8b73
5336
2429
5ca3
c6d7
cca2
7557
4031
2932
62a6
cbdd
cf9d
715b
5c71
8a97
9483
6342
281f
3883
bbd5
dbbc
8964
4c39
2a27
3e7f
bad5
debf
8966
5963
7c92
998e
7654
3522
255a
a5ca
ddd2
a477
5a44
3328
2a51
99c7
dcd7
aa7a
605b
6e88
9797
8566
442b
2039
83bd
d6dc
be8d
6950
3e2f
2733
69ae
d1e0
cc97
6e5a
5e75
8d98
9179
5737
2323
53a1
c8db
d2a7
7a5e
493a
2c27
3e80
bcd7
ddbd
8765
5a65
8094
9889
6b49
2e21
357a
b6d1
dbc0
916e
5746
372a
2b50
97c4
dad5
a978
5e5b
6d88
9793
7f5c
3a24
224c
9ac4
d9d3
ab80
6250
4133
2931
67ac
d0de
cc98
6e5c
617a
939a
8e71
4b2f
212f
73b6
d2dd
c495
705c
4c3f
2f29
4084
bed7
ddb9
8463
5a68
8496
9682
5f3f
2722
4c9a
c5da
d4ac
8066
5549
3b2c
2d56
9ec8
dbd2
a477
5f5e
758f
9a90
734f
3121
2f72
b4d1
dcc5
9571
5d52
4534
2935
71b3
d2de
c690
685a
637f
9496
8362
4028
234a
99c5
dad5
ac81
665a
4f41
2f27
428a
c0d9
dbb4
7f62
5c6d
8997
9178
5539
2932
6bab
c7d1
bd94
7464
5c53
4435
3459
9dc4
d6cc
9e71
5b5d
758f
9587
6541
2923
4291
c2d6
d4af
8268
5e58
4b35
2834
71b3
d3df
c58d
685b
6782
9693
7b57
3623
2963
acce
dbc6
9774
635d
5645
3028
448c
c2da
dab0
7b60
5b71
8c97
8b6b
462c
223e
8cbf
d6d6
af83
6b61
5e53
3e2b
2e5f
a8cf
ddce
9a6e
5b62
7e93
947d
5837
2328
62ac
cedd
c897
7464
615e
4e35
2738
7aba
d7de
be87
655c
6d88
948d
6e47
2c23
3d8a
c0d6
d6b1
836b
6364
5d47
2f29
4994
c5da
d7aa
785f
5e76
8d93
825d
3a24
255a
a9cd
dccc
9a76
6765
6557
3e2b
2e61
aacf
decc
966d
5c64
7f91
8d72
4b2d
2137
82bc
d4d7
b585
6b63
6664
5034
2737
7dbd
d8de
bc85
655c
6e88
9285
623f
2725
54a4
cadb
cf9d
7666
666a
6045
2c25
4997
c7dc
d7a6
745d
6079
8e8e
754e
2f1f
327b
bbd5
d9b8
866b
656b
6c59
3d29
2d66
afd1
dfc8
916a
5d69
828f
8664
4027
2450
a1ca
dccf
9f77
6769
7069
5237
2d3f
81b6
cccd
ae81
6a67
7586
8979
5d45
3944
77a9
c2c6
ae85
6d66
6d71
6448
312c
509a
c4d7
cea0
7360
647b
8b86
6843
2a24
4a99
c5da
d2a3
7765
6671
7058
3928
2d68
b0d1
ddc5
8e69
5e6b
838b
7a57
3523
2c6c
b3d1
dbc1
8c6d
646c
766e
5031
253b
85c0
d9dd
b47f
6462
7688
876d
472c
2444
92c5
dad5
aa7a
6567
7478
6443
2b26
519f
cbde
d39f
715f
677d
897e
5d38
272d
66ae
cfdc
c28f
6d65
6f79
7457
3726
2f70
b5d4
dec1
8b69
6070
8486
6f49
2c23
4291
c5da
d7aa
7a65
6676
7c6b
482c
2341
90c5
dcd9
ab79
6262
7685
7e5d
3924
2964
afd1
ddc6
906d
636f
7d7c
603d
2928
5ba9
cedd
ca97
7063
6d7f
8572
4d2f
2641
8dc2
dad9
ae7c
6465
7580
7453
3321
2f78
b9d5
ddbc
8568
6170
807d
623f
2928
5aa9
cfdf
cb96
6e5f
6a7c
816c
4629
1f40
92c5
dcd9
ab7a
6366
7781
7351
3123
3883
bed7
dbb4
8165
6375
837d
5d39
2327
5eaa
cfe0
cc96
6f61
6a7b
7c64
4027
2454
a5cf
dfce
9a6e
5f6a
7f86
744f
2f20
327c
bdd9
deba
8469
6471
7c72
5333
2335
7ebd
d7dd
b983
6562
7484
8367
432b
254b
99c4
d7d0
a075
6366
7679
6643
2b28
52a1
cbdd
cf9b
6f5f
677d
887b
5834
1f27
68b3
d4e0
c790
6d65
6d78
7055
3626
3479
bad6
ddb9
8465
5f72
8688
7149
2c20
3888
c2da
deb4
8068
6570
7665
452b
254d
9dcb
dfd4
a072
5e65
7c8b
8462
3c24
2050
a1cb
ded1
9f76
6769
7472
5939
2833
73b5
d2db
bd87
665e
6f86
8c79
5330
1e29
6eb6
d5e0
c38d
6d63
6971
6547
2c25
4896
c7db
d4a6
755f
617a
8c89
6d45
271d
3a8c
c2da
d8b0
806a
666e
6e5a
3d2a
306d
b4d3
dfc3
8b67
5c6c
848f
815c
3821
2158
a8cf
dfce
9b74
6467
6c64
482e
2648
95c7
dcd7
a878
5f62
798e
8e75
4c2d
1d2e
7bbe
dae1
bf8b
6e65
696a
593d
2a30
6baf
cfdc
c48e
695d
6983
9087
6540
261d
4598
c7dc
d7aa
7e69
6467
6048
3026
4491
c4da
d7ab
7a5f
5f76
8c91
7c57
341f
2561
aed0
e0cc
9873
6465
6558
3e2a
2d64
add0
dec9
9169
5a65
8092
8d71
482a
1c31
7dbd
d8df
bd8a
6d61
625e
4932
2842
8bc1
dad9
b07c
605d
728b
9385
603b
2320
4b9c
c9de
d6a9
7c67
6161
563f
2a2e
61aa
d0e0
cc96
6e5d
6580
9492
7751
311d
2768
b2d2
e0ca
9774
635f
5a4a
332a
4188
bfd9
dbb6
8264
5c70
8a97
8b6a
452b
1f38
86c0
d9dd
b888
6c60
5d53
3f2c
2f5e
a8cf
decd
9a6f
5c62
7d93
9480
5b37
201f
4fa1
cbde
d4a6
7c65
5a55
4732
283c
82bd
d9dd
b983
635a
6d87
958f
734d
2d1d
2a6f
b5d4
dfc7
9571
5f59
503e
2d2f
5ba3
ccdd
d19e
705b
6079
9098
8863
3f24
1a3e
90c4
dbdc
b384
685a
5245
3328
3c7f
bdd8
ddba
8564
5a6a
8696
937a
5534
1f22
59a8
cdde
d3a3
7962
564c
3d2e
2f59
a0ca
dcd3
a273
5d5e
7591
998c
6d49
2c1d
2e77
b8d5
dfc4
916e
5b4e
4232
293b
7bb8
d5dc
bd88
665b
6782
9596
825e
3a22
1b43
96c6
dcdb
b282
6555
473a
2c2c
569e
cadd
d3a2
745d
5c73
8d98
8f74
5130
1d25
60ac
cfe0
cf9f
755d
4d3f
3028
3a7a
b7d5
ddbe
8866
5964
7f94
9787
6743
271b
317f
bdd8
dfc2
8f6a
5445
362b
2d54
9cc8
ddd4
a677
5f5d
708a
9893
7e5b
3823
214c
9bc9
ddd9
b081
624c
3d2f
2839
75b5
d4df
c58f
6a5b
647c
9399
8d71
4c2e
1e27
66b0
d1e0
ce9d
7257
4335
2a2c
5299
c6db
d6aa
795f
5b6d
8896
9483
6240
261c
3885
bed7
ddbd
8965
4d3b
2d27
3975
b5d3
dfc4
8f6a
5a62
7a91
998f
7653
331f
1f52
a2cb
e0d8
aa79
5a42
3127
2b53
99c7
dcd7
aa79
605b
6d86
9596
8568
4529
1b2b
70b4
d3df
ca97
6b4e
392a
2536
70b0
d0de
c693
6c5c
6178
8f98
917d
5c3c
241e
4090
c3da
ddba
8460
4431
272a
5096
c4da
d8ae
7c61
5a6a
8294
978a
7250
311e
2259
a7cc
dfd4
a573
5139
2924
346e
b0d1
deca
976e
5c60
758b
9794
8366
452c
1e2f
74b7
d4e2
cc94
6646
3024
274b
90c2
dada
b280
635a
6780
9398
8f79
5b3a
241d
4192
c4db
ddb6
7f57
3c2a
2231
69ab
cfdd
cb97
6f5c
5e72
8995
9587
6e4d
2f1e
245c
a9cf
e1d6
a36f
4b31
2222
468c
bfd9
dcb7
8263
5864
7c8e
9790
7e62
4027
1b31
7bb8
d5df
c58c
5c3c
261e
2e67
accf
e0cf
9b71
5c5d
7187
9496
8b75
5537
2220
4998
c5dc
dcb1
7750
3321
2243
89be
d9db
b883
6359
647b
8c95
9182
6a49
2d1e
2664
aecf
e1d1
9b64
4127
1c2a
62a8
cfdf
d09d
725d
5b6e
8491
948c
7a5e
3f26
1d36
82bc
d7df
c084
5636
221f
3e85
bdd7
dcbb
8665
5962
788a
9291
8670
5234
201f
4c9a
c7dd
dbac
7046
291a
255c
a5cc
dfd4
a475
5f5b
6c82
8f94
8e80
6747
2d1e
2a6a
b1d2
e2d0
945c
3820
1937
7fba
d6de
bf89
6759
6277
8891
9187
765b
3e25
1c38
87c0
dbe0
bb79
4a2d
1b22
58a4
ccdf
d4a2
755f
5b6c
828e
928e
836e
5133
1f21
54a4
cee1
daa4
663f
241b
347e
b9d6
dfc1
8a66
5961
7587
9091
8a7a
6244
2b1d
2c72
b5d4
e2c9
8752
2f1a
1d52
a0ca
e0d9
a876
5f5b
697f
8b90
8e85
7358
3a23
1d3f
90c3
dcdf
b271
4425
172c
75b5
d4df
c58e
6858
5f74
848e
8f8a
7f6b
4e31
1e22
57a5
cde0
d498
5a35
1c1a
4899
c7de
dbae
7b60
5967
7d8a
8f8d
8679
6244
2b1e
2e76
b8d7
e1c1
7c49
2918
2770
b4d4
e1c9
906a
5a5e
7284
8c8e
8b81
7257
3822
1d42
94c5
dcdb
a764
3b1e
1943
98c8
e0de
b07c
6058
677b
8a8e
8d88
7d68
4b2f
1d25
60ac
d1e1
cf8c
522e
1921
68b2
d3e2
cc94
6a58
5c70
838b
8c89
8375
5f43
2b20
357c
b8d4
dbb7
7041
2317
388d
c2dc
deb4
7d60
5865
7b87
8c8b
8980
6f54
3621
204a
9ac9
ded8
9e5a
3119
1d5b
acd0
e1d1
9a6c
585a
6e83
8b8c
8984
7b67
492d
1c25
64b0
d2e1
c87f
4625
1530
87c2
dde1
bc83
6358
647a
878c
8b89
8275
5e40
271e
3785
c0db
dfae
6438
1c19
53a9
d0e3
d59e
6f5a
5a6f
828b
8c8a
8880
6e53
3521
2150
a2cd
e1d4
8f4f
2917
297d
bfdb
e2be
8463
5763
7987
8c8a
8984
7a66
482d
1d2b
70b8
d6e2
bd6f
3d1e
174a
a6cf
e4d7
a170
5a59
6c80
888a
8886
8074
5b3c
241c
3d90
c5dd
db9e
562d
1521
75be
dae3
c489
6457
6076
868a
8886
837b
6b50
321d
2157
a8d0
e1cc
7e43
2214
3e9d
cde4
daa7
745b
576a
7f89
8987
8683
7863
4529
1b2d
77bc
d9e0
b060
3217
1c67
b9d8
e5c7
8c65
565f
7686
8b88
8685
7f72
5939
211d
4496
cae0
d78e
4a26
1536
95ca
e3e0
af77
5c56
687d
8889
8583
837b
6a4d
2f1d
245f
acd1
e0c1
6f39
1c18
5ab3
d7e7
cf91
6757
5d73
858a
8884
8381
7762
4226
1a31
80c0
dbdd
a355
2c15
2a87
c6de
e0b3
7b5d
5565
7c89
8985
8383
7e72
5838
211c
479a
c9de
ce81
4221
184f
add4
e5d2
986b
575b
7184
8a87
8384
827c
6a4c
2e1c
2668
b3d4
e0b5
6134
1a25
7cc3
dde3
ba80
5f56
647c
8989
8583
8481
7761
4026
1b38
89c2
dbd5
9149
2416
45a8
d3e7
d89d
6f59
5a70
848b
8883
8182
7e70
5636
1f1f
51a3
cddf
c26f
391d
2074
c2dd
e5bf
835f
5461
7888
8984
8081
807a
6748
2c1b
286f
b6d6
dca5
552b
183b
9cd0
e5da
a270
5958
6e83
8a87
8180
8280
775f
3e24
1c3e
8fc4
dcce
8141
221e
65bc
dce6
c486
6255
6077
8689
847f
8082
7e6e
5232
1d20
59a9
d0dd
b15e
3019
3497
cfe5
dda7
735b
596d
848b
8982
7f82
837b
6645
291b
2f7b
bed9
d590
4725
1c5c
b6d9
e6c8
8a64
555f
7686
8a84
7f7f
8180
755a
3920
1b44
95c7
dbc1
6d37
1d2e
8bca
e3e1
af77
5c57
697f
8a89
827d
7f81
7e6e
5030
1d24
61ac
d1d8
a353
2c1d
51b0
d5e7
cf91
6556
5d74
8689
847e
7d80
817a
6342
251a
3381
bdd6
cb7e
3f23
2a7f
c6e0
e2b5
7b5d
5666
7e8a
8982
7d7e
8281
7459
3821
1f4c
9ac8
d8b4
5f32
1f46
a5d2
e5d3
996b
575b
7284
8a86
7e7c
7f83
7d6c
4c2e
1d29
68af
ced0
9248
2a29
71bf
dce3
bb82
6158
657c
898a
827d
7e82
837b
6341
271d
3a88
c0d5
bf6f
3924
409e
d0e3
d69e
6e59
5a70
848a
867e
7b7e
8280
7256
3620
2153
a0c7
d19f
522f
296b
bedb
e3bf
8461
5764
7b89
8983
7d7c
8084
7d68
4a2d
1d2d
71b3
cfc7
8043
293e
96ce
e2d8
a271
595a
6f83
8a88
807b
7c82
8378
5f3d
241d
408c
bfd0
b162
372b
60b5
d7e3
c68c
6457
6178
898b
847d
7a7f
8480
7152
331f
2459
a4c7
cb91
4a2e
388c
cae0
daa7
745b
596c
828a
867e
797b
8084
7c66
462b
1d30
75b4
ccbb
6f3d
2e5b
b1d6
e4c9
8e66
5761
7787
8a84
7c78
7d82
8276
5c3b
2220
4794
c1cc
9e54
3339
88c8
dedb
ab76
5c58
6b82
8a87
8078
797f
8580
6e4e
2f1e
2762
a7c5
be7a
4432
58ad
d5e3
cb91
6859
6177
878a
847c
777a
8183
7b63
4126
1d37
7fb6
c8a8
5f3a
3c81
c4dc
dbaf
7b5e
5869
7f89
8780
7978
7d85
8373
5736
2020
4b95
bdc1
8c4f
3955
a6d0
e0cc
976e
5b60
7585
8984
7d78
7981
847f
6b4d
2e1e
2964
a7c4
b36f
4340
7bc0
dbdd
b982
625a
697e
8989
807a
777b
8485
7c62
4127
1e37
7cb3
c19c
5a3f
539f
cfdf
d19d
705d
6174
848a
867e
7778
7f85
8271
5636
2223
4e94
b8b8
7f4d
4576
bcd7
dcba
8464
5a67
7c89
8982
7a76
7a81
857d
6747
2c1e
2b67
a5bb
a466
4757
9bcb
dcd0
a073
5d5f
7183
8984
7d78
767c
8282
765d
3e26
203c
7fae
b58c
574c
78ba
d6da
bb86
655b
677b
8788
817a
7679
7f84
7f6e
5234
2224
5195
b3ab
724f
5b9b
cada
cfa0
745f
5f71
8288
857d
7876
7b82
857c
6545
2c1f
2d67
a2b4
9963
5477
b5d3
d9be
8b69
5d66
7985
8882
7a75
767c
8282
755d
402c
273f
7aa2
a783
5f64
95c0
cfc8
a57a
6362
7283
8986
7e79
7679
8187
806e
5135
2427
518f
ab9f
725d
7ab2
d0d6
bc8d
6c5f
6679
8588
817a
7676
7b82
8379
6244
2c1f
2e66
9caa
8f67
6b9b
c7d7
d0a7
7c64
6071
8088
857e
7774
767f
8582
7258
3a26
203b
7aa3
a17d
6982
b5cf
d4bb
8f6d
5f66
7885
8882
7a75
7579
8184
7d69
4c32
2224
4c88
a397
7673
9ec6
d5cd
a880
6662
7180
8887
7f78
7677
7d85
8478
6044
2c20
2d60
929f
8a75
88b4
ccd0
ba91
7162
6677
8385
817b
7573
767d
827f
6f54
3925
1f38
759a
9881
7fa3
c6d3
c9a6
8068
6470
7f85
847d
7773
7579
8081
7a6a
533e
3234
517d
918c
7f8c
a9bb
bdab
8c72
676a
7784
8781
7b77
7577
7e85
8376
5f43
2c21
2c5d
8d99
8f8e
acc9
d2c7
a480
6b65
717f
8685
7e79
7475
7981
847f
6e54
3925
1f36
6d92
968d
9cbe
d0cf
b590
7364
6776
8385
807a
7573
757b
8183
7b66
4a31
2122
437b
9595
96af
c9d2
c5a3
816b
656f
7e85
847e
7974
7376
7d82
8074
5d42
2b1f
2754
8496
98a4
c0d1
cfb4
9073
6768
7682
8480
7a75
7275
797e
827c
6e55
3a26
1e2e
618b
99a1
b5cb
d2c5
a180
6b66
6f7e
8583
7e79
7573
767b
8281
7a67
4a31
211f
3a72
92a0
b0c6
d4d0
b28d
7267
6a78
8486
807b
7673
7479
7f83
8074
5c41
2b1f
244e
8199
a9bf
d2d5
c29b
7d6b
6672
7f86
837e
7976
7677
7b80
837b
6d53
3623
1c2c
5f8c
a2b5
cad7
d0ae
8770
676c
7a85
8781
7b77
7576
787d
8381
7a66
4a31
201d
366f
96ac
c1d3
d8c4
9b7c
6a67
7280
8785
7f79
7574
7679
7f82
8075
5f41
2b1e
2045
7ea0
b8cd
d8d3
b087
7067
6b7a
8588
827c
7876
7778
7c82
847e
6f54
3924
1b26
568d
abc2
d4d9
c599
7868
6772
8289
8781
7b78
7677
7a7f
8483
7b67
4a31
211c
336e
9cb7
cdd9
d3ae
836d
666c
7a85
8883
7d79
7778
787c
8185
8176
5f41
2b1d
2045
84aa
c4d6
dbc5
9574
6767
7483
8a88
817a
7877
787a
7e82
847f
6f53
3623
1925
5b98
b9d1
ded8
af81
6b65
6c7c
878b
847d
7977
7879
7c80
8584
7c68
492f
1e1a
3275
a8c4
d9df
cb97
7264
6573
838b
8981
7b78
7778
797c
8186
8376
5e3f
281a
1c44
8bb4
cfde
ddb6
8168
6068
7a87
8b86
7e79
7778
797b
7e85
8781
7154
3722
1924
5f9f
bfd7
e0ce
9a72
6263
7383
8c8a
827c
7977
797a
7c80
8585
7d68
472d
1b16
327d
b2cf
e2e1
bb83
665d
677b
898d
897f
7a77
787a
7b7e
8286
8478
5d3d
2617
1a4a
99bf
d9e5
d69e
715e
5f71
848d
8c84
7c78
7779
7a7c
7f85
8782
6f51
321d
1526
6dad
cce2
e5c0
8365
5b65
7b89
8e88
807b
7879
7a7c
7c81
8688
7f65
442a
1a16
388b
bdd8
e6dc
a370
5b5a
6f83
8e8d
847d
7878
7a7b
7c7e
8487
8578
5938
2112
1854
a6ca
e2e7
c98a
6557
6078
8a90
8a81
7a78
787a
7b7c
8085
8883
704e
301b
1429
7ab8
d5e8
e2ad
745b
576a
828f
8f86
7d79
7779
7b7c
7c81
8688
7f63
4025
1312
409b
c7e2
ecd4
9066
555b
7489
908c
827b
7778
7a7c
7b7e
8388
8677
5636
1d10
1c65
b2d3
eae8
b777
5b54
6581
9090
897f
7877
797b
7c7c
7f85
8a83
6b47
2814
0e2f
8bc2
e0ed
db96
6651
5470
8992
8e83
7a78
787a
7c7b
7c82
8889
7e60
3b20
1013
4fab
d0e9
ecc3
7e5d
5060
7e90
938a
8078
7778
7c7c
7c7e
8589
8675
5230
180c
1f79
bfdd
efe4
a269
5251
6c88
9390
857c
7778
7a7c
7b7c
8187
8c83
6842
230f
0c3c
a0ce
e8f0
ce86
5e4f
5b7c
9094
8d81
7877
787c
7c7c
7e84
8b8a
7b59
341b
0c17
67b7
daef
e9af
6e52
4d66
8693
9287
7c77
787a
7c7b
7c7f
878c
876e
4826
1008
2b90
cae6
f3da
8e60
4c54
758e
9690
837a
7778
7c7c
7c7c
8189
8c81
633b
1d0b
0d4c
aed4
edee
be75
544a
5f81
9495
8a7e
7776
787b
7c7c
7e85
8c8a
7853
3016
091d
7ac2
e2f3
e39a
634c
4f6f
8c97
9285
7a76
787a
7c7b
7c80
898e
8569
4322
0c09
3aa3
d0ec
f2c8
7d58
4a5b
7f94
978b
8078
7678
7c7d
7b7d
848d
8d7f
5b34
1908
1469
bddf
f4ea
a667
4d4a
698a
9794
877c
7776
7a7c
7c7b
7e87
8e89
7148
260e
062c
96cd
ebf5
d385
5947
547a
9398
8f81
7876
787c
7d7c
7d83
8c8e
8263
3918
070a
53b6
dcf5
f1b5
6e50
4963
8797
948a
7e77
7679
7b7c
7c7e
858c
8b78
522c
1005
1e85
c8e6
f4dc
915e
4a50
748f
9891
8379
7678
7c7e
7c7c
818a
9086
693f
1f0a
0640
acd7
f2f5
c074
5045
5c83
9696
8b7f
7776
7a7d
7d7b
7d83
8d8e
7d58
3113
0413
71c4
e3f6
e79d
624a
4b6d
8e98
9286
7a76
787b
7e7d
7c7f
8990
8c72
4721
0a03
2c9c
d2f1
fad0
7f55
4555
7d95
998f
8179
7578
7c7d
7b7c
828c
8e82
6238
1907
0c5a
bcdf
f5ee
ae6a
4d48
6689
9794
877c
7677
7a7e
7d7b
7e86
8f8c
774e
280d
011d
89cc
ecf8
db8b
5945
4f76
9399
9183
7876
777b
7d7c
7c81
8b8f
8667
3c1a
0505
49b4
dcf5
f4b9
6f4d
455e
8598
978b
7d76
767a
7e7e
7d7e
868f
8e7c
542c
0f01
157d
c8e8
f8e2
935e
484d
7191
9a91
857a
7678
7c7e
7d7c
808a
9089
6d43
200a
0336
a6d6
f2f6
c678
5244
5980
9698
8e7f
7776
787c
7e7d
7d84
8d8e
805d
3315
030d
63c0
e3f8
eca4
6449
486a
8c98
9486
7a75
767a
7c7c
7b7e
878f
8b74
4922
0800
2596
d0f0
fad6
8657
4652
7b94
9990
8178
7678
7c7e
7d7d
838c
8f84
6539
1803
0650
b7de
f7f3
b56d
4d47
6489
9996
8a7d
7677
7a7d
7d7b
7e86
8f8c
7850
290d
0018
83cd
eefc
e090
5c48
4f74
9299
9184
7a76
787c
7e7d
7e81
8b8f
8668
3e1d
0503
41ae
dbf6
f8c1
7552
465e
8396
968b
7f77
7678
7b7c
7c7e
848b
8a7b
5834
1b0d
1c74
c1e3
f4e1
9961
4a4e
6f8c
9792
857a
7677
7a7c
7c7c
8087
8d86
6d44
220b
0635
9fd3
f1f7
cc7e
5547
597f
9397
8b7f
7776
787b
7c7c
7c83
8c8d
805c
3113
010b
61bd
e1f8
efac
6a4c
4966
8897
9487
7c76
777a
7c7d
7c7f
878d
8a73
4a25
0c03
2791
ceec
fad9
8b5c
4953
7690
988f
8279
7678
7b7c
7c7c
828b
8d81
6339
1805
084e
b3dc
f7f5
bb73
5149
6184
9695
8b7e
7776
7a7d
7d7c
7f85
8c8a
7650
2a0f
041d
80c8
e8f8
e399
644e
5373
8d97
9083
7a76
787a
7d7c
7d81
898d
8466
3e1f
0a0b
44a8
d5f1
f3c6
7c58
4c5e
7f92
958c
7f78
7678
7c7d
7d7e
858b
8a79
542f
1305
1672
c2e3
f6ea
a769
5050
6c88
9591
857a
7776
7a7c
7b7c
8087
8c84
6943
200b
0737
9ed0
edf5
d187
5e4d
5a79
8e93
8c81
7877
787a
7c7d
7e85
8989
7a58
3317
0713
62b8
ddf5
efb4
7256
5068
8493
9287
7e77
7779
7b7c
7c80
868a
846c
4724
0d06
2a8e
c8e8
f4dd
9666
5359
738a
928e
837a
7878
7a7c
7c7e
8286
887d
603b
2010
1556
add4
efee
c17d
5c52
627f
8f91
897e
7776
787a
7c7c
7e83
8883
6f4b
2912
0926
81c1
e0f1
e2a2
6c56
566e
8590
8e84
7c77
787a
7b7c
7e82
8688
7d61
3c1e
0c0f
48a2
cde9
f1d0
8a64
555f
798c
908a
8079
7778
797a
7c7e
8487
8271
502f
170e
2271
b6d8
ece7
b277
5c57
6981
8e8f
867d
7977
797b
7c7e
8286
887e
6541
2311
113d
93c6
e2ee
db9c
6e5a
5e72
878f
8c83
7b77
7779
7a7c
7e82
8684
7456
341c
1121
66ac
cfe4
e5c0
8565
5b66
7b89
8d89
807a
7879
7a7c
7d81
8585
7d66
4529
1918
3d8a
bad6
e4d8
a475
615e
6f82
8d8b
847c
7778
787a
7b7e
8285
8373
5636
1e14
215f
a4c9
e1e7
ca91
6d5e
6375
868c
8981
7b77
7779
7a7c
8084
847c
6645
2917
1537
82b6
d4e6
e1b5
8167
606a
7d89
8b86
7d79
7778
797b
7e82
8582
7459
3822
1620
569b
c2db
e6d5
a277
6463
7181
8a89
827d
7977
797a
7c80
8584
7b69
482e
1a16
3378
accb
dee0
c391
7367
6a76
8488
857f
7b78
7779
7a7c
7d7e
7d77
6b5f
5551
5668
8292
9fa5
a190
7f77
7577
7c80
807f
7c7a
797a
7a7a
7c7e
7d7a
6f61
5046
4554
7591
a4b1
b3a8
917d
7572
777d
8281
7d7b
7877
7879
7b7e
807d
7563
4d3b
3138
5b89
a6bd
cccb
b38c
7267
6a76
8186
837d
7977
7678
7a7e
8281
7a6a
4f36
2826
3e74
9cb4
c8d2
caa8
8471
6b70
7b85
8781
7b77
7677
787c
8082
7e73
5f46
342b
3459
87a2
b7c8
cdbd
997c
6d6a
727e
8685
7f7b
7776
787a
7e82
817a
6950
372a
273f
7297
adc1
d0d0
b790
766a
6974
8186
837c
7975
7577
7a80
827e
715d
4430
2832
5984
9db0
c3cc
c6a9
8772
696d
7984
8680
7b77
7576
797d
8180
7968
5039
2b29
4373
92a3
b5c6
cdc0
9f7f
6e68
6f7c
8483
7e79
7676
777a
8082
7e71
5d44
3028
335c
8698
a6ba
c9ca
b694
7a6a
6973
7f85
837c
7876
7678
7c81
8079
674f
392c
2b46
7692
9ca9
bfcb
c7ad
8a72
676a
7782
8480
7b76
7576
797e
817e
715b
4330
2937
6188
959a
aec3
cac0
a282
6d67
6e7c
8483
7e79
7575
777b
8181
7866
4f38
2c2e
4c7b
9294
9bb2
c4c9
b997
796a
6772
7f84
817d
7874
7579
7e82
7e71
5b43
312b
3a67
8d94
909e
b8c7
c6b1
8e73
6667
7581
8482
7c77
7475
7980
817b
6a53
3d30
2f48
7791
9390
a1b9
c5c1
a988
6f64
6976
8284
817b
7572
757d
8280
745f
4735
2d39
648c
978d
8fa9
bec6
bfa2
806a
646d
7b85
8580
7974
7277
7e81
7c6e
553e
302e
4879
9494
8890
acbe
c3b7
9978
6663
6f7c
8585
7f79
7374
7a7f
8078
644b
372e
3760
8a98
8f84
94b0
c0c2
b291
7363
6371
7e84
847e
7773
747b
807e
7058
4031
2e48
7997
9785
839c
b7c2
c0a9
856c
5f65
7481
8683
7c75
7377
7e80
7a68
4f3b
2f34
5988
9a93
8285
9eb7
c1bd
a683
6b60
6574
8187
857e
7775
797c
7d73
5e45
332e
4070
959c
8d7f
88a4
b9c0
ba9f
7d66
5f65
7483
8885
7e77
7678
7b79
6d55
3e31
3455
879c
9982
798d
acbc
c1b4
9372
615e
6a7a
8588
847c
7776
7a7c
7460
4937
3042
7297
9f90
7978
91af
bebe
af8c
6e5f
5f6c
7c86
8882
7c77
787a
786d
5741
3436
5585
9e9d
8472
7d9d
b5c0
bea6
8268
5c5f
6e7e
8788
827b
7878
7973
644e
3b31
3d69
93a1
967c
7182
a2b7
c0b8
9c7a
635b
6273
8188
8781
7a78
7976
6c58
4234
3450
83a0
a28a
7070
89a8
b9bb
af92
7768
6369
7781
8788
827c
7b78
7265
5241
373d
628f
a29e
846e
728d
aaba
bdb0
8e6f
5e5a
6475
8188
8883
7e7a
756c
5b47
3835
4977
9aa4
977b
6d78
96af
bcbb
a787
6c5e
5c68
7885
8a88
837f
7a71
6450
3e36
3e61
8ea4
a389
6e68
7d9f
b5be
b89d
7c64
595e
6d7d
878a
8883
7d78
6d5c
493a
3547
7398
a79d
7f6a
6b87
a7ba
bfb3
9676
6159
6171
7f89
8b89
837c
7364
5240
3538
5783
a0a8
9779
686f
8aa6
b7bc
b195
7762
5b5f
6c7b
858a
8b86
7e71
5e4b
3a35
416b
94a7
a58b
6e65
7494
afbb
bca9
8a6e
5e5a
6373
8089
8c8b
847a
6a54
4034
3651
7fa0
aba0
8168
6479
99af
bab8
a284
6c5e
5a64
7380
888b
8a83
7663
4d3b
343f
6691
a6aa
9372
6065
81a0
b3bb
b49a
7f68
5c5c
6675
838b
8d8b
8171
5d46
3836
4c7a
9caa
a487
695f
6d8e
a7b6
b9ac
9075
6159
5e6b
7a85
8c8d
897c
6850
3d34
3b5f
8da6
ac9a
7760
5d74
96ae
bab9
a789
6f5f
5a60
6e7c
878d
8d85
7660
4a3a
3647
7297
aaaa
926f
5d61
7d9c
b2b9
b39f
836b
5e5a
616d
7c87
8d8d
8574
5e48
3939
507b
9ba9
a48a
6f63
6a82
9cae
b5af
9a81
6c60
5d63
6f7c
868c
8a7f
6d55
4139
4263
8aa3
a99b
7c65
606e
8ba3
b1b3
a890
7765
5c5d
6673
8089
8d89
7c66
4d3e
3b4c
7394
a6a6
9275
6363
7691
a7b1
b0a4
8d76
655f
6069
7681
888b
8374
5f4a
3e41
587d
9aa7
a18a
7064
687e
96a6
afac
9d88
7466
5f63
6c78
8389
897f
6d56
433d
496b
8fa3
a99a
7d67
626d
869e
acb1
a996
806d
625f
6470
7c85
8a86
7863
4e40
3f53
7896
a5a6
9377
6665
748b
a0ac
ada4
927d
6d63
6267
727d
8588
8272
5d4b
434a
6585
9ba5
a089
7468
6977
8b99
a2a3
9b8d
7f72
6b68
6b72
7a7f
817c
6f5e
524d
576f
8a9c
9f94
7e6b
666d
8093
a3a9
a598
8776
6a63
646a
747d
8280
7564
5248
4a5e
7e96
a2a0
8d76
6665
6f83
97a4
a9a4
9786
766a
6465
6b74
7d80
7c71
6052
4c54
6d87
9a9f
9783
6f66
6977
8b9a
a5a8
a092
8273
6a66
676d
777d
7f78
6c5d
5151
6077
8e9c
9d90
7c6c
676e
8092
9fa6
a49b
8c7c
6f68
666a
7179
7e7c
7365
5851
566a
8295
9e99
8873
6665
7184
95a1
a6a3
9789
7a6e
6766
6970
777a
7870
6258
565e
7287
959a
9382
7169
6b76
8796
a0a2
9e93
867a
6f69
696c
7276
7873
6a5e
585b
687b
8c96
988d
7c6e
696e
7b8a
969e
9f9a
8f83
7970
6b6c
6e73
7675
6e63
5a58
6072
8695
9a95
8675
6a69
7282
909b
a09f
978b
7f74
6d69
6c70
7577
736a
625b
5d68
7b8a
9598
9081
716a
6b75
8390
999e
9b93
897e
746e
6b6d
7075
746e
645d
5a62
7082
9098
988d
7d72
6b6e
7886
939a
9c99
9187
7c74
6f6d
6e71
726f
6961
5b5d
6677
8994
9893
8575
6b68
707c
8a95
9a9c
988f
837a
726d
6e6f
7171
6d66
5e5b
616e
7f8e
9899
9184
766d
6c72
7c88
9196
9894
8c84
7c75
716f
706f
6d68
615b
5c65
7484
9198
958c
7c70
6b6c
7480
8a93
9898
928a
827a
7571
6f70
6e6a
645f
5c61
6b7a
8994
9892
867a
706d
7179
848e
9597
958e
877f
7874
716f
6f6c
6761
5c5c
6472
838f
9698
8e80
736c
6a72
7c86
8f95
9893
8d86
7e79
7370
6f6d
6963
5e5b
5f6a
7786
9197
948a
7e72
6d6e
757f
898f
9594
918c
857f
7975
716f
6b67
615d
5c62
6d7a
8891
9693
897e
746f
7177
7f87
8e90
908d
8983
7d79
7674
706c
6760
5b5e
6572
808c
9597
8f85
7a72
7074
7b84
8b8f
9190
8d88
817d
7976
736f
6963
5f5c
616a
7784
8f94
938c
8178
7371
757b
848a
8e8e
8d89
8580
7c79
7672
6d68
615d
5d63
6e7a
868f
9491
8a80
7974
7478
7e85
8a8d
8e8c
8884
7f7c
7975
716b
655f
5c5e
6673
7f8a
9193
8e85
7c75
7175
797f
868a
8d8d
8b87
837f
7b77
736e
6962
5c5c
616a
7784
8d92
938c
847a
7676
777b
8186
8a8c
8b89
8682
7e7b
7773
6d68
615d
5e65
707c
878e
9290
8a82
7a75
7476
7a7f
8587
8888
8785
817f
7d79
756e
6863
5f62
6772
7c85
8c8e
8b86
7e79
7778
7a80
8588
898a
8886
8380
7d79
7670
6a63
5f60
646c
7683
8a8e
8e8a
837d
7876
787a
7e82
8688
8887
8684
817e
7b77
7169
635f
6065
6e79
848b
8d8d
8981
7b77
787a
7d81
8588
8788
8684
827f
7c79
736d
6863
6164
6a72
7c85
8b8c
8985
7f7a
7778
7a7e
8286
8887
8786
8380
7d7b
7771
6a66
6261
656d
7680
878c
8b89
827c
7877
787c
7f83
8688
8788
8683
807d
7975
6f69
6462
6267
6f79
8187
8a8a
8881
7c79
787a
7d80
8587
8887
8684
827f
7d79
756f
6965
6366
6a71
7981
8788
8783
7f7b
7a7a
7c7e
8285
8786
8785
8380
7f7c
7873
6d68
6666
696d
757d
8488
8786
827d
7b79
7a7d
8082
8587
8686
8483
807e
7b77
716a
6866
676a
7077
7f85
8887
8581
7d7c
7b7d
7e81
8385
8786
8483
817f
7d79
746f
6967
6668
6d74
7b81
8688
8683
7f7d
7b7c
7c7e
8082
8483
8483
8281
7f7c
7973
6f6b
6768
6a70
767c
8285
8784
817d
7b7a
7c7d
7f81
8384
8684
8382
807e
7b77
716c
6867
686c
7278
7e82
8687
8481
7d7c
7b7c
7d7f
8081
8281
8181
807f
7d7b
7773
6e6c
6b6c
6f75
797e
8283
8381
7e7c
7b7c
7c7e
7f81
8284
8384
8281
7f7d
7a76
716d
6b6c
6d70
757a
7e80
8280
7f7d
7b7c
7c7e
7f81
8284
8584
8382
817f
7b77
736f
6b6b
6c6e
7278
7c80
8281
807e
7c7b
7c7c
7e7f
8182
8483
8483
8180
7d7a
7772
6e6c
6b6d
7075
797c
8080
807f
7d7c
7b7c
7d7e
8081
8384
8383
8281
7f7d
7975
716e
6c6c
6e72
757a
7d7f
807f
7d7c
7b7c
7c7e
7f80
8284
8384
8382
807f
7c78
7471
6d6d
6d70
7578
7c7e
8080
7f7d
7b7b
7c7c
7e7f
8182
8483
8483
8180
7e7b
7774
716f
6e6f
7175
797a
7d7e
7d7d
7b7b
7c7c
7d7e
7f81
8284
8384
8281
7f7d
7977
736f
6e6e
7072
7579
7a7d
7e7d
7d7b
7b7c
7d7e
7f80
8282
8483
8482
817f
7d79
7773
706f
7072
7477
7a7c
7d7e
7d7b
7c7c
7c7c
7e7f
8081
8284
8384
8280
7e7b
7875
7170
6f70
7276
787a
7c7d
7e7d
7b7c
7c7c
7d7e
7f80
8281
8181
8180
7f7d
7b78
7473
7172
7275
7779
7b7c
7e7d
7c7b
7c7c
7c7c
7e7e
8080
8281
8181
807f
7d7b
7775
7374
7474
7678
797a
7c7b
7c7a
797a
7a7c
7c7e
7f80
8182
8182
8181
7f7d
7a78
7674
7374
7577
787a
7b7c
7b7c
7a79
7a7a
7c7c
7e7f
8080
8281
8281
807f
7c79
7776
7676
7677
7878
7a7a
7c7a
797a
7a7a
7a7c
7c7e
7f80
8182
8182
817f
7e7c
7977
7677
7677
7778
797a
7a7a
797a
797a
7a7a
7c7d
7e7f
8081
8281
8280
7f7d
7b79
7776
7576
7778
787a
7a7c
7b7a
797a
7a7a
7a7c
7d7e
7f80
8182
8181
807f
7d7b
7877
7677
7778
787a
7a7a
7a7a
7a79
797a
797b
7c7d
7e80
8080
8281
807f
7e7c
7a78
7778
7678
7778
7a7a
7a7a
7a7a
7979
7a7a
7c7c
7e7e
8080
8181
8180
7f7d
7c7a
7977
7877
7878
797a
7a7b
7a79
7a79
797a
797b
7c7d
7e80
8080
8180
7f7e
7d7c
7a78
7778
7778
7a7a
7a7b
7a79
7a79
797a
797a
7c7c
7e7e
7f80
7e7f
0000
7f7f
8081
8181
8180
8080
8080
8080
8080
8180
8080
8080
8080
807f
7f80
7f7f
8080
7f7f
7f7f
807f
807f
8080
807f
8080
7f80
8080
7f7f
7f7f
7f7f
7f7f
7f7f
7f7f
7f7f
7f80
8080
807f
7f7f
7f7f
807f
7f7f
7f80
7f86
cef8
feff
fef9
ecdf
f0da
ccbb
9fa6
9356
7a5a
5e3a
cb00
1400
0403
180c
1427
1412
1824
2027
2e2b
3046
4147
4447
4859
605d
7887
8599
a9b5
bcd6
eaf3
eff1
f3f5
f1e9
f4f0
ecf3
ebe2
dae1
d9d4
d5c3
beb6
b6ad
aaa8
a6a5
a389
8488
6c75
5e54
423c
3c2f
2b23
221b
1812
0012
1313
1110
1211
1314
1719
1b1d
1f20
2423
2c27
2f29
3630
363c
423b
3d44
494c
5052
5456
5758
5a5d
727a
7484
9187
90a8
b3b7
b0c7
cbd1
d1d4
dce5
eeec
e9e7
e9ec
f2f1
efec
edf3
f4f2
eee9
e5e2
e1e1
dfdc
d9d2
c9d1
cfc4
bfb8
b4b1
adac
a9a7
a5a3
a085
8084
8686
8679
6e6f
5d59
5751
594c
4948
4645
4440
3c3c
3a3b
3a3c
3c42
4347
474a
494c
4e53
5555
5459
595a
5a5a
5f63
6669
6a72
7371
6f6d
6c6c
7473
7278
7975
7472
7272
7171
7170
6865
6a6b
6c6d
6e6f
6f70
6866
6161
6765
5f62
595a
5558
5c5d
5b56
5250
4051
5353
4e4c
4052
5455
5350
5058
5759
5758
5b5a
615d
6062
626a
646b
7179
7b7a
6974
777f
8285
878a
8c8e
91a7
b8ae
afaa
b5c3
c4cf
d1cf
d8d7
e1e1
e4e6
eaec
f0ef
f2f1
efef
ede9
e9eb
e9e7
e7e6
e2df
ddda
d5d4
d1d0
ccc7
c9c3
bebb
beb9
b5b1
b3b2
a7a5
a7a3
9d9d
9b9a
9896
9593
9188
8686
8681
787a
7871
7371
6b6c
6766
696a
6665
6362
6565
6666
6766
6767
6767
6767
6768
686b
6c6b
6a69
6b6e
6c6c
6b6b
6a6d
706e
6e6c
6b6b
6b6c
6c6c
6d6c
6c6c
6c6c
6c6c
6c6b
6a65
6566
6868
6966
6566
6363
6565
6261
5f63
6062
6160
625f
615f
5f60
6060
5f5f
6062
6262
6161
6161
6162
6465
6566
6666
6866
6665
6669
696b
6d6d
6e71
7171
706f
7073
7778
797b
7d7e
7f7f
8183
8183
858a
898a
8d8e
8d8d
8e8c
8b87
898a
8b8b
8d92
9192
9191
9193
9396
9796
9797
9899
9a9a
9a99
9998
9798
9898
9493
9294
9293
9394
9291
8f8e
8d8d
8d8c
8c89
8986
8683
8382
8283
8485
8483
8181
8183
8586
8885
8587
8788
8a8b
8a89
8887
8688
898c
8c8e
8f90
9090
908f
8f8e
8e8d
8d8c
8c8b
8a8b
8c8c
8d8e
8d8e
8d8c
8b88
8686
8684
8485
8787
8588
8588
8785
8884
8486
8381
7e7d
7b76
7579
7979
7570
7171
706b
6c6c
6e6a
686a
6a6b
6b69
6969
6767
6666
6566
6565
6565
6364
6464
6465
6c70
7171
7272
7272
7272
7373
7373
7474
7474
7474
7474
7474
7474
7475
7575
7575
7576
7676
7676
7677
7777
7777
7778
7878
7878
7878
7879
7979
7979
7979
7979
7a7a
7a7a
7a7a
7a7a
7a7b
7b7b
7b7b
7b7b
7b7b
7b7c
7c7c
7c7c
7c7c
7c7c
7c7c
7c7c
7c7c
7d7d
7d7d
7d7d
7d7d
7d7d
7d7d
7d7e
7e7e
7e7e
7e7e
7e7e
7e7e
7e7e
7f7f
7f7f
7f7f
7f7f
7f7f
7f7f
7f7f
7f7f
7f7f
7f7f
7f80
8080
8080
8080
8080
8080
8080
8080
8080
8080
8080
8080
8080
8181
8181
8181
8181
8181
8181
8181
8181
8181
8181
8181
8181
8181
8181
8181
8181
8181
8181
8181
8181
8181
8181
8181
8181
8181
8181
8181
8181
8181
8181
8181
8181
8181
8182
8181
8182
8181
8281
8281
8282
8182
8281
8182
8182
8182
8281
8281
8282
8282
8282
8282
8282
8282
8282
8282
8282
8282
8282
8282
8282
8282
8282
8282
8282
8282
8282
8282
8282
8282
8282
8282
8282
8282
8182
8281
8182
8181
8181
8181
8181
8181
8181
8181
8181
8181
8181
8181
8181
8181
8181
8181
8181
8181
8181
8181
8181
8181
8181
8181
8181
8181
8181
8181
8181
8181
8181
8181
8181
8181
8181
8181
8181
8181
8181
8181
8181
8181
8181
8181
8181
8181
8181
8181
8181
8181
8181
8181
8181
8181
8181
8181
8181
8181
8181
8181
8181
8181
8181
8080
8080
8080
8080
8080
8080
8080
8080
8080
8080
8080
8080
8080
8080
8080
8080
8080
8080
8080
8080
8080
8080
8080
8080
8080
8080
8080
8080
8080
8080
8080
8080
8080
8080
8080
8080
8080
8080
8080
8080
8080
8080
8080
8080
8080
8080
8080
8080
8080
8080
8080
8080
8080
8080
8080
8080
8080
8080
8080
8080
8080
8080
8080
8080
8080
8080
8080
8080
8080
8080
8080
8080
8080
8080
8080
8080
8080
8080
8080
8080
8080
7f7f
807f
807f
807f
7f7f
7f80
7f80
807f
8080
8080
8080
8080
8080
7f80
7f7f
7f81
7f7e
7e7f
7e7f
7f7e
7e78
899c
9295
7573
707b
6b95
798b
6476
667c
7580
8b75
7e6d
7f7c
7e8d
8196
818d
798a
7a9c
7a86
7d80
826f
7a81
8082
7675
8c78
7888
7b88
927e
8d7b
7c7d
7974
7b6e
9073
936f
986f
7b87
7795
6187
7686
798e
8272
9279
877b
7b8b
998c
7d86
7b97
8285
838d
7e7a
7a6b
7974
7e81
8c83
898d
7d7a
7f7e
7276
737d
7b90
7f89
817d
8d7e
8b83
8877
7c78
887b
7781
737b
877a
8684
8469
7875
7f78
7d7e
7e85
8084
8682
7c79
7a72
7889
7a78
8a85
7a74
8283
7e84
7d7c
7875
7e80
8a80
827b
8280
8a81
967b
9475
877a
7f78
867d
8d75
827e
896d
8970
7e77
8179
7a79
8873
9480
888a
818a
7972
8871
7e80
877f
8376
8571
7577
8578
7d7c
9180
7e83
907e
8679
7482
7785
8378
827e
8672
8d7f
8d73
817c
8877
8e83
7f88
867f
8a77
857a
7d80
897a
8677
8c70
8c77
7f74
7a86
7d86
7c83
8985
837b
8874
8771
896d
8671
8771
7e7e
7c81
8287
787f
7485
8077
8e6d
9875
867b
8d71
8c6f
9177
8281
747a
7a80
807a
867c
8073
8973
9374
897c
867a
897c
8280
8188
7686
8177
7e78
7b7f
7f86
887f
8582
8b87
807b
8079
847c
7a86
7883
7f7f
827e
897e
8083
7f7a
847d
8681
7d82
837c
7e79
8284
7684
7c80
7b7d
7884
7a83
8283
7f83
7d81
7985
8882
887a
8681
8282
7c87
7f86
8087
8582
817f
7f7c
807b
8a76
847b
8776
887e
818a
7688
7b82
7d88
7f85
7f83
8078
847b
8779
897a
837c
8780
8180
7785
7b80
7c7d
7d80
7b81
837d
7f78
837f
7d7a
7d7f
807e
8182
7e87
7b85
7a86
8188
7c7f
7c83
817d
7f7e
7c86
7f7c
8578
7f81
8082
7d7f
7e81
7c82
7682
7c87
847d
8379
8379
867f
847e
847e
8082
7c7e
7f81
7981
7a85
7a83
7d81
807a
8082
7f79
8180
807f
8083
7e82
817e
7f7c
807a
7e80
807c
7f7c
827d
7f80
7c80
7e81
7e7f
7d80
7d7c
807a
817c
847d
7c7b
7f7f
7e82
7d7f
7e80
7b7e
7c81
7b81
7e7f
807e
7f7f
7e80
7e81
7d7f
7e7d
7c81
7d7f
7b81
7b7f
7d81
7f80
7c82
7e7e
7e7e
7e7c
817c
817e
817c
7f7d
7d7f
7c7e
7b7f
7c80
7c7f
7e7e
7d7e
807d
7e7e
7e7e
7e7c
807f
7f7f
7e7f
7c7e
7d7e
7f7e
7e7d
7e7e
7f7f
807e
7e7e
7f7f
7e7f
7e7f
7e80
7d7e
7e7e
7f7d
7e7f
7f7e
7f7f
7e7f
7e7f
7e7f
7e7f
7f80
7f7f
7f7f
7f7f
7f7f
7f7f
7f7f
7f80
7f7f
7f7f
7f7f
7f7f
7f7f
7f7f
7f7f
8080
7f7f
7f7e
7c4a
2126
2b3d
549e
9d85
ffde
ffe5
edd6
dcbe
947f
5d4a
101f
1319
1c22
2642
3366
3496
8d7c
7b7d
8699
bde1
e2e6
f8f4
f5f3
eee0
ddd8
cec2
a7a9
9f8d
571e
2313
0e0c
1000
171d
2936
3d44
4c65
6989
8eb2
96a1
c5c4
dae5
dadf
d8d4
c7c7
c0c4
afb7
92a4
7c77
6450
231b
0421
181f
101d
3c2d
4638
5664
6173
8cc8
bad6
cfd3
c4bf
b1cd
b1bb
c5c1
a090
858b
a370
9553
5d58
5d51
672a
3724
382d
3721
4638
3143
4e55
6e8b
9bb7
acd4
c7eb
d4d8
dcc9
c1cd
afc4
968e
7e78
6360
4278
236f
2c5c
384d
3150
4b4e
5b4d
654b
6288
7487
888c
9cb7
b6be
cec6
bdbd
c2a9
9989
b075
a063
6965
6f55
524e
6b3e
6c4a
6067
6964
775b
5054
6143
8942
9167
9885
89a8
aea9
aebb
b9e3
b0d1
9eac
a494
6d9d
6965
5a71
6562
4c46
456f
7550
3d6b
7187
6183
52ad
769b
719c
6cb3
98a2
8c91
9a84
c17b
ae85
819a
9aa0
7477
8182
6f72
7168
5568
714c
6e76
636c
6693
7a6c
7e79
858e
8a8a
9f77
9ba1
9d89
9a9e
9fa5
8893
8b6c
9d7b
6d77
717a
6b5b
8157
7e6b
6a5f
5c60
896e
7677
82ad
a38c
9c78
ba83
8fa6
828d
8e78
8a89
608e
8668
836a
735a
70a0
698c
7794
6d9c
6b98
5888
8487
8362
956c
9074
9358
9b75
897f
767f
9498
7e90
9d83
8b8d
8878
9177
8483
7b78
7d83
7d59
8a7a
6777
7774
6492
7388
6777
8680
8a84
868c
8a91
9f98
938d
79ac
8289
707a
8084
746c
6b7a
756f
855a
7288
6379
6594
6f87
7d7d
8c77
8684
8d84
8a80
9d85
80af
7d9c
7294
789b
7982
797f
8677
7875
776b
7472
7a70
7c7f
7678
787b
7e7a
7785
8f77
917d
8a78
9783
9194
8b83
9c77
9c7c
947f
9170
8e6e
8074
745b
7a62
826d
6f7e
7385
767e
7683
8a75
8b89
7992
7987
8499
8096
8b81
8790
9477
887f
727d
797a
7b77
7770
7072
7772
7f76
7e7f
8d7b
8d73
7e85
7c91
708d
7b86
827f
8288
8378
9787
858e
7b8b
7691
6c85
6b8a
727c
7372
757e
6e84
7687
7d7a
7d7d
817c
7e81
7783
857f
7e7f
8a7e
8a7c
8489
9382
8380
8687
7f82
8273
8471
8174
7677
8875
757b
8072
8679
817e
807f
7e7a
7f7c
857a
8680
8a79
8886
8188
818d
8687
817d
8479
787e
7d78
7e75
7b7a
797d
7a79
7d77
7f7e
7e7d
827c
8180
877e
8184
7f83
8085
8380
867c
8a7d
8382
7c84
8080
7c84
7780
7d7c
7b7c
7d78
7f7c
7a79
817a
8179
817c
7f80
7b82
8082
8080
847f
7f81
867e
8183
8283
7d84
7f7f
7d7f
7d81
7b80
787d
7b7b
7f79
807c
7c81
7d7b
827c
817f
7f81
7b86
8082
8082
7d86
7f80
817c
857c
837d
817b
817b
807a
8179
7f7b
7d7c
7d7e
7e7e
7e7c
7e80
7d80
7e84
7d83
7d81
8082
8080
7f81
7f81
7d82
7d81
7e7e
7e7f
7e80
7e7f
7e7e
7e7e
7e7e
7e7e
7e7e
7e7e
7e7e
7f7e
7f7e
7f7f
1818
1818
1e34
423f
3829
1d17
1818
1818
1818
1c23
2f31
3940
4246
474a
545d
6673
8594
aac0
cec3
bcc1
d0e2
e8e7
e7e7
e7e7
e7e7
e7e7
e7e7
e7e7
e7e7
e7e7
e7e7
e7e7
e7e7
e7e7
e7e7
e6d7
d1d1
c6ae
9070
5239
1a17
1818
1818
1818
1818
1818
1818
1818
1818
1818
1818
1818
1818
1818
1818
1818
1a38
6180
a2be
d2e5
e8e7
e7e7
e7e7
e7e7
e7e7
e7e7
e7e7
e7e7
e7e7
e7e7
d8b4
9680
7361
4625
1618
1818
1818
1818
1818
1818
1818
1818
181f
4059
7287
a3c0
dfe9
e7e7
e7e7
e7e7
e7e7
e7e7
e7e7
e7e7
e7e7
ddbb
9a7c
6149
321a
1718
1818
1818
1818
1818
1818
1818
2541
5b78
93a6
baca
e3e8
e7e7
e7e7
e7e7
e7e7
e0ca
b298
7e66
4a34
2118
1818
1818
1818
1818
1818
1826
425f
798f
a5ba
dae9
e7e7
e7e7
e7e7
e7e7
e7e3
caac
9786
7157
3e2f
2217
1818
1818
181d
2e47
5d70
7e8d
a3b4
c3ce
d7de
e1e0
ddd5
c7b3
977c
6959
412a
1818
1818
1818
1818
181e
3751
6273
8ea4
bac6
d0de
e5e7
e4da
d0c3
b09d
8a71
5d49
3e33
231b
181d
2a39
4556
677a
91aa
bdd0
dce5
e8e7
e7df
d2c1
af9d
8f7f
6856
4432
2319
1818
1b21
2e3d
4b5f
6c7f
8d98
a3ae
bbc7
cbc8
c6c1
b9b3
a99d
907c
6c5f
5248
3f3b
3a3d
444f
5a68
737a
818a
8e99
a1a4
a4a4
a3a1
9d9a
968d
8076
716f
6f6a
6869
696d
7074
7883
8b94
9ca1
a6a6
a49f
948f
8b84
7e77
6e64
5848
3f38
3330
2a2c
3136
4048
4c53
5c6c
7c88
9099
a2a5
aaaa
aaa9
a5a4
9f98
938d
847b
736a
6254
4943
4141
413f
3d3c
424b
5765
97e9
e7e7
e7e7
e7e7
e776
3870
1617
1818
1818
1818
1818
181d
1b17
6646
1987
7c3f
a5ac
49b5
eaa7
e0ea
aad3
eccc
dfea
d3d1
eca6
bbe3
440e
1a17
1818
1818
2ada
ece6
e7e7
e7e7
e7e7
e7e7
e7e7
e7d6
2513
1918
1866
1e55
f8e4
e8e7
e78f
031d
1718
6ee1
1ba3
f6e4
e8e7
e73d
0e1a
1718
a2ac
13d9
ede6
e7e7
ae0c
1a17
1820
c048
39ee
bf17
1718
1818
1849
13af
f4e4
3c0e
1a17
1896
d416
1718
4761
caef
8d03
1c24
d4ed
e6e7
e7e7
e7e7
e766
4afd
52b3
f375
071c
1b1b
46ed
e74d
0c1b
1718
1818
1818
72ef
e6e7
8356
f4c0
d1ed
e6e7
63b7
f3c8
440f
3467
a2f4
e4e8
e6e7
e7e7
6309
2458
80f8
e3e8
a250
f27b
061c
1718
39e4
eae1
4420
ddc3
1d19
1718
2abf
2812
1a6c
6d08
45a8
6915
18b4
f3e4
e8e7
e7e7
e7e2
7522
155c
5872
1518
3e86
8005
3eb0
ba22
19d3
eebb
1542
ebe8
7906
85f9
b815
4cf1
af21
1590
f8d0
2513
193a
ce61
0a2d
d9ed
e6e7
e7e7
e7e7
e7e7
e7e7
e765
54ff
e274
061c
1718
1818
183a
b267
2115
54d5
d522
1319
3ab0
2914
56f6
e4e2
460d
4eef
e6d8
96eb
e7e7
e773
075d
f8dd
2d18
d5ee
e64c
0c1b
1722
1618
42ea
e8d2
2613
1971
941a
1718
188f
ddb8
1f15
1964
fce3
c921
15d0
efe5
e8e7
e7e7
e7e7
ab41
f6e5
e52f
101a
56ef
ca1f
1419
1818
1818
1818
1832
dfeb
d324
138a
f9e3
e8d0
6fc0
efe5
e8e7
bbb2
f1e5
e8d0
3811
1917
a8c8
b577
1955
ebe7
e7b9
231d
1618
59b5
df9f
1717
182a
daec
ab14
1818
18c2
f1e5
5a0a
1bb3
f3e4
bd15
1718
3fe8
e88c
081b
1718
1818
1883
f79c
3439
76ef
e6e7
e7e7
ddd5
e8e7
e7e7
e7e7
d44a
101a
3fe8
e8e7
e75b
0a8c
f8e3
e8e7
840a
1b17
1820
b1f3
ca3b
1119
1718
5cfb
e3df
430e
1a17
1818
186e
fce2
e8c6
837c
3c8f
f8e3
e8e0
aaa3
8d43
101a
17a5
f5e4
e8dd
d06b
0c1a
174a
efe6
e7e7
e077
2815
1918
1818
96f7
e4e8
e7e7
e385
1418
48ee
e7e7
e7e7
cd2e
1219
1818
1818
45ec
e7e7
e7e7
d2ad
4010
1a17
1832
dfeb
e6e7
e7e7
e7b6
2215
1918
1845
ece7
e7e7
e7c4
5a1c
1618
1818
1818
1818
73fc
e3e8
e7e7
e7e7
c51a
1618
1818
1818
1818
2bdb
ece6
e7e7
e7e7
e7b9
1318
1818
1818
1818
1818
1829
daec
e6e7
e7e7
e7e7
e352
0b1b
1718
1818
1818
1818
1818
182c
6f9d
d9ea
e6e7
e7e7
e7e7
e7e7
e7c9
4616
1818
1818
1818
1818
1818
1818
1818
2b42
66a5
bfc6
afb2
cfe8
e7e7
e7e7
e7e7
e7e7
e7e7
e7e7
e7e7
db44
0e1a
1718
1818
1818
1818
1818
1818
1818
1818
1819
59aa
c5e2
e8e7
e7e7
e7e7
e7e7
e7e7
e7e7
e7e7
e7e7
e7db
c9cc
dfe8
e7e7
e7e7
e7e7
e6dc
c8bc
c0ce
e2e8
e7e7
e5db
cfba
9141
101a
1718
1818
1818
26cc
efe5
e8e7
e7e7
e7e7
e7e7
e7e7
e7e7
e7e7
e7e7
e7b4
653f
2618
1818
1818
1818
1818
1818
1818
1818
1818
1818
1868
f3e5
e8e7
e7e7
e7e7
e7e7
e7e7
e7de
8640
1d17
1818
1818
1818
1818
1818
1818
1818
1818
1818
52ab
dfea
e7e7
e7e7
e7e7
e7e7
e7e7
e7e7
e7e7
e7e7
e7e7
e7e7
e2b3
deea
e7e6
e7e7
e7e7
e7e7
e7d4
d7eb
ae73
4f1b
1c1a
1718
1818
1818
1818
1818
1818
1818
1c56
c1ef
e5e8
e7e7
e7e7
e7d3
e3e9
e782
51e3
e3a1
083b
e2ea
e7c1
7fc0
9a26
1419
1818
1818
1818
1818
1818
184c
6885
b0cd
eae7
e6da
e6e8
e7a9
20aa
ebe4
4c25
50cc
c47f
5b86
f091
5f4f
cdee
9145
9bf5
e4de
77d0
eee6
d2a9
efe6
e8e7
e7c7
e483
041c
1718
1818
292f
2591
2913
642b
1219
1818
187b
fb52
2792
e2d5
6f45
39ea
e8c5
1e65
fae3
e42e
3fea
e862
091b
ab90
011d
17ce
f0e5
e8e7
e7e7
c028
5161
1618
1818
1818
1818
1818
1818
1818
1818
3385
ad99
8556
b4f1
e5e8
e7e7
e7e7
e7e7
d6dc
eae6
e7d0
e8e7
e7bb
6ded
e6da
281f
a7e8
4d0c
1b3b
abc3
1e15
1922
2415
1ab8
8246
eee7
dc57
3e3c
1129
550e
53f3
e4d7
e8e7
a107
1b17
1859
3a11
45ea
e88b
036a
f4de
2d11
1a52
b014
1841
e9e8
882b
e8e9
e7e7
e7e7
e7e7
c92a
2018
1818
1818
1818
1818
1818
1818
1818
1827
6f51
1618
1818
18aa
f4e4
cce7
e7e7
e7e7
e7e7
e7e7
e7e7
e7e7
e7e7
e7e7
e7e7
e7e7
cc56
7d81
5012
2844
1119
26c2
d920
1419
1818
1827
1618
332f
2e29
6230
1319
29b0
7f17
3239
e8e8
d223
1360
f78e
031c
1bbb
f2af
0e19
25d7
ede6
4e0b
30dc
ecde
2c11
1a18
1818
1818
1838
d5ec
e6d1
dee9
e7e7
e7e7
e7e7
e7e7
e7e7
e7e7
e7e7
e7e7
e7e7
e7e7
e7e7
510b
1b17
1b18
1818
1818
1818
1818
1818
bbb6
1e15
9bf6
e4da
67c0
eddf
501b
6f45
2914
389c
c5ee
e6e8
e7e7
e7a0
9252
adf1
d2ea
e6e7
decb
ece6
e7e0
5c0a
73fa
e3a8
0c1a
46ed
e340
0e1a
3be6
e995
031c
4ef3
e5bf
1822
1658
9869
155b
9bc1
ecd9
d3da
cfe2
e8e7
d0a3
aee5
e8e7
a467
d7eb
e6dc
9fbf
eee6
e8e7
e74f
0b21
84a3
2a12
1918
1818
1818
1818
1818
1818
1818
1818
4ef2
c41b
162e
ddce
2f63
cfed
dc90
84e7
e8e7
c17e
ebd0
759b
e2e9
ad0b
35df
ebe0
2f10
c2f1
e5e8
c88c
e5e8
e7e7
b611
1853
f5e5
a706
1b17
b7f3
e4b5
1019
1822
54a7
770f
2175
9521
265b
6f3d
101b
6ad7
ca70
535f
7b82
b9e2
dd84
557f
c3ed
c327
1365
f0e6
e8a7
091b
23d6
ed96
071b
17c6
f1d3
2513
194e
f2d5
2f11
1918
40e9
cb1f
1562
fee2
ad28
e5e9
e77b
33f0
e6e7
7074
c7be
2014
1988
5c0a
1b17
a8f3
4e0c
1b17
cef0
e553
0b1f
ccf0
e5bf
1617
1874
fce3
c51c
1698
f7e4
e8bf
4115
1818
1818
2bb2
b392
8bc9
ede6
e7e7
ddd2
ebe6
e7e7
b14e
90e7
e8d5
440f
1a43
c4ee
e6e8
e7e7
cc1f
1419
1818
1818
1818
1818
1818
2420
1618
1818
2fdd
ebaf
0d25
78e0
e9cd
639c
f5e4
e8dc
a6d6
ebe6
e7e4
e5e8
e7ba
185a
e2ea
e7c7
1c21
b6f2
e5c6
1b16
181e
b7f2
d426
1219
1898
f2e5
e8db
5b0c
1a37
d4ec
e6ae
0b1a
1718
1818
1818
47ed
e7d2
84a6
daea
e7e7
e7b2
80be
ede6
e7e7
a447
376e
c6e9
e7e7
e7e7
e7c1
1816
2047
4f15
1818
1818
1818
1818
1818
1818
182f
3412
1918
1869
f9e3
6e09
1b59
fae3
c83a
7edc
eae6
e783
dceb
e6e7
9b25
caee
e66a
52f2
e6e8
e75a
0a1b
60fd
e2e8
7906
1c17
9df3
d96d
1f16
1818
18a2
ece6
c831
1219
1818
1818
1f68
b7ea
e7e7
e7e7
e7e7
e7e7
e7e7
e7e7
e7e7
e7c9
3112
1918
1818
1818
1818
1818
1818
181e
3513
1918
1878
f1e5
e8e7
e7d9
b1e9
e7e7
e7e7
e7e7
c649
bef0
e5e8
bf17
4994
e0ea
e770
071c
2cc9
ee5e
091b
9ef6
e481
051c
40ea
e8e7
e75b
0a1b
1772
f0e6
e7e7
550b
1b17
3aad
c2de
e9a3
0f19
36a0
a4c4
ebe6
e770
071c
1718
1818
1859
bde6
e8e7
e7e7
e7e7
e7e7
e7e7
e7e7
e770
0a1b
1718
1818
1818
1818
1818
1818
1818
295e
1f16
1818
28b2
f2e5
e8e7
e7e7
e7e7
e7e7
e7e7
e7e7
e7e7
e7e7
e7b7
1916
31df
ebe3
6f0f
2bd5
ede6
aa1f
67eb
e7e7
bc15
1730
c9ee
e6df
510c
1b17
1818
adf4
e460
091b
1718
1875
cbc0
9b9e
8a1f
1518
44eb
e7e7
e7df
c3b4
6d17
1718
1818
1818
1818
1818
1818
1836
73a6
d6ea
e6e7
e3c5
c1de
e9e7
e7e7
8c03
1c17
183b
bfea
e7e7
e237
0f1a
1718
4fcc
ece6
e7b6
1118
1827
8cea
e7e7
e7c3
b3ea
e7e7
e7df
483a
74d7
ebe6
e746
0c1a
1736
bec9
3a10
1a17
1818
1a38
95c5
2a13
1918
1818
4fdb
eae7
e7e7
6209
1b1d
73d7
ebe6
e7e7
e7c7
1c15
1818
1818
1825
a8ee
e6e7
e7e7
e7e7
e7e7
e7e7
e7e7
e7e7
e7bb
7b60
3e19
1718
1818
1818
1818
1818
32a8
784d
2515
1818
189d
f6e4
e8e7
e7e7
d048
71f0
e6e8
e7e7
e7e7
dae9
e7e7
ab14
1818
32dd
e692
2116
1818
35e1
eadf
9427
1446
ece7
e7e7
d460
4b21
1518
18ad
f4e4
e882
0d1a
1718
1855
f6e4
e8e7
b478
7724
1518
1818
1887
f4e4
e3b8
c5db
e0e8
e2d9
e5e8
e7e7
e2c3
b5ba
cdd3
cfd5
e7e6
ccb5
d5eb
e6e7
e7e7
e7e7
e7bd
1517
1818
1818
1818
1818
5795
4811
1917
1818
182a
aaea
e7e7
e775
061c
62cf
ece6
e7e7
c54e
3966
b7e8
e7e7
dc6f
2277
d5eb
e6e7
e7d0
3e10
1a25
607e
aae7
e8e7
e7e7
e77f
051c
1718
184c
cbed
e6e7
e7b3
0f19
1818
1818
1818
4491
c6e8
e7e7
e7e7
e7e7
e7e7
e7e7
e7e7
e7e7
e7e7
e7cc
7953
4029
1519
1818
1818
1818
1818
1837
a378
3812
1917
1818
182f
ddeb
e6e7
e7e6
8c19
1718
2fdd
ebe6
e7e7
ce57
87ee
e6e7
df98
5c40
172c
cdee
e6dd
6b13
1918
34d7
ece6
e7e1
ba85
2615
1918
1830
d4ec
e6e7
e7e7
a216
1718
181d
d1ef
e5e8
e7e7
e7c3
4314
183d
4f4b
3216
1818
1818
1818
1829
6454
2216
245a
8ea1
914e
3064
b6ea
e7e7
e7e7
e7e7
6908
1b17
1818
1833
c0ef
e5e8
e7e7
e73b
0e1a
1718
1818
58ee
e7e7
e7e7
7d05
1c17
37c7
ece6
e7e7
e22e
101a
1718
2fad
ece6
e7b8
1218
1818
1818
6de0
e9e7
e7e7
e78c
031c
1718
182d
a5eb
e7e7
e7e7
e7e7
cc1f
1419
1818
1818
1818
183a
7fad
c9dd
e9e7
e7e7
e7e7
e7e7
e7e7
e7e7
e7d1
b7c2
dce8
e7e7
e7e7
e7ad
1517
1818
1818
1818
1831
ab8e
4e25
1518
1818
1818
1818
b7f3
e4e8
e7d1
7f3c
1419
1891
f8e3
e8e7
b949
1718
1839
e4ea
e7e7
e7e7
db8c
4c50
d9eb
e6e7
e7e7
e765
081b
1718
1818
99f7
e4e8
e7bf
3113
1918
1818
181f
caf0
e5e8
e7e7
e7e7
e7e7
ba77
553e
5058
3d16
1818
1818
1818
1818
1818
1818
1818
1818
55bd
eae7
d449
0e1a
1718
1818
45bd
efe5
e8e7
e7e7
e7e7
e7e7
540b
1b17
1818
1872
eae7
e7e7
e7e7
7606
1c17
1818
2797
eae7
e7a2
1019
1818
1818
208f
ebe7
e7e7
e780
081b
1718
1818
7eef
e6e7
e7e7
e7e7
e7e7
e7e7
a108
1b17
1818
1818
2e90
afa8
a3a9
a897
8274
7789
abc0
b291
6337
2432
5269
727d
8aa0
a48e
6956
545b
99e7
e8e7
e7e7
e7e7
c434
1219
1818
1818
1818
70f7
e4e8
e7e7
e7e7
b551
1718
1818
1891
f8e3
e8e7
e7e7
b72c
1319
18ab
f4e4
e8e7
e68a
3215
1818
1870
f6e4
e8e7
e79b
1d16
1818
1818
1818
8af9
e3e8
e7e7
e7ca
4f17
1718
1818
1818
60f0
e6e8
e7e7
e7e7
e7e7
e7e7
e7de
9745
1618
1818
1818
1818
1818
1818
1818
1818
1818
1818
1818
1818
181a
a2f5
e4e8
e7e7
e7e7
e7e7
e7e7
e7d2
2912
1918
1818
1867
d0eb
e6e7
e7e7
e7cd
1f14
1918
1818
1821
80df
e9e7
e7e3
430d
1a17
1818
1818
55d0
e9e7
e7e7
e7e7
e7e7
cf37
1119
1718
1818
1825
a6ee
e6e7
e7e7
e7e7
e7e7
e7e7
e7d2
6917
1718
1818
1818
1818
1823
2e3d
4d65
85a2
aea3
8b77
7581
9999
8d79
6554
463b
364a
9eec
e6e7
e7e7
e7e7
e7e7
e7cd
5319
1718
1818
1820
b9f2
e5e8
e7e7
e7c2
3d10
1917
1818
58f2
e6e8
d98a
3a13
1918
1818
186a
f2e5
e8e7
e3b1
7531
1319
1818
1818
1818
72f2
e5e8
e7e7
e7e7
e797
1119
1818
1818
1818
1818
1834
608b
bce9
e7e7
e7e7
e7e7
e7e7
e7e7
e7e7
e7e7
e7e7
e7e7
e7e7
e297
5b44
3d3a
2d25
2430
3a35
2819
1818
1818
1818
1818
1818
1818
1818
1818
1818
183e
d0eb
e6e7
e7e7
e7e7
e7e7
bf22
1518
1e62
c1eb
e6e7
e7e7
e7e7
e7e7
e7b6
1218
1818
1818
2080
e3e8
e7e7
e7e7
e7e7
e7e7
e7e7
e7df
8515
1818
1818
1818
1818
1818
1818
3e80
bae8
e7e7
e7e7
e7e7
e7e7
e7e7
e7e7
e7e7
e7e7
e7e7
e7e7
e7e7
e7e7
e79d
1917
1818
1818
1818
1818
1818
1818
1818
70f8
e4e8
e7e7
e7c7
4412
1918
1818
1818
185d
e9e8
e7e7
e7e7
e7e7
e795
2116
1818
1867
f5e5
e8e7
e7e7
c56c
2d14
1918
1818
1818
1818
29cb
eee5
e8e7
e7e7
e7e7
e57b
1319
1818
1818
1818
1a31
5373
90b0
c2c4
ac95
9495
9287
706e
84a1
c0de
e8e7
e7e3
e7e7
e7e5
d8d9
e4e8
e7e7
dcc8
b79d
7b59
3617
1818
1818
1818
1818
1818
1818
1818
1818
1818
25b1
f0e5
e8e7
e7e7
e7e7
e7e7
e7e7
e766
081b
1718
1818
2bb1
eee6
e7e7
e7e7
e7e7
e7e7
e7e7
e190
2215
1818
1818
1818
1818
3fc8
eae7
e7e7
e7e7
e7e7
e7e7
e7e7
e7e6
b97b
5d46
362c
251c
1818
1818
1818
1818
1818
1818
1c22
2f39
3d37
2b1a
1718
1818
1840
beef
e5e8
e7e7
e7e7
e7d1
3f10
1a17
1818
1818
1818
1818
1818
49ef
e7e7
e7e7
e7e7
e786
1718
1818
1818
1818
37d3
ece6
e7e7
e7e7
e7e3
8828
1519
1818
1818
1818
1952
c5ee
e6e8
e7e7
e7e7
e7e2
670f
1a17
1818
1818
1818
1818
2571
a0c3
e2e8
e7e7
e7e7
e7e7
e7e7
e7e7
e7e7
dbbe
aba0
9281
756c
6e7c
8a9d
afbd
c5c2
b09c
9181
6c51
3c36
312d
2317
1818
1818
1818
1818
1818
1818
1818
1818
32b6
ebe7
e7e7
e7e7
e7e7
e7e7
e7e7
e7e7
da3c
0f1a
1718
1818
1d71
c5e8
e7e7
e7e7
e7e7
e7e7
e7e7
e7e7
e6d0
ad9b
958a
7e72
6041
1817
1818
1818
1818
1818
57b2
e4e8
e7e7
e7e7
e7e7
e7e7
e7e7
ddcb
baad
a18e
7c68
5a4c
3b21
1618
1818
1818
1818
1818
1818
1818
3763
84ab
d5ea
e7e7
e7e7
e7e7
e7e7
e7e7
e7e7
941e
1618
1818
1818
1818
1818
29cd
eee6
e8e7
e7e7
e788
1818
1818
1818
1818
1818
182f
c2ef
e5e8
e7e7
e7e7
e7b2
2715
1918
1818
1818
1818
1818
1818
1c58
99c7
e8e7
e7e7
e7e7
e7e7
e7e7
e7e7
e7e7
e7e3
d8cd
baab
a9ae
b6bc
bfc3
c6c6
c7ca
d5df
ddd1
c3b7
b0a8
9a8a
7d73
7165
5545
321e
1718
1818
1818
1818
1818
1818
1818
1818
1818
1818
1818
1872
e6e8
e7e7
e7e7
e7e7
e7e7
e7e7
e7e7
e7e7
e7e6
bf88
5526
1518
1818
1818
1818
1818
1818
47c1
ebe7
e7e7
e7e7
e7e7
e7e7
e7e7
e7e7
e7e7
d19f
7b62
4d3a
2617
1818
1818
1818
1818
1818
1818
1821
4055
6166
6e79
8cb8
e7e8
e7e7
e7e7
e7e7
d95f
1219
1818
1818
1818
1818
1818
1818
1818
1818
479e
e7e8
e7e7
e7e7
e7e7
e7e7
e7b5
6d4a
2f21
1718
1818
1830
5c8f
d4eb
e6e7
e7e7
e7e7
e7e7
e7e7
a844
1718
1818
1818
1818
1818
1818
1818
1818
2250
799a
b4c8
dfe9
e7e7
e7e7
e7e7
e7e7
e7e7
e7e7
e7e7
e7e7
e7e7
e7d8
ad6c
2e14
1918
1818
1818
1818
2244
5d73
8ca6
bdcb
c7b8
a392
7753
2916
1818
1818
1818
1818
1818
1818
1818
1818
1818
1818
1818
1818
5dd3
ebe6
e7e7
e7e7
e7e7
e7e7
e7e7
e7e7
e7e7
e7e7
e7e7
e7dc
c8bb
a996
8374
6962
584c
3619
1718
1818
1818
1818
1818
65d6
eae6
e7e7
e7e7
e7e7
e7e7
e7e7
e7e7
e0a4
693d
1a17
1818
1818
1818
1818
1818
1818
1818
1818
1818
1818
1820
3b52
687b
8d9f
b5d3
e9e7
e7e7
e7e7
e7e7
e7e7
e7e7
b446
1718
1818
1818
1818
1818
1818
1818
1834
b7ef
e5e8
e7e7
e7e7
e7e7
d783
4c22
1618
1818
1818
1818
1818
1820
3f56
6777
8996
a2b2
c7e3
e8e7
e7e7
e7e7
e7e7
e7e7
e7e7
e7e7
e7e7
e7e7
e7e7
e4d6
ccc0
b3aa
a180
521f
1618
1818
1818
1818
1830
566c
8096
a6b8
b7af
a191
8371
5948
3c33
2f31
3b49
555e
6c7c
8d9c
a5a8
a7a1
9889
7669
5c4e
3e2c
1818
1818
1818
1818
1818
182b
95df
e9e7
e7e7
e7e7
e7e7
e7e7
e7e7
e7e7
e7e7
e7e7
e7e7
e7e7
e7e2
b88b
6441
1f16
1818
1818
1818
1818
1818
1818
1818
181f
3d58
6979
858e
979d
a1a5
a7a7
a195
8775
5f4c
3b2d
2e34
4050
6992
d4eb
e6e7
e7e7
e7e7
e7a6
3513
1918
1818
1818
1818
1818
1818
1818
1818
1827
6294
c3e7
e7e7
e7e7
e7e7
e7e7
e7e7
e7e7
e7e7
b270
4e28
1618
1818
1818
1818
1818
1818
1c34
4755
6578
92b5
dde9
e7e7
e7e7
e7e7
e7e7
e7e7
e7e7
e7e7
e7df
b088
6544
2316
1818
1818
1818
1818
1818
1818
1818
1818
1818
1818
1818
1818
1818
1818
43a1
dde9
e7e7
e7e7
e7e7
e7e7
e7e7
e7e7
e7e7
e7e7
e7e7
e7e7
e7e7
e4c2
9671
4e2b
1718
1818
1818
1818
1818
1818
1818
1818
1818
1818
1818
1818
1818
1833
89c9
e9e7
e7e7
e7e7
e7e7
e7e7
e7e7
e7e7
e7e7
e7e7
e7e5
caac
9583
7566
594d
413b
3632
3233
3334
3235
3e44
4b5b
77a8
dbea
e7e7
e7e7
dd98
5118
1718
1818
1818
1818
1818
1818
1818
1830
658b
adcd
e6e8
e7e7
e7e7
e7e7
e7e7
e7e7
e7e7
e7e7
e7e7
e7e7
e7e7
d87e
3c17
1818
1818
1818
1818
1818
1818
181d
3b50
6072
818e
a0b2
cce4
e8e7
e7e7
e7e7
e7e7
e7e7
e7e7
e7e7
e7e7
e3ab
6a3b
1718
1818
1818
1818
1818
1818
1818
1818
1818
1827
4c6e
828e
9497
9797
9286
745f
4833
1e17
1819
3057
7eaa
daea
e7e7
e7e7
e7e7
e7e7
e7e7
e7e7
e7e7
e7e7
e7e7
e7e7
debe
a288
705d
4b38
281b
1718
1818
1818
1818
1818
1818
1818
1818
1818
1818
1818
1818
181a
2835
404a
535a
6570
7a82
8992
9ea2
aab2
bbc6
d0d6
dce3
e7e7
e7e7
e3d8
cfc9
c1bc
b4ad
a6a3
9fa1
a3a0
a1a3
a5aa
b1b7
c0c7
cfd9
e3e8
e7e7
e7e7
e7e7
e7e7
e7e7
e7e7
e7e7
e7e7
e1d9
cec5
c1c2
cfe7
e7e7
e7e7
e7e7
e7e7
c465
2116
1818
1818
1818
1818
1818
1818
1818
1818
1818
181f
4260
7b99
b6d1
e6e7
e7e7
e7e7
e7e7
e7e7
e7e7
e7e7
e7e7
e7e0
9241
1718
1818
1818
1818
1818
1818
1818
1818
1827
4961
798e
a4b9
cbdb
e6e7
e7e7
e7e7
e7e7
e7e7
e7e7
e7e7
e7e7
e7e7
e7e7
e7e7
e7dd
cec2
b2a0
907d
684d
2715
1818
1818
1818
1818
183c
79a7
d1e9
e7e7
e7e7
e7e7
e7e7
e7e7
e7e7
e7e7
e6ca
a382
6247
2716
1818
1818
1818
1818
1818
1818
1818
1818
1818
1819
2227
2623
1f1b
1818
1818
1818
1818
1818
1b2a
394c
606e
8195
abc0
d5e6
e7e7
e7e7
e7e7
e7e7
e7e7
e7e3
d6c6
bbb0
a8a2
9e9f
abc1
e0e9
e7e7
e7e7
e7e7
e7e7
e7cb
7e47
1b17
1818
1818
1818
1818
1818
1818
1818
1818
1821
3f5c
7a9c
c1e0
e9e7
e7e7
e7e7
e7e7
e7e7
e7e7
e7e7
e7e7
e7e7
df89
3315
1818
1818
1818
1818
1818
1818
1818
1818
1818
1933
556f
88a1
bbcf
e1e8
e7e7
e7e7
e7e7
e7e7
e7e7
e7e7
e7e7
e7db
c9b8
a99b
8c7e
7260
5044
3830
2a24
1c17
181d
242b
3130
2e31
363f
474b
5057
6270
7881
8b93
9ba4
a8ae
b2b1
b2b8
bcbe
bcb6
b0a9
9f91
7f6e
5f4e
3d2b
1d18
1818
1818
1818
1818
1818
1818
1c24
262c
3441
4f63
7790
acbe
d5e7
e7e7
e7e7
e7e7
e7e7
e7e7
e7e7
e7e7
e7e7
e7e7
e7e7
e7df
ad78
4f28
1618
1818
1818
1818
1818
1818
1818
1818
1818
1818
1818
1818
1825
3f55
6678
8692
9da6
abb3
bac2
ccd2
dce4
e7e7
e7e7
e7e7
e7e7
e7e7
e7e7
e7e7
e7e7
e7e7
e7e7
e7e6
a74c
1c17
1818
1818
1818
1818
1818
1818
1818
181a
2d45
5b6e
7f97
b1cd
e4e8
e7e7
e7e7
e7e7
e7e7
e7e7
e7e7
e7e7
e7e2
cab2
9d87
7566
5549
3e34
2d25
1e1d
1b1b
2228
3139
3d42
464a
4d4d
4c4b
4744
4951
5a61
6364
6666
6865
605e
5b57
5454
5356
5555
5554
5253
5357
585b
6064
686a
6d70
7477
7b82
8a91
99a0
acb7
bfc5
c7c8
c7c4
c1bf
bcb8
b7b6
b2b0
aaa6
a29c
907f
7874
7779
7e81
8997
a1aa
b3ba
c0c1
c1c1
c0bc
b6b1
aba9
a39c
9997
9696
9496
9795
938e
877c
6e64
5d56
4f48
3e37
3532
2e2d
2b2a
2a2b
2e30
3336
3a44
4c53
5356
575a
5b58
5858
595a
5959
5b5c
6177
889a
b2d2
e8e7
e7e7
e7e7
e7de
984d
1717
1818
1818
1818
1818
1818
1818
1818
1818
1818
1f44
647e
9cbb
d8e8
e7e7
e7e7
e7e7
e7e7
e7e7
e7e7
e7e7
e7e7
e7e7
e7e7
e7e7
e7e7
e0d8
d4d4
d5d6
dcdf
dcd8
d5d2
cfcb
c8c3
bdb8
b5b4
ae9f
8c7a
6b63
635d
5449
3f35
2d24
1d1e
1918
1818
1818
1818
1818
1818
1818
1818
1818
1818
1818
1818
1818
1818
1821
3338
414c
5a6a
7881
8c95
9ca5
aeb6
bec4
c6cb
cbcd
cbc7
c9ce
d1d6
d5d2
d3d6
d5d4
cec6
c5c4
beb7
aba5
9f97
8c82
7975
726e
675f
5d60
6466
6c67
6a71
7b86
9195
9ba4
b0bb
c4c8
d1d3
d8df
e7e7
e7e7
e7e1
dbd4
c9b6
a89a
908a
8785
8f9f
b5c7
cfcf
b78b
5c27
1518
1818
1818
1818
1818
1818
1818
1818
1818
1827
4663
7c97
aebc
c9d9
e8e7
e7e7
e7e7
e7e7
e7e7
e7e7
e7e7
e7e4
dcd2
cac6
c1bd
bdbe
bcbb
bdc5
c6cb
ccd1
dde7
e7e7
e7e7
e7e7
e7e7
dda1
672b
1419
1818
1818
1818
1818
1818
1818
1818
1818
1d39
4e66
7a90
9eab
bcc8
d0d1
d1d2
d5d3
cdc4
bdb7
ada5
a2a0
9ea0
a0a2
a8ad
b3b7
b9be
bfc0
bfbf
bcb5
aba1
988e
8075
6c63
5949
392d
211b
1818
1818
181a
232e
424d
5963
6d78
899a
acba
cadd
e7e7
e7e7
e7e7
e7e7
e7e7
e5e4
ded8
d4cc
c6be
b6b1
aea6
9f96
908c
8681
7b6e
645b
5048
4640
3d38
3430
261d
1818
1818
1818
1818
1818
1818
1818
1818
1818
1818
1818
1818
1818
1820
3c52
677e
96ac
c5dd
e9e7
e7e7
e7e7
e7e7
e7e7
e7e7
e7e7
e7e7
e7e7
e7e7
e7e7
e7e7
e7e7
e5dd
d5cf
c8c3
beb4
aca7
9f98
928b
8685
8280
7e7f
8187
97a9
bdd0
dbe0
dbc6
a585
5f38
1718
1818
1818
1818
1818
1818
1818
1818
1818
1818
1818
233f
5569
8194
a7b9
c5d4
dfe7
e7e7
e7e7
e7e7
e7e7
e4e1
d9d0
c9bf
b9b1
a9a3
9f99
9593
9090
8c8b
8e8e
9093
959b
9d9d
9d9a
948f
877e
7c78
726e
6b6b
6c6a
6b6c
6e71
7374
7778
7979
7879
7d7c
7a78
7576
7370
6d6f
6d69
6662
625e
5d5f
5b59
5855
5555
514d
4a49
4843
4242
3f3d
3d3e
3f42
4345
4c54
5f64
686c
7075
7e7f
8083
8586
8882
7f7f
8082
7e7d
7e7f
8184
888c
9297
9ea7
b1bc
c2c3
c5c8
cbcd
cbc6
c2b7
ada3
968d
857e
766f
6b6b
6f71
7472
747c
8085
8f96
9ea2
a8af
b4bd
c5cc
dae8
e7e7
e7e7
e7e7
dea3
6229
1419
1818
1818
1818
1818
1818
1818
1818
1818
181f
3648
5769
7987
97a4
b7c4
cedc
e7e7
e7e7
e7e7
e7e7
e7e7
e7e7
e7e7
e7e7
e7e7
e7e7
e7e7
e7d8
bfae
9e8e
7f70
645b
5142
3a2f
2f2d
2a2c
2e32
3b42
4850
5867
6f77
7a7f
8287
8781
7d75
6d63
5444
3a30
251a
1718
1818
1818
1818
1818
181b
2a3e
4e60
7281
8c9f
afc2
cccb
caca
ccc9
c0b1
a89d
8f82
7363
5342
392f
281c
1718
1818
1c1a
1924
384b
5a65
7183
95a4
b7c2
c8d0
d7df
e8e7
e7e7
e7e7
e7e7
e7e7
e3d6
ccc4
bcad
9d94
8478
6f64
5b54
4636
2d27
2d2f
2e28
2c33
4555
697a
848c
95a0
b1c4
d6e6
e8e7
e7e7
e7e7
e7e7
e7e7
e7d7
8f52
2216
1818
1818
1818
1818
1818
1818
1818
1818
1818
1818
181b
3555
7391
afc7
d5e5
e8e7
e7e7
e7e7
e7e7
e7e7
e7e7
e7e7
e7e7
e7e7
e7e7
e7e7
e7e6
dccd
c8c4
beb7
afa2
9383
726b
655d
4f3d
2d1d
1718
1818
1818
1818
1818
1818
1818
1818
1818
181a
1e24
2a31
363c
3c36
3634
383d
4750
5965
7480
8c96
9994
9897
9ea3
aab2
bbc3
cacb
ced3
d4d2
ccc5
bdb9
b5b2
ada5
9f98
9593
918c
8882
8085
8a8d
8b85
8381
7f7c
7873
6f6e
6e70
706f
7272
7174
7d8e
979a
9997
8e89
7e72
6860
5a54
4f52
5557
5a60
656f
7a86
929c
a4b0
b7be
bfc6
cbc6
bcb1
9d84
6c54
361d
1718
1818
1818
1818
1818
1818
1824
3849
5d6a
7786
93a3
b3c0
d0e0
e8e7
e7e7
e7e7
e7e7
e7e7
e7e7
e7e7
e7e7
e6dc
d6cd
c7c1
bbb3
aba3
9b97
9089
857e
7a75
6f69
635a
554f
4843
3e3a
3a34
3233
2f1f
1918
1c2a
3b51
667a
909e
a9b1
b1a8
9c8e
806d
553c
2116
1818
1818
1818
1818
1818
1818
1818
1818
1818
1825
4661
788f
a7b9
ccdd
e8e7
e7e7
e7e7
e7e7
e7e7
e7e7
e7e7
e7e7
e7e7
e7e7
e7e7
e7e7
e7e7
e2da
d1cb
c4be
bbba
c6cd
ccc9
bfb3
a99c
8b79
6c5d
534d
5554
534e
4840
3d3b
3833
3130
3538
3f43
4444
4341
4142
4345
484a
5055
595d
6266
675e
5b5a
5a61
6871
7d8a
8f8e
9092
9ba3
adb9
c3d1
dadf
e1e3
e5e4
ddd4
d3d0
cac2
bab0
a394
877e
7e7f
7c7a
7770
635b
574d
4538
2d25
1a17
1818
1818
1818
1818
1818
1818
1818
1818
1818
181f
3342
4e51
5f6f
8399
b5d0
e7e7
e7e7
e7e7
e7e7
e7e7
e7e7
e5ca
aa98
806a
5842
2c1f
1718
1818
1818
1818
1818
1818
1818
181d
2f33
3946
5569
7883
8996
a3b7
c9dc
e8e7
e7e7
e7e7
e7e7
e7e7
e7e7
e7e7
e7e7
e7e7
e7e7
e7e7
d9c0
a894
826e
5b45
301f
1718
1818
1818
1818
1818
1818
1e2f
4255
6771
7b84
8a8f
9ea5
aaa5
a19f
9f95
8679
6b62
5443
3326
1a17
1818
1818
1818
1818
1818
181f
3146
5968
7480
92a6
b3be
c0c4
c9cf
ccc8
c4bc
b6ab
9c8f
877e
7468
615d
5a57
5253
595c
626c
7781
8c97
9ea8
bccd
dade
e2e5
e6e5
e1d5
c9ba
a99a
8e82
7666
594e
413b
3a3c
4043
4852
5e6b
7681
93a5
b5c5
d2dd
e6e7
e7e7
e7e7
e7e4
ceab
825a
3318
1818
1818
1818
1818
1818
1818
1827
3f52
6475
8594
a3ac
aeb4
b6bd
bfbe
bebb
bbbe
bbb6
bbc0
c1c2
c3c4
cbd2
dade
dcda
d7d5
d7d3
cdc5
bdb5
b1a7
968a
7c71
6860
5752
504e
4b49
494c
525a
5e5e
6262
6670
7375
7777
7c7e
7e7c
7871
6c6a
6969
6867
6763
6462
6261
5e59
5752
4c4b
4a47
4543
4448
4948
4b4f
5051
4d4c
5051
5456
585a
5d60
6465
6567
6b73
7778
7a7a
797c
7f81
8385
8a90
9397
999d
9fa2
a4a7
a7a6
a8ab
acab
a4a2
a4a5
a9af
afb2
b6ba
c2c7
c9cb
cccd
cdcf
cfd0
cfce
cdcd
cdc6
bbb3
a896
8673
6050
402e
1e17
1818
1818
1818
1818
1818
181f
2730
3f4d
555f
6b76
7e8a
939b
a3ac
b3b9
c1c8
cbce
d1d2
d4d5
d5d0
cbc3
bdb8
aea8
a29f
9d9c
9b9c
9b9d
a09f
9b9b
9f9f
9d9a
958a
857d
736a
645e
544f
483f
3b34
302b
2425
2526
2c30
3339
3e42
484e
5a5f
5e62
6361
6367
6b69
6761
605c
5c55
4741
3f3c
3f3e
3f46
4e55
5e67
707d
889a
a5a7
adb2
b7c2
c3bf
bab5
b0ad
a394
8d82
7e75
6e6c
6660
6264
6569
6c6c
7784
8d8b
8788
898b
9091
9190
8774
7370
6761
5f60
5b5c
6168
737f
8b91
9fae
b7c2
cfe1
e8e7
e7e7
e7e7
e7e7
e7e7
e3da
d0be
ab98
8980
6e60
5a52
4d4b
4e51
5960
6b71
7f96
a1a7
a9b0
b3b1
a595
908a
7e70
6058
5243
2d1d
1718
1818
1818
1818
1818
212f
3a46
556a
7f90
9ea4
adb4
bab6
b0aa
9d94
8472
5b4c
4133
2117
1818
1818
1818
181a
2a36
485d
728b
a4b9
cedc
e7e7
e7e7
e7e7
e7e7
e7e7
e2d6
c7b3
a190
7c64
5243
3a34
271b
1718
1d23
2024
2c39
4555
6981
95aa
c4db
e7e7
e7e7
e7e7
e7e5
d4c5
b5a4
8e72
5845
3221
1718
1818
1818
1818
1818
181d
293d
505e
6169
7388
9eaf
c5d5
e2e8
e7e7
e7e7
e7e7
e7e7
e7e7
e7e7
e7e7
e7e7
dfd1
c7b3
9f8a
7c6b
6054
4437
2b1f
1718
1818
1818
1818
1818
1818
1818
1818
2033
3e48
5769
7e95
a9b7
c2cc
d7e0
e5e7
e7e7
e7e7
e7e7
e7e7
e3d6
ced2
cec9
c0ad
9c8d
7c6b
6258
4c38
271f
1818
1818
1818
1818
1818
1818
1818
1818
1818
1819
2330
3f49
5962
6360
6570
8189
9aa7
b4c2
d5e0
dfd6
d3d0
d5e0
e8e7
e7e7
e7e7
e7e7
e7e7
e7e7
e7e4
ddd7
d1c8
bab1
a59b
9595
8d88
827e
7979
746d
665f
5850
4741
423f
4039
332a
1d17
1818
1818
1818
1818
1818
1818
2238
4c57
616b
7378
7a7d
8285
888e
9499
a1a5
a7ac
b2b8
bdc2
c6c5
c5cb
d9de
e0df
dcdd
d8d5
cfc9
c3bc
b4b1
afad
aaa4
9c97
928d
8882
7e78
7571
6f6d
6a67
6260
6060
605d
5d5e
5c5a
5b5c
5d60
6166
6868
6c6f
7072
7070
706f
6c6b
696b
6d6d
7171
7272
7070
6d6a
6a6d
6d6d
6d6e
6f72
717f
0000
7e7c
7e7e
7e80
7c7e
7e80
7b78
7878
7874
7c74
7476
7a6c
7c68
7674
6a78
7070
786a
7a72
7679
767a
7577
7676
767c
7a80
747f
7a76
7c7a
7682
7c7c
7d7a
7c7c
7c7e
7e7e
807e
8080
8282
8281
8385
8083
8688
8382
8282
8284
8687
8986
8e8c
8c8c
8f8e
908f
928f
8e8c
8a88
8482
7e7b
7875
7070
706e
6e6a
6a68
6668
6866
6462
6262
6060
6362
6668
6769
6c6e
6f74
7474
7678
7a7f
7e83
868c
9094
9699
9a9a
9a9c
9c9e
9a9a
9894
9492
908e
8c8a
8884
8580
7c76
726d
6865
5e5b
5c5a
5858
585a
5a5c
5a5e
6066
686c
7070
7050
5498
5c54
c87c
5cf8
ff7e
feff
b2ff
ffb0
ffff
9ec8
ff7c
96e2
405c
cc2e
14ac
2a01
971d
0168
1801
7630
016a
4a01
8a6e
109b
7e41
c8ff
ff98
d2ff
5696
ff08
01ce
0101
6501
0154
0101
5240
0e92
ffff
40ff
ff11
ffff
0150
ff01
69ff
ffff
01e5
ff01
e4fa
0101
e401
01a8
ffdb
01ff
9801
ff94
017a
be01
61ff
ff6b
46ff
0123
ff2c
01ff
ffda
01ff
ff01
75d2
0101
ffee
5a01
ff20
01f1
f2ae
1612
9c01
36ff
9680
0101
9601
01e2
0101
87be
b801
21ff
013c
ff98
aa7c
ff4c
01ff
ffd0
82fa
f6dd
ff20
a46a
289e
54a4
1e01
c601
0182
6e64
0123
cbb0
d801
a654
0142
dadc
0114
ffff
ff05
d486
01a0
d3e6
1501
fff4
ff72
2972
015c
f2ee
2901
ffff
fff6
5ea6
6aff
8442
76ff
ff01
8093
ff04
0101
0101
3c01
1401
c86e
d170
01f4
82ff
667e
bcfa
ff01
b6ca
ff94
01b0
feff
0101
9fff
c801
01b4
ce01
01a2
af76
0101
b5ff
ffac
015f
ffff
2e01
168c
f001
0108
b0ff
0101
32ff
ea01
01f2
ffff
4801
ffff
ff01
01ff
ffd0
018e
74ff
ffff
0128
ffff
4e01
a994
f6ea
6801
aeba
9e01
0181
6cc4
fe22
01d6
ddd8
0101
c2c8
f2fc
011a
ffc4
0101
ca80
b4e2
f901
58fa
ffff
ac01
529b
ffff
9101
01b6
9ec0
9601
0113
bc68
0101
1280
deca
0101
f0ff
ffd0
0116
c8ff
ffff
ffb2
01f8
feff
c810
0101
9ce6
9a01
0101
40c0
8a2c
0101
76cc
f884
0101
ffff
ffff
ffdc
3ece
e4c3
ff6e
0101
cab0
b654
ffb8
015e
2c7e
dfff
c801
018c
7898
e9fe
0801
01a8
b0ca
7c01
014a
b2ff
bedc
5901
5bff
ffff
f8ce
ecff
6c78
1ce6
ff6a
6e01
01a5
58a0
885c
1201
01c8
662c
76d6
d4ff
6901
013d
e1c8
f434
0101
985a
caf8
ffc6
ff3e
0827
6ff5
f2ff
a4c0
5401
0146
e4a2
7684
e3ff
ee01
0148
7974
705a
8094
0101
2a62
9d39
5a82
ffff
ee01
017a
ac8a
608f
ffff
ff7a
0168
536e
71e3
98d4
ffff
ffc0
0101
0107
7051
6a80
c0f0
c801
0104
014c
b8c3
e8ff
ffff
ffff
9801
015c
5676
7658
8fec
fff2
96b8
0101
0102
445c
505c
aeff
ffd6
e1ca
0101
0812
5d86
8b8c
d8ff
eade
ffff
ffa6
5201
0131
260d
0101
22cf
ffde
a0c8
dcc0
f9ff
a001
0101
0114
0101
014b
e2f8
d6ff
ffff
ffff
e6bc
bca9
6101
0101
0101
0101
2676
cdf8
fcff
ffff
f8ff
ffff
ecef
d6a8
ae84
6c34
0101
0101
0101
0101
1c88
d2c2
f1ff
ffff
ffff
ffff
ffff
f4ea
b278
6c7a
6e3c
0e13
2428
0901
0101
0101
0101
0101
0101
0101
043c
a4ff
ffff
ffff
ffff
ffff
ffff
ffff
ffff
f4a8
9284
6638
1401
0101
0101
0101
0101
0101
0101
0101
1c40
1d20
566a
7480
888e
988e
93b6
d2cc
baca
e0ee
ece2
e4ea
e0ce
d2e6
dad8
e4f4
ffff
ffff
ffff
fff0
ba62
0101
0101
0101
0101
0101
0101
0101
0106
3a5e
79a4
d6ef
ffff
ffff
ffff
ffff
ffff
ffff
ffff
ffff
ffff
ffe0
8236
0101
0101
0101
0101
0101
0101
0101
0101
0101
0101
0734
2c58
80ce
e6bf
f4f8
ffff
d6ff
ffff
ffbe
ffff
f9ff
f295
dafe
aca4
ecca
808a
ce9b
7e70
8060
3f52
4001
0820
0101
0101
0101
0101
0126
0101
2074
9455
3c72
a3c6
c09a
a4e0
e9cc
b5cb
f6d3
aec1
cec4
9aac
b698
aabd
bf8a
7998
9882
364c
6474
703a
4b6e
7c7a
3c58
7762
6228
4e7e
4c79
aa70
5ece
a26a
d0db
8e87
e280
7ab2
a86e
557e
6484
c292
6c58
d0f6
b79e
73fb
ffc2
8a4c
feff
f4a4
86ae
aa91
3623
311b
0101
0101
0101
0101
0416
0101
0118
60b6
9488
5cff
ffff
f470
ffff
ffff
52c8
f4ff
da66
aeac
88c0
acc2
b059
4f16
01ac
2101
0141
8a18
0101
2d68
8201
013b
c6be
be21
0da3
a2d2
200a
6b71
dabc
b084
a5ae
b29c
6da4
ab80
766b
a288
7665
88a4
5b6a
3e32
b299
b645
6456
98ff
c478
2686
b8ff
f346
4586
ffff
6e6c
5aff
c686
dcbc
7668
0374
be88
936b
0182
284e
8b20
4c01
014c
ee6a
0101
60ff
e63e
2b1e
5cdb
ff8a
7a98
c8b8
be9c
565e
c895
868f
5226
88c1
884c
0356
8696
e86e
0101
01bd
d7a4
0101
2cee
ffb8
2c01
54ba
f6ff
fc17
01ff
fff8
0141
aaac
c83c
4a8e
016e
6cc6
f101
32b8
ffff
6601
01ff
fff0
4620
011b
f4ad
8667
0101
6098
6c01
120d
5eb2
9826
5bb8
b18e
92a8
aca9
b4c8
d0c6
7c38
d8ff
ff84
2129
58ff
ff2a
1201
0134
ffb4
0101
0101
e2fa
0101
01de
fe5e
1301
e4ff
963c
20ff
ffc4
3648
ffff
c234
48b0
ecff
18d6
687e
08ff
ff46
5626
018f
ff6a
8046
9068
9c24
141a
5268
0101
4662
4c06
485a
265c
a4c0
e48f
88ca
ffff
af8c
b296
6a88
b494
405c
74bc
725a
c2a4
da62
a4b2
8ce6
c13e
4ffa
9a41
b46e
2686
b2be
1f50
b26e
ba68
4e66
727e
7470
5876
4e50
6264
503e
4413
4ab9
5838
1098
8c78
4c12
8faa
7bac
734e
d8c4
1639
b86c
0101
bca0
2a4e
2ce2
da7d
3a85
ffd2
be64
88b2
b296
648a
af6c
5d62
a3bc
6901
48ac
beae
8a50
7ada
ba9e
329c
a835
4eb8
a38e
72be
c031
88af
8c8e
3c5c
4fba
d774
1b53
da88
8458
8aa2
7674
6288
9c6a
6c5a
5680
ac93
864d
3478
e880
784e
98d0
7376
2e9c
c46e
ae92
6181
63aa
aa92
6628
84a8
c653
2308
abd8
9a80
545c
7c6a
482e
3d36
0101
0101
0108
5a74
8a01
3ca4
e8ff
ee6c
8cff
ffcb
96d4
d260
a1d8
e2da
4886
74da
f2d2
3934
a396
7298
9690
6c68
644c
5126
2624
3015
0101
0101
5858
663a
344f
9cc2
d8ba
6e96
c9ff
ea8c
72ee
ffd0
ae65
eeff
c888
528e
d5e3
606f
4920
0116
3444
103e
2441
7e9a
948c
83a0
d3f4
fffb
c19b
5474
829e
8436
0101
6473
1b01
010e
5e59
3601
4aa2
c0a2
7216
4392
bbc8
d8e4
b6f2
ffff
bcb6
bec2
cfb8
8e88
7877
6333
0101
012c
c884
7c52
497c
d6ff
9367
517a
bbff
c872
38d6
ffe4
9b4a
3234
5abb
be5f
5420
0131
6818
0310
7979
595e
798a
aab6
d3bc
d2d4
dc88
6f48
6472
a07a
2d01
221a
6291
7c01
012f
82a2
9638
013f
7492
8dca
cec8
8f3f
75a0
9a80
6460
80ca
bea4
9ec8
ce9a
8ebf
ffff
d2b2
805e
5668
736a
9c48
1a12
486c
cd4c
0102
3450
cce0
7462
5862
3686
faba
9ea3
7b66
8c9c
785b
6274
6c8e
c0b6
9a8e
92ba
caff
fba0
1228
3d8e
9ca0
758a
6601
2a67
a3a2
6e10
0a58
8a94
94ae
887a
6801
0136
3859
7a82
95b2
b698
7692
9e7e
7a6e
706f
462e
302d
272e
7cbe
e8a8
b4b8
bd8f
7cc2
e8aa
c480
7664
77ba
f491
9e80
7456
6e56
82e2
c6b2
6473
6466
6044
2932
4430
3456
5c5a
6276
aca8
b0a8
772c
363e
7174
8486
bccc
d99c
2670
7599
9898
9644
1886
5c76
90aa
88ba
eff6
ae5e
3b24
4033
200e
2858
94a4
b8b4
c0da
ffff
ffff
eede
b692
3301
0101
5a9a
5c36
0601
0101
6d8c
375d
363e
4134
0101
068e
fcbe
c2b6
d4b9
bea0
8278
a3a2
98ae
bc9a
a2b6
acc2
bad0
e6dc
aa1a
1e28
4c74
9cb0
baea
facc
1e4e
7081
98b0
ccd6
cebe
6601
0101
0104
183a
6598
aca1
7b88
6c52
5e6e
6568
6458
5224
1201
0101
388a
a0ff
ffe0
d6b8
9660
3c30
4082
ffd0
af82
865a
6a38
1620
5ae0
e2ff
f8e4
b2a2
8687
4646
4850
687c
6159
5256
606a
869a
abc6
c174
0101
0748
4776
8dad
f6ff
ffff
ca8a
3049
82b2
c0ac
c2cc
eae4
ccaf
903e
0101
0101
0101
0101
366a
686f
a2ce
c6cc
ffff
ffff
fff5
c9a3
8645
0101
0101
011a
c074
3801
1d11
1d01
0101
0138
acfe
ffff
babc
cac4
8a6a
78a1
9883
90ac
bebe
8c8e
7c86
b0cc
ecfa
e8ca
ced0
a344
0101
0101
2e60
78b4
f0ff
ffff
ffb8
0101
2a6a
403c
5a81
bcae
8a8a
bebe
867e
9788
7a50
5e43
1803
0101
0101
0101
0102
222d
2e3b
54a2
ffff
ffff
fff8
f4d8
c27a
4854
6594
ffff
fff8
d6b5
a08c
4501
0101
0101
0107
181a
082f
4364
6c80
a0ba
c4ce
eeff
ffff
f3dc
d3d4
b660
0101
0101
0128
4a5c
92d0
eaea
fbf4
d4bc
9e2c
0901
1433
344a
607a
acc2
bfd0
e2dc
dcf0
eee0
b9a6
a4a9
bcdc
fffa
d0c4
a496
6e3c
0101
0101
0101
0101
0101
baa2
a07f
9a92
a480
4120
3452
3630
4655
7a9c
b6ca
ccdb
feff
ffff
ffff
ffff
ffff
efea
e4de
cfb2
967e
6c60
4e26
0101
0101
0101
0101
011d
6a8b
8ca4
aaaa
acd4
dcd8
ccb8
b6a2
8e72
635d
5b5a
5a63
686c
6250
382e
3846
4e52
565c
6073
92a5
bdc2
e0ff
ffff
ffff
ffff
ffff
f7ba
8340
241a
0101
0101
0101
0101
0101
0535
5c72
7c86
a0b4
c0cc
d0de
e8ec
e2ce
baa5
9b8e
8876
5e4e
362b
2c10
0101
0101
0101
0101
0101
2878
bee2
ffff
ffff
ffff
ffff
ffff
ffde
c3a0
9288
7a5e
453c
3a40
3c31
3238
506c
96ca
ffff
ffff
fff8
deb1
7e4e
2f1a
0101
0101
0101
0101
1626
4262
98a8
c0ce
e2f0
f2f8
efef
f0f2
ecd1
8e7c
7276
7880
7a72
7c7e
7768
6766
584b
4742
4036
2f20
1206
0101
0101
0101
0101
0101
0105
3466
94c2
e8ff
ffff
ffff
ffff
ffff
ffff
ffff
ffff
ffff
ffff
eac1
9665
2401
0101
0101
0101
0101
0101
0101
0111
4672
9ed8
ffff
ffff
ffff
ffff
ffff
d8ae
9070
583e
1b01
0101
0101
0101
0101
011a
558c
c8ee
ffff
ffff
ffff
ffff
ffff
fffe
dabb
947a
583d
280a
0101
0101
0101
0101
0101
0101
0101
1223
3848
6474
8a98
a6b6
c6d0
d8e1
e4ee
ecec
f2f8
fcff
ffff
ffff
ffff
ffff
ffff
fff6
d4af
8453
2501
0101
0101
0101
0101
0101
0101
0101
0115
3a5a
7082
94a6
baca
cba6
a094
a2b0
cce4
ffff
ffff
ffff
ffff
ffff
ffff
fff0
d0b5
9675
5433
1401
0101
0101
0101
0101
0101
0101
0101
0101
0117
324c
6073
869e
b8d4
ffff
ffff
ffff
ffff
fffa
c69e
7c5a
3e26
1508
0101
0101
0f24
3e56
6e7f
90a2
aebc
c2ce
d8e2
ecf0
efea
e0d8
ccc6
bcae
a08e
8176
6853
4430
1501
0101
0101
0101
0119
4878
a2ca
e8ff
ffff
ffff
ffff
ffff
fae0
cab1
9b86
7260
4d44
3c3e
4952
6261
6256
4c35
1801
0101
0101
0101
0101
0101
0101
011e
4364
83a2
bad0
e5fa
ffff
ffff
ffff
ffff
ffff
ffff
ffff
ffff
f6e4
ceb8
a28c
7662
4b36
240e
0101
0101
0101
0101
0101
0412
1e2e
3e4f
5c68
707a
8086
8a8e
9296
989c
a0a2
a8aa
aeae
b0b0
aeac
aeae
acaa
acac
acae
aeae
aca9
a6a6
a49e
9b94
908c
8684
7e7a
7672
706a
6862
6260
5d5a
5858
5858
5654
524f
4e4d
4a49
3f3e
3d3c
3a3a
3c40
4244
4a52
5862
6a72
7a7c
868a
9098
989c
9ca4
a2a4
a2a2
a2a2
a09f
9a9b
9c9a
9894
928e
8c8a
8886
8586
8688
8b88
8e8e
9293
989a
9ca0
a2a4
a8ac
aeb0
b2b5
b1b5
b2b2
b1b0
aeac
aaaa
aaac
afae
b2ac
a99a
9282
7e7f
4194
c6e4
e4c1
7936
0201
3888
bddc
e0c4
8842
0a01
3281
b6d1
decc
9751
1201
1d71
add0
decf
9e54
1401
2674
a5c2
cdca
a76c
2f06
0845
8ebe
dce5
cc89
4610
0438
82b5
d4de
c98e
470f
023a
87b7
ccd8
c692
5016
0128
78ad
cad6
cfaa
6424
0726
74a2
b8c1
bc99
5f2c
1834
72a0
b2ba
bcad
845a
362f
5080
9fb1
bdbc
a272
3d1e
3165
8ba1
bbc6
b07c
431e
275d
8aa8
c1d1
c692
5023
275c
8194
a8ba
b88d
5428
2a5e
8aa2
b8c6
bb86
4b1e
1c4d
84a2
b9cc
c59a
5e2d
1e44
7797
a8c0
c6a4
6936
2140
7492
a4b9
c1a6
703d
2942
7591
9eab
b9a9
7845
2838
6c8e
9eac
bab3
814b
2835
688c
9ca7
b7ae
8254
343a
658d
9fa6
b5b6
9461
392e
517c
8f96
a2aa
966c
4a45
628b
9c9d
9d9f
8a64
453e
5c8a
a5aa
a5a1
936c
442d
3b70
9cad
ada9
a080
583e
3e62
90a8
adb2
ac8d
613d
3254
829d
a4a4
a492
6d4c
3b44
749c
aaab
a999
744e
3844
729c
aaa7
a297
724f
3537
6091
aeb5
b1a7
8c61
3a2a
3e74
a1b2
bab8
a579
4c30
3564
96ae
b8b7
ae86
5635
2643
79a3
b8bc
b498
6940
2a3e
719e
b3b7
b397
6e42
2830
6292
acb6
b5a1
7a4f
3639
6089
a0ae
b1aa
8c64
4435
4975
98aa
b4b2
9e75
4f34
3b62
889f
acb0
a480
593c
4065
8ea5
aeb1
a78b
6444
3958
849f
aaac
a688
6042
3955
7f96
a5ac
ac98
714c
3432
5884
a4b4
beb2
8d64
413b
5680
99a7
aca4
8559
382f
4776
9aad
b7b0
9b72
4c33
375d
88a4
b2b6
a986
5e40
3a58
7a97
a6ae
a98c
6441
374f
7694
a7b2
b49e
7954
4044
617f
95a6
b4ad
8f6c
4c40
526b
7f92
a2ac
9c80
5945
4c64
798f
a6b4
ab8e
6649
4755
6b80
98b0
b5a3
7f58
4444
5467
82a1
b2ac
9277
605e
6874
8497
9e92
7e6a
6066
7884
8d91
968c
7868
5c64
7886
8d90
9288
7a6d
656d
7984
8788
8984
7974
7e8c
8069
564e
4245
73b5
e6f4
d89d
612e
0c01
267a
c2ea
eab8
7943
1607
206d
bced
fadc
9e5e
2401
0146
a4dc
ecc7
8b50
1f01
1058
ade2
efcc
8d50
2206
1046
9ae0
fce6
a864
2e0d
0c3a
8cd0
f5f6
ca84
430c
0114
64b4
e6f4
d596
5824
0102
3a90
d4f7
e4a9
6735
130c
3485
cdf4
f0b8
743e
160a
2f81
cdf2
e8ae
7141
1d0c
1e66
b9ee
fad0
8c55
2406
0844
9ddc
f2d8
985e
2e0c
073e
98da
f5da
9f65
3919
0e2c
7cc4
eeea
b87c
4e2f
1927
65b3
e0e1
b078
5035
202c
6cb5
e0de
b077
4f2f
2029
5fa8
d5e2
c58e
5d38
2020
4e94
c7dd
c490
5e3c
2824
488c
c2da
c898
6a4e
3931
497f
b6d0
c69b
7054
4432
3664
9fc9
d6ba
9375
5538
2b46
79ac
cac5
a98a
6841
2636
679c
c5ca
b598
7c54
2b22
4c8c
c0ce
b489
6238
1417
51aa
e6fa
dea8
743c
0801
146d
c0ee
e4b4
8352
290e
236b
b8e1
dcb0
845e
3517
2260
a4d5
dcc0
8e60
3812
0e3d
8dcf
e8cf
996e
4725
214a
97d4
e8c9
9264
3d1f
1c4a
97d2
eacd
956b
482e
2039
7dc1
e4d4
9c6c
4c31
2032
70b1
dcdd
b67e
5431
1a24
5fa5
d7e4
c087
5e41
2923
4286
c2e6
ddae
7c55
341e
3072
b6de
d6aa
7e59
3b22
2f69
a9d2
d5b3
8c6c
5030
2a54
95c5
ceb5
8d6e
5439
2d4f
8bbc
cdba
8d6a
503a
334c
85b4
d0c8
9e71
5442
3842
71a5
c6cc
a87b
594d
4245
6ba0
c4c9
a879
5846
3c42
6498
bec4
ad84
6350
4644
5c8a
afc0
b48e
6a51
4745
527f
a5ba
b894
6c55
4c49
5479
a1be
c4aa
8569
5d50
4753
7498
b4b2
9a80
6f60
4e4d
6a91
a9ab
9680
746c
5d55
6887
a4ae
a18e
7e70
5b45
4e6c
90a9
ae9d
8978
614c
4c69
92b1
b7a5
8976
5d44
394c
739c
b2ad
9c86
6e52
3e44
678f
b0b2
a498
8268
4d46
5c80
a0a7
9e92
806b
5049
5874
98a8
a89c
8c77
5c4a
4a62
84a1
a99c
8f7d
6650
4d5f
80a0
aa9e
8d7a
6651
5063
80a2
ac9f
8d79
644d
4351
7297
acae
a090
7d60
4f4e
6483
a0a8
a194
8064
4c43
4e6c
90a7
a8a3
947c
5d49
4a60
84a2
aeae
a28a
6c50
4b58
7b98
a5a8
9e8c
7056
4d56
708a
9a9c
9891
8070
676c
7881
8484
8484
8076
6f6e
6d71
7979
828c
9189
7e77
7172
7678
7e86
8e8d
847d
7272
7474
747c
8489
857f
7670
6f72
7077
858a
8d88
847d
7a75
7072
7e8c
9494
8e81
7671
686b
7582
898c
867d
746d
6a6c
7586
99a3
997c
5a40
4161
87a7
c0ca
bf90
4b17
0a2b
69a2
c8e2
dcb1
6825
0820
5d96
c0d8
dabe
7a32
0506
4288
bad8
e0c4
8439
0601
3881
badc
e4c9
863e
0801
2d7a
b5dc
e8d4
9e53
1401
185d
9fc9
e3de
b269
2601
104e
8ebd
dce0
be7c
3403
0138
7fb3
d8e4
d09c
5214
0118
66a2
cce0
d7a0
5b1c
0118
619f
c9e0
daac
6621
0111
5995
bcd6
d6b3
7330
0514
508c
b4ce
d5be
823d
0d0a
4886
b0cb
d5c1
8c4d
1d14
3e7e
aac7
d6d0
a469
2d0a
195c
94b8
d0d5
b87a
370e
1c57
8dae
cbd7
c188
491e
2458
84a0
b9ca
be8c
4e25
2451
7e9c
b8c6
c08e
5228
2c59
809a
afc0
bb90
613a
2e49
7690
a4b8
bea2
7044
324a
728a
97aa
b8a7
7d53
3740
6078
8ca8
c2c2
9f70
4d41
5261
6e84
a6ba
ac85
5e4a
5460
6676
97b7
b499
765a
585f
6774
90ae
ae90
6e56
5460
696c
82a1
ad99
7d62
5c67
7478
8197
aa9a
7d65
5e70
7a7a
7c8a
9b95
7e64
565c
6f7e
8490
a5a6
9577
6261
707c
848e
a2a8
977c
665d
6674
7989
9ca4
987c
6458
6272
7c86
96a2
987e
6551
5a6c
7981
90a2
a18c
7260
616f
7a7d
838e
8c80
6f67
6d7f
8a89
8486
8a84
776e
6e77
8381
8082
8683
7c74
7177
7e7c
777a
8286
7f76
6e77
8487
8381
8687
7f74
6e72
7e86
8584
8785
7e70
686b
7980
7f80
8588
8276
7272
7d87
8281
8287
8881
7a75
767a
7875
767e
8480
7970
737c
8181
8286
8c88
8078
767c
8282
7f81
8182
7c71
6d72
7b7f
8286
8a88
7f76
6e70
7778
7e82
898d
887f
7571
7476
797e
8a90
9085
756e
6d71
7378
818c
908a
7c71
6c6e
7074
7d86
918f
8478
7474
7578
7c84
8a87
7e72
6c6f
7178
7d84
8989
8075
7174
787e
818a
8c89
8174
6e6d
7478
7d82
8889
8278
6e6c
727c
8289
8d91
8a7c
6d67
6a74
7c85
8d94
8f86
7568
676a
747c
8289
8d88
7d75
7478
7e80
8289
8c87
7970
6a6e
787c
8088
8e8a
8178
6f72
7475
7574
7e81
807b
787a
7c7a
7676
7b80
8281
7f81
8180
7870
7074
787c
7e83
8887
7d76
7074
7979
7e7f
8489
8680
7f81
807e
7c7c
7e7e
746b
646d
7680
8387
8c8e
887a
6d6a
6a6e
7984
9096
9484
7268
6062
6d7d
8f9c
998a
7665
5c5d
6478
8c9e
a8a7
9261
3733
609f
c7ce
b284
5226
131f
56a3
d8ec
dcb1
7c42
180e
3684
c4e1
d4ae
7e4a
1d0d
2874
bce2
e4c1
8f5a
2303
155c
b1e0
e8c8
925a
2705
0c46
98d4
eedc
aa71
320a
083a
8bca
e7dc
ad75
4016
0b32
7dc1
e5da
b07a
4a21
1431
77ba
e0de
b784
562e
1425
64af
d7d4
ac7e
5835
2234
72b0
d2ce
a57d
5e3f
2b32
629b
c7d6
bc90
6b4c
312c
528c
bccd
b18a
6c54
403a
588c
b8cd
bc94
715a
4434
4170
a7c6
bf9b
775e
4938
3c66
a0c7
ceaa
8269
5040
4064
93b6
c4b4
8d6c
5441
3952
84ac
bfb0
9074
5f4b
4054
80a5
b8ae
8f71
5e4f
4455
7ea6
b6aa
8970
645c
5154
749a
aeaa
9074
6b68
6662
7188
9698
8d7c
7370
6c62
666d
7685
8c92
9695
8867
5455
6479
8c90
9596
8a70
5955
677c
8990
969a
9176
5e5a
6777
8689
9099
9684
695f
6875
7d80
868f
9486
6f66
6972
7f84
8b92
9281
6857
596a
7d8c
9495
968c
7565
6172
8594
9894
9085
715f
5c69
7c8a
8d8c
8b80
7366
6878
868c
8880
7c78
716a
6e7a
8691
8c88
807a
7066
656f
7e88
8c8a
8786
8278
716e
7980
847f
7a7b
7d7c
7978
7e84
8683
7c7b
797b
797a
8086
847c
7271
7e7f
7f7f
807e
7c87
817c
7c7c
7a78
7680
8180
807e
707c
8980
7860
565e
6569
7280
8b90
686c
6c62
5347
516a
6a68
6878
878d
877c
6e64
646c
7c8f
999f
9d97
8f8b
8f97
9f9b
876e
5545
3a30
323c
4d53
5b62
6266
686e
899f
a09b
9b9f
9b87
7c81
898d
9fa8
9f97
9187
8072
5b45
2e22
2626
364b
4551
6a72
7c85
9bc5
d3be
a297
8f93
979f
9d93
8076
725d
4334
2a34
454f
5551
5364
8091
a4b6
bcae
978d
8f87
919b
9b8f
8f89
7060
5f55
4336
323a
3c36
3e47
4d64
8b9f
a8ae
aea0
9db6
c7c7
c1be
b09b
836e
6455
453a
2c1b
1113
2232
4557
6274
9799
939b
b6c7
cbc1
b6a8
9b8f
7e74
6a53
413a
2c2a
262a
3647
5374
8d8b
838d
a2ba
cbd5
d5cd
beac
977c
6e57
4130
1f17
1b17
2240
556c
7a7c
838d
a6bc
c9dd
dbc9
b8a8
9778
6655
3a26
1f1f
1f26
3445
6889
9393
99a2
bac5
c7c5
bfb2
a693
816a
513e
2c1f
1311
1522
3c5f
7c89
8fa2
aebe
c7c7
c7c7
baae
9780
6047
301d
1313
1f2a
435b
7481
8999
aebc
c7c9
c7bf
b6ac
9b8b
664d
3a1b
0b05
0717
2841
6478
7e87
91a2
c1cf
d1d1
c7c1
b49b
806a
5134
1d0d
0b11
1f3e
5578
898f
9fb0
becd
cbc9
c5bc
ae97
8164
4526
130d
0713
2c40
597a
919f
a8b4
bcc3
c5c5
beb8
aa8f
7862
4324
150d
1120
3249
6280
9b9b
a2ae
b2be
c7bf
bab2
a695
8166
4926
0f07
070f
1d34
607e
97a0
a0aa
b2bf
c1c5
bcb4
aa99
8060
4332
1d13
1315
1f36
5378
99a4
a2a6
aab6
beba
bab8
aa9b
8364
492c
1b1b
151d
2e3a
516e
89a2
b0b2
b2bf
c9c5
c3bc
b6a2
8d74
4d2a
1305
0b11
1b32
456a
8fa8
aaaa
b0be
c9c7
c5bf
b2a8
916a
5130
1911
0d13
223a
597e
a2b2
aea2
a6b0
babe
beba
b6a4
8b6c
4b2a
1713
131b
223a
5b80
9bac
aeaa
acba
c5c1
beb6
ac9b
805d
3e24
1513
151f
324b
6487
9da0
9da0
b2bf
bebf
bcae
9f81
6243
2411
0b0b
1122
324d
7897
a6a8
a2ae
bfc5
c5c1
b8a6
8968
4d2e
1b11
0d22
3045
6081
9397
99a4
bcc7
cdcb
c5b6
9b7a
6043
2613
0d15
2238
5b7e
8585
8b9d
becb
cdd5
cfbe
a281
5d3e
2817
1b17
1f3e
5d78
807c
8fb4
c9d5
d7d5
c9b4
9378
5736
1f13
131d
2849
7280
7076
91b8
cdd5
d9d1
be9d
7c59
321b
0f0d
173c
6876
6860
709b
c5d5
e0dd
cfb8
9172
4b2e
1b15
1726
4357
594f
629b
bed1
dbd5
cdb8
9370
5336
2419
152a
4b59
4d4d
6c9f
c1dd
e6e0
cdb6
9b78
5732
1f19
243e
4b41
415b
95bc
d1dd
dfd1
ba99
704f
3826
2632
4943
303e
6a9f
c1d9
e0e0
cfae
8766
4936
323e
5341
2a2c
4d87
b8d3
e0e2
d1b6
8b68
4d36
3643
4332
243a
74ac
c7d9
dfd1
ba97
704f
382a
323e
3624
2649
81aa
c3cf
cdc5
a885
6c59
5153
453a
3443
7099
b2c1
bfb2
a68f
705d
4947
3c17
071d
4b87
b6d1
d9d1
b899
7e6a
5f59
401d
0922
4f8b
b6cf
d5cb
bc9b
7a64
5955
3e19
1122
6091
b4cd
cdc1
ae95
7c68
5732
130d
2660
8fb6
c7cb
c3b6
9b87
7e60
2e07
032e
6c9b
b8be
baa0
8778
7664
3415
173a
7097
b6c9
cdbf
a293
8976
4719
0b22
5383
a6bf
beac
9b8f
8b74
4315
0722
5b83
a6ba
b8ac
9d8f
8b70
3617
1947
7697
aeae
a299
8d80
6834
1317
3a70
99b0
bebc
a691
8168
3611
0b2c
5f8f
aab4
aea2
9da0
8143
1f24
4d7c
99ae
b6ac
a29b
8349
1b0f
326a
8ba2
aeae
a699
8968
3426
3a5f
819b
a8b0
b0a8
9766
2e1b
2c55
87a0
acb2
aca8
9355
2a20
3e70
919f
a6a6
9d97
7641
1b1f
4778
93a6
b0b6
baa6
642e
2238
6889
9faa
aeae
a66c
3620
2a51
7a97
9fa0
a29f
6a36
3049
6c8f
aab6
b8ae
9f68
3626
3459
7c95
a2b2
b093
5926
223c
5f83
a0b2
bab0
783a
2432
5d80
979f
a6ae
995b
2a20
3e6c
95aa
b6bc
b27c
3a2a
405f
8399
a2ae
9d64
2e24
3a5d
7e93
aaae
ae87
493a
4b68
89a4
aeb2
ac7a
412c
345d
8199
acb2
9f5f
363a
5b78
8fa4
b8ba
8f4d
303a
5778
91a8
b4a4
7038
2a40
688f
aebf
be83
3e2a
3a5d
87a8
b8ba
914d
2a2c
456e
93ae
c1a4
663e
3855
7a97
aebc
a060
3c3e
597a
97ac
b28b
5334
3a5b
8093
acae
8347
3241
6280
a2b6
b078
3e3a
4b70
91ac
b697
5b36
3a59
7ca2
b8b6
814d
4553
6887
a0a6
8b59
4149
5974
9baa
9f6c
4951
6a80
97ae
a678
574d
6072
839b
9d7c
5f4d
596a
8093
9574
5557
6c87
95a4
9b68
515d
6880
99aa
9766
5155
6680
9fac
9364
4f5d
788f
a6a4
7445
384b
6a89
9987
5741
455f
83ae
b28f
6255
627a
8f9b
8964
5960
748b
9b80
5b4d
6881
979f
8959
434b
6487
9d87
5d51
596c
87a6
a080
6a72
8393
957c
594b
597c
8f8f
6c49
5172
91ae
9770
6870
7e99
9974
5d5f
6e87
8978
6262
7491
9d89
6659
6881
9383
5f59
6880
9389
6870
7a8b
8f7e
625b
6a83
8b74
6062
708b
8974
7076
8793
8170
6c76
8787
6e68
6e7c
8772
6068
7c8b
8068
5f6c
8080
746c
7487
8070
7280
8f83
787a
8783
7864
6474
7c70
686e
7c7a
6464
7881
7872
7478
7266
6c70
746c
687c
8176
747e
8381
8791
8d7a
7074
7870
7878
7c7a
7478
7268
686e
6c6e
7274
7472
787c
8087
8983
7c7a
7874
7a7e
7c7c
7874
7474
7072
7c7a
807a
7874
7270
7278
7e80
7c78
7872
6c72
7678
7878
7c7c
7c76
787c
807e
7a72
726e
7076
807c
7e7a
746e
6668
6c70
7c7c
7c7a
7478
7a78
7676
787e
8180
7876
7678
7a7a
786e
7072
7078
7a7a
7a7a
7878
7674
7c7e
7c78
6e6c
6e68
686a
7274
7a7a
7c7c
7878
7c80
7c78
7a7a
7872
6e6c
6a6e
7078
7476
7c7c
7e83
8383
7e80
7c7a
7a7c
7a74
7872
706e
6c6c
7070
787a
807c
7a78
7c7e
7c7a
7874
7c74
7478
7278
7a74
7478
7a7a
7e7c
7c7e
7e7c
7c78
7070
7c7e
7a74
706a
686a
7278
7678
7c78
7472
6870
7a80
7c7a
7878
7a78
7878
787c
7876
7a70
727a
7874
7674
7472
7078
7a78
7c7a
7878
6e70
7a80
7c7a
7670
6e6a
6e76
7478
7874
7a78
7a7a
8083
8583
807e
7c78
7274
7470
706e
6870
6e68
747e
8080
8183
8780
7c7c
7878
7870
706a
6868
6e78
7a7a
7678
767a
7e7c
787a
767c
7e80
7c7e
7c7e
7a74
7876
7074
7874
7270
747a
7878
7a7c
7e7e
7c7c
7a78
7c76
7a78
7074
7270
706a
6c78
7a7c
7e7e
8083
7e7c
807c
7c7a
7474
6e60
595d
6870
7274
7c78
7a81
807c
8180
787a
7878
7a7c
7872
706e
6864
6c70
747a
7278
8183
7e76
7c87
8981
7876
7878
7072
6e68
6468
7278
6e6c
7880
7c7c
8083
7c74
8089
8080
8981
7c74
6468
6e78
7c74
7072
706c
7278
8081
8180
7e74
7874
747c
7a70
7070
767a
807e
7a78
7676
7278
7278
8383
807e
7672
6a68
7070
706c
727c
807a
7883
8f87
7a6c
7481
8070
686e
7c87
7860
5b60
748f
9378
6470
8193
9f85
5949
5774
979d
7636
2a3e
7899
b8b0
683a
3c66
8fb0
c39b
4332
4570
95b6
bc87
433c
5978
97b6
be87
3e2e
416c
809f
b6a2
6030
1d36
6689
a6bf
b680
4b26
2e5d
83a6
b6c1
bc97
6843
201b
3c70
9bb8
c5c1
b09b
835d
3c2c
2432
4b6a
8399
acb6
b4aa
9d89
705d
4541
4345
4951
555d
6674
8791
9ba2
a6a6
a093
8b89
8078
6e60
5d57
5159
5f64
6c6c
7478
7a80
8587
8f91
8f89
8783
7c78
7474
706c
6a64
6262
6264
6e70
7272
7478
7e80
8380
7e7c
787c
7e78
767c
8183
8583
877e
7c7c
7e7f
7f7f
2e45
5830
8448
8c39
6c8c
4765
44dc
2a5c
ff38
865c
ff4c
a0b0
ff70
ffbe
ff79
ffb5
ffff
92b8
ffff
ff60
ccff
ff56
ff7f
ff6a
ff38
9231
b4ff
5c45
f3ed
c610
5922
c488
dcfc
d7ff
ffff
ffff
e1f9
ffea
aeb4
faff
ffff
f6d8
b586
8456
4e4c
3442
112c
172c
4835
3d42
5032
4642
1105
0101
0101
0101
0101
0101
0101
1e01
0101
0101
0148
112f
100c
010f
443c
0150
3a01
4c56
3582
6684
4130
50ae
b1c6
a488
ffff
c9d1
6f1d
3c90
8c01
0128
843e
0101
0101
0101
0101
010a
4a3e
0101
0113
1620
427e
acad
aec1
e2ff
ffff
e0cd
c4de
ffff
ffff
ffff
ffec
d9ba
9f84
7e70
4d54
6e5a
5876
6a60
8898
8670
5d45
283c
582f
3e40
1a27
4840
4669
6d5c
382b
4e54
788a
6b72
7c7d
8e8e
7984
9d94
6e60
96b9
9cbe
ba8c
88b4
decc
889a
f5ff
ffff
daff
fff6
8c75
72a4
7a8e
3029
2b81
9d20
0101
0101
0101
0d26
3412
0101
0a29
4568
6c7f
9cd0
f6fa
ffff
f1e5
dcd6
e2ff
ffff
ffff
ffff
f8e0
b49a
8062
5e5c
5646
3a40
4856
7a7d
6f62
584a
4436
3232
3826
0201
041a
3e54
390f
122c
2b1b
2e4a
5450
544e
5866
8694
7c49
326d
b19d
6c56
a0ce
ba88
7383
a2ac
bcc4
c8e6
ffff
eea6
aec9
cd96
5404
4c6c
8a70
4436
0101
0101
0101
0b0d
0101
0101
0112
0911
3850
72a2
ccf0
f8ff
fff0
ede2
dcef
ffff
ffff
ffff
ffff
e4bc
a492
8c7a
6049
4449
4e5c
6d76
7c82
7358
4c62
7462
3d22
1a21
2834
4045
393e
4230
121e
506e
5421
2469
928a
686a
7684
867e
6c70
8aaf
b8a1
9aa4
bcc8
9e78
8bd4
ffff
f9f0
fcff
ffff
cda8
8d6f
606e
8896
a08c
3801
0101
0101
0101
0101
0101
050a
0505
1535
557a
a4ca
f0ff
ffff
fcfa
fcfc
ffff
ffff
ffff
ffff
ffff
f2d8
b89e
8e7e
624c
4d62
7681
807a
726d
7c88
8266
4e4e
5132
1427
5666
4624
1a34
5054
4126
273f
595e
5959
6b8d
9478
6266
8591
897c
80a4
cccc
ac90
8e99
a8ba
c8d0
e0f4
ffff
ffff
ffe4
ac7a
647a
98b2
b198
5e15
0101
0101
0101
0101
0101
0101
0101
0101
1840
7098
b6d1
deed
fbfe
f5e8
e2f0
ffff
ffff
ffff
ffff
fff9
e5d1
b28c
6650
5d69
645c
6072
7870
6872
848c
7448
2e2e
414f
4a34
1e2a
4246
3628
2d3c
4332
222a
4c6a
6b60
606e
8182
725e
5c6e
8aa0
a8a4
9f9c
9c98
949a
a6b2
b8c2
d6f9
ffff
ffff
cf96
7f88
a4b6
b6a2
825d
3107
0101
0101
0101
0101
0106
0101
0101
010c
2a4a
7096
bcd4
e0e9
eae6
e4e8
ecf6
ffff
ffff
ffff
ffff
fff4
d3b7
9e82
6860
636a
6a60
5458
7089
8a7a
6458
5c5b
4936
313f
4238
2422
3446
442f
1e1a
2938
3e3a
3d4d
6679
7e72
6460
5d65
7486
99a0
9d9a
989a
9ea1
a29d
9696
afd8
ffff
ffff
eec9
b1a8
acb5
bebc
ae92
6c48
2c16
0101
0101
0101
0101
0101
0101
0101
010a
345c
809a
b8cf
dedc
d6d4
e0ed
faff
ffff
ffff
ffff
ffff
fff1
c2a0
928e
8674
5a52
5968
7071
757c
8179
6657
5456
5446
3226
2a39
3f3a
2e28
2d31
2e25
2125
2e3c
5165
7274
6c61
5a5c
6678
8c94
948e
909c
acb0
a892
7c7c
8fb2
e0ff
ffff
fff4
d2ba
b8c2
cac2
b5a8
9c8f
7b58
2901
0101
0101
0101
0101
0101
0101
0101
010e
3969
8ea8
b5bf
cad4
dae0
e5ee
fdff
ffff
ffff
ffff
ffff
fce8
d2b8
a08c
7c70
635e
6471
8081
7c74
7178
766c
5848
433f
3c38
342e
2c2d
3135
3125
1911
1322
364d
626c
6860
5456
6474
7a7e
7e7e
8aa0
b2b8
ac9c
8678
7685
aad6
f8ff
fffa
eade
dad6
cdc0
bcbe
beb6
a285
6844
1901
0101
0101
0101
0101
0101
0101
0101
0128
4a6c
8aa0
acb0
bccd
dee5
e4e4
ecfc
ffff
ffff
ffff
ffff
fce5
d4bc
a184
736e
7071
7274
767a
7e80
7e78
6a5d
554d
4640
382e
2c2c
3036
3830
200e
040b
1e3a
515a
5651
545e
6a6e
6d68
6c70
7c8e
a5b6
bcae
987c
6d74
8fb2
cdde
eaf1
f8f4
e9da
d2ce
c8c4
bebe
c0b8
9c74
4924
0a01
0101
0101
0709
0101
0101
0101
0101
163c
586d
7e92
a6ba
c6ce
d2d7
dce0
f0ff
ffff
ffff
ffff
ffff
fee4
c8ad
9a89
8178
7472
767c
7e81
807d
7972
6963
594e
4136
2c2a
313c
443b
240a
0101
1324
3138
3c44
4c56
6068
6a64
5d5d
6478
98b0
bcb4
a08c
7e7a
7e8a
a0ba
cfe1
e9ec
eeed
e8d8
c8c4
c8cf
d2ca
bba6
8a6a
451f
0101
0101
0106
0e09
0101
0101
0101
0101
1c38
5069
8095
a8b8
c0c4
c8cf
dae8
f8ff
ffff
ffff
ffff
ffff
f2da
c4af
9e8c
817a
787c
8082
8382
807c
7a79
7465
4e3a
3031
3c44
4339
2a17
0804
0a11
1a22
292e
3848
5c6c
6c60
514c
566a
849d
acb2
aea2
9182
7c83
909d
acbe
d4e6
eeee
e6dc
d6d0
d0d0
d1d3
d2c8
b296
7958
3412
0101
010c
1916
0301
0101
0101
0101
0105
203c
5673
8a98
a5ac
b6be
c8d3
dde6
f6ff
ffff
ffff
ffff
ffff
eed8
c0ac
9a8a
8482
8284
817e
7d81
888a
8677
614c
3e3d
4246
4842
3626
140c
0d11
120d
0c10
1f36
4f5c
605a
5149
484f
627e
9aa7
a8a4
9e96
8c85
8284
8ea2
b6c9
d8de
e3e2
dcd4
d0d0
d4d4
d6d4
d0c6
b091
683e
1e08
050e
1c24
1d0a
0101
0101
0101
0101
0109
2946
6076
8694
a0ac
b8c1
c8d1
dce8
f6ff
ffff
ffff
ffff
ffff
e9d0
baa8
9d95
8e88
807c
7e86
9091
9088
7964
5349
4b52
544c
3c2e
2622
221a
0e01
0101
081b
334c
5859
5044
3f45
5367
7d8e
9da4
a8a4
9a90
8682
848c
9cad
c0d0
d9dc
dada
d8d6
d4d4
d4d8
dcdc
d2c0
a278
5032
211d
2126
281f
0c01
0101
0101
0101
0101
0113
3048
5d71
8190
9ca8
b2b9
c2ce
dae8
f8ff
ffff
ffff
ffff
fff8
e2d1
c2b4
a69a
8c85
8486
8e96
9996
8a7a
6961
605e
5a52
463d
3834
322c
200e
0101
0101
1832
444a
4844
3e3d
404a
5a6e
8294
a0a4
a29f
948a
8382
8a98
a6b4
c1cc
d2d8
d8d5
d1ce
ced3
dbe4
e4de
ccaf
8868
4c3e
3937
332d
251c
0d01
0101
0101
0101
0101
0118
3048
5e70
8290
9aa4
acb8
c4d1
dce8
f6ff
ffff
ffff
ffff
fff6
e6d8
c8b6
a290
8688
8e96
9a98
9189
8079
726c
655d
5348
403e
4141
3825
0a01
0101
010f
2638
3e3f
3c38
383c
4552
6478
8c9c
a4a3
9e96
8d88
888c
949e
aab8
c4ce
d4d4
d0cb
c7c9
d2e0
e9ec
e6d4
b99a
7f68
584a
403b
3834
2c21
0d01
0101
0101
0101
0101
0118
314a
5e6e
7c8a
96a2
acb6
c1cc
dae9
f8ff
ffff
ffff
ffff
fffc
eed9
c1ac
9d96
969a
9d9d
9a96
8f8c
8882
7a6c
5e52
4d4d
4f4f
4839
250a
0101
0101
091c
2b34
3838
3434
3539
4659
7087
969e
a09d
9892
8e8c
8a8d
96a2
aebc
c8cc
cac4
bec0
c6d2
e0ea
ede8
dac6
ae94
7e6c
5a4d
4441
403e
3420
0601
0101
0101
0101
0101
061e
3448
5d6e
7d8c
98a0
a8b2
bcca
dcee
feff
ffff
ffff
ffff
fffc
e8d2
bcad
a6a5
a6a4
a09c
9898
9894
8c7f
7062
5956
585a
5850
3e28
0e01
0101
0101
1020
2c32
302d
2c2c
3341
5469
7c8c
969c
9d9b
9692
8e8a
8b90
9dac
bac3
c4be
bab8
bac4
d0dc
e4e7
e4dc
cdba
a68f
7b6a
5e58
5452
4c40
331e
0401
0101
0101
0101
0101
081e
3246
5c6e
7d88
8f96
9fac
bdcf
e0ed
f8ff
ffff
ffff
ffff
fff2
dccc
bfb8
b0ac
a5a2
a0a2
a2a2
9d94
8678
6b64
6264
6662
5846
3119
0201
0101
0105
1824
2928
2422
242b
384a
5c6e
7f8c
959c
9e9c
948d
8888
909c
aab5
baba
b5b1
b1b6
bfcb
d6e0
e6e9
e6dc
ccb5
a08b
7a6d
645e
5954
4e42
3319
0101
0101
0101
0101
0101
071e
354c
5e6c
7780
8894
a0b2
c2d1
dce6
f2ff
ffff
ffff
ffff
fff0
e0d3
c6bc
b2ac
a8a8
a9ac
aaa4
9a8c
7e74
6e6c
6d6c
685e
503a
2309
0101
0101
010f
1c20
1e1c
191c
2431
3f4e
6071
8290
9a9e
9c94
8d8a
8d94
9fa9
b0b3
b2b0
aeae
b0b8
c2ce
d9e2
e8e8
e1d4
c2af
9c8c
7d72
6a65
625f
5849
3417
0101
0101
0101
0101
0101
0820
3648
5762
6c78
8494
a4b0
bcc8
d2e0
f0ff
ffff
ffff
ffff
fff4
e6d8
c9bc
b4b2
b2b2
b4b2
aca4
988b
807a
7675
7474
6d60
4c32
1801
0101
0101
0811
1514
1414
181d
2530
3e51
6579
8a96
9a98
928d
8c90
969e
a6ac
aeae
aca8
a7a9
afb8
c4d0
dce4
e6e2
dacc
bcaa
9a8b
7e74
706e
6c68
5c48
2e12
0101
0101
0101
0101
0101
1024
3442
505d
6c7b
8996
a0aa
b5c2
d2e4
f5ff
ffff
ffff
ffff
fff8
e6d4
c8c0
bdbd
bebd
bab4
aca2
968c
847f
7c7c
7c78
6c58
3d20
0801
0101
0101
040a
0d0e
1013
151a
2231
4459
6f80
8d92
928f
8e8e
9298
9da4
a8ac
acaa
a8a4
a2a6
b0bc
c9d4
dce1
e2e0
d8ca
b9a8
978a
817c
7a78
7268
5946
311a
0101
0101
0101
0101
0101
0c1c
2b3a
4a5a
6a78
848d
98a2
afbf
d2e3
f3ff
ffff
ffff
ffff
fff2
e1d5
ccc6
c5c6
c6c2
beb6
ada2
968c
8886
8686
8276
654c
321c
0901
0101
0101
0408
0b0c
0c0a
0d16
2638
4e63
7481
888c
8e8e
9194
989f
a4a9
acac
a9a4
a0a0
a1a8
b2bc
c8d1
dae0
e0da
d0c2
b1a1
968e
8985
807a
7269
5c4d
391d
0101
0101
0101
0101
0101
0718
293a
4c5c
6974
7e88
94a2
b0c0
d0e0
eefc
ffff
ffff
ffff
fcee
e2d8
d2ce
cecc
ccc8
c0b8
aca0
9690
9091
908a
7f6f
5a44
2d19
0901
0101
0101
0508
0602
0101
0916
283e
5265
737e
8488
8a8d
9196
9ea4
a9ac
aca8
a4a0
9ea0
a2a9
b3bd
c9d4
dde0
e0d8
caba
aca2
9c95
8d86
817d
7874
6856
3c1a
0101
0101
0101
0101
0101
0618
2a3a
4a57
626e
7a86
93a0
adbc
cad8
eaf9
ffff
ffff
ffff
f8ec
e1da
d6d6
d6d5
d0ca
c0b4
aaa2
9e9c
9c98
9289
7c6c
5841
2a15
0501
0101
0103
0401
0101
0101
0a1c
2f43
5666
727a
7f84
888e
969d
a4a8
acac
aaa8
a4a0
9e9d
a0a8
b2be
cbd5
dada
d5cc
c2b8
aea5
9c94
8c86
8485
837c
6e58
3a18
0101
0101
0101
0101
0101
0416
2636
4552
5e6c
7884
8f9c
a8b6
c7d8
e9f9
ffff
ffff
ffff
f8ed
e6e2
e1e2
e0dc
d4ca
c0b8
b0ab
a8a5
a29d
968c
7e6d
583e
2512
0401
0101
0101
0101
0101
0101
0b1e
3245
5664
6d74
7b81
8992
9aa2
a8ab
acac
aaa6
a29e
9c9c
a0a8
b4c0
cad1
d3d1
ccc8
bfb6
ada3
9991
8d8c
8e90
8c80
6e55
381c
0101
0101
0101
0101
0101
0414
2332
404e
5c68
747f
8a96
a2b1
c2d3
e4f4
ffff
ffff
fffc
f3ec
e9e8
e8e6
e2dc
d2c9
c1ba
b5b0
aca9
a6a1
998e
7f6c
543b
2616
0c08
0605
0201
0101
0101
0101
1124
3648
5661
6a74
7c84
8e96
9ea5
aaae
b0b0
aca6
a19c
9c9e
a4ae
b8c1
c8cc
cdcd
cac5
bcb2
a69c
9491
9294
9592
8c7e
6c56
3d22
0601
0101
0101
0101
0101
0110
202f
3e4c
5864
707a
8692
9fae
c0d2
e4f4
ffff
ffff
fcf8
f2f0
efee
ece8
e4dc
d4cc
c5be
bab6
b3b0
aca6
9c8d
7a64
4c38
261a
120c
0702
0101
0101
0101
0101
1425
3644
515c
6872
7c85
8e98
a0a8
aeb1
b2ae
a8a1
9c9b
9ca1
a7ae
b5bc
c4c8
cccc
c8c0
b6ac
a29b
9898
9a9c
9a96
8e81
705a
4226
0c01
0101
0101
0101
0101
010e
1d2c
3c48
5662
6d76
818c
9aaa
bdd1
e2f0
f9fc
fcfa
f8f6
f4f4
f3f2
eeea
e4dd
d6ce
c7c1
bdbc
b9b5
b0a8
9c8a
7661
4c39
2a1e
1610
0801
0101
0101
0101
0108
1827
3644
505d
6872
7c85
909c
a5ad
b2b4
b0aa
a49e
9c9c
9ea2
a8ae
b5bc
c4ca
ccc8
c2b8
aea6
a09c
9c9c
9d9c
9a95
8e82
705a
4126
0c01
0101
0101
0101
0101
010d
1c2c
3a48
545e
6870
7b88
9aac
c1d4
e1ea
f1f4
f6f6
f6f6
f6f6
f5f4
f2ee
e8e0
d8d1
ccc8
c6c4
c0bc
b4a9
9a88
7460
4d3d
3028
2015
0801
0101
0101
0101
0214
1920
2d3e
4c5a
6570
7982
8c98
a2ab
b2b6
b5b1
aaa4
a09e
9ea1
a5aa
b0b8
bfc8
cccc
c8c0
b6ac
a49e
9c9c
9c9c
9c99
948a
7d6a
543a
1f05
0101
0101
0101
0101
0103
1222
303f
4c58
616a
747e
8c9e
b2c6
d6e4
ecf1
f4f4
f4f4
f4f4
f4f4
f2ef
eae4
dcd4
cec9
c6c4
c0bd
b8b0
a494
816c
5846
382c
241c
1103
0101
0101
0101
0101
0c1c
2c3a
4855
616c
747e
8994
a0a8
afb2
b1ac
a6a0
9d9c
9ca0
a4aa
b0b8
c0c8
cccc
c6be
b4aa
a29d
9c9c
9c9c
9b98
9288
7a66
4e34
1801
0101
0101
0101
0101
0106
1524
3442
4f5a
646c
7682
91a3
b7ca
dbe8
eff4
f6f6
f6f6
f6f6
f6f6
f4f0
ece4
dcd5
cfcb
c8c5
c2be
bab0
a494
806a
5645
362c
241b
1002
0101
0101
0101
0101
1020
2e3d
4a58
626d
7780
8c98
a2aa
b0b3
b1ac
a6a1
9e9c
9ea1
a6ac
b2ba
c2ca
cccc
c6bc
b3aa
a29e
9c9c
9c9c
9c98
9186
7863
4a30
1501
0101
0101
0101
0101
0108
1726
3644
505a
646d
7884
93a5
b9cc
dce6
eef2
f4f5
f5f4
f4f4
f4f4
f1ed
e8e1
d9d2
ccc8
c6c4
c0bc
b6ac
a08e
7a66
5442
342a
2218
0d01
0101
0101
0101
0103
1222
313f
4c58
646e
7882
8d98
a2ab
b0b2
afaa
a49e
9c9a
9ca0
a5ab
b2ba
c2c8
cac8
c2ba
b0a6
a09c
9a9c
9b9a
9894
8e84
7460
482e
1501
0101
0101
0101
0101
010e
1c2c
3a48
525d
666f
7986
96a8
bcce
dde8
eef2
f4f4
f4f4
f4f4
f4f3
f0ec
e6e0
d8d0
ccc8
c5c3
bfbc
b4aa
9c8b
7864
503f
3229
2017
0b01
0101
0101
0101
0108
1626
3542
505c
6671
7a84
909a
a4ac
b1b2
aea8
a29d
9c9c
9ea2
a6ad
b4bc
c4ca
ccc8
c1b8
aea6
a09c
9c9c
9c9c
9a95
8e82
705a
4025
0b01
0101
0101
0101
0101
0110
1e2d
3c49
545e
6871
7c89
98ac
c0d2
e0ea
f0f4
f5f6
f5f4
f5f5
f5f4
f1ec
e6de
d8d0
ccc8
c5c2
bfba
b3a8
9a86
7460
4c3d
3128
1e15
0901
0101
0101
0101
010b
1928
3845
525e
6972
7c86
919c
a6ad
b1b1
aea8
a29d
9c9c
9ea2
a8ae
b6be
c6ca
cbc7
bfb6
aca4
9e9c
9c9c
9c9c
9994
8c7e
6b54
391e
0401
0101
0101
0101
0101
0412
2130
3e4c
5660
6973
7e8c
9eb2
c6d8
e4ec
f2f4
f5f5
f4f4
f4f4
f4f2
efea
e4dc
d4ce
c9c6
c4c1
beb8
b0a4
9481
6d5a
4839
2d24
1c12
0601
0101
0101
0101
010e
1d2c
3a48
5661
6c74
7e89
94a0
a8af
b2b1
aca6
a09d
9c9d
a0a4
aab0
b8bf
c8cc
ccc6
beb4
aca2
9e9c
9c9d
9c9c
9992
897b
6850
361b
0201
0101
0101
0101
0101
0918
2736
444f
5a64
6c76
8290
a2b6
cada
e6ee
f2f4
f6f6
f4f4
f4f4
f4f2
efea
e2db
d4cd
c9c6
c4c1
bdb8
aea2
917d
6956
4536
2b22
1a10
0201
0101
0101
0101
0110
202e
3d4c
5863
6d76
808b
96a1
a9af
b2b0
aba4
9f9c
9b9c
a0a4
aab1
b8c0
c8cc
cac4
bbb1
a8a0
9c9c
9c9c
9c9a
9891
8678
634b
3016
0101
0101
0101
0101
0101
0b1a
2938
4551
5c65
6e78
8494
a5b9
ccdc
e6ee
f2f4
f5f4
f4f4
f4f4
f4f1
ede8
e0d9
d2cc
c8c6
c4c1
bdb6
aca0
8e7c
6854
4435
2a22
190e
0101
0101
0101
0101
0412
2231
3f4c
5964
6e78
828d
98a3
abb0
b2b0
aaa4
9e9c
9c9d
a1a6
acb2
bac2
c9cc
cac4
bab1
a8a1
9c9c
9c9d
9c9b
9890
8474
6045
2a10
0101
0101
0101
0101
0101
0c1c
2a39
4653
5d66
6f7a
8696
a8bc
cfde
e8f0
f4f5
f6f5
f5f4
f5f5
f4f2
eee8
e0d8
d1cc
c8c5
c2bf
bbb4
aa9c
8c78
6450
3f32
2820
160b
0101
0101
0101
0101
0615
2534
4250
5c67
707a
848f
9aa4
acb1
b2af
a9a2
9e9c
9c9e
a2a6
acb4
bcc4
cacc
c8c2
b9ae
a5a0
9c9c
9c9c
9c9a
958e
8270
5a3f
260c
0101
0101
0101
0101
0101
0e1d
2c3a
4854
5e68
707b
8898
acc0
d2e0
eaf1
f4f6
f6f5
f4f5
f5f4
f2f0
ece5
ded6
d0ca
c7c4
c2bf
bab3
a89a
8874
604c
3c30
271f
1609
0101
0101
0101
0101
0818
2837
4552
5e69
727c
8692
9da6
aeb2
b2ae
a8a2
9e9c
9c9f
a4a8
aeb6
bec6
cccc
c8c0
b6ac
a49e
9c9c
9d9d
9c9a
948c
7e6c
553c
2108
0101
0101
0101
0101
0103
1221
313f
4c58
626a
747f
8c9d
b0c4
d5e2
ebf0
f4f4
f4f4
f4f4
f4f4
f2f0
ebe4
dcd5
ceca
c8c4
c2be
bab2
a696
846f
5b49
392e
251d
1306
0101
0101
0101
0101
0c1b
2a38
4654
606a
737c
8893
9ea8
aeb1
b0ac
a6a1
9d9c
9c9e
a4a8
b0b8
bfc8
cccc
c6be
b4aa
a29e
9c9c
9d9c
9c98
948a
7c68
5138
1c04
0101
0101
0101
0101
0106
1424
3341
4e59
626c
7480
8fa0
b4c8
d8e4
edf2
f5f6
f6f5
f4f5
f6f4
f2ee
e9e2
dbd4
ceca
c7c4
c2be
b8b0
a492
7f6c
5846
382c
241a
1002
0101
0101
0101
0101
0e1f
2e3d
4a56
626c
7680
8b96
a1aa
b0b2
b0ac
a5a0
9c9c
9ca0
a4aa
b1b9
c1c8
ccca
c4bc
b2a8
a19c
9b9c
9c9c
9a96
9187
7863
4a30
1601
0101
0101
0101
0101
0109
1828
3644
505a
646c
7682
91a4
b8cc
dce6
eef2
f4f5
f5f4
f4f4
f4f4
f2ee
e8e2
dad2
cdc9
c6c4
c1bd
b8ae
a08f
7c68
5443
342a
2219
0e01
0101
0101
0101
0102
1221
313f
4c58
646e
7882
8d99
a4ac
b0b2
b0aa
a4a0
9c9c
9da0
a5ac
b2ba
c2c8
ccca
c4ba
b0a8
a19d
9c9c
9c9c
9a96
9085
7460
462c
1201
0101
0101
0101
0101
010c
1a29
3844
515c
656e
7885
94a8
bccf
dee8
f0f4
f4f5
f4f4
f4f4
f4f4
f1ed
e8e0
d8d2
ccc8
c6c2
c0bc
b5ac
9e8c
7864
5240
3228
2018
0c01
0101
0101
0101
0106
1625
3442
4f5c
6670
7a84
8f9a
a4ac
b1b2
b0a9
a49e
9c9c
9ea2
a6ac
b4bc
c4c9
ccc9
c2b9
afa6
a09c
9c9c
9c9c
9a96
8f83
725c
4328
0e01
0101
0101
0101
0101
0210
1e2e
3c49
555e
6871
7c88
98ab
bed1
e0e9
f0f4
f4f4
f4f4
f4f4
f4f2
f0ec
e6de
d8d1
ccc8
c5c2
c0bb
b4a9
9b88
7460
4e3d
3026
1e15
0901
0101
0101
0101
0108
1726
3543
505c
6871
7a84
909b
a4ac
b0b1
ada8
a19d
9c9c
9ea2
a8ae
b5bd
c5ca
ccc8
c0b6
aca4
9e9c
9c9c
9c9c
9994
8c7f
6d56
3d22
0801
0101
0101
0101
0101
0412
2130
3e4c
5760
6a72
7d8b
9cb0
c4d6
e3ec
f2f4
f6f6
f5f4
f4f4
f4f2
efea
e4dc
d4ce
c9c6
c4c2
beba
b2a8
9884
705c
4a3c
2e24
1c12
0601
0101
0101
0101
010c
1b2a
3946
5460
6a74
7d88
939e
a6ae
b2b1
aca6
a19d
9c9c
a0a3
a8ae
b6be
c5ca
cac6
beb4
aba4
9e9c
9c9c
9c9a
9894
8a7c
6a53
3a20
0601
0101
0101
0101
0101
0818
2535
4250
5a64
6e78
8290
a0b3
c5d5
e0e8
edef
f0f1
f1f2
f2f2
f2f1
eeea
e3db
d4ce
c9c6
c4c2
beb8
b0a4
9480
6c58
4838
2d24
1c12
0501
0101
0101
0101
0210
202f
3d4b
5862
6c76
808a
96a0
a9af
b2b0
aca5
a09c
9c9d
a0a4
aab1
b8c0
c8ca
cac4
bcb2
a8a1
9d9c
9c9c
9c9a
9690
8678
634a
3116
0101
0101
0101
0101
0101
0b1a
2838
4451
5c64
6d76
8292
a4b8
cada
e4ec
f1f2
f4f3
f2f2
f2f2
f2f0
ece8
e0d8
d2cc
c8c5
c3bf
bcb6
ada0
8f7c
6855
4436
2b22
1a10
0201
0101
0101
0101
0412
2130
3e4c
5864
6e78
828d
98a2
aab0
b2b0
aca4
a09c
9c9e
a1a6
acb2
bac2
c9cc
cac4
bbb1
a8a1
9c9c
9c9d
9c9b
9890
8675
6046
2c12
0101
0101
0101
0101
0101
0d1c
2a39
4652
5c66
6e78
8594
a8bc
cedd
e8ef
f4f4
f5f4
f4f4
f4f4
f2f0
ece7
e0d8
d0cc
c8c5
c2bf
bab4
aa9c
8c78
6450
4032
2921
180c
0101
0101
0101
0101
0818
2635
4350
5c67
707a
848f
9aa4
abb0
b1ae
a8a2
9d9a
9b9d
a1a6
acb3
bac2
c8ca
c8c0
b8ad
a49e
9b9a
9a9b
9a98
948d
8271
5c44
2c14
0101
0101
0101
0101
0103
101e
2c3a
4852
5c65
6e78
8495
a8bc
cedc
e6ec
f0f2
f2f2
f1f1
f2f1
f0ee
eae4
ddd6
ceca
c6c4
c1be
b9b2
a89a
8874
604e
3e31
2820
180c
0101
0101
0101
0101
0a19
2938
4552
5e68
727a
8590
9ca5
acb0
b0ad
a8a1
9d9c
9c9e
a2a8
aeb4
bcc4
cacb
c8c0
b6ac
a49e
9c9c
9c9c
9c9a
948c
7f6d
573d
2209
0101
0101
0101
0101
0104
1220
303e
4c56
6069
737e
8c9c
b0c4
d5e2
ecf0
f4f4
f5f4
f4f4
f5f4
f2f0
ece4
ddd5
cfca
c7c4
c2bf
b9b2
a698
8571
5c4a
3b30
261e
1408
0101
0101
0101
0101
0c1c
2b3a
4854
606a
747e
8894
9ea8
aeb2
b1ac
a8a2
9e9c
9ca0
a4a8
b0b7
bfc6
caca
c6be
b4aa
a39e
9c9c
9d9d
9c99
948a
7c69
5238
1e05
0101
0101
0101
0101
0107
1524
3442
4e58
626a
7480
8ea0
b4c8
d8e3
ecf0
f2f4
f4f4
f2f3
f4f2
f1ee
e8e2
dad2
cdc8
c6c4
c0bc
b8ae
a292
7e6a
5846
372c
231a
1003
0101
0101
0101
0101
1020
2f3d
4a56
626c
7580
8a96
a0a9
afb2
b0ac
a6a0
9c9c
9ca0
a4aa
b1b8
c1c8
ccca
c5bc
b2a9
a29e
9c9c
9c9c
9c98
9288
7964
4c32
1801
0101
0101
0101
0101
0109
1827
3644
505a
646d
7682
92a4
b8ca
dae6
eef2
f4f5
f4f4
f4f4
f4f4
f2ee
e8e0
d9d2
ccc8
c6c2
bfbc
b5ac
a08e
7c68
5442
342a
2219
0e01
0101
0101
0101
0106
1524
3441
4e5a
656f
7883
8e99
a2aa
b0b2
afa9
a39e
9c9c
9da0
a5ac
b2bc
c2c8
cbc8
c2b8
afa6
a09c
9c9c
9c9c
9a96
8f84
725d
4429
1001
0101
0101
0101
0101
010e
1c2c
3a48
535d
666f
7885
95a8
bcd0
dee8
eff2
f4f4
f4f4
f4f4
f4f2
f0ec
e6de
d8d0
cbc8
c4c2
c0bc
b4ab
9c8c
7864
503f
3228
2018
0c01
0101
0101
0101
0106
1524
3342
4e5c
6670
7a84
909c
a5ac
b2b3
b0aa
a49e
9c9c
9ea2
a6ac
b4bc
c4c9
ccc8
c2b8
aea5
9e9c
9c9c
9c9c
9a96
8e82
705a
4026
0b01
0101
0101
0101
0101
010f
1e2d
3c49
5560
6871
7c88
9aac
c1d4
e1ea
f0f4
f4f4
f4f4
f4f4
f4f2
f0ec
e5de
d6cf
cac8
c4c2
beba
b2a8
9988
725e
4c3c
3026
1e15
0901
0101
0101
0101
010b
1a29
3846
525e
6972
7c86
929c
a6ad
b1b1
ada8
a19d
9c9c
9ea2
a8ae
b6be
c6ca
ccc8
bfb6
aca4
9e9c
9c9c
9c9c
9994
8c7e
6c55
3c21
0801
0101
0101
0101
0101
0412
2130
3e4b
5660
6971
7c8a
9cb0
c4d5
e2ec
f0f4
f4f5
f4f4
f4f4
f4f4
f0ec
e4dc
d5ce
cac6
c4c2
beba
b2a6
9784
705c
493a
2e25
1c12
0601
0101
0101
0101
010d
1c2b
3948
5460
6974
7d88
939d
a6ae
b1b1
aca6
a09c
9c9c
a0a4
a8af
b8c0
c6cc
cac6
bdb4
aaa2
9e9c
9c9c
9c9b
9893
8a7c
6850
361a
0101
0101
0101
0101
0101
0716
2534
424e
5962
6c76
8290
a3b6
cada
e6ee
f2f5
f6f6
f5f4
f4f4
f4f2
eeea
e2da
d4cd
cac6
c4c2
beb8
b0a4
9480
6c58
4638
2c23
1a10
0201
0101
0101
0101
0110
202f
3d4a
5862
6c76
808c
98a1
aab0
b2b1
aca5
a09d
9c9d
a0a4
aab0
b9c0
c8cc
cac5
bcb2
a9a2
9d9c
9c9c
9c9c
9892
8878
644c
3016
0101
0101
0101
0101
0101
0918
2736
4450
5a64
6d76
8492
a5b9
ccdc
e6ee
f4f6
f6f6
f4f4
f5f5
f4f2
eee8
e1da
d2cd
c8c6
c4c0
bcb6
aca0
8e7a
6654
4235
2a21
190e
0101
0101
0101
0101
0514
2432
404e
5a65
6e78
828e
99a2
aab0
b1af
aaa4
9e9c
9c9d
a0a5
acb2
bac2
c8ca
c8c2
b9af
a6a0
9c9b
9c9c
9c9a
968e
8472
5d44
2a10
0101
0101
0101
0101
0101
0d1c
2c3a
4854
5e67
6f79
8696
a9bd
cfde
e8ee
f2f4
f4f4
f4f4
f4f4
f2f0
ede8
e0d8
d0cc
c8c5
c4bf
bbb4
aa9c
8a76
624f
3e32
2820
180c
0101
0101
0101
0101
0616
2635
4450
5c68
727c
8590
9ca4
acb1
b2af
aaa4
9e9c
9c9e
a2a8
aeb5
bec5
cacc
c8c2
b8ae
a59f
9c9c
9c9c
9b98
948c
806f
5a42
2912
0101
0101
0101
0101
010c
1926
3440
4c56
6068
6e78
8494
a6b9
cad8
e1e8
eaec
eded
eeee
eeee
edeb
e6e0
dad2
ccc6
c4c1
bfbc
b8b1
a698
8572
5d4a
3c2f
261e
1408
0101
0101
0101
0101
0b1a
2938
4652
5e69
727c
8692
9ca6
adb1
b1ad
a8a1
9d9c
9c9f
a3a8
aeb6
bec6
cccc
c8c0
b6ac
a49e
9c9c
9e9d
9c9a
958c
7f6c
563c
2209
0101
0101
0101
0101
0106
1423
3240
4d58
626a
747e
8c9d
b0c4
d6e4
ecf2
f4f5
f5f5
f5f5
f6f5
f4f0
ece5
ddd6
cfca
c8c5
c2bf
bab2
a696
846f
5b49
3a2e
251d
1306
0101
0101
0101
0101
0c1c
2c3a
4854
606a
747e
8894
9ea8
aeb2
b0ac
a6a0
9d9c
9ca0
a4a9
b0b8
c0c6
cbcb
c6be
b4ab
a39d
9c9c
9d9d
9c98
9389
7b68
5036
1a02
0101
0101
0101
0101
0106
1524
3442
4f59
636c
7480
8fa1
b5c8
d9e4
edf2
f4f5
f5f4
f4f4
f4f4
f2ee
e9e2
dbd4
ceca
c6c4
c2be
b8af
a392
7f6a
5845
382c
241b
1104
0101
0101
0101
0102
1120
303e
4c58
626d
7680
8c96
a1aa
afb2
b1ac
a6a0
9c9a
9c9f
a3a9
b0b8
bfc8
ccca
c4bc
b1a8
a09c
9b9a
9c9b
9a96
9086
7865
4e36
1e09
0101
0101
0101
020e
1b28
3541
4d58
626a
7078
7e85
8f9a
a6b1
bac1
c6c9
cccc
cece
d0d4
d6d8
d8d8
d4d0
cac6
c2c0
bebc
bab6
b1a8
9e8e
7c6a
5848
3a30
2921
180b
0101
0101
0101
010d
1c2a
3844
505c
6771
7a84
8e99
a2aa
afb2
afaa
a49e
9b9a
9ca0
a4aa
b1b9
c1c8
cac8
c2b9
b0a8
a19e
9c9d
9e9e
9c98
9288
7863
4c32
1802
0101
0101
0101
0101
0613
212f
3d4a
5560
6870
7985
94a6
bace
dce6
edf1
f2f4
f2f2
f2f2
f2f1
efeb
e5de
d7d0
cac6
c4c2
bebc
b5ac
9e8d
7a65
5241
342a
2219
0e01
0101
0101
0101
0109
1826
3542
4e5c
6670
7a84
8e98
a4ab
b0b2
aea8
a29e
9c9b
9ea1
a6ac
b2ba
c2c8
cac6
c0b7
ada5
9e9c
9c9c
9c9c
9a96
8e82
705a
4128
0f01
0101
0101
0101
0101
0412
202f
3d4a
5660
6871
7c88
99ac
c0d2
e0e9
eef2
f2f4
f2f2
f2f2
f2f0
eee9
e4dc
d4ce
c8c5
c2c0
bdb8
b1a8
9886
7260
4c3d
3027
1f16
0a01
0101
0101
0101
010b
1a28
3744
515e
6872
7b85
909c
a4ac
b0b1
ada6
a19c
9a9b
9ea2
a6ac
b4bc
c4c9
cac6
beb4
aca4
9e9c
9a9c
9c9a
9894
8c7f
6d56
3d23
0901
0101
0101
0101
0101
0412
2231
3f4c
5860
6972
7d8a
9caf
c4d4
e2ea
f0f2
f4f4
f4f3
f3f4
f4f2
efea
e4dc
d5ce
cac6
c4c1
beb9
b1a6
9684
705c
4a3b
2f26
1e14
0801
0101
0101
0101
010d
1c2b
3946
5460
6a74
7d88
929d
a6ae
b1b0
aca6
a09c
9c9c
9ea2
a8ae
b6be
c5c9
c9c4
bcb3
aaa2
9d9c
9c9c
9c9b
9892
8a7c
6952
381e
0601
0101
0101
0101
0101
0817
2634
424e
5962
6c74
808e
a0b3
c6d6
e2ea
f0f2
f4f4
f3f3
f4f4
f2f1
eee8
e2da
d2cc
c6c4
c0bc
b8b2
a99e
8e7e
6c5a
4b3e
342e
2821
1810
0804
0204
080d
161f
2834
3d47
515a
636c
747f
8a94
9ca2
a6a5
a29c
9693
9294
989c
a2a8
b0b8
c0c4
c4be
b6ad
a49e
9998
9898
9998
9690
8678
654d
341a
0201
0101
0101
0101
0101
0c1a
2938
4450
5b64
6c76
8290
a2b5
c8d8
e3ea
eff1
f2f2
f1f1
f2f2
f1ef
ece6
e0d8
d1cc
c8c4
c2bf
bcb6
aea2
907e
6a58
4639
2e26
1d13
0601
0101
0101
0101
0614
2332
3f4c
5964
6f78
828c
98a2
aab0
b2b0
aaa4
a09c
9c9d
a0a5
abb2
b9c0
c8ca
c8c3
bab0
a8a0
9c9c
9c9c
9c9a
9790
8676
624a
3016
0101
0101
0101
0101
0101
0d1b
2a38
4652
5c65
6e78
8494
a6ba
ccdc
e6ee
f2f4
f4f4
f3f3
f4f4
f2f0
ece6
e0d8
d0cc
c7c4
c2be
bab4
aa9e
8c79
6451
4134
2a22
190e
0101
0101
0101
0101
0818
2634
414e
5a66
7079
828e
98a2
aaaf
b0ae
a8a2
9d9b
9a9d
a1a6
acb2
bac2
c8ca
c7c0
b8ae
a49e
9c9a
9c9c
9c9a
958e
8271
5c43
2910
0101
0101
0101
0101
0102
101e
2d3c
4854
5e66
6f7a
8698
aabe
d0de
e8ee
f2f2
f2f3
f2f2
f3f2
f1ef
ece5
ded6
cfca
c8c4
c2be
bab4
a99a
8874
604d
3d30
2820
160a
0101
0101
0101
0101
0918
2837
4451
5d68
727c
8590
9ca5
acb1
b1ae
a8a2
9e9c
9c9e
a2a8
aeb5
bdc4
cacc
c8c0
b6ac
a49e
9c9c
9d9d
9c9a
948c
7f6e
583e
240a
0101
0101
0101
0101
0104
1221
303f
4c56
6068
727c
8a9c
aec2
d4e0
e9ef
f2f4
f4f4
f4f4
f4f4
f2ef
eae4
dcd5
ceca
c6c4
c1be
b9b1
a696
8470
5c4a
3a2e
251d
1206
0101
0101
0101
0101
0c1c
2b39
4654
606a
747d
8893
9ea8
aeb2
b1ac
a6a1
9e9c
9c9f
a4a8
b0b8
bfc6
cbca
c6be
b4ac
a49e
9c9c
9c9c
9a98
928a
7c6a
5439
2006
0101
0101
0101
0101
0105
1422
3240
4c58
616a
747e
8d9e
b2c6
d8e4
ecf0
f4f4
f5f4
f4f4
f4f4
f2ef
eae4
dcd4
ceca
c6c4
c1be
b8b0
a494
816c
5948
382c
241b
1004
0101
0101
0101
0101
101e
2d3b
4854
606b
747f
8a95
a0a8
aeb2
b0ac
a5a0
9c9b
9ca0
a4a9
b0b8
c0c8
ccca
c5bc
b4aa
a29e
9c9c
9d9c
9a98
9288
7965
4c32
1801
0101
0101
0101
0101
0109
1827
3644
515c
646c
7682
91a3
b6c9
d9e4
ecf0
f2f4
f4f2
f2f2
f3f2
f0ed
e8e1
dad2
cdc8
c6c4
bfbc
b8ae
a190
7d69
5544
362c
231a
1002
0101
0101
0101
0102
1221
303e
4a58
626d
7881
8c96
a2aa
b0b2
b0aa
a4a0
9c9b
9ca0
a4aa
b1b9
c1c8
ccc9
c4ba
b1a8
a19d
9b9c
9c9c
9a98
9086
7662
4a30
1601
0101
0101
0101
0101
010c
1928
3844
505b
646e
7884
94a6
bacd
dce8
eef2
f4f5
f5f4
f4f4
f4f4
f1ee
e8e0
d8d2
ccc8
c5c2
bfbc
b5ac
9e8d
7965
5241
3429
2118
0d01
0101
0101
0101
0106
1524
3341
4e5a
6670
7984
8e99
a4ac
b1b2
afaa
a49e
9c9c
9ea1
a6ac
b4bc
c3c8
cac8
c0b8
aea5
9f9c
9c9c
9c9c
9a95
8e82
705b
4126
0c01
0101
0101
0101
0101
010f
1e2d
3c48
545e
6870
7a88
98ac
bfd2
e0ea
f0f4
f5f5
f4f4
f4f4
f4f2
efea
e4dc
d4cd
c8c4
c2bf
bdb9
b2a9
9a89
7662
5040
342a
221a
0f01
0101
0101
0101
020e
1c2a
3844
515c
6870
7a84
8f9a
a4ac
b0b0
aca6
a09c
9a9b
9ea1
a6ac
b4bc
c4c9
cac6
bfb6
aca4
9e9c
9c9c
9c9c
9a94
8c7f
6d56
3c22
0801
0101
0101
0101
0101
0412
2130
3e4a
5560
6871
7c8a
9cb0
c4d6
e2ea
f0f4
f4f4
f4f3
f4f3
f2f1
eeea
e4dc
d4ce
cac6
c4c1
beb9
b1a6
9682
6f5c
4a3a
2e25
1d14
0601
0101
0101
0101
010c
1c2b
3946
5460
6a74
7e88
949f
a8ae
b2b2
ada8
a19d
9c9c
a0a4
a9af
b8bf
c7cc
ccc6
beb4
aca3
9e9c
9c9d
9c9b
9892
8a7c
6851
381d
0401
0101
0101
0101
0101
0614
2433
414d
5861
6a74
808e
a1b4
c8d8
e4ec
f2f4
f6f6
f4f4
f4f4
f4f2
efea
e4dc
d4ce
c9c6
c4c2
beb8
b0a4
9480
6c58
4638
2c24
1c11
0501
0101
0101
0101
010f
1e2d
3b48
5560
6a74
7e88
949f
a8ae
b0af
aaa4
9e9b
9a9c
9fa4
a9b0
b8bf
c8ca
cac4
bcb2
a9a2
9c9c
9c9c
9c9a
9790
8778
644b
3116
0101
0101
0101
0101
0101
0816
2534
424e
5963
6c76
8291
a4b8
cada
e6ee
f4f5
f6f6
f6f6
f6f6
f5f4
f0ea
e3dc
d4ce
c9c7
c4c1
bdb8
aea2
917e
6955
4435
2b22
1a0f
0101
0101
0101
0101
0211
2030
3e4c
5864
6e78
828c
98a2
aab1
b3b1
aca5
a09c
9c9e
a1a6
acb3
bac2
c9cc
cac4
bcb2
a8a2
9e9c
9d9d
9c9c
9890
8575
6047
2c12
0101
0101
0101
0101
0101
0a19
2938
4552
5c65
6e78
8594
a8bc
cfde
e8f0
f4f6
f6f6
f5f6
f6f6
f4f2
eee8
e1da
d2cc
c8c6
c4c0
bdb6
ac9e
8c78
6450
3f31
2820
170c
0101
0101
0101
0101
0413
2332
404e
5a66
707a
848f
9aa4
acb1
b2af
aaa3
9e9c
9c9e
a2a8
adb4
bcc4
cacc
cac2
b9af
a6a0
9d9c
9c9d
9c9a
968e
8271
5a42
280d
0101
0101
0101
0101
0101
0d1c
2c3a
4854
5d66
707a
8898
abbf
d2e0
eaf0
f4f5
f5f5
f5f5
f5f5
f4f2
ede8
e0d8
d1cc
c8c6
c4c0
bcb5
aa9c
8974
604d
3c30
261e
1509
0101
0101
0101
0101
0716
2635
4451
5d68
727b
8690
9ca6
adb2
b2ae
a8a2
9e9c
9c9e
a2a8
aeb6
bec5
cccc
c8c1
b8ad
a49f
9d9d
9d9d
9c9a
958c
7f6d
563d
230a
0101
0101
0101
0101
010a
1825
3340
4c56
5e66
6f7a
8898
acbf
d1de
e7ed
f0f2
f2f2
f2f2
f2f2
f0ee
e9e3
dcd4
cec9
c6c4
c1be
b9b1
a696
8470
5c4a
3a2e
241c
1206
0101
0101
0101
0101
0a19
2938
4652
5e69
727c
8893
9ea8
aeb1
b1ad
a8a1
9d9c
9ca0
a4a8
b0b8
c0c6
cccc
c6be
b5ac
a49e
9c9c
9d9c
9b98
948b
7d6a
5238
1c02
0101
0101
0101
0101
0106
1423
3241
4e58
626b
7480
8ea0
b4c8
d8e4
edf2
f5f6
f6f6
f5f5
f5f4
f3f0
eae4
dcd4
ceca
c6c4
c2bf
b9b0
a494
816d
5946
382c
251c
1104
0101
0101
0101
0101
1020
2e3d
4a56
626d
7680
8c96
a1aa
b0b3
b1ac
a6a0
9c9c
9da0
a5aa
b2b9
c1c8
ccca
c5bc
b2aa
a29e
9c9c
9c9c
9c98
9188
7864
4c30
1601
0101
0101
0101
0101
010a
1828
3644
515c
656e
7884
92a4
b8ca
dae6
edf2
f4f4
f4f4
f4f4
f4f3
f1ee
e8e2
dad2
cdc8
c6c3
c0bd
b8ae
a090
7c68
5544
352a
2219
0e01
0101
0101
0101
0103
1120
2f3d
4a58
626d
7681
8c97
a1aa
b0b2
b0aa
a49e
9b9a
9ca0
a4aa
b1b9
c1c8
cac9
c3ba
b0a8
a19d
9c9c
9d9c
9b98
9186
7661
482d
1201
0101
0101
0101
0101
010c
1b2a
3946
525c
656e
7885
94a8
bcce
dde8
eef2
f4f4
f4f4
f4f4
f4f3
f1ed
e8e0
d8d1
ccc8
c6c3
c0bc
b6ac
9d8c
7863
503e
3127
1e16
0b01
0101
0101
0101
0106
1424
3241
4e5a
6670
7984
8e9a
a4ac
b1b2
afaa
a49e
9c9c
9ea1
a6ac
b4bc
c4c9
ccc8
c2b8
afa6
a09c
9c9c
9c9c
9a96
8f84
725d
4429
1001
0101
0101
0101
0101
0210
1e2d
3c48
545d
666f
7a86
98aa
bed1
e0e9
f0f4
f5f6
f5f4
f4f4
f4f4
f1ed
e7e0
d8d0
ccc8
c4c2
beba
b4a8
9a88
7562
4f40
3329
2118
0c01
0101
0101
0101
0109
1828
3544
515c
6870
7a84
909c
a4ac
b0b1
aea8
a29d
9a9c
9ea2
a6ad
b5bd
c5ca
cac7
c0b6
aca4
9e9c
9c9c
9c9c
9894
8c7f
6d56
3c21
0801
0101
0101
0101
0101
0413
2231
3f4c
5861
6a73
7e8c
9caf
c2d4
e1ea
f0f2
f4f4
f4f4
f4f4
f3f2
eeea
e4dc
d4ce
c9c6
c4c2
beb9
b1a6
9884
705c
4a3a
2e25
1c13
0601
0101
0101
0101
010a
1929
3845
535e
6974
7d88
939e
a8ae
b2b2
aea8
a19d
9c9c
a0a4
a8af
b6be
c6cb
cbc6
bfb6
aca4
9e9c
9c9c
9c9c
9894
8a7d
6a52
381c
0301
0101
0101
0101
0101
0514
2332
3f4d
5862
6b74
808f
a1b4
c8d8
e4ed
f2f4
f5f5
f4f4
f4f4
f4f2
eeea
e2db
d4cd
c9c6
c4c1
beb8
afa4
9380
6c58
4638
2c24
1b10
0301
0101
0101
0101
010e
1c2d
3b49
5661
6c75
808c
97a1
aab0
b2b1
aca6
a09c
9c9d
a0a5
aab1
b8c0
c8cc
cac5
bcb4
aaa2
9e9c
9c9d
9c9c
9892
8879
654c
3318
0101
0101
0101
0101
0101
0918
2736
434f
5a64
6c76
8291
a4b8
cadb
e6ee
f4f6
f6f6
f5f5
f5f4
f4f2
eee8
e2d9
d2cc
c8c6
c4c0
bdb6
ada0
8f7c
6854
4234
2921
190e
0101
0101
0101
0101
0514
2332
404d
5965
6e78
818c
96a0
a8ae
b0ae
a8a2
9d9c
9a9c
a0a4
a9af
b6be
c4c6
c6c0
b8ae
a6a0
9c9c
9c9d
9c9c
9891
8676
624a
3015
0101
0101
0101
0101
0101
0e1c
2b39
4652
5c66
6e78
8594
a8bc
cedc
e8ee
f2f4
f5f4
f4f4
f4f4
f2f0
ede8
e0d8
d1cc
c8c4
c2c0
bcb5
ac9e
8c79
6551
4034
2922
190e
0101
0101
0101
0101
0514
2332
404d
5a65
6e78
828e
99a4
abb0
b2af
a9a3
9e9c
9c9e
a2a6
acb4
bbc2
c9cc
c9c2
baaf
a6a0
9c9c
9c9c
9c99
968e
8372
5c42
280e
0101
0101
0101
0101
0101
0d1c
2b3a
4854
5d66
707a
8696
aabe
d1e0
e8f0
f2f4
f5f4
f4f4
f5f4
f4f0
ece6
ded8
d0ca
c8c4
c2bf
bbb4
aa9c
8975
614e
3e31
2820
170b
0101
0101
0101
0101
0918
2836
4450
5c68
717b
8590
9ca6
adb1
b2ae
a8a3
9e9c
9c9e
a2a8
aeb5
bdc5
cacc
c8c1
b8ad
a49f
9c9c
9d9d
9c99
958c
806e
583e
2209
0101
0101
0101
0101
0101
1020
2e3d
4a55
6068
717c
8a9c
aec2
d4e2
ecf2
f4f6
f6f6
f5f4
f5f4
f4f0
ece5
ddd6
cfca
c8c5
c2bf
bab2
a898
8671
5d4b
3c2f
261d
1407
0101
0101
0101
0101
0918
2938
4552
5e68
727c
8893
9ea8
aeb2
b2ae
a8a2
9e9c
9c9f
a3a8
afb6
bfc8
cccc
c8bf
b6ac
a49f
9c9c
9d9d
9c99
948c
7e6b
5339
1e04
0101
0101
0101
0101
0104
1222
313f
4c58
616a
747f
8ea0
b3c6
d8e4
eef3
f6f6
f6f6
f5f6
f6f6
f4f0
ece4
dcd6
cfcb
c8c5
c2be
b8b0
a494
806c
5846
382c
241a
1002
0101
0101
0101
0101
0c1d
2c3a
4854
606c
7680
8a96
a0aa
b0b4
b2ac
a6a0
9c9c
9da0
a4aa
b1b9
c1c8
cccc
c6bd
b4aa
a39e
9c9c
9c9c
9c98
9288
7a65
4c31
1601
0101
0101
0101
0101
0108
1625
3442
4e5a
646d
7782
91a4
b8cc
dce8
eff4
f6f6
f6f6
f6f6
f6f5
f3f0
eae2
dad4
ceca
c7c4
c1bd
b8ae
a190
7c68
5442
3429
2118
0d01
0101
0101
0101
0101
1120
2f3d
4c58
646e
7881
8c98
a3ac
b1b4
b0ac
a49e
9c9c
9da0
a5ab
b2ba
c2c8
ccca
c4bb
b1a8
a19c
9c9c
9c9c
9a96
9085
7560
482c
1101
0101
0101
0101
0101
010a
1828
3845
515c
666e
7985
94a8
bcd0
e0ea
f0f5
f6f7
f6f6
f6f6
f6f4
f2ee
e9e2
dad2
ccc8
c6c4
c0bc
b6ac
a08d
7965
5142
3429
2018
0c01
0101
0101
0101
0102
1322
313f
4d5a
6670
7984
8f9a
a4ac
b2b4
b0aa
a49f
9c9c
9ea2
a6ac
b4bc
c4ca
ccca
c4ba
b0a6
a09d
9c9d
9d9c
9a96
8f84
725c
4328
0e01
0101
0101
0101
0101
010c
1a2a
3946
525c
666f
7986
96aa
bed2
e0ea
f0f4
f6f6
f6f5
f5f5
f5f4
f1ed
e8e0
d8d1
ccc8
c6c4
c1bc
b5ab
9c8a
7661
4e3d
3026
1e15
0901
0101
0101
0101
0105
1424
3442
4f5c
6670
7a84
909b
a5ac
b1b2
afa9
a39e
9c9c
9ea2
a8ae
b5bd
c5cc
ccca
c2b8
afa6
a09d
9c9d
9d9c
9a96
8e81
7059
3f25
0b01
0101
0101
0101
0101
010f
1e2c
3c48
545e
6871
7c8a
9aae
c2d3
e0ea
f0f4
f4f4
f4f4
f4f4
f4f3
f0ec
e6de
d7d0
ccc8
c6c4
c0bc
b4a8
9988
735e
4c3c
3026
1d14
0601
0101
0101
0101
0109
1828
3845
525e
6972
7d88
939e
a8ae
b2b2
aea8
a29e
9c9c
9fa4
a8af
b6be
c6cc
ccc8
c0b6
ada5
a09c
9c9d
9d9c
9a95
8c7e
6c54
391e
0501
0101
0101
0101
0101
0312
2130
3f4c
5862
6a74
7e8d
9fb2
c6d8
e4ec
f2f5
f6f6
f5f5
f5f5
f5f4
f0ec
e4dc
d5cf
cac8
c5c2
bfb9
b1a5
9682
6e5a
4839
2c24
1b11
0401
0101
0101
0101
010c
1c2c
3a48
5561
6c75
7f8a
94a0
a8ae
b2b1
aca6
a09c
9c9c
a0a4
aab0
b8bf
c6cc
ccc8
bfb4
aca4
9e9c
9c9c
9c9c
9994
8a7c
6850
361b
0201
0101
0101
0101
0101
0413
2232
404d
5962
6c75
8190
a2b5
c9da
e6ee
f4f6
f8f6
f6f6
f6f6
f5f4
f0ec
e4dc
d5cf
cac8
c5c2
beb8
afa4
927f
6c58
4638
2c24
1b11
0301
0101
0101
0101
010e
1e2e
3d4a
5863
6d76
808c
96a1
aab0
b2b1
aca5
a09c
9c9d
a0a4
aab1
b9c1
c8cc
cac5
bcb2
a8a1
9d9c
9c9c
9c9c
9891
8678
634a
3015
0101
0101
0101
0101
0101
0816
2534
4250
5a64
6c76
8292
a4b8
ccdc
e7ee
f2f4
f6f5
f4f4
f5f5
f4f2
eee8
e1da
d2cc
c8c6
c4c0
bcb6
aea0
907c
6854
4435
2b23
1a10
0101
0101
0101
0101
0211
2131
3f4d
5964
6e78
828d
98a4
acb1
b4b1
aca5
a09d
9c9e
a2a6
acb3
bbc4
cacc
cac5
bcb2
a8a1
9d9c
9d9e
9c9b
9890
8575
6047
2c11
0101
0101
0101
0101
0101
0c1a
2a38
4652
5c65
6e78
8595
a8bc
cfde
e9f0
f4f6
f6f6
f5f5
f6f6
f4f2
eee8
e0d8
d1cc
c8c6
c4c0
bcb5
ac9d
8c78
6250
3e30
271e
1509
0101
0101
0101
0101
0414
2432
414e
5a65
6f79
848f
9aa4
acb1
b2ae
a8a2
9e9c
9c9e
a1a6
acb4
bcc4
cacc
c9c2
b8af
a6a0
9c9c
9c9c
9c9a
968e
8271
5c42
280d
0101
0101
0101
0101
0101
0c1a
2a39
4652
5d66
707a
8898
acbf
d2e0
eaf0
f4f6
f6f6
f5f5
f6f5
f4f2
ede6
e0d8
d0cc
c8c6
c4c0
bcb4
aa9b
8874
604e
3e30
281f
1408
0101
0101
0101
0101
0716
2635
4250
5c68
717c
8692
9ca6
aeb2
b2af
a8a2
9e9c
9c9e
a2a8
aeb5
bdc5
cbcc
c8c1
b8ae
a6a0
9c9c
9c9c
9c9a
958d
806e
583d
2208
0101
0101
0101
0101
0101
101f
2f3d
4a56
6069
727d
8b9c
b0c4
d6e3
ecf2
f6f6
f6f5
f4f5
f6f4
f4f0
ece5
ded6
d0cc
c9c6
c4c0
bcb4
a898
8671
5d4b
3a2e
241c
1206
0101
0101
0101
0101
0a1a
2a38
4552
5e69
727c
8892
9ea8
aeb2
b2ad
a8a1
9d9c
9c9f
a3a8
afb8
bfc8
cccc
c8c0
b6ac
a49e
9c9c
9c9c
9c98
948b
7c6a
5238
1d03
0101
0101
0101
0101
0105
1322
313f
4c58
606a
747e
8d9e
b2c6
d8e4
ecf2
f4f6
f6f5
f4f5
f6f5
f3ef
eae4
dcd5
cfca
c8c5
c2be
b9b0
a494
816c
5846
382c
231a
1002
0101
0101
0101
0101
0e1e
2d3c
4956
626c
7680
8a95
a0a9
b0b3
b2ac
a6a0
9c9c
9da0
a4aa
b1b9
c1c8
cccb
c6bd
b4aa
a29e
9c9c
9c9d
9c98
9288
7965
4c32
1701
0101
0101
0101
0101
0108
1625
3442
4e5a
646c
7682
90a3
b8cc
dce8
eef4
f5f6
f6f5
f5f5
f5f4
f2ef
e9e2
dad4
cdc9
c6c4
c1be
b8ae
a290
7c68
5443
352a
2219
0f01
0101
0101
0101
0102
1121
303e
4c58
646e
7882
8c98
a2ac
b1b3
b0aa
a49f
9c9c
9da1
a5ac
b2ba
c2c9
ccca
c4ba
b1a8
a19d
9c9c
9d9c
9b96
8f84
745e
462b
1101
0101
0101
0101
0101
010c
1b2a
3946
525d
666f
7986
96a9
bed0
e0e9
f0f4
f5f6
f6f4
f4f4
f4f4
f2ee
e8e0
d9d2
ccc8
c6c4
c1bc
b6ac
9e8c
7864
5040
3328
2018
0c01
0101
0101
0101
0104
1424
3241
4e5a
6670
7984
8e9a
a4ac
b1b2
afa9
a49e
9c9c
9ea1
a6ac
b4bc
c3c8
ccc8
c2b8
aea6
a09c
9c9c
9c9c
9a96
8e82
715c
4228
0f01
0101
0101
0101
0101
0210
1e2c
3a48
535d
666f
7a87
98ac
c0d2
dee8
eef1
f2f2
f2f0
f0f1
f0f0
ede9
e3dc
d4cd
c8c6
c4c1
beb9
b2a8
9a88
7564
5242
362c
251d
1307
0101
0101
0101
0411
1e2d
3a48
535e
6871
7a84
8e98
a1a8
acad
aaa5
9f9a
9898
9a9e
a3a8
afb6
bec2
c4c0
bab2
aaa2
9c98
9898
9998
9892
8c80
705c
462e
1602
0101
0101
0101
0105
111d
2a38
444f
5962
6a72
7c88
96a6
b8c7
d2dc
e0e4
e4e4
e4e4
e4e4
e4e0
deda
d4ce
c8c4
c0bc
bab8
b5b2
aca3
9688
7866
564a
3f37
3029
2016
0c04
0101
040b
1420
2c38
444e
5864
6c74
7c84
8e96
9fa5
a8a9
a6a2
9c98
9696
989c
a0a6
acb2
b8bc
bcb9
b4ac
a49d
9896
9696
9696
9490
8a7f
715e
4a35
2110
0301
0101
0101
0811
1c26
333f
4a56
606b
747c
838d
9aa8
b8c4
ced4
d9db
dcdb
dada
dada
d9d8
d6d2
cdc8
c2bd
bab6
b4b2
b0ac
a69c
9182
7465
584c
443d
3831
291f
1610
0c0c
1018
202a
3540
4b55
5e68
6f76
7e86
8e96
9ca1
a4a4
a19c
9894
9494
9698
9ca0
a6ac
b0b4
b4b2
aca6
9e98
9492
9292
9292
908c
857a
6e5e
4e3e
2e20
1610
0c0c
1015
1c24
2c35
3f4a
545c
646b
7178
7e88
94a1
aeb9
c1c7
cacc
cccc
cccb
cccc
caca
c8c4
c0bc
b6b2
b0ae
acaa
a8a5
a098
8c7f
7265
5a50
4944
3f3a
342c
2520
1e20
2429
3039
424b
545c
646b
7178
7e84
8b92
989c
9d9c
9a96
9390
8f8f
9194
969a
9ea4
a8aa
aaa8
a29c
9792
8f8e
8e8e
8e8e
8c89
847b
7064
5546
392e
2520
1e1e
2227
2d34
3c44
4c54
5c64
6a70
757c
828a
95a0
acb4
bcbf
c2c4
c4c3
c2c2
c2c2
c1bf
bcb8
b2ae
aaa6
a4a2
a2a0
9e9c
9790
887e
746a
615a
5450
4d48
423c
3633
3132
363b
4148
5058
5f66
6c72
767c
8085
8a8f
9496
9898
9492
8f8d
8c8c
8e90
9396
9a9e
a1a2
a2a0
9c96
928e
8c8a
8a8c
8b8a
8986
807a
7064
584c
4139
322f
2e2f
3236
3c42
484f
565c
6469
6e74
787d
828a
929a
a4aa
b0b2
b4b4
b4b4
b4b4
b4b4
b4b2
b0ae
aaa8
a4a2
a09e
9d9c
9a98
928c
847a
7168
615c
5854
514d
4944
403d
3c3d
4044
4950
565c
6268
6c71
767a
7e83
888c
9092
9492
908e
8c8a
8989
8b8d
9093
969a
9c9e
9e9c
9894
8f8c
8988
8989
8989
8884
8079
7167
5c52
4942
3d3a
393a
3c40
454a
4f55
5a61
676c
7074
787c
8288
8f98
a0a5
aaac
aeae
aeae
acac
acac
acaa
a9a7
a4a2
9f9c
9a9a
9898
9694
8f8a
847c
746c
6660
5c5a
5754
504c
4845
4445
484c
5056
5c60
666a
7074
787c
8084
888c
8f91
9290
8f8c
8a88
8888
8a8c
8e90
9496
989a
9998
9490
8c8a
8888
8888
8888
8684
7f79
7269
6056
4e48
4441
4042
4448
4c50
555a
6066
6b6f
7476
7a7e
8288
8e95
9ca1
a5a8
a8a8
a8a8
a8a8
a8a8
a8a6
a4a3
a09e
9b99
9896
9594
9390
8d88
827a
746c
6662
5e5c
5956
534f
4c4a
494a
4c50
5459
5e64
686c
7176
797c
8084
868a
8c8e
8e8e
8c8a
8888
8687
888a
8c8e
9194
9596
9694
908d
8a88
8685
8585
8484
8280
7d78
726c
645c
5550
4c4a
4a4a
4d50
5458
5b60
6469
6d70
7478
7a7d
8086
8c91
989c
9fa1
a2a2
a2a2
a1a1
a1a1
a0a0
9f9d
9b98
9695
9492
9291
908e
8a86
807a
746e
6965
6260
5f5c
5a58
5454
5254
5658
5c60
6468
6c70
7376
797c
7e82
8488
8a8b
8c8a
8988
8685
8485
8688
898b
8e8f
9091
918f
8c8a
8885
8484
8484
8484
8281
7e79
746e
6861
5c58
5452
5254
5558
5b5e
6265
696d
7074
7678
7c7e
8186
8a8f
9498
9a9c
9c9c
9c9c
9c9b
9a9a
9898
9896
9493
9190
8e8e
8e8c
8c8a
8884
7f7a
7671
6e6a
6866
6564
615e
5c5c
5c5c
5e60
6468
6a6e
7072
7578
7a7c
7e80
8284
8687
8887
8684
8482
8282
8484
8688
898b
8c8c
8c8b
8988
8483
8282
8282
8282
807f
7c79
746f
6a65
615d
5c5a
5a5b
5d5e
6164
666a
6d70
7475
7879
7c7e
8084
888c
8f92
9495
9696
9695
9594
9494
9494
9392
908f
8e8c
8c8a
8a89
8886
8480
7d79
7672
6f6c
6b6a
6866
6564
6261
6061
6264
6769
6c6f
7174
7678
7a7c
7e80
8284
8586
8685
8484
8281
8181
8284
8486
8889
8a8a
8a89
8886
8482
8180
8181
8180
807e
7c79
7571
6d68
6562
6060
6060
6263
6568
6a6c
6e71
7476
787a
7c7d
8082
8689
8c8e
9091
9292
9291
9191
9090
9090
908e
8e8c
8c8a
8a89
8888
8886
8481
7e7a
7874
7170
6e6c
6c6a
6868
6665
6465
6668
6a6c
6f72
7476
787a
7c7d
7f80
8284
8485
8585
8484
8281
8181
8282
8485
8688
8888
8888
8684
8281
8080
8080
8080
7f7e
7c79
7672
6f6b
6865
6463
6364
6568
696b
6d6f
7174
7578
787a
7c7d
7f81
8487
898c
8d8e
8e8e
8e8e
8e8e
8e8e
8e8d
8c8c
8b8a
8988
8886
8686
8584
8280
7d7a
7874
7270
6f6e
6d6c
6a69
6868
6868
686a
6c6e
7072
7576
787a
7b7c
7e7f
8082
8284
8483
8282
8080
8080
8081
8284
8486
8687
8686
8482
8180
7f7f
7f7f
7f7f
7e7d
7c7a
7874
716e
6c6a
6968
6868
696b
6c6e
7071
7375
7678
797a
7c7d
7f80
8385
8889
8a8b
8c8c
8c8b
8c8a
8a8a
8a8a
8988
8888
8786
8585
8484
8382
807e
7c7a
7876
7472
7171
706f
6e6d
6c6c
6c6c
6c6e
6f71
7374
7678
787a
7c7c
7e7e
8080
8182
8282
8180
807f
7f7f
8080
8182
8384
8484
8484
8282
8080
7f7f
7f7f
7f7e
7e7e
7c7a
7976
7472
706e
6d6c
6c6c
6d6e
6f70
7274
7476
7879
7a7b
7c7d
7e80
8284
8688
8888
8889
8888
8888
8888
8888
8686
8685
8484
8483
8282
8281
807e
7c7b
7978
7674
7473
7272
7170
7070
7070
7072
7274
7576
7878
797a
7b7c
7d7e
ffff
ffff
ffff
ffff
ffff
ffff
ffff
ffff
ffff
ffff
ffff
ffff
ffff
ffff
ffff
ffff
ffff
ffff
ffff
ffff
ffff
ffff
ffff
ffff
ffff
ffff
ffff
ffff
ffff
ffff
ffff
ffff
ffff
ffff
ffff
ffff
ffff
ffff
ffff
ffff
ffff
ffff
ffff
ffff
ffff
ffff
ffff
ffff
ffff
ffff
ffff
ffff
ffff
ffff
ffff
ffff
ffff
ffff
ffff
ffff
ffff
ffff
ffff
ffff
ffff
ffff
ffff
ffff
ffff
ffff
ffff
ffff
ffff
ffff
ffff
ffff
ffff
ffff
ffff
ffff
ffff
ffff
ffff
ffff
ffff
ffff
ffff
ffff
ffff
ffff
ffff
ffff
ffff
ffff
ffff
ffff
ffff
ffff
ffff
ffff
ffff
ffff
ffff
ffff
ffff
ffff
ffff
ffff
ffff
ffff
ffff
ffff
ffff
ffff
ffff
ffff
ffff
ffff
ffff
ffff
ffff
ffff
ffff
ffff
ffff
ffff
ffff
ffff
ffff
ffff
ffff
ffff
ffff
ffff
ffff
ffff
ffff
ffff
ffff
ffff
ffff
ffff
ffff
ffff
ffff
ffff
ffff
ffff
ffff
ffff
ffff
ffff
ffff
ffff
ffff
ffff
ffff
ffff
ffff
ffff
ffff
ffff
ffff
ffff
ffff
ffff
ffff
ffff
ffff
ffff
ffff
ffff
ffff
ffff
ffff
ffff
ffff
ffff
ffff
ffff
ffff
ffff
ffff
ffff
ffff
ffff
ffff
ffff
ffff
ffff
ffff
ffff
ffff
ffff
ffff
ffff
ffff
ffff
ffff
ffff
ffff
ffff
ffff
ffff
ffff
ffff
ffff
ffff
ffff
ffff
ffff
ffff
ffff
ffff
ffff
ffff
ffff
ffff
ffff
ffff
ffff
ffff
ffff
ffff
ffff
ffff
ffff
ffff
ffff
ffff
ffff
ffff
ffff
ffff
ffff
ffff
ffff
ffff
ffff
ffff
ffff
ffff
ffff
ffff
ffff
ffff
ffff
ffff
ffff
ffff
ffff
ffff
ffff
ffff
ffff
ffff
ffff
ffff
ffff
ffff
ffff
ffff
ffff
ffff
ffff
ffff
ffff
ffff
ffff
ffff
ffff
ffff
ffff
ffff
ffff
ffff
ffff
ffff
ffff
ffff
ffff
ffff
ffff
ffff
ffff
ffff
ffff
ffff
ffff
ffff
ffff
ffff
ffff
ffff
ffff
ffff
ffff
ffff
ffff
ffff
ffff
ffff
ffff
ffff
ffff
ffff
ffff
ffff
ffff
ffff
ffff
ffff
ffff
ffff
ffff
ffff
ffff
ffff
ffff
ffff
ffff
ffff
ffff
ffff
ffff
ffff
ffff
ffff
ffff
ffff
ffff
ffff
ffff
ffff
ffff
ffff
ffff
ffff
ffff
ffff
ffff
ffff
ffff
ffff
ffff
ffff
ffff
ffff
ffff
ffff
ffff
ffff
ffff
ffff
ffff
ffff
ffff
ffff
ffff
ffff
ffff
ffff
ffff
ffff
ffff
ffff
ffff
ffff
ffff
ffff
ffff
ffff
ffff
ffff
ffff
ffff
ffff
ffff
ffff
ffff
ffff
ffff
ffff
ffff
ffff
ffff
ffff
ffff
ffff
ffff
ffff
ffff
ffff
ffff
ffff
ffff
ffff
ffff
ffff
ffff
ffff
ffff
ffff
ffff
ffff
ffff
ffff
ffff
ffff
ffff
ffff
ffff
ffff
ffff
ffff
ffff
ffff
ffff
ffff
ffff
ffff
ffff
ffff
ffff
ffff
ffff
ffff
ffff
ffff
ffff
ffff
ffff
ffff
ffff
ffff
ffff
ffff
ffff
ffff
ffff
ffff
ffff
ffff
ffff
ffff
ffff
ffff
ffff
ffff
ffff
ffff
ffff
ffff
ffff
ffff
ffff
ffff
ffff
ffff
ffff
ffff
ffff
ffff
ffff
ffff
ffff
ffff
ffff
ffff
ffff
ffff
ffff
ffff
ffff
ffff
ffff
ffff
ffff
ffff
ffff
ffff
ffff
ffff
ffff
ffff
ffff
ffff
ffff
ffff
ffff
ffff
ffff
ffff
ffff
ffff
ffff
ffff
ffff
ffff
ffff
ffff
ffff
ffff
ffff
ffff
ffff
ffff
ffff
ffff
ffff
ffff
ffff
ffff
ffff
ffff
ffff
ffff
ffff
ffff
ffff
ffff
ffff
ffff
ffff
ffff
ffff
ffff
ffff
ffff
ffff
ffff
ffff
ffff
ffff
ffff
ffff
ffff
ffff
ffff
ffff
ffff
ffff
ffff
ffff
ffff
ffff
ffff
ffff
ffff
ffff
ffff
ffff
ffff
ffff
ffff
ffff
ffff
ffff
ffff
ffff
ffff
ffff
ffff
ffff
ffff
ffff
ffff
ffff
ffff
ffff
ffff
ffff
ffff
ffff
ffff
ffff
ffff
ffff
ffff
ffff
ffff
ffff
ffff
ffff
ffff
ffff
ffff
ffff
ffff
ffff
ffff
ffff
ffff
ffff
ffff
ffff
ffff
ffff
ffff
ffff
ffff
ffff
ffff
ffff
ffff
ffff
ffff
ffff
ffff
ffff
ffff
ffff
ffff
ffff
ffff
ffff
ffff
ffff
ffff
ffff
ffff
ffff
ffff
ffff
ffff
ffff
ffff
ffff
ffff
ffff
ffff
ffff
ffff
ffff
ffff
ffff
ffff
ffff
ffff
ffff
ffff
ffff
ffff
ffff
ffff
ffff
ffff
ffff
ffff
ffff
ffff
ffff
ffff
ffff
ffff
ffff
ffff
ffff
ffff
ffff
ffff
ffff
ffff
ffff
ffff
ffff
ffff
ffff
ffff
ffff
ffff
ffff
ffff
ffff
ffff
ffff
ffff
ffff
ffff
ffff
ffff
ffff
ffff
ffff
ffff
ffff
ffff
ffff
ffff
ffff
ffff
ffff
ffff
ffff
ffff
ffff
ffff
ffff
ffff
ffff
ffff
ffff
ffff
ffff
ffff
ffff
ffff
ffff
ffff
ffff
ffff
ffff
ffff
ffff
ffff
ffff
ffff
ffff
ffff
ffff
ffff
ffff
ffff
ffff
ffff
ffff
ffff
ffff
ffff
ffff
ffff
ffff
ffff
ffff
ffff
ffff
ffff
ffff
ffff
ffff
ffff
ffff
ffff
ffff
ffff
ffff
ffff
ffff
ffff
ffff
ffff
ffff
ffff
ffff
ffff
ffff
ffff
ffff
ffff
ffff
ffff
ffff
ffff
ffff
ffff
ffff
ffff
ffff
ffff
ffff
ffff
ffff
ffff
ffff
ffff
ffff
ffff
ffff
ffff
ffff
ffff
ffff
ffff
ffff
ffff
ffff
ffff
ffff
ffff
ffff
ffff
ffff
ffff
ffff
ffff
ffff
ffff
ffff
ffff
ffff
ffff
ffff
ffff
ffff
ffff
ffff
ffff
ffff
ffff
ffff
ffff
ffff
ffff
ffff
ffff
ffff
ffff
ffff
ffff
ffff
ffff
ffff
ffff
ffff
ffff
ffff
ffff
ffff
ffff
ffff
ffff
ffff
ffff
ffff
ffff
ffff
ffff
ffff
ffff
ffff
ffff
ffff
ffff
ffff
ffff
ffff
ffff
ffff
ffff
ffff
ffff
ffff
ffff
ffff
ffff
ffff
ffff
ffff
ffff
ffff
ffff
ffff
ffff
ffff
ffff
ffff
ffff
ffff
ffff
ffff
ffff
ffff
ffff
ffff
ffff
ffff
ffff
ffff
ffff
ffff
ffff
ffff
ffff
ffff
ffff
ffff
ffff
ffff
ffff
ffff
ffff
ffff
ffff
ffff
ffff
ffff
ffff
ffff
ffff
ffff
ffff
ffff
ffff
ffff
ffff
ffff
ffff
ffff
ffff
ffff
ffff
ffff
ffff
ffff
ffff
ffff
ffff
ffff
ffff
ffff
ffff
ffff
ffff
ffff
ffff
ffff
ffff
ffff
ffff
ffff
ffff
ffff
ffff
ffff
ffff
ffff
ffff
ffff
ffff
ffff
ffff
ffff
ffff
ffff
ffff
ffff
ffff
ffff
ffff
ffff
ffff
ffff
ffff
ffff
ffff
ffff
ffff
ffff
ffff
ffff
ffff
ffff
ffff
ffff
ffff
ffff
ffff
ffff
ffff
ffff
ffff
ffff
ffff
ffff
ffff
ffff
ffff
ffff
ffff
ffff
ffff
ffff
ffff
ffff
ffff
ffff
ffff
ffff
ffff
ffff
ffff
ffff
ffff
ffff
ffff
ffff
ffff
ffff
ffff
ffff
ffff
ffff
ffff
ffff
ffff
ffff
ffff
ffff
ffff
ffff
ffff
ffff
ffff
ffff
ffff
ffff
ffff
ffff
ffff
ffff
ffff
ffff
ffff
ffff
ffff
ffff
ffff
ffff
ffff
ffff
ffff
ffff
ffff
ffff
ffff
ffff
ffff
ffff
ffff
ffff
ffff
ffff
ffff
ffff
ffff
ffff
ffff
ffff
ffff
ffff
ffff
ffff
ffff
ffff
ffff
ffff
ffff
ffff
ffff
ffff
ffff
ffff
ffff
ffff
ffff
ffff
ffff
ffff
ffff
ffff
ffff
ffff
ffff
ffff
ffff
ffff
ffff
ffff
ffff
ffff
ffff
ffff
ffff
ffff
ffff
ffff
ffff
ffff
ffff
ffff
ffff
ffff
ffff
ffff
ffff
ffff
ffff
ffff
ffff
ffff
ffff
ffff
ffff
ffff
ffff
ffff
ffff
ffff
ffff
ffff
ffff
ffff
ffff
ffff
ffff
ffff
ffff
ffff
ffff
ffff
ffff
ffff
ffff
ffff
ffff
ffff
ffff
ffff
ffff
ffff
ffff
ffff
ffff
ffff
ffff
ffff
ffff
ffff
ffff
ffff
ffff
ffff
ffff
ffff
ffff
ffff
ffff
ffff
ffff
ffff
ffff
ffff
ffff
ffff
ffff
ffff
ffff
ffff
ffff
ffff
ffff
ffff
ffff
ffff
ffff
ffff
ffff
ffff
ffff
ffff
ffff
ffff
ffff
ffff
ffff
ffff
ffff
ffff
ffff
ffff
ffff
ffff
ffff
ffff
ffff
ffff
ffff
ffff
ffff
ffff
ffff
ffff
ffff
ffff
ffff
ffff
ffff
ffff
ffff
ffff
ffff
ffff
ffff
ffff
ffff
ffff
ffff
ffff
ffff
ffff
ffff
ffff
ffff
ffff
ffff
ffff
ffff
ffff
ffff
ffff
ffff
ffff
ffff
ffff
ffff
ffff
ffff
ffff
ffff
ffff
ffff
ffff
ffff
ffff
ffff
ffff
ffff
ffff
ffff
ffff
ffff
ffff
ffff
ffff
ffff
ffff
ffff
ffff
ffff
ffff
ffff
ffff
ffff
ffff
ffff
ffff
ffff
ffff
ffff
ffff
ffff
ffff
ffff
ffff
ffff
ffff
ffff
ffff
ffff
ffff
ffff
ffff
ffff
ffff
ffff
ffff
ffff
ffff
ffff
ffff
ffff
ffff
ffff
ffff
ffff
ffff
ffff
ffff
ffff
ffff
ffff
ffff
ffff
ffff
ffff
ffff
ffff
ffff
ffff
ffff
ffff
ffff
ffff
ffff
ffff
ffff
ffff
ffff
ffff
ffff
ffff
ffff
ffff
ffff
ffff
ffff
ffff
ffff
ffff
ffff
ffff
ffff
ffff
ffff
ffff
ffff
ffff
ffff
ffff
ffff
ffff
ffff
ffff
ffff
ffff
ffff
ffff
ffff
ffff
ffff
ffff
ffff
ffff
ffff
ffff
ffff
ffff
ffff
ffff
ffff
ffff
ffff
ffff
ffff
ffff
ffff
ffff
ffff
ffff
ffff
ffff
ffff
ffff
ffff
ffff
ffff
ffff
ffff
ffff
ffff
ffff
ffff
ffff
ffff
ffff
ffff
ffff
ffff
ffff
ffff
ffff
ffff
ffff
ffff
ffff
ffff
ffff
ffff
ffff
ffff
ffff
ffff
ffff
ffff
ffff
ffff
ffff
ffff
ffff
ffff
ffff
ffff
ffff
ffff
ffff
ffff
ffff
ffff
ffff
ffff
ffff
ffff
ffff
ffff
ffff
ffff
ffff
ffff
ffff
ffff
ffff
ffff
ffff
ffff
ffff
ffff
ffff
ffff
ffff
ffff
ffff
ffff
ffff
ffff
ffff
ffff
ffff
ffff
ffff
ffff
ffff
ffff
ffff
ffff
ffff
ffff
ffff
ffff
ffff
ffff
ffff
ffff
ffff
ffff
ffff
ffff
ffff
ffff
ffff
ffff
ffff
ffff
ffff
ffff
ffff
ffff
ffff
ffff
ffff
ffff
ffff
ffff
ffff
