0006
4000
0000
a154
0000
a154
0000
a154
0000
a154
0000
a154
0000
a154
0000
a154
0000
a154
0000
a154
0000
a154
0000
a154
0000
a154
0000
a154
0000
a154
0000
a154
0000
a154
0000
a154
0000
a154
0000
a154
0000
a154
0000
a154
0000
a154
0000
a154
0000
a154
0000
a5f0
0000
a67a
0000
a678
0000
a678
0000
a678
0000
a678
0000
a5cc
0000
a154
0000
a154
0000
a154
0000
a154
0000
a154
0000
a154
0000
a154
0000
a154
0000
a154
0000
a154
0000
a154
0000
a154
0000
a154
0000
a154
0000
a154
0000
a154
0000
a154
0000
a154
0000
a154
0000
a154
0000
a154
0000
a154
0000
a154
0000
a154
0000
a154
0000
a154
0000
a154
0000
a154
0000
a154
0000
a154
0000
a154
0000
a154
0000
a154
0000
a154
0000
a154
0000
a154
0000
a154
0000
a154
0000
a154
0000
a154
0000
a154
0000
a154
0000
a154
0000
a154
0000
a154
0000
a154
0000
a154
0000
a154
0000
a154
0000
a154
0000
a154
0000
a154
0000
a154
0000
a154
0000
a154
0000
a154
0000
a154
0000
a154
0000
a154
0000
a154
0000
a154
0000
a154
0000
a154
0000
a154
0000
a154
0000
a154
0000
a154
0000
a154
0000
a154
0000
a154
0000
a154
0000
a154
0000
a154
0000
a154
0000
a154
0000
a154
0000
a154
0000
a154
0000
a154
0000
a154
0000
a154
0000
a154
0000
a154
0000
a154
0000
a154
0000
a154
0000
a154
0000
a154
0000
a154
0000
a154
0000
a154
0000
a154
0000
a154
0000
a154
0000
a154
0000
a154
0000
a154
0000
a154
0000
a154
0000
a154
0000
a154
0000
a154
0000
a154
0000
a154
0000
a154
0000
a154
0000
a154
0000
a154
0000
a154
0000
a154
0000
a154
0000
a154
0000
a154
0000
a154
0000
a154
0000
a154
0000
a154
0000
a154
0000
a154
0000
a154
0000
a154
0000
a154
0000
a154
0000
a154
0000
a154
0000
a154
0000
a154
0000
a154
0000
a154
0000
a154
0000
a154
0000
a154
0000
a154
0000
a154
0000
a154
0000
a154
0000
a154
0000
a154
0000
a154
0000
a154
0000
a154
0000
a154
0000
a154
0000
a154
0000
a154
0000
a154
0000
a154
0000
a154
0000
a154
0000
a154
0000
a154
0000
a154
0000
a154
0000
a154
0000
a154
0000
a154
0000
a154
0000
a154
0000
a154
0000
a154
0000
a154
0000
a154
0000
a154
0000
a154
0000
a154
0000
a154
0000
a154
0000
a154
0000
a154
0000
a154
0000
a154
0000
a154
0000
a154
0000
a154
0000
a154
0000
a154
0000
a154
0000
a154
0000
a154
0000
a154
0000
a154
0000
a154
0000
a154
0000
a154
0000
a154
0000
a154
0000
a154
0000
a154
0000
a154
0000
a154
0000
a154
0000
a154
0000
a154
0000
a154
0000
a154
0000
a154
0000
a154
0000
a154
0000
a154
0000
a154
0000
a154
0000
a154
0000
a154
0000
a154
0000
a154
0000
a154
0000
a154
0000
a154
0000
a154
0000
a154
0000
a154
0000
a154
0000
a154
0000
a154
0000
a154
0000
a154
0000
a154
0000
a154
0000
a154
0000
a154
0000
a154
0000
a154
0000
a154
0000
a154
0000
0000
0000
0000
0000
0000
0000
0000
0000
0000
0000
0000
0000
0000
0000
0000
0000
0000
0000
0000
0000
0000
0000
0000
0000
0000
0000
0000
0000
0000
0000
0000
0000
0000
0000
0000
0000
0000
0000
0000
0000
0000
0000
0000
0000
0000
0000
0000
0000
0000
0000
0000
0000
0000
0000
0000
0000
0000
0000
0000
0000
0000
0000
0000
0000
0000
0000
0000
0000
0000
0000
0000
0000
0000
0000
0000
0000
0000
0000
0000
0000
0000
0000
0000
0000
0000
0000
0000
0000
0000
0000
0000
0000
0000
0000
0000
0000
0000
0000
0000
0000
0000
0000
0000
0000
0000
0000
0000
0000
0000
0000
0000
0000
0000
0000
0000
0000
0000
0000
0000
0000
0000
0000
0000
0000
0000
0000
0000
0000
0000
0000
0000
0000
0000
0000
0000
0000
0000
0000
0000
0000
0000
0000
0000
0000
0000
0000
0000
0000
0000
0000
0000
0000
0000
0000
0000
0000
0000
0000
0000
0000
0000
0000
0000
0000
0000
0000
0000
0000
0000
0000
0000
0000
0000
0000
0000
0000
0000
0000
0000
0000
0000
0000
0000
0000
0000
0000
0000
0000
0000
0000
0000
0000
0000
0000
0000
0000
0000
0000
0000
0000
0000
0000
0000
0000
0000
0000
0000
0000
0000
0000
0000
0000
0000
0000
0000
0000
0000
0000
0000
0000
0000
0000
0000
0000
0000
0000
0000
0000
0000
0000
0000
0000
0000
0000
0000
0000
0000
0000
0000
0000
0000
0000
0000
0000
0000
0000
0000
0000
0000
0000
0000
0000
0000
0000
0000
0000
0000
0000
0000
0000
0000
0000
0000
0000
0000
0000
0000
0000
0000
0000
0000
0000
0000
0000
0000
0000
0000
0000
0000
0000
0000
0000
0000
0000
0000
0000
0000
0000
0000
0000
0000
0000
0000
0000
0000
0000
0000
0000
0000
0000
0000
0000
0000
0000
0000
0000
0000
0000
0000
0000
0000
0000
0000
0000
0000
0000
0000
0000
0000
0000
0000
0000
0000
0000
0000
0000
0000
0000
0000
0000
0000
0000
0000
0000
0000
0000
0000
0000
0000
0000
0000
0000
0000
0000
0000
0000
0000
0000
0000
0000
0000
0000
0000
0000
0000
0000
0000
0000
0000
0000
0000
0000
0000
0000
0000
0000
0000
0000
0000
0000
0000
0000
0000
0000
0000
0000
0000
0000
0000
0000
0000
0000
0000
0000
0000
0000
0000
0000
0000
0000
0000
0000
0000
0000
0000
0000
0000
0000
0000
0000
0000
0000
0000
0000
0000
0000
0000
0000
0000
0000
0000
0000
0000
0000
0000
0000
0000
0000
0000
0000
0000
0000
0000
0000
0000
0000
0000
0000
0000
0000
0000
0000
0000
0000
0000
0000
0000
0000
0000
0000
0000
0000
0000
0000
0000
0000
0000
0000
0000
0000
0000
0000
0000
0000
0000
0000
0000
0000
0000
0000
0000
0000
0000
0000
0000
0000
0000
0000
0000
0000
0000
0000
0000
0000
0000
0000
0000
0000
0000
0000
0000
0000
0000
0000
0000
0000
0000
0000
0000
0000
0000
0000
0000
0000
0000
0000
0000
0000
0000
0000
0000
0000
0000
0000
0000
0000
0000
0000
0000
0000
0000
0000
0000
0000
0000
0000
0000
0000
0000
0000
0000
0000
0000
0000
0000
0000
0000
0000
0000
0000
0000
0000
0000
0000
0000
0000
0000
0000
0000
0000
0000
0000
0000
0000
0000
0000
0000
0000
0000
0000
0000
0000
0000
0000
0000
0000
0000
0000
0000
0000
0000
0000
0000
0000
0000
0000
0000
0000
0000
0000
0000
0000
0000
0000
0000
0000
0000
0000
0000
0000
0000
0000
0000
0000
0000
0000
0000
0000
0000
0000
0000
0000
0000
0000
0000
0000
0000
0000
0000
0000
0000
0000
0000
0000
0000
0000
0000
0000
0000
0000
0000
0000
0000
0000
0000
0000
0000
0000
0000
0000
0000
0000
0000
0000
0000
0000
0000
0000
0000
0000
0000
0000
0000
0000
0000
0000
0000
0000
0000
0000
0000
0000
0000
0000
0000
0000
0000
0000
0000
0000
0000
0000
0000
0000
0000
0000
0000
0000
0000
0000
0000
0000
0000
0000
0000
0000
0000
0000
0000
0000
0000
0000
0000
0000
0000
0000
0000
0000
0000
0000
0000
0000
0000
0000
0000
0000
0000
0000
0000
0000
0000
0000
0000
0000
0000
0000
0000
0000
0000
0000
0000
0000
0000
0000
0000
0000
0000
0000
0000
0000
0000
0000
0000
0000
0000
0000
0000
0000
0000
0000
0000
0000
0000
0000
0000
0000
0000
0000
0000
0000
0000
0000
0000
0000
0000
0000
0000
0000
0000
0000
0000
0000
0000
0000
0000
0000
0000
0000
0000
0000
0000
0000
0000
0000
0000
0000
0000
0000
0000
0000
0000
0000
0000
0000
0000
0000
0000
0000
0000
0000
0000
0000
0000
0000
0000
0000
0000
0000
0000
0000
0000
0000
0000
0000
0000
0000
0000
0000
0000
0000
0000
0000
0000
0000
0000
0000
0000
0000
0000
0000
0000
0000
0000
0000
0000
0000
0000
0000
0000
0000
0000
0000
0000
0000
0000
0000
0000
0000
0000
0000
0000
0000
0000
0000
0000
0000
0000
0000
0000
0000
0000
0000
0000
0000
0000
0000
0000
0000
0000
0000
0000
0000
0000
0000
0000
0000
0000
0000
0000
0000
0000
0000
0000
0000
0000
0000
0000
0000
0000
0000
0000
0000
0000
0000
0000
0000
0000
0000
0000
0000
0000
0000
0000
0000
0000
0000
0000
0000
0000
0000
0000
0000
0000
0000
0000
0000
0000
0000
0000
0000
0000
0000
0000
0000
0000
0000
0000
0000
0000
0000
0000
0000
0000
0000
0000
0000
0000
0000
0000
0000
0000
0000
0000
0000
0000
0000
0000
0000
0000
0000
0000
0000
0000
0000
0000
0000
0000
0000
0000
0000
0000
0000
0000
0000
0000
0000
0000
0000
0000
0000
0000
0000
0000
0000
0000
0000
0000
0000
0000
0000
0000
0000
0000
0000
0000
0000
0000
0000
0000
0000
0000
0000
0000
0000
0000
0000
0000
0000
0000
0000
0000
0000
0000
0000
0000
0000
0000
0000
0000
0000
0000
0000
0000
0000
0000
0000
0000
0000
0000
0000
0000
0000
0000
0000
0000
0000
0000
0000
0000
0000
0000
0000
0000
0000
0000
0000
0000
0000
0000
0000
0000
0000
0000
0000
0000
0000
0000
0000
0000
0000
0000
0000
0000
0000
0000
0000
0000
0000
0000
0000
0000
0000
0000
0000
0000
0000
0000
0000
0000
0000
0000
0000
0000
0000
0000
0000
0000
0000
0000
0000
0000
0000
0000
0000
0000
0000
0000
0000
0000
0000
0000
0000
0000
0000
0000
0000
0000
0000
0000
0000
0000
0000
0000
0000
0000
0000
0000
0000
0000
0000
0000
0000
0000
0000
0000
0000
0000
0000
0000
0000
0000
0000
0000
0000
0000
0000
0000
0000
0000
0000
0000
0000
0000
0000
0000
0000
0000
0000
0000
0000
0000
0000
0000
0000
0000
0000
0000
0000
0000
0000
0000
0000
0000
0000
0000
0000
0000
0000
0000
0000
0000
0000
0000
0000
0000
0000
0000
0000
0000
0000
0000
0000
0000
0000
0000
0000
0000
0000
0000
0000
0000
0000
0000
0000
0000
0000
0000
0000
0000
0000
0000
0000
0000
0000
0000
0000
0000
0000
0000
0000
0000
0000
0000
0000
0000
0000
0000
0000
0000
0000
0000
0000
0000
0000
0000
0000
0000
0000
0000
0000
0000
0000
0000
0000
0000
0000
0000
0000
0000
0000
0000
0000
0000
0000
0000
0000
0000
0000
0000
0000
0000
0000
0000
0000
0000
0000
0000
0000
0000
0000
0000
0000
0000
0000
0000
0000
0000
0000
0000
0000
0000
0000
0000
0000
0000
0000
0000
0000
0000
0000
0000
0000
0000
0000
0000
0000
0000
0000
0000
0000
0000
0000
0000
0000
0000
0000
0000
0000
0000
0000
0000
0000
0000
0000
0000
0000
0000
0000
0000
0000
0000
0000
0000
0000
0000
0000
0000
0000
0000
0000
0000
0000
0000
0000
0000
0000
0000
0000
0000
0000
0000
0000
0000
0000
0000
0000
0000
0000
0000
0000
0000
0000
0000
0000
0000
0000
0000
0000
0000
0000
0000
0000
0000
0000
0000
0000
0000
0000
0000
0000
0000
0000
0000
0000
0000
0000
0000
0000
0000
0000
0000
0000
0000
0000
0000
0000
0000
0000
0000
0000
0000
0000
0000
0000
0000
0000
0000
0000
0000
0000
0000
0000
0000
0000
0000
0000
0000
0000
0000
0000
0000
0000
0000
0000
0000
0000
0000
0000
0000
0000
0000
0000
0000
0000
0000
0000
0000
0000
0000
0000
0000
0000
0000
0000
0000
0000
0000
0000
0000
0000
0000
0000
0000
0000
0000
0000
0000
0000
0000
0000
0000
0000
0000
0000
0000
0000
0000
0000
0000
0000
0000
0000
0000
0000
0000
0000
0000
0000
0000
0000
0000
0000
0000
0000
0000
0000
0000
0000
0000
0000
0000
0000
0000
0000
0000
0000
0000
0000
0000
0000
0000
0000
0000
0000
0000
0000
0000
0000
0000
0000
0000
0000
0000
0000
0000
0000
0000
0000
0000
0000
0000
0000
0000
0000
0000
0000
0000
0000
0000
0000
0000
0000
0000
0000
0000
0000
0000
0000
0000
0000
0000
0000
0000
0000
0000
0000
0000
0000
0000
0000
0000
0000
0000
0000
0000
0000
0000
0000
0000
0000
0000
0000
0000
0000
0000
0000
0000
0000
0000
0000
0000
0000
0000
0000
0000
0000
0000
0000
0000
0000
0000
0000
0000
0000
0000
0000
0000
0000
0000
0000
0000
0000
0000
0000
0000
c149
3029
0020
9168
001e
6e3e
0828
0003
003e
6608
0828
0000
003e
6620
2868
0010
302c
0010
0640
01f0
3140
0024
317c
337c
0018
317c
6260
0016
6000
012a
317c
330a
0018
4268
0016
6000
011c
3e3c
0068
4eb9
0000
9750
0828
0000
003e
6636
08e8
0001
003e
662e
317c
6842
0016
4268
0030
08a8
0002
003e
2169
000c
000c
0ca8
0000
e9aa
0034
6708
317c
37d4
0018
6006
317c
3804
0018
2649
2248
602a
c149
0829
0005
0041
666c
6100
7e30
6260
0829
0000
003e
6658
2648
3029
0046
b168
0046
0268
1000
0046
672a
082b
0002
0042
6622
206b
0034
286b
0010
4eb9
0000
9ab0
6b12
256b
0022
0022
3569
0026
0026
4eb9
0000
9978
08eb
0004
0041
08eb
0007
003f
42ab
0028
426b
0014
426b
0016
426b
001c
4e75
2648
60de
0829
0000
003e
66f2
0828
0002
0042
66ec
3228
0028
3028
0022
9069
0022
6a04
4440
4441
0c40
00c0
63d2
2648
4a41
6b86
60ae
c149
3029
0020
9168
001e
6e00
ff48
4268
0016
317c
33b8
0018
0828
0002
0040
6706
317c
5814
0016
2029
000c
6710
2640
082b
0007
0042
6706
4eb9
0000
93ec
08a8
0005
0046
0828
0004
003f
6624
0828
0002
0041
6622
0c68
793e
0014
671a
0c68
811e
0014
6712
4268
003c
317c
83b8
0014
601c
4eb9
0000
9c3c
4268
0016
317c
7f34
0014
317c
2f16
0018
317c
00ae
005a
2668
0010
0c68
000a
001c
660a
532b
001c
3e3c
0008
6040
0c68
000e
001c
660a
532b
001d
3e3c
0009
602e
0c68
000c
001c
660a
532b
001e
3e3c
0006
601c
0c68
0008
001c
6614
532b
001f
3e3c
0069
0828
0000
003e
6608
3e3c
000a
4268
0028
4268
002a
4eb9
0000
9750
4268
001c
0829
0003
0042
6600
fe5a
4e75
c149
2029
000c
6710
2640
082b
0007
0042
6706
4eb9
0000
93ec
4268
0016
317c
7f34
0014
317c
2f16
0018
317c
00ae
005a
217c
0000
e5ee
0034
3e3c
0009
60a6
c149
0828
0002
0041
6656
3029
0020
9168
001e
6e10
317c
339a
0018
317c
626e
0016
6000
feca
3e3c
006d
4eb9
0000
9750
08a8
0004
0046
4a69
0028
6a06
08e8
0004
0046
4268
0028
317c
080d
004a
317c
080e
004c
317c
000a
003c
317c
5874
0016
6000
fdbc
0c69
0024
001c
6700
fe84
08e9
0002
0040
6600
00aa
0c68
82ea
0014
6668
4a68
0028
6a04
4468
0028
0c68
0020
0028
6c06
317c
0020
0028
0829
0002
0042
670e
0829
0004
0046
6610
4468
0028
600a
4a69
0028
6a04
4468
0028
0839
0000
0006
0172
6726
4468
002a
6b20
6612
3039
0006
0170
0240
001f
0640
0020
3140
002a
317c
0005
003c
317c
5976
0016
0829
0002
0042
6600
fd2e
4a69
002a
6a0c
0869
0005
0046
4469
002a
601c
0869
0004
0046
4469
0028
3369
005e
004a
3369
0028
002a
6a04
4469
002a
4e75
c149
0c68
793e
0014
6700
009a
0c68
58a0
0016
6700
0090
2029
003e
2228
003e
b380
0280
0000
0002
667c
0828
0004
003f
6708
b3e8
000c
666e
605a
0829
0005
003e
671e
0829
0000
0041
665c
4a69
002a
6a56
4268
0016
317c
33b8
0018
2649
6000
fd82
0829
0004
003e
663e
3e3c
0005
4eb9
0000
9750
08e8
0004
003f
2149
000c
317c
0001
003c
317c
58e8
0016
4268
0032
2668
0010
532b
001d
0829
0001
0041
660a
2669
000c
377c
433e
0008
4e75
c149
b1e9
0078
6706
4aa9
0078
6626
08a9
0002
0040
2669
000c
7c00
3c28
0014
6606
47eb
0008
6006
2446
4e92
6608
36a8
001a
2348
0078
4e75
c149
0829
0003
0040
66f4
0829
0005
003e
66ec
0829
0000
0041
66e4
b1e9
0078
6706
4aa9
0078
66d8
08a9
0002
0040
0828
0000
0041
6706
08e9
0001
0041
0829
0006
003e
66bc
0828
0003
0040
66b4
2669
000c
4a2b
0000
66aa
2468
0010
0caa
0006
2784
002e
6706
377c
429e
0008
0caa
0006
2784
002a
6788
377c
4346
0006
6080
c149
0829
0000
003e
6712
5269
0030
4a68
002a
671c
337c
0001
0030
6014
4a68
002a
660e
08e9
0001
003e
6606
08a9
0002
003e
4e75
c149
4aa8
0028
6760
4a69
002a
6a0e
2649
3029
0024
b068
0024
6a00
fc3c
3028
0028
6a02
4440
3228
002a
6a02
4441
d041
e240
0c40
000a
6b00
05bc
3140
0020
0828
0000
0040
6600
044e
0829
0000
0041
6600
0444
0829
0004
003e
6600
043a
0829
0001
0041
6600
0430
6000
02dc
0c68
577a
0016
660c
5368
003c
6a06
317c
0001
003c
4e75
c149
0829
0000
0041
6706
08e8
0001
0041
4e75
c149
0829
0005
0041
6600
018e
08a8
0002
0041
671e
08a8
0005
003f
08a8
0006
003f
2448
202a
0008
6b0a
2440
08aa
0006
003f
60f0
0829
0000
003e
6700
0094
0828
0005
003f
6736
6100
78e0
6376
0829
0004
0046
6608
3228
0028
6e22
6006
3228
0028
6b1a
3029
0022
9068
0022
b141
6a58
337c
0002
0030
08e8
0002
0041
604a
0828
0000
0041
6642
6100
78a2
623c
3028
0028
6732
6a0c
0c40
ffe0
6b10
303c
ffe0
600a
0c40
0020
6a04
303c
0020
08a8
0001
007e
08e8
0005
003f
0828
0007
003e
6706
08a8
0002
003e
5269
0030
4e75
0829
0000
003e
66f6
0828
0000
0041
66ee
0828
0005
003f
661c
0828
0004
003e
6628
0828
0007
003e
6620
3028
0046
3229
0046
b141
6714
08e9
0001
003e
6606
08a9
0002
003e
4a68
0028
67b6
6100
7816
62b0
3228
0028
67e0
3029
0022
9068
0022
b340
6b9e
0828
0005
003f
6600
0056
0828
0006
003e
6718
0828
0007
003e
6708
317c
2822
0018
6038
317c
28f2
0018
6030
317c
26c2
0018
0828
0004
003e
6722
317c
28ba
0018
0828
0005
003e
6714
317c
289e
0018
3e3c
0015
4eb9
0000
9750
6100
7d06
4268
0028
9368
0022
2028
0008
6b00
ff36
2040
9368
0022
60f0
0828
0001
0041
6600
0040
0829
0000
003e
6600
ff16
0828
0000
0041
661e
3028
0022
9069
0022
6a02
4440
0c40
00c0
630c
3228
0028
6700
ff2e
6000
ff60
08e9
0001
003e
6606
08a9
0002
003e
4e75
c149
0828
0004
003f
6612
0829
0000
003e
6608
4aa8
0028
6600
02f4
4e75
2028
000c
6700
02ea
2440
082a
0007
0042
6700
02de
4aaa
0078
6664
0829
0005
0041
6642
6100
7704
6256
2648
204a
0829
0000
003e
661c
3029
0046
322b
0046
b340
0240
1000
6600
fed2
08eb
0007
003f
6000
fec8
0828
0007
007f
6600
fe6a
08ab
0007
003f
6000
fe60
204a
0828
0001
0041
6610
3228
0028
670a
0829
0000
003e
6700
feb6
4e75
c149
0828
0002
0041
671e
0c68
82ea
0014
6616
3028
0028
6a02
4440
0c40
0010
6d08
0829
0004
003e
670c
4e75
c149
0828
0000
003e
67f4
08e8
0000
0041
66ec
0829
0005
003f
66e4
0829
0003
0040
66dc
0829
0000
0041
66d4
0829
0001
0041
66cc
3028
0028
3229
0022
9268
0022
b141
6bbc
c348
6100
7b96
c149
3368
0028
0028
4269
002a
08e9
0004
003e
08a9
0002
003e
08a9
0001
007e
3e3c
007d
6100
7e8e
0829
0007
003e
6708
337c
2822
0018
6054
0829
0006
003e
6708
337c
28ba
0018
6044
3028
0028
0829
0004
0046
6602
4440
4a40
6a0a
323c
2912
303c
2862
6008
323c
294e
303c
2882
0829
0005
003e
6614
0c68
000c
001c
6608
3200
4269
0028
6004
0641
000e
3341
0018
6100
761a
0c68
000c
001c
6756
0c68
000a
001c
664c
317c
0005
003c
317c
5976
0016
3028
002a
6e0c
6d08
3028
0028
e440
6a02
4440
3140
002a
e440
d168
002a
3028
0028
4440
3140
0028
e440
9168
0028
6612
303c
0020
0828
0004
0046
6602
4440
3140
0028
4e75
317c
0005
003c
317c
5976
0016
4468
0028
3039
0006
0170
0240
001f
0640
0020
3140
002a
4e75
c149
0829
0005
003f
6666
0829
0000
0041
665a
0829
0004
003e
6652
0829
0001
0041
664a
3368
0028
0028
4269
002a
08e9
0004
003e
08a9
0002
003e
0829
0007
003e
6708
337c
2822
0018
6024
0829
0006
003e
6708
337c
28ba
0018
6014
337c
298a
0018
0829
0005
003e
6606
337c
29a6
0018
6100
7528
2648
41f9
0000
df3c
286b
0010
4eb9
0000
9ab0
6b00
f6ba
3e3c
006f
6100
7d16
256b
0022
0022
3569
0026
0026
356b
0046
0046
08ea
0004
003f
2549
000c
2569
0008
0008
234a
0008
6000
f682
c149
0829
0004
003f
6628
0828
0007
003e
6620
b3e8
0078
670a
4aa8
0078
6614
2149
0078
08a8
0002
0040
2468
000c
3569
001a
0008
4e75
c149
0828
0006
0044
661e
0828
0000
0040
6716
4268
0046
4a68
0028
6b00
0250
08e8
0004
0046
6000
0246
0829
0005
0041
6600
0096
0829
0000
003e
670c
6100
73fe
6300
fb94
6000
0080
0828
0004
003f
6676
3029
0022
9068
0022
3229
0046
e741
b141
6e10
08e9
0001
003e
6608
08a9
0002
003e
6054
6100
73c8
624e
4a68
0028
6748
0c68
000a
001c
6710
0c68
000c
001c
6610
0828
0002
0041
6708
3e3c
0015
6100
7c1c
3028
0022
b069
0022
630e
4a68
0028
6a18
08e8
0004
0046
600c
4a68
0028
6b0a
08a8
0004
0046
4468
0028
4e75
0828
0001
0041
66f6
0828
0004
003f
66ee
0829
0000
003e
6600
faf6
3228
0028
3028
0022
9069
0022
6a04
4440
4441
0c40
00c0
6300
fbee
4a41
6b00
ff78
60c2
c149
4aa8
0028
670e
3028
0028
6a02
4440
0c40
0008
6a14
4e75
c149
0828
0000
003e
67f4
0828
0000
0041
66ec
0829
0004
003f
67e4
0829
0007
003f
66dc
2029
000c
67d6
2640
082b
0007
0042
67cc
082b
0005
003f
66c4
c14b
6100
775e
6bbc
48e7
0060
2269
0010
6100
763e
660c
0c6a
000d
0208
6e2e
526a
0208
4cdf
0600
302b
0028
4440
e240
3340
0028
337c
0020
002a
2f09
6100
76e4
225f
0c6b
002a
001c
6700
f48c
4e75
4cdf
0600
4e75
c149
0829
0005
0041
6644
2468
0010
3028
0022
906a
0012
0c40
01c0
6706
0c40
0e80
662c
0829
0000
003e
670c
08a8
0007
003f
5269
0030
6018
08e8
0007
003f
5268
0030
08e9
0001
003e
6606
08a9
0002
003e
4e75
c149
0828
0007
003f
6668
0828
0001
003e
6660
6100
7930
08a8
0002
0041
4268
001c
4268
0030
317c
3252
0018
4268
003c
317c
60b8
0016
3029
0020
9168
001e
6e20
2029
000c
670e
2640
082b
0007
0042
6704
6100
770c
317c
32d4
0018
317c
5768
0016
0829
0003
0042
6600
f39c
0829
0002
0042
6600
f392
4e75
c149
0829
0005
0041
6646
6100
71c4
623e
0829
0000
003e
6636
2648
3029
0046
b168
0046
6700
f3c4
41f9
0000
df3c
286b
0010
6100
7d7a
6b00
f3b2
256b
0022
0022
3569
0026
0026
356b
0046
0046
6000
f396
4e75
0829
0000
003e
66f6
3228
0028
3028
0022
9069
0022
6a04
4440
4441
0c40
00c0
63de
2648
4a41
6bb0
6000
f370
c149
0828
0007
003f
6612
0c69
001a
001c
6632
2049
0828
0007
003f
6728
2868
0010
4bf9
0000
ff80
1e39
0006
0172
0247
007c
3435
7000
d46c
0012
3142
0022
3142
0032
5268
003c
4e75
c149
0828
0007
003f
671e
0829
0000
0041
6600
00e4
0c68
000a
003c
6d00
00da
317c
0005
003c
6000
00d0
0828
0000
0041
6600
00c0
0829
0000
0041
6600
00bc
0829
0005
003f
6600
00b2
0829
0003
0040
6600
00a8
0828
0002
0041
6700
009e
b1e9
0078
6708
4aa9
0078
6600
0090
0668
0032
003c
0828
0006
0040
6616
3e3c
0026
6100
7910
317c
32a8
0018
337c
2650
0018
6028
0829
0005
003e
6662
3369
0060
0050
317c
32b8
0018
337c
2682
0018
3028
0046
08e9
0004
0046
b169
0046
08e8
0000
0041
08e9
0000
0041
4269
003c
337c
5e16
0016
c149
6100
75a0
c149
2348
0078
2149
000c
317c
0001
0030
08e9
0004
003e
08a9
0002
003e
4269
0030
08a9
0002
0040
4e75
c149
0828
0007
003f
6632
0828
0002
003e
662a
0828
0006
0040
6722
0829
0004
003f
661a
4aa9
0028
6614
2469
0010
2029
0042
4680
c1aa
000c
2649
6000
f1f6
4e75
c149
0828
0007
003f
6600
008e
2028
000c
673a
08a8
0000
0041
42a8
000c
2640
082b
0007
0042
6726
08ab
0000
0041
426b
0030
377c
289e
0018
2668
0010
302b
0010
d079
0000
e316
3140
0024
4268
002a
0828
0002
0040
6644
3029
0020
9168
001e
6f3c
47f9
0000
3058
0c68
0008
001e
6f14
47f9
0000
3022
0c68
0010
001e
6f06
47f9
0000
2f5e
314b
0018
0829
0003
0042
6600
f10c
0829
0002
0042
6600
f102
4e75
2029
000c
670e
2640
082b
0007
0042
6704
6100
7446
4268
0030
47f9
0000
308e
08e8
0003
0040
60c0
c149
0829
0005
0041
6630
0829
0000
003e
670a
6100
6f06
6300
f69c
601c
08e9
0001
003e
6606
08a9
0002
003e
6100
6eee
6208
3028
0028
9168
0022
4e75
0828
0001
0041
66f6
0829
0000
003e
6600
f66a
3228
0028
3028
0022
9069
0022
6a04
4440
4441
0c40
00c0
6300
f762
4a41
6b00
faec
60ca
c149
0828
0003
0040
6600
0088
0829
0002
0042
677e
2029
000c
6778
b1c0
6774
0828
0005
003f
666c
0828
0000
0041
6664
0828
0001
0041
665c
3e3c
0066
6100
76ec
2440
302a
0022
9068
0022
6f14
08e8
0004
0046
317c
ffc0
0028
337c
ffe0
0028
6012
08a8
0004
0046
317c
0040
0028
337c
0020
0028
6100
7398
48e7
00c0
2649
6100
fb4c
4cdf
0300
4269
001c
08e9
0004
0041
c149
6100
f7ee
4e75
c149
0828
0006
003e
663c
0828
0004
003e
6634
0828
0001
0041
662c
b3e8
0078
6706
4aa8
0078
6620
08a8
0002
0040
2649
6100
7264
6b12
2468
000c
3029
001a
5040
3540
0008
214b
0078
4e75
c149
0828
0005
003f
664c
0828
0003
0040
6644
0828
0000
0041
663c
0828
0001
0041
6634
2028
003e
0280
0007
0000
2200
c2a9
003e
6622
81a9
003e
6100
72f4
317c
0070
0028
3029
0022
9068
0022
6c04
4468
0028
c149
6000
f74e
4e75
c149
0829
0002
0040
6704
4e75
c149
08e8
0002
0041
4e75
c149
0829
0004
003f
6766
0829
0007
003f
665e
2029
000c
6758
2640
082b
0007
0042
674e
082b
0005
003f
6646
c14b
6100
71b0
6b3e
48e7
0060
224c
6100
7092
660c
0c6a
000d
0208
6e26
526a
0208
4cdf
0600
337c
ffb0
0028
302b
0022
9069
0022
6c04
4469
0028
337c
0020
002a
6000
7132
4cdf
0600
4e75
c149
08a8
0003
0040
4268
0030
3029
0020
9168
001e
6e1a
08a8
0002
0041
4268
0016
4268
001c
42a8
0028
317c
3a0e
0018
603e
3e3c
0013
6100
7536
08e8
0000
0041
0828
0002
0041
6628
08a8
0002
0040
4a69
0028
6e06
08e8
0002
0040
4a69
002a
6710
6a08
08e8
0005
0041
6006
08e8
0006
0041
0829
0003
0042
6600
ee38
0829
0002
0042
6600
ee2e
4e75
c149
0829
0003
0040
6600
0082
0829
0005
003f
6678
0829
0001
0041
6670
0829
0000
0041
6656
0829
0004
003e
664e
3028
0028
e440
3140
0028
4269
002a
08e9
0004
003e
08a9
0002
003e
0829
0007
003e
6708
337c
2822
0018
6024
0829
0006
003e
6708
337c
28ba
0018
6014
337c
298a
0018
0829
0005
003e
6606
337c
29a6
0018
3e3c
007d
6100
7468
6100
6c58
c149
6000
eda0
4e75
c149
0828
0004
003f
6658
4a68
0028
6752
3028
0022
b069
0022
630e
4a68
0028
6a42
08e8
0004
0046
600c
4a68
0028
6b34
08a8
0004
0046
4468
0028
3e3c
0054
6100
741c
2248
41f9
0000
f796
2869
0010
6100
776c
6b10
2569
0022
0022
3569
0026
0026
6000
7622
4e75
c149
3e3c
0054
6100
73ee
217c
0000
f796
0034
2648
6000
ed52
4e75
c149
0828
0005
003f
66f4
0828
0000
0041
66ec
0828
0001
0041
66e4
2028
003e
0280
0007
0000
2200
c2a9
003e
66d2
81a9
003e
6100
708c
317c
0040
0028
2648
3e3c
0054
6100
739a
41f9
0000
f796
6100
76f0
6b40
256b
0022
0022
066a
0080
0024
3569
0026
0026
6100
75a0
2869
0010
41f9
0000
f796
6100
76ca
6b1a
256b
0022
0022
046a
0080
0024
3569
0026
0026
6100
757a
2869
0010
204b
0829
0004
0046
6704
4468
0028
c149
6000
f490
c149
0c69
3a76
0018
6c26
4269
0030
4269
003c
337c
3a76
0018
2028
000c
6712
2640
082b
0007
0042
6708
c149
6100
6fa8
c149
217c
0000
dfd8
0034
2648
6000
ec6e
c149
0829
0000
0041
6606
08a8
0007
0041
4e75
c149
0828
0001
0041
6674
0829
0000
0041
666c
0828
0000
0041
6664
0828
0003
0040
6646
0828
0005
003e
6716
3029
0022
9068
0022
6b02
4440
3229
002c
e241
b041
6e3e
4a68
002a
6e38
08a8
0002
003e
317c
0001
0030
08e8
0004
003e
08e8
0003
0040
317c
27f4
0018
6100
6f64
3029
0022
9068
0022
e440
3140
0028
6e06
0668
0010
0028
4e75
c149
0828
0001
0041
6656
0829
0000
0041
664e
0828
0004
003f
6646
4a68
002a
6b42
6e3e
0c68
000c
001c
6608
0828
0002
0041
6630
4a68
0028
6774
3028
0022
b069
0022
630e
4a68
0028
6a18
08e8
0004
0046
600c
4a68
0028
6b0a
08a8
0004
0046
4468
0028
4e75
317c
ffd0
002a
08e8
0003
0040
0828
0005
003e
6600
ff72
3029
0022
9068
0022
3228
0028
b340
6a08
e0e8
0028
4468
0028
4e75
08e8
0003
0040
08a8
0002
003e
4268
0030
317c
3620
0018
6000
ff3e
0c68
0008
001c
67de
323c
0010
3029
0022
9068
0022
6b02
4441
d368
0022
4e75
c149
0839
0000
0006
098f
6606
4a68
002a
660c
08e9
0000
0041
337c
0001
003c
4e75
c149
082c
0000
000b
6750
4a68
001e
674a
2028
003e
0280
0007
0000
2200
c0a9
003e
6638
83a9
003e
47f9
0000
f37a
4841
e341
3433
10fe
3229
001e
6100
7034
2f08
41f9
0000
f6a6
6100
7498
205f
6b0e
2568
0022
0022
3542
004a
6100
730e
4e75
0006
001b
0004
000b
0007
0000
e7ee
0006
011b
0af0
0acc
0acd
0ace
0000
e7ee
0000
262e
0018
0018
ffff
000c
0007
0000
e69a
0004
0018
ffff
0000
0007
0000
e69a
0004
0018
ffff
000b
0006
0000
e85e
ffff
0021
0000
265e
0006
0050
0000
0008
0009
0000
e6fa
0006
0058
0004
0008
000a
0000
e6fa
ffff
0021
0000
2682
0006
0050
0000
0008
0009
0000
e6fa
0005
0012
0000
0000
0002
0000
e69a
0002
0000
0000
0000
0002
0000
e69a
0002
0000
0000
0000
0003
0000
e69a
0002
0000
0000
0000
0004
0000
e69a
0002
0000
0000
0000
0005
0000
e69a
0002
0000
0000
0001
0002
0000
e69a
0002
0000
0000
0001
0003
0000
e69a
0002
0000
0000
0001
0004
0000
e69a
0002
0000
0000
0001
0005
0000
e69a
0000
26c2
0001
0010
0000
0000
0002
0000
e69a
0001
0010
0000
0000
0003
0000
e69a
0001
0010
0000
0000
0004
0000
e69a
0008
0010
0020
0000
0007
0000
e69a
0005
0010
0000
0000
0006
0000
e7fe
0001
0014
ffe0
0001
0006
0000
e7fe
0001
0010
0000
0001
0003
0000
e69a
0001
0010
0000
0001
0004
0000
e69a
0001
0010
0000
0001
0005
0000
e69a
0000
26c2
0001
0010
0000
0000
0002
0000
e69a
0008
0010
0020
0000
0007
0000
e69a
0005
0010
0000
0000
0006
0000
e7fe
0001
0014
ffe0
0001
0006
0000
e7fe
0000
26c2
0001
0018
0004
0001
0006
0000
e7fe
0002
0010
ffd0
0001
0006
0000
e7fe
0001
0016
ffd0
0001
0006
0000
e7fe
0000
28f2
0001
00d8
0004
0010
0011
0000
e91e
0004
00d0
0000
0010
0011
0000
e91e
0000
28e4
0001
0018
0004
0001
0006
0000
e7fe
0001
0014
ffc0
0001
0006
0000
e7fe
0000
26c2
0001
0018
0004
000b
0007
0000
e8be
0004
0010
0040
000b
0007
0000
e8be
0000
289e
0001
0018
0004
000e
0006
0000
e7fe
0004
0010
0040
000e
0006
0000
e7fe
0001
0018
0004
0001
0006
0000
e7fe
0001
0014
ffc0
0001
0006
0000
e7fe
0001
00d8
0004
0010
0011
0000
e91e
0004
00d0
0000
0010
0011
0000
e91e
0005
00d2
0000
0010
0011
0000
e91e
0001
00cc
0003
0010
0011
0000
e91e
0006
0040
0000
0008
0009
0000
e6fa
0006
0040
0000
0008
000a
0000
e6fa
0000
28f2
0001
0018
0004
000e
0006
0000
e7fe
0001
0014
ffe0
000e
0006
0000
e7fe
0001
0018
0004
000e
0006
0000
e7fe
0005
0010
0000
000e
0006
0000
e7fe
0000
28ba
0001
0018
0004
000b
0007
0000
e8be
0001
0014
ffe0
000b
0007
0000
e8be
0001
0018
0004
000b
0007
0000
e8be
0005
0010
0000
000b
0007
0000
e8be
0000
28ba
0001
0018
0004
0001
0006
0000
e7fe
0001
0014
ffe0
0001
0006
0000
e7fe
0001
0018
0004
0001
0006
0000
e7fe
0003
0010
0000
000e
0006
0000
e7fe
0000
26c2
0001
0058
0000
001c
001d
0000
e75a
0003
0050
0000
001c
001d
0000
e75a
ffff
0013
0006
0050
0000
001c
001d
0000
e75a
0000
28f2
0004
0019
0005
0016
0003
0000
e7d6
0004
001b
0005
0017
001b
0000
e7e2
0004
0019
1005
0018
001b
0000
e7e2
0004
0019
1005
0019
001b
0000
e7e2
ffff
001c
0004
0019
0005
0018
001b
0000
e7e2
0004
0019
0005
0017
001b
0000
e7e2
0000
26c2
0001
0058
0000
0008
0009
0000
e6fa
0003
0050
0000
0008
0009
0000
e6fa
ffff
0021
0004
0052
0000
0008
000a
0000
e6fa
0000
26c2
0001
0058
0000
0008
0009
0000
e6fa
0003
0050
0000
0008
0009
0000
e6fa
ffff
0021
0004
0052
0000
0008
000a
0000
e6fa
0000
28f2
0001
000d
0003
000f
001b
0000
e7be
0000
26c2
0004
0a70
08f0
08f0
08f0
0000
0000
0000
0004
0a71
08f0
08f0
08f0
0000
0000
0000
0004
0a72
08f0
08f0
08f0
0000
0000
0000
0004
1a72
08f0
08f0
08f0
0000
0000
0000
0004
1a71
08f0
08f0
08f0
0000
0000
0000
0004
1a70
08f0
08f0
08f0
0000
0000
0000
0004
0a70
08f0
08f0
08f0
0000
0000
0000
0004
0a71
08f0
08f0
08f0
0000
0000
0000
0004
0a72
08f0
08f0
08f0
0000
0000
0000
0004
1a72
08f0
08f0
08f0
0000
0000
0000
0004
1a71
08f0
08f0
08f0
0000
0000
0000
0004
1a70
08f0
08f0
08f0
0000
0000
0000
0000
2aca
0004
0a70
08f0
08f0
08f0
0a77
0000
0000
0004
0a71
08f0
08f0
08f0
1a77
2a77
0000
0004
0a72
08f0
08f0
08f0
2a77
3a77
0a77
0004
1a72
08f0
08f0
08f0
3a77
0a77
1a77
0004
1a71
08f0
08f0
08f0
0a77
1a77
2a77
0004
1a70
08f0
08f0
08f0
1a77
2a77
3a77
0004
0a70
08f0
08f0
08f0
2a77
3a77
0a77
0004
0a71
08f0
08f0
08f0
3a77
0a77
1a77
0002
0a72
000f
001b
0001
0a77
1a77
2a77
0002
1a72
000f
001b
0001
1a77
2a77
3a77
0002
1a71
000f
001b
0001
2a77
3a77
0a77
0002
1a70
000f
001b
0001
3a77
0a77
1a77
0002
0a70
000f
001b
0001
0a77
1a77
2a77
0002
0a71
000f
001b
0001
1a77
2a77
3a77
0002
0a72
000f
001b
0001
2a77
3a77
0a77
0002
1a72
000f
001b
0001
3a77
0a77
1a77
0002
1a71
000f
001b
0001
0a77
1a77
2a77
0002
1a70
000f
001b
0001
1a77
2a77
3a77
0002
0a70
000f
001b
0001
2a77
3a77
0a77
0002
0a71
000f
001b
0001
3a77
0a77
1a77
0002
0a72
000f
001b
0001
0a76
1a76
2a76
0002
1a72
000f
001b
0001
1a76
2a76
3a76
0002
1a71
000f
001b
0001
2a76
3a76
0a76
0002
1a70
000f
001b
0001
3a76
0a76
1a76
0004
0a70
000f
001b
0001
0000
0000
0000
0004
0a71
000f
001b
0001
0000
0000
0000
0004
0a72
000f
001b
0001
0000
0000
0000
ffff
0064
08f0
000f
001b
0001
0000
0000
0000
000c
08f0
000f
001b
0001
0000
0000
0000
0004
0a70
000f
001b
0001
0000
0000
0000
0004
0a71
000f
001b
0001
0000
0000
0000
0004
0a72
000f
001b
0001
0000
0000
0000
0004
1a72
000f
001b
0001
0000
0000
0000
0004
1a71
000f
001b
0001
0000
0000
0000
0004
1a70
000f
001b
0001
0000
0000
0000
0000
2d50
0002
0a72
000f
001b
0001
0a77
1a77
2a77
0002
1a72
000f
001b
0001
1a77
2a77
3a77
0002
1a71
000f
001b
0001
2a77
3a77
0a77
0002
1a70
000f
001b
0001
3a77
0a77
1a77
0002
0a70
000f
001b
0001
0a77
1a77
2a77
0002
0a71
000f
001b
0001
1a77
2a77
3a77
0002
0a72
000f
001b
0001
2a77
3a77
0a77
0002
1a72
000f
001b
0001
3a77
0a77
1a77
0002
1a71
000f
001b
0001
0a77
1a77
2a77
0002
1a70
000f
001b
0001
1a77
2a77
3a77
0002
0a70
000f
001b
0001
2a77
3a77
0a77
0002
0a71
000f
001b
0001
3a77
0a77
1a77
0002
0a72
08f0
08f0
08f0
2a77
3a77
0a77
0002
1a72
08f0
08f0
08f0
3a77
0a77
1a77
0002
1a71
08f0
08f0
08f0
0a77
1a77
2a77
0002
1a70
08f0
08f0
08f0
1a77
2a77
3a77
0002
0a70
08f0
08f0
08f0
2a77
3a77
0a77
0002
0a71
08f0
08f0
08f0
3a77
0a77
1a77
ffff
0001
0002
1002
1001
1003
0003
0000
0002
0000
0002
2000
0002
0001
0002
2001
0002
0002
0002
2002
0002
0003
0002
2003
ffff
0002
0000
0002
2000
0002
0001
0002
2001
ffff
ffff
76e8
0010
00dc
0000
0000
0000
0000
e94e
fffe
000b
0006
00de
00dd
0000
0000
0000
e94e
ffff
76f4
0008
00df
00d3
0000
0000
0000
e94e
fffe
006b
0012
00e0
00cf
0000
0000
0000
e94e
000c
00df
00d3
0000
0000
0000
e94e
ffff
76e8
0006
00de
00dd
0000
0000
0000
e94e
0020
00dc
0000
0000
0000
0000
e94e
0008
00e1
0000
0000
0000
0000
e94e
0006
00e2
0000
0000
0000
0000
e94e
ffff
5eda
0004
00e3
0000
0000
0000
0000
e94e
0010
00dc
0000
0000
0000
0000
e94e
fffe
000b
0006
00de
00dd
0000
0000
0000
e94e
ffff
76f4
0010
00df
00d3
0000
0000
0000
e94e
ffff
76e8
0006
00de
00dd
0000
0000
0000
e94e
0010
00dc
0000
0000
0000
0000
e94e
0000
0000
fffe
006c
0010
00df
00d7
0000
0000
0000
e94e
0006
00de
00dd
0000
0000
0000
e94e
ffff
76e8
0006
00dc
0000
0000
0000
0000
e94e
0000
2f9e
fffe
006c
0010
00e0
00d7
0000
0000
0000
e94e
0006
00de
00dd
0000
0000
0000
e94e
ffff
76e8
0006
00dc
0000
0000
0000
0000
e94e
0000
0000
ffff
76e8
fffe
006c
0004
00e0
00d7
0000
0000
0000
e94e
fffe
007a
0004
08e7
08e6
0000
0000
0000
e94e
0004
08e9
08e8
0000
0000
0000
e94e
0004
00dc
0000
0000
0000
0000
e94e
0000
0000
fffe
006b
0012
00e0
00cf
0000
0000
0000
e94e
0006
00e0
00e4
0000
0000
0000
e94e
fffe
007b
0006
00e0
00e5
0000
0000
0000
e94e
ffff
5e62
0000
30e8
0002
00b1
0000
0000
e97e
0002
0809
080a
0000
e982
0002
00b1
0000
0000
e97e
0002
0809
080a
0000
e982
0002
00b1
0000
0000
e97e
0002
0809
080a
0000
e982
0002
00b1
0000
0000
e97e
0002
0809
080a
0000
e982
0002
00b1
0000
0000
e97e
0002
0809
080a
0000
e982
0002
00b1
0000
0000
e97e
0002
0809
080a
0000
e982
ffff
0004
0004
0811
0000
0000
e9b6
0004
0000
0812
0000
0000
e9b6
0004
0000
0813
0000
0000
e9b6
0010
0000
0816
0814
0000
e9b6
ffff
0008
0000
0816
0815
0000
e9b6
0006
0000
0816
1814
0000
e9b6
fffe
0038
0006
0000
0816
0814
0000
e9b6
0008
0000
0816
1815
0000
e9b6
0006
0000
0816
0814
0000
e9b6
fffe
0038
0006
0000
0816
1814
0000
e9b6
0000
31bc
0004
0000
0816
0814
0000
e9b6
0004
0000
0813
0000
0000
e9b6
0004
0000
0812
0000
0000
e9b6
0004
0000
0811
0000
0000
e9b6
ffff
0001
0000
0000
0000
0000
0000
0000
3242
0004
0000
0812
0000
0000
e9b6
0004
0000
0813
0000
0000
e9b6
ffff
0000
31bc
0006
0000
0816
1814
0000
e9b6
0006
0000
0816
0815
0000
e9b6
fffe
0039
0004
0002
0817
0819
0000
e9c6
0004
0000
0816
0814
0000
e9b6
0000
31bc
0004
0000
0816
0000
0000
e9be
0000
32a8
0006
0000
0818
0000
0000
e9b6
0006
0000
081a
0000
0000
e9b6
0000
32b8
0002
0000
081d
081c
0000
e9b6
0002
0000
081d
181c
0000
e9b6
0002
0000
0811
081c
0000
e9b6
0002
0000
0811
181c
0000
e9b6
ffff
0000
3242
0004
00a1
00a2
00a3
00a4
0000
e99a
0002
00a1
00a2
00a3
00ae
0000
e99a
0002
00a1
00a2
00ae
20ae
0000
e99a
0002
00a1
00ae
20ae
00af
0000
e99a
0002
00ae
20ae
00af
20af
0000
e99a
0002
20ae
00af
20af
0000
0000
e99a
0002
00af
20af
0000
0000
0000
e99a
0002
20af
0000
0000
0000
0000
e99a
0000
0004
0099
009a
009b
009c
0000
e98a
ffff
0004
009d
009e
0000
0000
0000
e976
0004
009f
00a0
0000
0000
0000
e976
ffff
0004
00a5
0000
0000
0000
0000
e5ee
0004
00a6
0000
0000
0000
0000
e5ee
0004
00a7
0000
0000
0000
0000
e5ee
ffff
0004
00a8
0000
0000
0000
0000
e5ee
0004
00a9
0000
0000
0000
0000
e5ee
0004
00aa
0000
0000
0000
0000
e5ee
0004
00ab
0000
0000
0000
0000
e5ee
0004
00ac
0000
0000
0000
0000
e5ee
0004
00ad
0000
0000
0000
0000
e5ee
0000
0004
0aa1
0aa5
0aa3
0aa4
0000
342c
0004
0aa8
0aa9
0aaa
0aab
0000
343a
0004
0aa1
0aa2
0aa3
0aa4
0000
3448
0004
0ab2
0ab3
08f0
08f0
0000
3456
0004
0ab4
08f0
0ab5
08f0
0000
3464
0004
0a9f
0aa0
08f0
08f0
0000
3472
0004
08f0
0aaf
08f0
08f0
0000
3480
0004
0ab0
0ab1
08f0
08f0
0000
348e
0004
0aa6
0aa7
08f0
08f0
0000
349c
0004
0a96
0a97
0a98
0a99
0004
0a9a
0a97
0a9e
0a99
0004
0a96
0a97
0a9c
0a99
0004
0a96
0a97
0a9d
1a9d
0004
0a96
0a97
1a99
1a9c
0004
0a96
0a9b
1a99
1a9e
0000
34aa
0002
0a92
0a93
0a94
0a95
0002
1a93
1a92
1a95
1a94
0002
2a94
2a95
2a92
2a93
0002
1a93
1a92
1a95
1a94
0002
2a94
2a95
2a92
2a93
0002
3a95
3a94
3a93
3a92
0002
0a92
0a93
0a94
0a95
0002
3a95
3a94
3a93
3a92
0002
0a92
0a93
0a94
0a95
0002
2a94
2a95
2a92
2a93
0002
3a95
3a94
3a93
3a92
0002
0a92
0a93
0a94
0a95
0002
2a94
2a95
2a92
2a93
ffff
0001
0a7c
0a78
0000
356e
0008
0a7c
0a78
fffe
002f
0004
0a7c
0a79
0004
0a7c
0a7a
0008
0a7c
0a7b
ffff
0014
0a7c
0a7b
fffe
002f
0004
0a7c
0a7b
0004
0a7c
0a7a
0008
0a7c
0a79
ffff
0000
356e
ffff
6842
0023
0000
0000
0000
00ef
00f0
00f1
00f2
0000
e98a
0008
0000
0000
0000
00ef
00f0
00f1
00f2
0000
e98a
0004
0000
0010
0010
00ef
00f0
00f1
00f2
0000
e98a
0004
0000
0010
0010
00e7
00e8
00e9
00ea
0000
e98a
0004
0000
001a
0000
00e7
00e8
00e9
00ea
0000
e98a
0001
0004
0010
fff0
00eb
00ec
00ed
00ee
0000
e98a
0004
0000
0000
0000
00eb
00ec
00ed
00ee
0000
e98a
fffe
0011
0004
0000
0000
0000
00ef
00f0
00f1
00f2
0000
e98a
ffff
6842
0008
0000
0000
0000
00ef
00f0
00f1
00f2
0000
e98a
0000
35d0
0002
0000
0000
0000
00ef
00f0
00f1
00f2
0000
e98a
0002
0000
0000
0000
00e7
00e8
00e9
00ea
0000
e98a
fffe
0012
0002
0001
0040
0020
00e7
00e8
00e9
00ea
0000
e98a
0004
0001
0040
0020
00f3
00f4
00f5
00f6
0000
e99a
0004
0001
0040
0000
00f3
00f4
00f5
00f6
0000
e99a
0004
0001
0070
0000
00f3
00f4
00f5
00f6
0000
e99a
0004
0001
0040
0000
00eb
00ec
00ed
00ee
0000
e98a
0004
0001
0020
ffe0
00eb
00ec
00ed
00ee
0000
e98a
0000
3620
0002
0000
0000
0000
00ef
00f0
00f1
00f2
0000
e98a
0004
0000
0000
0000
00e7
00e8
00e9
00ea
0000
e98a
0006
0000
0000
0000
00f8
00f9
00fa
0000
0000
e9aa
0004
0000
0000
0000
00fc
00f9
00fa
0000
0000
e9aa
ffff
6924
0002
0000
0000
0000
00fd
00f9
00fa
0000
0000
e9aa
0006
0000
0000
0000
00f8
00f9
00fa
0000
0000
e9aa
0000
3620
0006
0000
0000
0000
00ff
0800
0801
0802
0000
e98a
ffff
6914
0006
0000
0000
0000
0803
0804
0805
0806
0000
e98a
0000
3620
0001
0006
0000
ffe0
00ef
00f0
00f7
00f2
0000
e98a
ffff
6842
0018
0002
0000
0000
00ef
00f0
00f7
00f2
0000
e98a
0000
3620
ffff
6842
0019
0002
0000
0000
00fe
00f9
00fa
0000
0000
e9aa
0000
3620
0006
0002
0000
0000
00ff
0800
0801
0802
0000
e98a
ffff
6914
0006
000b
0000
0000
0803
0804
0805
0806
0000
e98a
0002
0002
0000
0000
00ef
00f0
00f1
00f2
0000
e98a
0002
0002
0000
0000
00e7
00e8
00e9
00ea
0000
e98a
fffe
0012
0002
0003
0040
0020
00e7
00e8
00e9
00ea
0000
e98a
0004
0003
0040
0020
00f3
00f4
00f5
00f6
0000
e99a
0004
0003
0040
0000
00f3
00f4
00f5
00f6
0000
e99a
0004
0003
0070
0000
00f3
00f4
00f5
00f6
0000
e99a
0004
0003
0040
0000
00eb
00ec
00ed
00ee
0000
e98a
0004
0003
0020
ffe0
00eb
00ec
00ed
00ee
0000
e98a
0000
3620
0006
0002
0000
0000
00ff
0800
0801
0802
0000
e98a
ffff
6914
0006
000b
0000
0000
0803
0804
0805
0806
0000
e98a
0002
0002
0000
0000
00ef
00f0
00f1
00f2
0000
e98a
0004
0002
0000
0000
00e7
00e8
00e9
00ea
0000
e98a
0006
0002
0000
0000
00f8
00f9
00fa
0000
0000
e9aa
0004
0002
0000
0000
00fc
00f9
00fa
0000
0000
e9aa
ffff
6924
0002
0002
0000
0000
00fd
00f9
00fa
0000
0000
e9aa
0006
0002
0000
0000
00f8
00f9
00fa
0000
0000
e9aa
0000
3620
0014
0000
0000
0a70
0008
ffc0
0000
0a70
0004
ffc0
000a
0a70
0004
ffd0
0010
0a70
0004
ffe0
0010
0a70
0004
ffd0
0010
0a70
0006
ffd0
0010
0a73
0006
ffe0
0010
0a74
0006
fff0
000a
0a75
0004
0000
0000
0000
0000
0004
0887
0004
0888
0004
1888
0004
1887
0004
0889
0004
1889
0000
39f2
0002
088c
0002
188c
0002
288c
0002
388c
ffff
000c
0887
ffff
000c
0887
0000
39f2
000c
088a
ffff
000c
088a
0000
39f2
000c
088b
ffff
000c
088b
0000
39f2
0006
1826
0828
0005
1827
0829
ffff
0001
1827
0829
0006
1828
0826
0005
1829
0827
ffff
0001
1829
0827
0000
3a4a
0006
1826
0827
0006
1827
0826
0006
1826
0827
0006
1827
0826
0006
1826
0827
0006
1827
0826
0006
1826
0827
0006
1827
0826
0000
3a4a
0006
1826
0827
0006
1827
0826
0000
3aaa
0002
0010
0020
0000
0007
0000
e69a
ffff
0021
0002
0010
0000
0000
0006
0000
e7fe
0001
0014
ffe0
0001
0006
0000
e7fe
0000
26c2
0002
0050
0000
0008
0009
0000
e6fa
ffff
0021
0002
0050
0000
0008
000a
0000
e6fa
0000
28f2
0001
0004
3cf0
fffe
0019
0006
0002
3d10
0022
0001
3d30
fffe
0019
0006
0002
3d10
0011
0002
3cf0
0000
3b10
0001
0004
3d50
fffe
0019
0006
0002
3d70
0022
0001
3d90
fffe
0019
0006
0002
3d70
0011
0002
3d50
0000
3b3a
0001
0004
3db0
fffe
003b
0006
0002
3dd0
0006
0002
3df0
0022
0001
3e10
fffe
003b
0006
0002
3df0
0006
0002
3dd0
0011
0002
3db0
0000
3b64
0001
0004
3e30
fffe
003b
0006
0002
3e50
0006
0002
3e70
0022
0001
3e90
fffe
003b
0006
0002
3e70
0006
0002
3e50
0011
0002
3e30
0000
3b9a
0001
0004
3eb0
fffe
003b
0006
0002
3ed0
0006
0002
3ef0
0022
0001
3f10
fffe
003b
0006
0002
3ef0
0006
0002
3ed0
0011
0002
3eb0
0000
3bd0
0001
0004
3f30
fffe
0019
0006
0002
3f50
0022
0001
3f70
fffe
0019
0006
0002
3f50
0011
0002
3f30
0000
3c06
0001
0004
3f90
fffe
0019
0006
0002
3fb0
0022
0001
3fd0
fffe
0019
0006
0002
3fb0
0011
0002
3f90
0000
3c30
0001
0004
3ff0
fffe
0019
0006
0002
4010
0022
0001
4030
fffe
0019
0006
0002
4010
0011
0002
3ff0
0000
3c5a
0001
0004
4050
fffe
003b
0006
0002
4070
0006
0002
4090
0022
0001
40b0
fffe
003b
0006
0002
4090
0006
0002
4070
0011
0002
4050
0000
3c84
0001
0004
40d0
fffe
003b
0006
0002
40f0
0006
0002
4110
0022
0001
4130
fffe
003b
0006
0002
4110
0006
0002
40f0
0011
0002
40d0
0000
3cba
6731
6931
6631
6831
7131
6a31
7131
6b31
7131
6e31
7131
6e31
7131
6f31
7231
7331
6731
6931
4731
7431
4231
7531
4231
7631
4231
7631
4231
7631
4231
7631
4031
7831
6731
4531
4731
4831
4231
6431
4231
6431
4231
6431
4231
6431
4231
6431
4031
4131
6711
6911
6611
6811
7111
6a11
7111
6b11
7111
6e11
7111
6e11
7111
6f11
7211
7311
6711
6911
4711
7411
4211
7511
4211
7611
4211
7611
4211
7611
4211
7611
4011
7811
6711
4511
4711
4811
4211
6411
4211
6411
4211
6411
4211
6411
4211
6411
4011
4111
a970
aa70
ac70
ab70
ad70
0d30
ad70
0d30
ad70
0d30
ad70
0d30
ae70
b170
af70
b070
b270
b370
ad70
0d30
ad70
0d30
ad70
0d30
b470
0d30
b570
b670
3e71
0930
9671
b870
b270
b370
ad70
0d30
ad70
0d30
c070
c170
3e71
0930
3e71
0930
3e71
0930
9671
b870
b270
bc70
bb70
bd70
3e71
0930
3e71
0930
3e71
0930
3e71
0930
3e71
0930
9671
b870
a960
aa60
ac60
ab60
ad60
0d20
ad60
0d20
ad60
0d20
ad60
0d20
ae60
b160
af60
b060
b260
b360
ad60
0d20
ad60
0d20
ad60
0d20
b460
0d20
b560
b660
3e61
0920
9661
b860
b260
b360
ad60
0d20
ad60
0d20
c060
c160
3e61
0920
3e61
0920
3e61
0920
9661
b860
b260
bc60
bb60
bd60
3e61
0920
3e61
0920
3e61
0920
3e61
0920
3e61
0920
9661
b860
a950
aa50
ac50
ab50
ad50
0d10
ad50
0d10
ad50
0d10
ad50
0d10
ae50
b150
af50
b050
b250
b350
ad50
0d10
ad50
0d10
ad50
0d10
b450
0d10
b550
b650
3e51
0910
9651
b850
b250
b350
ad50
0d10
ad50
0d10
c050
c150
3e51
0910
3e51
0910
3e51
0910
9651
b850
b250
bc50
bb50
bd50
3e51
0910
3e51
0910
3e51
0910
3e51
0910
3e51
0910
9651
b850
9b30
9b30
c373
0d30
c373
0d30
c373
0d30
c373
0d30
c373
0d30
c373
0d30
9c30
9e30
9b30
9b30
c373
0d30
c373
0d30
c373
0d30
c373
0930
c373
0930
c373
0930
9c30
9d30
9b30
9b30
c373
0930
c373
0930
c373
0930
c373
0930
c373
0930
c373
0930
9c30
9d30
1472
1572
1b72
3272
1c72
3372
1d72
3472
2872
347a
2972
337a
2a72
327a
3172
2c72
1472
1572
1b72
3272
1c72
3372
1d72
0930
2872
0930
2972
337a
2a72
327a
3172
2c72
1472
1572
1b72
1a72
1c72
0930
1d72
0930
2872
0930
2972
0930
2a72
0930
3172
2c72
1452
1552
1b52
3252
1c52
3352
1d52
3452
2852
345a
2952
335a
2a52
325a
3152
2c52
1452
1552
1b52
3252
1c52
3352
1d52
0910
2852
0910
2952
335a
2a52
325a
3152
2c52
1452
1552
1b52
1a52
1c52
0910
1d52
0910
2852
0910
2952
0910
2a52
0910
3152
2c52
9472
9172
ac70
ab70
ad70
0d30
ad70
0d30
ad70
0d30
ad70
0d30
ae70
b170
af70
b070
9472
9172
ad70
0d30
ad70
0d30
ad70
0d30
b470
0d30
b570
b670
3e71
0930
9671
b870
9472
9172
ad70
0d30
ad70
0d30
c070
c170
3e71
0930
3e71
0930
3e71
0930
9671
b870
9472
9172
bb70
bd70
3e71
0930
3e71
0930
3e71
0930
3e71
0930
3e71
0930
9671
b870
9452
9152
ac50
ab50
ad50
0d10
ad50
0d10
ad50
0d10
ad50
0d10
ae50
b150
af50
b050
9452
9152
ad50
0d10
ad50
0d10
ad50
0d10
b450
0d10
b550
b650
3e51
0910
9651
b850
9452
9152
ad50
0d10
ad50
0d10
c050
c150
3e51
0910
3e51
0910
3e51
0910
9651
b850
9452
9152
bb50
bd50
3e51
0910
3e51
0910
3e51
0910
3e51
0910
3e51
0910
9651
b850
49f9
0006
094e
082c
0003
0040
6612
286c
0010
b9e8
0010
6708
47eb
0006
4207
4e75
1e3c
ffff
4e75
2468
0010
082a
0000
000b
6608
337c
42f6
001a
6006
337c
42ee
001a
47eb
0006
4207
4e75
0839
0002
0006
0146
661a
0839
0004
0006
0146
6610
0c79
0257
0006
0166
6e06
47eb
0006
4207
4e75
2868
0010
082c
0000
000b
6608
47eb
0008
4207
4e75
0839
0002
0006
0146
66f4
0829
0007
007e
6726
47eb
0006
4207
4e75
0829
0006
003e
6616
0828
0002
0041
660e
4a69
00a6
6708
47eb
0006
4207
4e75
1e3c
ffff
4e75
0829
0006
003e
66f2
4a69
00a4
67ec
47eb
0006
4207
4e75
4a69
00ae
67de
2e28
000c
67d8
2447
082a
0003
0040
66ce
47eb
0006
4207
4e75
4a69
009c
67c0
2469
0010
082a
0000
000b
66b4
47eb
0006
4207
4e75
2868
0010
082c
0000
000b
6606
47eb
0006
4207
4e75
2868
0010
082c
0000
000b
6606
47eb
0006
4207
4e75
0000
45da
0000
49ce
0000
456e
0000
4b0a
0000
44ea
0000
4c48
0000
45f2
0000
49da
0000
462e
0000
4a38
0000
44f6
0000
4c0c
0000
463a
0000
4a64
0000
44de
0000
4c3c
0000
450e
0000
4d0e
0000
4502
0000
4d02
0000
4616
0000
4a98
0000
4622
0000
4a98
0000
44d2
0000
0000
0000
4646
0000
49c2
0000
4652
0000
49b6
0000
4562
0000
4c54
0000
4562
0000
4af8
0000
453e
0000
4c18
0000
451a
0000
4988
0000
480e
0000
4ccc
0000
4526
0000
4c24
0000
45da
0000
4c30
0000
45fe
0000
4cd8
0000
460a
0000
49f2
0000
45e6
0000
49e6
0000
45da
0000
4d1a
0000
477e
0000
4ccc
0000
457a
0000
499a
0000
4586
0000
4cc0
0000
4592
0000
499a
0000
459e
0000
4cc0
0000
45aa
0000
499a
0000
45b6
0000
4cc0
0000
45c2
0000
499a
0000
45ce
0000
4cc0
0000
4466
0000
4b6c
0000
4472
0000
4b6c
0000
447e
0000
4b6c
0000
448a
0000
4b6c
0000
4496
0000
4b6c
0000
44a2
0000
4b6c
0000
44ae
0000
4b6c
0000
44ba
0000
4b6c
0000
44c6
0000
4b6c
0000
45da
0000
0000
0000
463a
0000
0000
0000
4502
0000
0000
0000
44f6
0000
0000
0000
4562
0000
0000
0000
4622
0000
0000
0000
456e
0000
0000
0000
44ea
0000
0000
0000
462e
0000
0000
0000
44de
0000
0000
0000
45fe
0000
0000
0000
472a
0000
0000
0000
457a
0000
0000
0000
451a
0000
0000
0000
4736
0000
0000
0000
4742
0000
0000
da80
dc80
d280
dd80
de80
df80
e180
e380
e480
e580
f280
0980
cf80
c980
ca80
d080
d180
0980
e180
f780
f980
fa80
fb80
0980
0980
da80
ce80
cb80
cc80
0980
cf80
d380
d480
d580
d680
d780
cf80
be80
c680
c780
c880
0980
0980
da80
c580
db80
cd80
0980
e180
f380
f480
f580
f680
0980
0980
0980
0980
0980
0980
0980
c883
c983
ca83
cb83
cc83
cd83
0980
9b81
9c81
1682
fc80
fd80
c981
ca81
cb81
e281
e381
e481
c381
c481
c581
e081
e181
0980
c381
c481
c581
d980
e080
0980
dc81
fe80
1682
fc80
fd80
0980
5681
5881
5981
0982
0a82
0b82
8481
8581
8681
e281
e381
e481
ad81
ae81
d083
d183
d283
d383
0980
0980
4c80
4580
4680
5480
5280
4980
4780
4880
5480
0980
0980
c883
c983
ca83
2580
2680
0980
9b81
9c81
2880
2980
2a80
0980
8481
8581
8681
9180
1180
c381
c481
c581
8681
9180
1180
8481
8581
8681
7a80
8580
8680
c381
c481
c581
7a80
8580
8680
8481
8581
8681
2280
2380
2480
c381
c481
c581
2280
2380
2480
8481
8581
8681
1280
1380
1480
c381
c481
c581
1280
1380
1480
9081
9181
9281
9381
9481
9581
0980
0980
0980
9981
9a81
0980
0980
bd81
be81
bf81
0980
0980
8781
8881
8981
0382
0482
0582
8781
8881
8981
1d80
1e80
1f80
0980
0980
7e81
7f81
8081
0980
0980
7e81
7f81
8081
9981
9a81
0980
8181
8281
8381
0980
0980
0980
8a81
8b81
8c81
9981
9a81
0980
ad81
ae81
c681
c781
c881
0980
bb81
bc81
c681
c781
c881
0000
4736
0000
498e
0000
4742
0000
498e
0000
4532
0000
4994
0000
471e
0000
4994
0000
478a
0000
4994
0000
475a
0000
4994
0000
474e
0000
4994
0000
480e
0000
4994
0000
471e
0000
4ccc
0000
471e
0000
4994
0000
472a
0000
4994
0000
4766
0000
4994
0000
4772
0000
4994
0000
477e
0000
4994
0000
4796
0000
4994
0000
47a2
0000
4994
0000
47ae
0000
4994
0000
47ba
0000
4994
0000
47c6
0000
4994
0000
47d2
0000
4994
0000
47de
0000
4994
0000
4802
0000
4994
0000
47ea
0000
4994
0000
47f6
0000
4994
8481
8581
8681
fd81
fe81
ff81
8481
8581
8681
e581
e681
e781
a481
a381
1082
1182
1282
0980
c081
c181
c281
f381
f481
f581
8481
8581
8681
1382
1482
1582
8481
8581
8681
0082
0182
0282
8481
8581
8681
2880
2980
2a80
8481
8581
8681
0382
0482
0582
8481
8581
8681
0382
0482
0281
8481
8581
8681
1580
1680
1780
8481
8581
8681
ed81
ee81
ef81
8481
8581
8681
f881
f981
fa81
8481
8581
8681
d881
d981
da81
8481
8581
8681
f081
f181
f281
8481
8581
8681
e081
e181
0980
8481
8581
8681
dd81
de81
df81
8481
8581
8681
f681
f781
0980
8481
8581
8681
fb81
fc81
0980
8481
8581
8681
0982
0a82
0b82
8481
8581
8681
0682
0782
0882
8481
8581
8681
d980
e080
0980
41f9
0006
070e
610e
41f9
0006
07ce
6106
41f9
0006
088e
0828
0004
003e
660c
08e8
0002
0040
6704
42a8
0078
2268
000c
42a9
0006
0828
0003
007e
6620
4a68
001e
671a
4a29
0000
6614
0828
0000
007f
670c
3368
0064
0006
3368
0066
0008
4e75
41f9
0006
070e
610e
41f9
0006
07ce
6106
41f9
0006
088e
2268
000c
337c
42e6
001e
337c
42e6
0020
0828
0005
007f
6700
00ac
0839
0000
0006
0145
661e
0828
0000
0041
6600
00a6
2028
003e
0280
0020
0002
6670
0828
0007
007f
670e
0828
0000
007f
6660
42a9
0006
605a
2468
0010
082a
0007
000a
664e
0c68
0002
001c
6646
0828
0006
003e
6616
0828
0005
003e
6636
337c
42d6
001e
337c
42a6
0020
6028
0828
0007
003e
661a
4a68
0094
6706
337c
4336
0020
4a68
0028
6708
337c
42de
001e
6006
337c
42b6
001e
4a69
0006
6606
3369
001e
0006
4a69
0008
6606
3369
0020
0008
4e75
4aa8
00bc
67e0
2368
00bc
0006
4e75
42a9
0006
0828
0000
003e
6708
337c
42fe
001e
60c4
4a68
0092
6e08
337c
4306
001e
60b6
337c
428e
001e
60ae
303c
728e
6010
303c
6f7a
600a
303c
6bc6
6004
303c
5d50
0828
0006
003e
6608
323c
2a54
6000
4ca8
323c
2a86
6000
4ca0
303c
5d12
323c
29f8
6000
4c94
303c
5d0a
323c
29f8
6000
4c88
303c
5c5c
323c
29f8
6000
4c7c
303c
5cbc
323c
29f8
6000
4c70
303c
5c86
323c
29f8
6000
4c64
08e8
0004
003e
6630
4268
003c
317c
7700
0016
3168
0060
0050
08a8
0002
003e
4268
0030
317c
3aba
0018
0828
0006
003e
6706
317c
3aec
0018
4e75
2e3c
0000
0064
6100
49e8
6000
49fc
0828
0006
003e
6622
08e8
0004
003e
661a
3168
0060
0050
08a8
0002
003e
4268
0030
317c
28f2
0018
6100
49d2
4e75
0828
0006
003e
672a
08e8
0004
003e
6622
08a8
0002
003e
4268
0030
6100
49b2
317c
26a6
0018
0828
0007
003e
6606
317c
26b4
0018
4e75
08e8
0004
003e
6656
3168
0060
0050
08a8
0002
003e
4268
0030
0828
0006
003e
6614
317c
2760
0018
3028
0028
6620
317c
27c6
0018
602a
6100
4964
317c
2736
0018
3028
0028
6608
317c
27b8
0018
6012
317c
0027
0028
0828
0004
0046
6604
4468
0028
4e75
6126
6b0c
337c
3252
0018
337c
60b8
0016
4e75
6114
6bfa
337c
32d4
0018
337c
5768
0016
4269
001e
4e75
2028
0078
6740
2240
0c69
001a
001c
6636
2028
003e
c0a9
003e
0800
0000
6728
c149
6100
4a92
c149
08a9
0002
0041
4269
001c
4269
003c
4269
0030
2e29
0038
e387
6100
48ba
4207
4e75
1e3c
ffff
4e75
3e3c
001c
6100
4bde
b4e8
0064
661e
3028
005a
2168
005c
005a
3140
005e
3028
0062
2168
0064
0062
3140
0066
601c
3028
005e
2168
005a
005c
3140
005a
3028
0066
2168
0062
0064
3140
0062
3168
005a
004a
2669
000a
2e2b
0056
0287
0030
0030
3c68
0062
2c6e
0000
4beb
0164
4cd6
0007
8087
8287
8487
48d5
0007
4a68
0030
6b22
5368
0030
6a1c
4df9
0000
4f26
4beb
0056
6100
48e0
4df9
0000
4f38
4beb
0094
6100
48d2
4e75
303c
7112
323c
29f8
6000
4a3e
303c
6592
323c
29f8
6000
4a32
303c
752c
323c
29f8
6000
4a26
303c
7712
323c
29f8
6000
4a1a
303c
65f6
323c
29f8
6000
4a0e
303c
65c2
323c
29f8
6000
4a02
43f9
0006
09b8
08a9
0000
0041
42a9
000c
2869
0010
302c
0010
d079
0000
e316
3340
0024
4269
002a
4269
0030
337c
2f5e
0018
4a69
001e
6e06
337c
3002
0018
0828
0007
0042
6726
08a8
0000
0041
671e
4268
0030
317c
289e
0018
317c
0090
0028
3028
0022
9069
0022
6c04
4468
0028
4e75
303c
6d0e
323c
29f8
6000
498a
303c
6bc6
323c
29f8
6000
497e
08e8
0004
003e
6620
317c
6e02
0016
317c
29c6
0018
3168
0060
0050
08a8
0002
003e
4268
0030
4268
003c
4e75
303c
712e
323c
29f8
6000
4948
303c
75b8
323c
29f8
6000
493c
303c
77c4
323c
29f8
6000
4930
0920
ce23
cf23
0920
d023
d123
d223
d323
0920
ad21
ae21
0920
0920
1823
1723
1623
0b23
0c23
0d23
0e23
0920
0920
3020
1223
d013
d113
d213
d313
5320
511d
1823
1723
1623
1523
1423
1323
511d
511d
511d
511d
511d
511d
511d
511d
511d
2020
2020
2020
2020
2020
2020
2020
2020
2020
2020
2020
2020
0045
5252
4f52
2049
4e20
4247
2052
414d
0042
4720
5241
4d20
4f4b
0042
4f4f
4b4b
4545
5049
4e47
0042
5554
544f
4e53
0043
454e
5445
5200
5553
4520
5448
554d
4220
4255
5454
4f4e
5300
544f
2043
484f
4f53
4520
4348
4152
4143
5445
5200
434f
494e
0050
5245
5353
204c
4546
5420
4255
5454
4f4e
2054
4f20
434f
4e54
494e
5545
0049
4e53
4552
5420
434f
494e
2054
4f20
434f
4e54
494e
5545
0049
4e53
4552
5420
3220
434f
494e
5320
544f
2043
4f4e
5449
4e55
4500
444f
574e
0050
5245
5353
2053
4552
5649
4345
2042
5554
544f
4e00
464f
5220
4e45
5854
2054
4553
5400
4552
524f
5220
494e
2046
4720
5241
4d00
4647
2052
414d
204f
4b00
4741
4d45
204f
5645
5200
494e
5345
5254
2043
4f49
4e00
4a4f
5953
5449
434b
004c
4546
5400
534f
5556
454e
4952
204f
4620
4f4d
4148
4100
494e
5345
5254
2031
204d
4f52
4520
434f
494e
0020
4f4e
004f
4646
0050
4c41
5945
5200
504f
5745
5220
5550
2043
4f4d
504c
4554
4500
5241
4d20
4552
524f
5220
4154
2041
4444
5245
5353
202e
2e2e
2e2e
4800
5249
4748
5400
5343
4f52
4500
5345
5256
4943
4500
2053
5155
4545
5a45
2054
5249
4747
4552
2000
2020
2054
4f20
5354
4152
5420
4741
4d45
2020
2000
5052
4553
5320
4c45
4654
2054
4855
4d42
2042
5554
544f
4e00
5357
4954
4348
2054
4553
5400
5448
4953
2049
5320
5445
5354
2043
4f44
4500
5448
4953
2049
5320
5445
5354
2043
4f44
452c
2054
4f4f
0053
4f20
4953
2054
4849
5300
5448
4520
4752
4545
4e20
4452
4147
4f4e
0054
494c
5400
5452
4947
4745
5200
5452
5920
544f
2043
4c45
4152
2054
4845
2042
4153
4500
4245
464f
5245
2049
5420
5345
4c46
2044
4553
5452
5543
5453
0055
5000
5741
524e
494e
4700
4741
4d45
2054
494d
4520
5045
5220
434f
494e
0054
4f54
414c
2043
4f49
4e53
004f
5054
494f
4e20
5345
5454
494e
4753
0044
4950
2037
2e2e
2e44
4950
2038
2e2e
2e44
4946
4649
4355
4c54
5900
204f
4646
2020
2020
204f
4e20
2020
2020
2020
2045
4153
5920
0020
4f46
4620
2020
2020
4f46
4620
2020
2020
204d
4544
4955
4d00
204f
4e20
2020
2020
204f
4e20
2020
2020
2020
4d45
4449
554d
0020
4f4e
2020
2020
2020
4f46
4620
2020
2020
2020
4841
5244
2000
4449
5020
362e
2e2e
2e2e
2e2e
2e2e
4154
5452
4143
5420
4d55
5349
4300
204f
4646
2020
2020
2020
2020
2020
2020
2045
4e41
424c
4544
2000
204f
4e20
2020
2020
2020
2020
2020
2020
2044
4953
4142
4c45
4400
4449
5020
342e
2e2e
434f
494e
5320
5045
5220
4c49
4645
2055
4e49
5400
204f
4646
2020
2020
2020
2020
2020
2020
2020
2031
2020
2020
2000
204f
4e20
2020
2020
2020
2020
2020
2020
2020
2032
2020
2020
2000
4449
5020
352e
2e2e
2e2e
2e2e
2e2e
2e2e
4c49
4645
2055
4e49
5420
2000
204f
4646
2020
2020
2020
2020
2020
2020
2020
2031
3030
3020
2000
204f
4e20
2020
2020
2020
2020
2020
2020
2020
2032
3030
3020
2000
4449
5020
332e
2e2e
2e2e
2e2e
2e2e
2e2e
4652
4545
2050
4c41
5920
2000
204f
4646
2020
2020
2020
2020
2020
2020
2020
204f
4646
2020
2000
204f
4e20
2020
2020
2020
2020
2020
2020
2020
204f
4e20
2020
2000
4252
4545
4449
4e47
2058
454e
4f46
4f52
4d20
4b49
4c4c
4544
0020
4241
5345
2043
4c45
4152
4544
204f
4620
5845
4e4f
5300
4241
5345
2044
4553
5452
5543
5449
4f4e
204f
5244
4552
4544
0042
4153
4520
4f56
4552
5255
4e20
5749
5448
2058
454e
4f53
0020
2020
204e
4f20
424f
4e55
5320
4157
4152
4445
4420
2020
2000
504f
494e
5453
2050
4552
204b
494c
4c2e
2e2e
2e2e
2e2e
2e2e
0058
454e
4f53
204b
494c
4c45
442e
2e2e
2e2e
2e2e
2e2e
2e2e
2e00
504f
494e
5453
2041
5741
5244
4544
2e2e
2e2e
2e2e
2e2e
2e2e
0048
4541
4c54
4820
424f
4e55
532e
2e2e
2e2e
2e2e
2e2e
3430
3000
4845
414c
5448
2042
4f4e
5553
2e2e
2e2e
2e2e
2e2e
2e32
3030
0020
2020
5452
4143
4b49
4e47
2058
454e
4f46
4f52
4d20
2020
2000
2020
2020
2054
4f20
4e45
4152
4259
2042
4153
4520
2020
2020
0044
4953
5452
4553
5320
5349
474e
414c
2052
4543
4549
5645
4400
2020
2020
4652
4f4d
204e
4541
5242
5920
4241
5345
2020
2020
0020
2020
5641
4c55
4142
4c45
2048
4152
4457
4152
4520
2020
2000
2020
2020
2020
4c45
4654
204f
4e20
4241
5345
2020
2020
2020
0020
2052
4543
4f56
4552
4544
2046
524f
4d20
4241
5345
2020
2000
0000
0000
ffff
ffff
ffff
ffff
0000
0000
0000
0000
0000
6ce0
0000
0000
0000
0001
0001
0730
0410
0070
0000
0000
0000
0000
0000
0000
0001
174e
0000
0000
0001
0000
0000
0000
0000
0000
0004
08c3
08c4
08c5
08c6
0000
0000
0000
ffff
ffff
ffff
ffff
0000
0000
0000
0000
0000
6c7a
0000
0000
0000
0001
0001
0730
0410
0070
0000
0000
0000
0000
0000
0000
0001
174e
0000
0000
0032
0000
0000
0000
0000
0000
0004
08b9
08ba
08bb
08bc
0000
0000
0000
ffff
ffff
ffff
ffff
0000
0000
0000
0000
0000
6c7a
0000
0000
0000
0001
0001
0730
0410
0070
0000
0000
0000
0000
0000
0000
0001
174e
0000
0000
0032
0000
0000
0000
0000
0000
0004
08b9
08bd
08bb
08bc
0000
0000
0000
ffff
ffff
ffff
ffff
0000
0000
0000
0000
0000
6c7a
0000
0000
0000
0001
0001
0730
0410
0070
0000
0000
0000
0000
0000
0000
0001
174e
0000
0000
0032
0000
0000
0000
0000
0000
0004
08ca
08cb
08bb
08bc
0000
0000
0000
ffff
ffff
ffff
ffff
0000
0000
0000
0000
0000
6c7a
0000
0000
0000
0001
0001
0730
0410
0070
0000
0000
0000
0000
0000
0000
0001
174e
0000
0000
0032
0000
0000
0000
0000
0000
0004
08be
08ba
08bb
08bc
0000
0000
0000
ffff
ffff
ffff
ffff
0000
0000
0000
0000
0000
6c7a
0000
0000
0000
0001
0001
0730
0410
0070
0000
0000
0000
0000
0000
0000
0001
174e
0000
0000
0032
0000
0000
0000
0000
0000
0004
08be
08c7
08bb
08bc
0000
0000
0000
ffff
ffff
ffff
ffff
0000
0000
0000
0000
0000
6c7a
0000
0000
0000
0001
0001
0730
0410
0070
0000
0000
0000
0000
0000
0000
0001
174e
0000
0000
0032
0000
0000
0000
0000
0000
0004
08be
08c8
08bb
08bc
0000
0000
0000
ffff
ffff
ffff
ffff
0000
0000
0000
0000
0000
6c7a
0000
0000
0000
0001
0001
0730
0410
0070
0000
0000
0000
0000
0000
0000
0001
174e
0000
0000
0032
0000
0000
0000
0000
0000
0004
08b9
08c8
08bb
08bc
0000
0000
0000
ffff
ffff
ffff
ffff
0000
0000
0000
0000
0000
6c7a
0000
0000
0000
0001
0001
0730
0410
0070
0000
0000
0000
0000
0000
0000
0001
174e
0000
0000
0032
0000
0000
0000
0000
0000
0004
08b9
08c7
08bb
08bc
0000
0000
0000
ffff
ffff
ffff
ffff
0000
0000
0000
0000
0000
6c7a
0000
0000
0000
0001
0001
0730
0410
0070
0000
0000
0000
0000
0000
0000
0001
174e
0000
0000
0032
0000
0000
0000
0000
0000
0004
08b9
08c9
08bb
08bc
0000
0000
0000
ffff
ffff
ffff
ffff
0000
0000
0000
0000
0000
6c7a
0000
0000
0000
0001
0001
0730
0410
0070
0000
0000
0000
0000
0000
0000
0001
174e
0000
0000
0032
0000
0000
0000
0000
0000
0004
08be
08c9
08bb
08bc
0000
08bf
08c0
08c1
08c2
0000
4310
3010
6702
4e75
317c
0007
003c
0828
0004
003f
67f0
2028
000c
67ea
2240
0829
0007
0042
67e0
3e3c
0004
6100
3fee
6000
37de
6702
4e75
6000
4442
67fa
0868
0005
004a
4e75
6702
4e75
317c
578c
0016
317c
000a
003c
4e75
671c
0839
0006
0006
0146
666a
3028
003c
0240
0001
d068
005a
3140
004a
6056
0839
0006
0006
0146
664e
5268
005a
3168
005a
004a
08e8
0002
0040
661c
3e3c
0002
6100
3f84
317c
577a
0016
317c
0064
003c
317c
0001
001e
601e
3e3c
0003
6100
3f68
317c
83b8
0014
317c
33aa
0018
317c
5814
0016
532c
001c
4e75
4268
0016
317c
83b8
0014
317c
33b8
0018
4e75
2248
41f9
0000
e482
6100
4292
6b38
522c
001d
2569
0022
0022
3569
0026
0026
3569
0046
0046
0829
0001
0041
6706
08ea
0001
0041
082a
0004
0046
6704
446a
0028
6100
4124
204a
6002
2049
4e75
6700
4350
3028
005a
3228
003c
e441
9041
3140
004a
4e75
6702
4e75
43f9
0000
e4d0
3029
0028
e340
0868
0004
0046
6602
4440
3140
0028
317c
0014
003c
317c
6182
0016
4e75
6702
4e75
47f9
0000
e482
316b
0014
0014
316b
0028
0028
0828
0004
0046
6704
4468
0028
317c
0008
003c
317c
6720
0016
4e75
6702
4e75
47f9
0000
e522
08a8
0002
003e
317c
367c
0018
4e75
2448
426a
0016
357c
0010
002a
357c
00b3
005a
613e
673a
303c
0040
08aa
0004
0046
3229
0022
926a
0022
6b08
4440
08ea
0004
0046
d069
0022
3540
0022
202a
002c
4840
2540
002c
204b
2008
6a06
41f9
0006
2778
4e75
202a
000c
6734
2240
0829
0007
0042
672a
082a
0004
003f
6722
b5e9
0008
671c
2569
0008
0008
234a
0008
3569
0026
0026
204a
6100
42a0
2448
6100
4006
4e75
6702
4e75
317c
0005
003c
4a68
002a
670e
6b1e
3168
002a
0032
4268
002a
6012
3168
0032
002a
4468
002a
4268
0032
4268
0016
4e75
6708
0868
0007
003f
4e75
4a68
001e
6608
08e8
0003
0041
4e75
02a8
ef7f
fff7
003e
4268
0016
317c
0002
001c
4e75
6702
4e75
317c
0006
003c
0ca8
0000
dc7a
0034
671a
b9f9
0006
095e
6630
2168
005a
004a
3168
005e
004e
4ef9
0000
c2b4
0839
0004
0006
0146
66e4
0c79
0257
0006
0166
6eda
0839
0002
0006
0146
66d0
082c
0006
000a
670a
0839
0003
0006
098e
66be
3028
004a
3168
004c
004a
3168
004e
004c
3140
004e
4ef9
0000
c2b4
4280
41f9
0006
2784
3e3c
002c
41e8
0032
d0a8
001c
51cf
fff6
23c0
0006
3274
4e75
6600
0116
317c
0019
003c
2268
0010
08a8
0003
0040
6628
b3f9
0006
0d60
6700
00fc
b3f9
0006
1042
6700
00f2
b3f9
0006
1324
6700
00e8
b3f9
0006
1606
6700
00de
3028
0022
3228
0024
1e39
0006
0170
0207
0003
6738
0c07
0003
673c
0c07
0002
6716
0ca9
0006
2784
002e
6700
00b0
2269
002e
0441
0500
6028
0ca9
0006
2784
002a
6700
009a
2269
002a
0641
0500
6012
2269
0022
0440
1000
6008
2269
0026
0640
1000
2149
0010
3140
0022
3141
0024
b3f9
0006
0d60
676a
b3f9
0006
1042
6762
b3f9
0006
1324
675a
b3f9
0006
1606
6752
1e39
0006
0173
0207
0003
671c
0c07
0003
671c
0c07
0002
6726
4a29
001e
672e
5329
001e
5229
001f
6024
5229
001c
601e
4a29
001c
6718
5329
001c
5229
001d
600e
4a29
001d
6708
5329
001d
5229
001e
6100
37e4
4e75
0839
0006
0006
0146
6600
00ca
0829
0005
000b
6600
00c0
b3f9
0006
071e
6608
4a79
0006
079a
6624
b3f9
0006
07de
6608
4a79
0006
085a
6614
b3f9
0006
089e
6600
0096
4a79
0006
091a
6700
008c
6100
366c
6600
0084
317c
0018
001e
4243
162a
020b
e343
d768
001e
0c6a
000c
0208
6e68
546a
0208
2639
0006
0174
3429
0012
2229
0014
4268
0046
0839
0005
0006
0172
670e
2229
0018
317c
1000
0046
0642
0040
2003
c081
6604
e39b
60f6
323c
0080
e388
6506
6726
d441
60f6
3142
0022
08a8
0007
003f
4268
004a
317c
7f5c
0014
4268
0030
317c
2f28
0018
4268
0016
4e75
43f9
0006
094e
08e9
0003
0040
66f0
2a69
0010
302c
0010
906d
0010
6b06
3340
0030
602a
4440
3340
0030
6058
2268
0010
0ca9
0006
2784
002a
6726
43f9
0006
094e
08e9
0003
0040
6618
337c
0500
0030
08e9
0005
0041
337c
0010
002a
4269
0032
6034
4e75
43f9
0006
094e
2469
0010
0caa
0006
2784
002e
67ea
08e9
0003
0040
66e2
337c
0500
0030
08e9
0006
0041
337c
fff0
002a
4269
0032
4268
0016
08e9
0000
0041
2e39
0000
dabc
6100
371a
3e3c
0018
6000
3a48
4bf9
0002
1802
6006
4bf9
0002
1702
2e39
0000
dabc
6100
36fa
2268
0010
0869
0000
000b
6100
3510
661c
d5fc
0000
0018
3e3c
0007
4cdd
027f
48d2
027f
d5fc
0000
0040
51cf
fff0
4e75
2468
0078
082a
0003
0041
6600
00b8
0c6a
0018
001c
6600
00ae
2028
003e
222a
003e
b380
0280
0000
0002
6600
009a
08ea
0004
003f
6600
0090
2548
000c
08a8
0001
007e
6100
fba8
677e
264a
202b
0008
6b30
2a4b
2640
0c6b
0018
001c
66ee
377c
7e14
0014
2b6b
0008
0008
277c
ffff
ffff
0008
08ab
0004
003f
42ab
000c
222b
0042
6014
4281
2f0a
226a
0010
6100
3466
6604
536a
0208
245f
357c
7d5a
0014
42aa
0028
356a
0030
002c
426a
0030
266a
0010
202a
0042
4680
c1ab
000c
83ab
000c
206a
000c
2e2a
0038
6100
3608
4e75
2268
0078
0c69
001a
001c
6636
c149
6100
311e
c149
0839
0000
0006
0145
6626
4a68
001e
6720
0829
0006
0040
6616
0868
0004
0046
6708
0668
0060
0022
6006
0468
0060
0022
4e75
337c
0001
003c
4e75
2028
000c
6748
2240
0829
0007
0042
673e
6100
30d0
0839
0000
0006
0145
6630
4a69
001e
672a
3029
0024
906c
0010
0c40
0280
6a0e
337c
0008
002a
317c
0002
002a
4e75
337c
fff8
002a
317c
fffe
002a
4e75
c149
6100
eda0
c149
4e75
ff70
fff0
ff70
ffe0
ff80
ffe0
ff80
ffd0
ff90
ffd0
ff90
ffc0
ffa0
ffc0
ffa0
ffb0
4268
0016
224c
6100
335c
6672
2248
41f9
0000
e434
0c6a
000d
0208
6e06
41f9
0000
e3e6
6100
3bb2
6b54
3e3c
000c
6100
3848
082a
0000
0040
6604
522c
001c
3029
0022
d16a
0022
3569
0024
0024
3569
0026
0026
3569
0046
0046
41f9
0000
5eba
1039
0006
0172
0240
001c
2570
0000
0028
082a
0004
0046
6704
446a
0028
6100
3a24
2049
4e75
6724
0c68
0014
003c
6e5a
0828
0000
003d
660a
3179
0000
e3e2
004a
6008
3179
0000
e430
004a
4e75
45f9
0000
e398
302c
0010
d06a
0024
3140
0024
216a
0038
0038
216a
002c
002c
316a
004a
005a
3168
005a
004a
302a
003c
d039
0006
0173
3140
003c
316a
0016
0016
4e75
670a
4e75
317c
000a
003c
4e75
224c
6100
326e
66ee
082c
0005
000b
66e8
102a
020b
5200
e400
b02a
020a
6fda
522a
020a
4268
003c
317c
60b8
0016
3e3c
002d
6100
3752
317c
81d4
0014
08a8
0007
003f
2f08
082c
0004
000b
6600
009e
41f9
0000
e576
6100
3a90
6b00
0090
4bf9
0000
ff80
1e39
0006
0172
0247
007c
dac7
3415
d46c
0012
3542
0022
3542
0032
342c
0010
082c
0002
000b
6624
082c
0003
000b
660a
0839
0003
0006
0170
6612
d56a
0024
357c
0020
0026
08ea
0006
0040
601e
0642
0600
946a
0024
3542
0024
357c
0040
0026
08ea
0005
0046
08ea
0007
0040
4247
1e39
0006
0171
df6a
003c
0839
0003
0006
0171
6606
08ea
0004
0046
6100
3886
205f
4e75
6702
4e75
317c
001a
001c
08e8
0002
0041
3039
0006
0170
0240
01ff
0640
0064
3140
003c
317c
60e2
0016
4e75
6774
0839
0006
0006
0146
666a
0828
0000
0041
6660
0c68
3270
0018
6e58
1039
0006
0061
e200
6716
0c00
0001
6708
43f9
0006
088e
600e
43f9
0006
07ce
6006
43f9
0006
070e
2469
0010
b5e8
0010
6628
3228
0046
0881
000c
3028
0022
9069
0022
6a06
4440
08c1
000c
0c40
0140
6e0a
317c
3270
0018
3141
0046
4e75
224c
6100
30e2
6604
532a
020a
08a8
0002
0041
4268
001c
4268
0030
317c
3210
0018
317c
5768
0016
6000
3454
6702
4e75
08e8
0002
0041
6610
317c
0002
003c
3e3c
0017
6100
35b6
4e75
43f9
0000
e4d0
3169
0028
0028
e1e8
0028
217c
0030
0050
002c
0828
0004
0046
6704
4468
0028
0668
0050
0024
08e8
0004
0040
3039
0006
0172
0240
003f
0640
0064
3140
003c
317c
61ee
0016
317c
82ea
0014
4e75
670a
4e75
317c
0005
003c
4e75
4a68
002a
66f2
43f9
0000
e4d0
3029
0024
906c
0010
b068
0024
6ede
3169
0028
0028
217c
00b0
00a0
002c
0828
0004
0046
6704
4468
0028
0468
0050
0024
08a8
0002
0041
08a8
0004
0040
3039
0006
0172
0240
002f
0640
0064
3140
003c
317c
6182
0016
317c
7ae8
0014
4e75
0468
00c0
0024
317c
626e
0016
4e75
0668
0040
0024
4268
0016
4e75
6622
317c
0028
003c
3028
005a
b068
004a
660e
5640
3140
004a
0868
0004
0046
6004
3140
004a
4e75
6702
4e75
2268
000c
1e3c
0027
6100
2c40
660e
317c
0064
003c
317c
62f6
0016
4e75
317c
003c
003c
4e75
6702
4e75
2268
000c
1e3c
0017
6100
2c18
662a
08a8
0002
007e
217c
0000
d884
0010
317c
0014
003c
317c
62f6
0016
4e75
6702
4e75
0839
0006
0006
0146
6708
317c
000a
003c
4e75
0828
0002
007e
6600
00d0
4ab9
0006
0184
66e6
0839
0007
0006
0147
66dc
0839
0001
0006
0146
6600
0086
2f08
2f0c
6100
5802
285f
41f9
0006
0a22
6100
38c6
45f9
0006
0a22
2079
0006
015a
6100
37ba
286c
0022
254c
0010
302c
0012
0640
0780
d16a
0022
302c
0010
d16a
0024
6100
35c2
357c
0030
0028
357c
002d
003c
357c
642e
0016
08f9
0007
0006
0147
41f9
0006
0a8c
2479
0006
015e
6100
320c
08f9
0006
0006
0145
33fc
0010
0006
0b1e
205f
6000
ff4e
0839
0006
0006
0145
6600
ff42
2268
000c
1e3c
008b
6100
2b20
6600
ff32
237c
ffff
ffff
0022
08e8
0003
007f
4e75
0839
0006
0006
0146
6600
ff16
2268
000c
1e3c
0027
6100
2af4
6600
ff06
0828
0000
003f
6612
0828
0001
003f
6614
237c
0000
d726
0022
4e75
237c
0000
d6c2
0022
4e75
237c
0000
d6f4
0022
4e75
6702
4e75
3028
0028
6744
4279
0006
0b1e
4268
0028
317c
0064
003c
4a40
6b1e
2f08
41f9
0006
0a8c
2479
0006
015e
6100
3150
08f9
0006
0006
0145
205f
4e75
08b9
0001
0006
0146
08b9
0006
0006
0146
4e75
08b9
0007
0006
0147
6708
317c
0064
003c
4e75
08e8
0004
0041
4e75
6702
4e75
317c
001e
003c
224c
6100
2d9a
66f0
3028
0034
45f2
0000
0839
0004
0006
0146
6600
00ac
0c79
0257
0006
0166
6e00
00a0
0c79
000a
0006
0166
6f1e
4cf9
000c
0000
4d26
48ea
000c
0000
4cf9
000c
0000
4d2e
48ea
000c
0080
602a
4cf9
000c
0000
4d2e
4cf9
0030
0000
4d56
0839
0000
0006
0167
6604
c544
c745
48ea
000c
0000
48ea
0030
0080
4280
3039
0006
0166
80fc
003c
e140
d068
005a
3140
004a
4840
0280
0000
ffff
80fc
000a
e140
d068
005e
3140
004e
4840
0280
0000
ffff
e140
d068
0060
3140
0050
4ce8
000c
004a
48ea
000c
0040
4e75
4cf9
000c
0000
4d2e
48ea
000c
0000
4cf9
000c
0000
4d36
48ea
000c
0040
4cf9
000c
0000
4d80
48ea
000c
0080
4e75
0839
0002
0006
0146
6624
08f9
0004
0006
0146
661a
33fc
012c
0006
0168
3e3c
0036
6100
319c
2e39
0000
dabc
6100
2e5c
4e75
0839
0002
0006
0146
6628
08f9
0005
0006
0145
33fc
000b
0006
0166
4279
0006
0168
3e3c
001d
6100
3168
2e3c
0000
01f4
6100
2e28
4e75
2f08
2068
0078
0c68
0010
001c
6618
3e3c
0016
6100
3146
6100
2eda
205f
2e3c
0000
03e8
6000
2e00
205f
4e75
317c
0001
003c
0839
0006
0006
0146
6700
0092
224c
6100
2c08
6600
0088
0839
0005
0006
078d
6714
082a
0000
0205
6700
0074
4a39
0006
069c
6600
006a
0839
0005
0006
084d
6714
082a
0001
0205
6700
0056
4a39
0006
06c2
6600
004c
0839
0005
0006
090d
6714
082a
0002
0205
6700
0038
4a39
0006
06e8
6600
002e
4268
0016
08b9
0000
0006
0145
08f9
0001
0006
0145
0839
0002
0006
0146
6710
317c
34ea
0018
3e3c
007f
6100
3090
4e75
317c
ffd0
0028
317c
002d
003c
317c
642e
0016
2f08
41f9
0006
0a8c
45f9
0000
5390
6100
2ec6
33fc
fff0
0006
0b1e
205f
4e75
2168
0030
0028
317c
5768
0016
4e75
6702
4e75
2028
000c
6710
2240
0829
0007
0042
6706
08a9
0001
007e
6000
3492
6702
4e75
317c
0064
003c
4e75
6702
4e75
4268
0028
3e3c
00e9
6100
3016
317c
3578
0018
317c
674a
0016
4e75
2f08
224c
6100
2aee
667e
4240
102a
020b
41f9
0000
ebd0
0c40
000f
6f1e
41f9
0000
eb82
0c40
0017
6f12
41f9
0000
eae6
0c40
001b
6f06
41f9
0000
eb34
6100
332a
205f
6b48
2568
0022
0022
356a
0026
0026
066a
0040
0024
066a
0010
0026
357c
0020
0028
357c
0020
002a
0839
0001
0006
0171
6704
446a
0028
2f08
6100
3176
205f
224a
6100
2b58
317c
67dc
0016
4e75
317c
358e
0018
4e75
0839
0002
0006
0170
660e
08e8
0004
0046
317c
0010
0028
600c
08a8
0004
0046
317c
fff0
0028
3e3c
0032
6100
2f4a
4268
0016
4e75
6702
4e75
3168
0032
0028
1039
0006
0171
0240
003f
0640
0064
3140
003c
317c
672c
0016
3e3c
0032
6100
2f1a
4e75
384c
3920
3820
38f4
224c
6100
29f8
6600
00a0
6100
2a20
0247
001f
de2a
020b
0828
0001
003e
6640
0c47
000a
6f00
0084
0c47
000d
6f00
007e
0c47
000f
6f00
0086
0c47
0014
6f00
0086
0c47
001a
6f00
0086
1039
0006
0061
e300
0240
000c
43f9
0000
da78
2271
0000
6014
2028
000c
6744
42a8
000c
2240
0829
0007
0042
6736
b9e9
0010
6630
3028
0022
9069
0022
43f9
0000
683a
3228
0046
e741
b141
6a04
43e9
0004
4a40
6a02
4440
0c40
0640
6d04
43e9
0002
3151
0018
4e75
082c
0005
000b
6610
317c
37a4
0018
4e75
317c
35b8
0018
4e75
317c
367c
0018
4e75
317c
3724
0018
4e75
3e3c
006e
6100
2e36
0868
0004
0046
4e75
2f08
224c
6100
2914
6672
4241
122a
020b
41f9
0000
df8a
6100
3174
205f
6b5e
3e3c
001f
6100
2e08
e241
d36a
003c
3028
0022
322a
0028
3568
0046
0046
4242
082a
0004
0046
6708
d06a
0022
4441
6004
906a
0022
3540
0022
3541
0028
357c
fff6
002a
3028
0024
d042
d06a
0024
d068
0026
3540
0024
3568
0026
0026
2248
6100
2fda
4e75
4a68
0028
6708
3e3c
00e9
6100
2da2
6000
31fe
6702
4e75
2668
000c
266b
000a
317c
000c
003c
317c
6a2c
0016
0839
0003
0006
0145
6626
0839
0004
0006
0145
661c
317c
000c
003c
317c
6ab4
0016
4beb
0048
4df9
0000
4d80
4247
6100
2ae0
4beb
00c8
4df9
0000
4d80
4247
6100
2ad0
4beb
0108
4df9
0000
4d80
4247
6100
2ac0
4beb
0148
4df9
0000
4d80
4247
6000
2ab0
6702
4e75
3e3c
001c
6100
2d1a
2668
000c
266b
000a
317c
004b
003c
317c
6a7c
0016
0839
0003
0006
0145
670c
4df9
0000
52af
323c
0190
600a
4df9
0000
52c8
323c
00c8
6100
2bd2
4beb
00c8
3e28
0034
6000
2a60
6702
4e75
2668
000c
266b
000a
317c
000c
003c
317c
6ab4
0016
4beb
0048
4df9
0000
4d80
4247
6100
2a38
4beb
00c8
4df9
0000
4d80
4247
6000
2a28
6702
4e75
3e3c
001c
6100
2c92
2668
000c
266b
000a
4beb
0048
4df9
0000
5345
3e28
0034
6100
2a02
45e8
0092
303c
000f
4a5a
662c
51c8
fffa
317c
004b
003c
317c
62c8
0016
4beb
0088
4df9
0000
535e
6100
29d8
4beb
0108
4df9
0000
524b
6000
29ca
4beb
0088
4df9
0000
5377
6100
29bc
317c
0300
0030
4268
00b2
3168
0092
00b4
317c
000a
003c
317c
6e68
0016
4e75
6702
4e75
2668
000c
266b
000a
317c
000c
003c
317c
6b86
0016
4beb
0048
4df9
0000
4d80
4247
6100
2976
4beb
0088
4df9
0000
4d80
4247
6100
2966
4beb
0108
4df9
0000
4d80
4247
6000
2956
6702
4e75
3e3c
001c
6100
2bc0
2668
000c
266b
000a
317c
004b
003c
317c
62c8
0016
08a8
0002
007e
4df9
0000
5313
4beb
00c8
3e28
0034
6100
291e
4beb
0108
6000
2916
2268
0078
0c69
001e
001c
6600
00a6
2028
003e
2229
003e
b380
0280
0000
0002
6600
0092
2029
0042
4680
0800
0003
6608
08ec
0007
000b
6012
c1ac
000c
4269
001c
08e9
0004
0041
4268
0016
45e8
0092
e348
6406
6720
544a
60f6
0829
0002
0041
6612
0829
0000
0041
6706
08ac
0000
000b
5252
6002
5652
2e29
0038
6100
27dc
3228
003e
0241
0007
d269
0048
e341
3231
104a
2029
0022
2f08
41f9
0000
f6a6
6100
2e50
6b12
2540
0022
066a
0050
0024
3541
004a
6100
2cc4
205f
4e75
6718
4ab9
0006
0184
6704
5268
003c
4e75
205f
317c
000a
003c
4e75
0839
0006
0006
0146
6634
2179
0000
572c
004a
2179
0000
5730
004e
2f08
41f9
0000
f5f4
6100
2df8
6bce
302c
0012
d16a
0022
302c
0010
d16a
0024
6100
2c6a
205f
317c
0001
003c
317c
6ce0
0016
4e75
317c
0001
003c
4ab9
0006
0184
660e
224c
6100
254c
6706
08e8
0004
0041
4e75
6702
4e75
317c
0032
003c
4468
002a
4e75
2668
0078
082b
0000
0043
6740
6100
2634
6b3a
08e9
0004
0041
4269
0048
3e3c
0013
6100
2a20
2e3c
0000
01f4
6100
26e0
3039
0006
0170
0240
003f
0640
0020
3740
003c
377c
6d7c
0016
2769
0042
0034
4e75
2168
0030
0028
317c
6d6a
0016
4e75
6700
e9fc
0868
0004
0046
0868
0005
0046
4e75
6702
4e75
2f08
4bf9
0000
e9e6
241d
2e28
0034
6768
6a04
4a82
6606
241d
e38f
60f2
2042
6100
2d10
6b54
3e3c
0013
6100
29a6
2057
42a8
0034
4268
0016
2568
0022
0022
357c
0040
0026
066a
00a0
0024
1039
0006
0170
0240
000f
0640
0020
3540
0028
357c
0020
002a
0839
0001
0006
0171
6704
446a
0028
6100
2b48
224a
6100
252c
205f
317c
000a
003c
4e75
2648
4a68
0094
675c
41f9
0000
f484
6100
2c9e
204b
6b4e
5368
0094
2568
0022
0022
3568
0026
0026
3568
0046
0046
066a
0060
0024
303c
ff20
082a
0004
0046
6706
446a
0028
4440
d16a
0022
2548
000c
202a
0042
81ac
000c
2248
6100
2b1e
2e3c
0000
01f4
6100
25b6
4e75
6702
4e75
3028
00b2
4a68
00b4
6f00
0094
2248
e340
41f9
0000
ea26
0829
0000
00b5
6718
0cb0
0000
ec6c
0000
670e
0cb0
0000
ed7e
0000
6704
41e8
0080
2070
0000
6100
2c08
2049
6b46
303c
0240
d06c
0010
3540
0024
3028
0030
d06c
0012
3540
0022
2548
000c
357c
0014
003c
357c
6f32
0016
6100
2aa0
5368
00b4
3e3c
001c
6100
286c
0668
0140
0030
0c68
0d00
0030
6e08
317c
0007
003c
4e75
317c
0300
0030
317c
001b
003c
4e75
5440
0c40
0020
6c12
3140
00b2
43e8
0092
3171
0000
00b4
6000
ff4e
317c
0022
003c
317c
62c8
0016
4e75
670c
4e75
0000
02c8
02c4
0000
02cc
3e3c
0022
6100
280a
2668
000c
43f9
0000
6f36
322b
003e
0241
0007
e341
3171
1000
004a
317c
0007
003c
317c
5768
0016
217c
0000
03e8
0038
6000
2474
2268
0078
0c69
001e
001c
6600
0070
2028
003e
2229
003e
b380
0280
0000
0002
665c
4269
001c
08e9
0004
0041
4268
0016
2029
0042
4680
c1ac
000c
2e29
0038
6100
2462
3229
001e
6100
2680
3228
003e
0241
0007
e341
3231
104c
2029
0022
2f08
41f9
0000
f6a6
6100
2ad2
6b12
2540
0022
066a
0050
0024
3541
004a
6100
2946
205f
4e75
6702
4e75
317c
0014
003c
224c
6100
2238
665a
2028
004a
2168
004e
004a
2140
004e
2540
0094
0828
0002
0041
6642
1039
0006
0170
0200
0003
6634
2248
41f9
0000
f748
6100
2a76
2049
6b24
2569
0022
0022
3569
0026
0026
3569
0046
0046
3039
0006
0172
0240
001f
d16a
003c
6100
2916
4e75
0828
0000
0041
6638
2248
41f9
0000
edd4
6100
2a38
2049
6b28
08e9
0000
0041
2569
0022
0022
3569
0026
0026
066a
0020
0022
046a
0070
0024
357c
4356
001a
6100
28d4
4e75
6710
0868
0005
0046
4e75
317c
000a
003c
4e75
2248
41f9
0000
f484
6100
29ec
2049
6be8
2569
0022
0022
3569
0026
0026
0839
0004
0006
0171
6704
446a
0028
357c
0030
002a
303c
0008
1239
0006
0173
0241
0007
9041
3540
003c
202a
0042
81ac
000c
6100
2870
08e9
0004
0041
4e75
2028
0078
6714
2240
0c69
0010
001c
660a
08e9
0002
0041
42a8
0078
4e75
6100
2302
3e3c
0001
6100
2618
08e8
0007
007f
08e8
0005
007e
117c
0019
003e
4268
0030
317c
2d50
0018
317c
83f0
0014
217c
0000
e7ba
0034
2168
0034
0084
4268
0016
42a8
0028
4268
001c
4268
004a
4268
0058
3039
0000
dca4
d06c
0010
3140
0024
4e75
670a
4e75
317c
000a
003c
4e75
2268
000c
4a29
0000
66ee
4268
0030
317c
83f0
0014
317c
2aca
0018
117c
0019
003e
08e8
0006
007e
082c
0006
000a
6706
0668
0380
0022
302c
0010
d168
0024
302c
0012
d168
0022
4e75
6702
4e75
317c
001e
003c
224c
6100
2050
667c
082c
0000
000b
6600
f2ae
3028
0034
4cf9
000c
0000
4d4e
48f2
000c
0000
4281
3239
0006
0156
9279
0006
079e
9279
0006
085e
9279
0006
091e
6f20
c2fc
0064
82f9
0006
0156
2f0a
45f2
0000
2e3c
0020
0020
363c
0930
6100
2332
245f
0640
0040
4cf9
000c
0000
4d3e
48f2
000c
0000
0640
0040
4cf9
000c
0000
4d46
48f2
000c
0000
4e75
6702
4e75
317c
0006
003c
2028
005a
4840
2140
005a
3140
004a
4ef9
0000
c2b4
2268
0078
0c69
001e
001c
667c
2028
003e
2229
003e
b380
0280
0000
0002
666a
4269
001c
08e9
0004
0041
4268
0016
08e8
0007
007e
2e29
0038
6100
2154
3228
003e
0241
0007
e341
3231
104c
2029
0022
2f08
41f9
0000
f6a6
6100
27cc
6b12
2540
0022
066a
0050
0024
3541
004a
6100
2640
205f
08ac
0006
000b
6100
2424
0cac
0000
ce6e
0004
67f2
08ec
0006
000b
4e75
6702
4e75
08a8
0000
0041
6600
00a8
3228
0024
926c
0010
0828
0003
0040
6658
1039
0006
0061
e300
0240
000c
43f9
0000
da78
2271
0000
b9e9
0010
6600
00c4
08a8
0002
0040
08a8
0004
0046
3029
0024
906c
0010
0640
00f0
b041
6c06
08e8
0006
0041
3029
0022
b068
0022
6f4c
08e8
0002
0040
08e8
0004
0046
603e
3039
0006
0170
0240
0003
667c
0c41
0280
6f06
08e8
0006
0041
08a8
0002
0040
08a8
0004
0046
3029
0022
906c
0012
0c40
0800
6e0c
08e8
0002
0040
08e8
0004
0046
42a8
0028
08e8
0002
0041
43f9
0000
3a2e
0828
0006
0041
6614
43f9
0000
3a3c
0828
0005
0041
6606
43f9
0000
3a20
4268
0030
3149
0018
08a8
0004
0046
0828
0002
0040
6706
08e8
0004
0046
4e75
317c
000a
003c
4e75
317c
0001
003c
5268
0030
4241
2248
41f9
0000
f9c8
0829
0003
0040
670a
323c
0001
41f9
0000
e076
6100
266a
2049
6b00
0086
47f9
0000
fa66
3e1b
de41
6100
22f6
2568
0022
0022
3568
0026
0026
3568
0046
0046
08a8
0005
0041
670c
47eb
000c
356a
004e
004a
6018
08a8
0006
0041
6710
47eb
0018
356a
004e
004a
08ea
0005
0046
301b
321b
d36a
0024
255b
0030
255b
002c
082a
0004
0046
6706
4440
446a
0030
d16a
0022
6100
24ba
317c
000a
003c
317c
7318
0016
08a8
0002
0041
4e75
6710
2028
000c
6708
2240
4a69
001c
672a
4e75
317c
0006
003c
2028
000c
6720
2240
4a69
001c
6714
0829
0003
0040
6610
2028
0060
4840
2140
0060
6008
42a8
000c
3028
0064
224c
6100
1d24
66c6
2268
0034
3211
3580
1002
6000
4d8a
2268
0078
4268
0016
2029
000c
6710
2440
08ea
0003
0040
2e29
0038
6100
1ed2
4e75
6702
4e75
317c
0006
003c
082c
0000
000b
661a
08a8
0000
0041
2028
005a
4840
2140
005a
3140
004a
4ef9
0000
c2b4
0828
0000
0041
662a
2248
41f9
0000
fa8c
6100
2526
2049
6b1a
08e9
0000
0041
3029
0022
d16a
0022
3029
0024
d16a
0024
6100
23d0
317c
e230
004a
4eb9
0000
c2b4
4e75
4a68
009c
670a
5368
009c
08ec
0000
000b
4e75
0b84
1b84
2b84
3b84
6702
4e75
317c
0005
003c
082c
0000
000b
662a
43f9
0000
75ca
1039
0006
0170
0240
0006
3171
0000
004a
317c
002c
001c
203c
0007
0000
4680
c1a8
003e
4e75
4268
004a
4268
001c
4e75
082c
0005
000b
6646
2248
41f9
0000
fc52
6100
2486
2049
6b28
2569
0022
0022
3569
0026
0026
046a
0080
0024
303c
0080
0c69
1829
004a
6602
4440
d16a
0022
6000
2322
317c
0002
0030
317c
0001
003c
4e75
317c
3aaa
0018
317c
00c8
003c
317c
767a
0016
4e75
6702
4e75
317c
3a4a
0018
317c
7618
0016
4e75
08a8
0000
0041
4e75
6702
4e75
317c
0006
003c
224c
6100
1b9c
6640
2268
0034
3019
6608
43f9
0000
fd38
3019
47f2
0000
4cf9
001e
0000
4d60
48d3
001e
3019
47f2
0000
4cf9
001e
0000
4d70
48d3
001e
3019
47f2
0000
48d3
001e
2149
0034
4e75
08e8
0002
0040
4268
0016
4e75
08a8
0002
0040
4268
0016
4e75
4268
0016
2e3c
0000
0064
6100
1d0e
6000
1d22
4268
0016
082c
0007
000a
663c
2028
0078
6736
2240
0c69
0010
001c
662c
2e29
0038
6100
1ce6
08ec
0000
000b
337c
0096
003c
2f08
2049
2168
005a
004a
3168
005e
004e
4eb9
0000
c2b4
205f
4e75
6702
4e75
317c
0006
003c
08ac
0000
000b
3028
004a
3168
004c
004a
3168
004e
004c
3140
004e
4ef9
0000
c2b4
6702
4e75
317c
0006
003c
082c
0000
000b
661a
3028
004a
3168
004c
004a
3168
004e
004c
3140
004e
4ef9
0000
c2b4
2168
005a
004a
3168
005e
004e
4ef9
0000
c2b4
4268
0016
2028
0078
6718
2240
0c69
0010
001c
660e
08ec
0000
000b
2e29
0038
6100
1c36
4e75
6726
3028
003c
80fc
0006
4840
4a40
6676
224c
6100
1a42
666e
0868
0001
0031
3028
0030
3230
004a
603a
317c
0001
003c
08a8
0000
0041
661a
082c
0000
000b
6748
4268
0030
08e8
0000
0041
317c
001e
003c
6036
08ac
0000
000b
224c
6100
19fc
6628
3228
004a
2268
0034
3019
0640
000e
3c3c
0006
0640
0032
3e3c
0006
3581
0000
5440
51cf
fff8
51ce
ffec
4e75
43f9
0000
43e6
323c
00bc
4a68
003c
665a
2028
000c
6736
2640
082b
0007
0042
672c
4aab
00bc
6726
4ab9
0006
0184
6624
317c
002b
003c
3028
0030
43f1
0000
3789
1000
5040
0240
0038
3140
0030
4e75
4268
0016
4e75
317c
0001
003c
4e75
43f9
0000
4426
323c
00be
4a68
003c
67a6
7000
3028
003c
80fc
0006
4840
4a40
6616
4ce8
0003
004a
3168
0052
004a
48e8
0003
004c
6100
49b6
4e75
2228
000c
671e
2641
082b
0007
0042
6714
322b
002e
302b
0024
9068
0024
6b1c
b240
6318
6012
2668
0010
3228
0024
926b
0010
0c41
0200
6204
4268
002a
4e75
2668
0010
0828
0003
0040
665c
3028
0024
906b
0010
0c40
0170
624e
316b
0010
0024
0668
0170
0024
47f9
0000
e482
316b
0046
0046
216b
002c
002c
42a8
0028
4268
0030
4268
0014
0839
0003
0006
0170
6606
0868
0004
0046
317c
00b5
004a
317c
0005
003c
317c
58a0
0016
6032
5268
0030
0268
0003
0030
3028
0030
3228
0046
0241
cfff
0c40
0002
6d04
0041
3000
3141
0046
e340
0240
0002
d068
005a
3140
004a
4e75
3028
0022
0828
0004
003f
661a
0839
0007
0006
0146
667e
2268
0010
08a9
0001
000b
6600
00a2
605c
3028
002a
674a
d168
0032
2039
0006
0170
0240
0030
6726
323c
0160
2028
000c
673c
2240
0829
0007
0042
6732
0829
0006
003e
6704
323c
0080
b268
0032
6e1c
4268
002a
4240
317c
0001
003c
317c
573a
0016
600c
3039
0006
0170
6004
3028
0024
0240
0020
ea40
d068
005a
3140
004a
6000
1802
317c
33b8
0018
4268
0016
4268
003c
4268
001c
4268
0030
42a8
0028
317c
83b8
0014
4e75
317c
339a
0018
317c
626e
0016
60da
6100
179e
6642
0c6a
000d
0208
6eb0
526a
0208
317c
0002
0048
317c
85c4
0014
317c
3110
0018
42a8
0028
4268
0030
08a8
0004
0040
217c
0000
e97e
0034
317c
000c
001c
5329
001c
5229
001e
4e75
0839
0007
0006
0146
669e
0828
0002
0041
6624
4a68
0028
671c
3028
0022
0240
0020
e840
3200
d068
005a
3140
004a
d268
005c
3141
004c
4e75
317c
080f
004a
317c
0810
004c
4e75
3028
0028
6700
0014
6a02
4440
d168
0030
3028
0030
0c40
0200
6506
4268
0030
4240
ec48
0880
0002
d068
005a
3140
004a
4e75
3028
002a
6700
002a
6a02
4440
d168
0032
3028
0032
b068
0030
6516
4268
002a
4268
0032
08a8
0005
0041
08a8
0006
0041
6010
0828
0005
0041
661e
0828
0006
0041
6616
0828
0003
0040
670e
4ab9
0006
0184
6606
08a8
0003
0040
4e75
3028
0022
0240
0020
ea40
d068
005a
3140
004a
4e75
08a8
0007
007f
0828
0002
003e
6600
00e6
5368
0030
6e00
00de
3268
0018
3159
0030
6e14
6b04
3259
60f4
3e19
6100
1b5c
317c
0001
003c
60e6
3619
1143
003e
0803
0008
6600
0020
0828
0003
003e
6720
3019
6b0a
d068
0060
3140
0050
6016
317c
081b
0050
600e
2159
004a
2159
004e
602e
3159
002a
0828
0000
003e
670a
3168
0050
004a
4268
0050
2468
00b6
3019
e340
3172
0000
004c
3019
e340
3172
0000
004e
2019
3149
0018
b0a8
0084
6708
2140
0084
2140
0034
0803
0008
662c
0c80
0000
e7ee
660e
3168
004a
0050
3168
005a
004a
6016
0c80
0000
e7be
660e
3028
004a
2168
004c
004a
3140
004e
0828
0001
003e
670c
0828
0005
003f
6604
4268
0028
43f9
0000
dc80
2169
002c
002c
0828
0003
0040
6678
0828
0001
0041
670c
3039
0006
0972
0440
02f0
6008
2268
0010
3029
0010
0828
0007
003e
6636
0828
0006
003e
6634
0640
0270
b068
0024
6d42
3140
0024
08a8
0005
003e
0828
0000
0041
6640
4a68
002a
6a3a
08a8
0002
003e
4268
002a
602e
e1e8
002c
6004
e0e8
002c
e0e8
002e
08a8
0005
003e
0640
0130
3140
0024
6010
08e8
0005
003e
3028
002c
e440
9168
002c
4e75
0828
0004
003f
6700
00a2
2028
000c
6700
009a
2240
0829
0007
0042
6700
008e
2169
0010
0010
2169
0022
0022
0829
0000
003e
6672
0829
0007
003f
666a
0829
0005
003f
6606
08a8
0007
003f
3169
0046
0046
2469
0034
301a
321a
3428
005a
0829
0005
0041
6614
0829
0006
0041
6618
0640
0010
0641
0080
5242
6016
0640
0020
0641
00e0
5442
600a
0640
0010
0641
0020
5642
0828
0004
0046
6702
4440
d168
0022
d368
0024
3142
004a
6006
08e8
0007
003f
2268
0010
6100
1434
6604
522a
020c
4e75
08a8
0007
003f
2268
0010
3029
0010
0640
00f0
317c
ffe0
002a
b068
0024
6a68
60d0
3028
0024
9069
0010
0c40
03c0
6d06
08a8
0003
0040
4e75
08a8
0007
003f
2268
0010
0828
0003
0040
66d8
3029
0010
0640
00f0
b068
0024
6a30
3268
0018
3019
6606
327c
2ee6
3019
3149
0018
d068
005a
08a8
0004
0046
4a68
0028
6b06
08e8
0004
0046
3140
004a
6000
ff6c
3168
002c
0030
317c
00a0
002c
3140
0024
3168
005a
004a
42a8
0028
4268
0016
3028
0022
9069
0012
0c40
0240
6d2c
0c40
0dc0
6e26
0829
0006
000a
670c
0c40
05c0
6d06
0c40
0a40
6d12
3e3c
0013
6100
186a
317c
7e04
0014
6000
ff14
3e3c
002c
6100
1858
2028
0042
4680
c1a9
000c
08e8
0004
0041
2849
2248
41f9
0000
e166
6100
1b9a
6b16
2569
0022
0022
3569
0026
0026
066a
0040
0024
6100
1a4a
2049
4e75
5368
0030
6e20
3268
0018
3159
0030
6a08
08e8
0004
0041
600e
3019
d068
005a
3140
004a
3149
0018
4e75
5368
0030
6e6c
3268
0018
3159
0030
6e50
671c
0c68
fffe
0030
670c
317c
0001
003c
3159
0016
60e4
3e19
6100
17ca
60dc
3019
6704
3240
60d4
08e8
0007
003f
317c
00c8
003c
317c
5a6c
0016
4268
004a
4268
0014
2268
0010
6100
128c
6616
556a
0208
6010
2159
004a
2159
004e
2159
0034
3149
0018
4e75
0828
0000
0041
6600
0106
4a68
001e
6f00
00fc
4a68
004c
6700
00f4
2268
0010
6100
1250
6600
00e8
4241
122a
020b
eb41
0641
0200
2849
1039
0006
0061
e300
0240
000c
43f9
0000
da78
2271
0000
4aa9
0078
6600
00bc
0829
0000
0041
6600
00b2
0829
0005
003f
6600
00a8
0829
0003
0040
6600
009e
0829
0001
0041
6600
0094
b9e9
0010
6600
008c
3429
0028
6700
0084
3628
0046
3028
0022
9069
0022
6c06
4440
4442
4643
b041
6e6a
0803
000c
6664
4a42
6b60
2f08
2049
6100
13b2
6100
12cc
6b0a
337c
fff0
002a
6100
127e
2248
205f
08e8
0000
0041
08e9
0000
0041
08a8
0002
0041
4268
003c
2149
000c
42a9
0028
4269
0030
08a9
0002
003e
08a9
0003
0040
08e9
0004
003e
337c
262e
0018
4268
0030
317c
30d6
0018
4e75
0828
0002
0041
6630
2248
2868
0010
41f9
0000
e344
6100
19be
2049
6b1c
2568
0022
0022
3568
0026
0026
3568
0046
0046
6100
186c
08e8
0002
0041
4e75
0000
2000
3000
1000
45f9
0000
e3e6
2268
0010
0828
0003
0040
6664
3028
0024
9069
0010
b06a
0024
6256
3029
0010
d06a
0024
3140
0024
08a8
0000
0041
3028
002a
6a02
4440
3e00
e847
0c47
0003
6f04
3e3c
0003
0247
0003
0647
0022
6100
15e0
3140
002a
e440
6732
9168
002a
3028
0028
e440
9168
0028
317c
0005
003c
317c
5976
0016
43f9
0000
8116
3028
0022
0240
0060
e840
3171
0000
0046
6026
42a8
0028
4268
0014
3039
0006
0170
0640
0064
0240
003f
3140
003c
317c
5f5a
0016
08a8
0005
0046
4e75
5368
0030
6e70
3268
0018
3159
0030
6e1e
6718
0c68
fffe
0030
6708
317c
0001
003c
60e8
3e19
6100
1556
60e0
3259
60dc
3019
1140
003e
3159
004a
3159
004c
2159
0034
3149
0018
3028
0032
217c
0018
00e0
002c
0828
0001
003e
671a
217c
0070
00c0
002c
0828
0004
0046
6706
0640
0100
6004
0640
ff00
3140
0022
0828
0000
0041
6700
008e
2028
000c
6700
0086
2240
0829
0007
0042
677a
0828
0006
0040
6636
3028
0024
0440
01c0
9069
0024
e240
3340
002a
3028
0032
0828
0004
0046
6704
0440
0020
0829
0004
0046
6706
0440
0020
6038
0640
0050
6032
3028
0032
0c68
081a
004a
6614
0828
0004
0046
6706
0440
0020
6018
0640
0020
6012
0828
0004
0046
6706
0640
0020
6004
0440
0020
9069
0022
e240
3340
0028
4e75
0807
3808
3807
0808
45f9
0000
e4d0
2268
0010
0828
0003
0040
667a
3028
0024
0440
0050
9069
0010
b06a
0024
6268
6606
4a68
002a
675a
08a8
0000
0041
3029
0010
d06a
0024
0640
0050
3140
0024
3028
002a
6a02
4440
3e00
e847
0c47
0003
6f04
3e3c
0003
0247
0003
0647
0022
6100
1404
3140
002a
e440
6744
9168
002a
3028
0028
e440
9168
0028
317c
0005
003c
317c
5976
0016
08a8
0000
0041
43f9
0000
82e2
3028
0022
0240
00c0
ea40
0828
0004
0046
6604
0a40
0006
3171
0000
004a
601c
4268
002a
3039
0006
0170
0640
0064
0240
003f
3140
003c
317c
61ee
0016
4e75
5368
0030
6e30
3268
0018
3159
0030
6e16
6708
317c
0001
003c
60f0
08e8
0004
0041
4268
0014
6010
2159
004a
2159
004e
2159
0034
3149
0018
4e75
5368
0030
6e00
015e
08a8
0007
003f
3668
0018
315b
0030
6e00
0120
6d1e
2268
0010
6100
0e2c
6610
0c6a
0012
0208
6e08
546a
0208
4a5b
60dc
365b
60d8
0839
0000
0006
0145
6660
0828
0005
007e
6638
08a8
0006
007e
6612
08b9
0001
0006
0145
2168
006c
0088
4268
008e
3e3c
00e7
6100
12f4
317c
2ab8
0018
317c
7bc8
0014
317c
0002
001c
6000
00a6
2268
000c
1e3c
008b
6100
0a70
6620
317c
0014
003c
317c
718e
0016
6100
1212
6044
2268
000c
1e3c
004b
6100
0a50
670a
47f9
0000
2e84
6000
ff58
237c
0000
d852
0022
5268
008c
08e8
0002
007e
317c
0032
003c
317c
62a0
0016
3e3c
00e7
6100
1280
08a8
0006
007e
08a8
0005
007e
08e8
0007
003f
4268
004a
4268
0014
6100
0f44
49f9
0000
dc80
0828
0000
003f
6614
49f9
0000
dd32
0828
0001
003f
6606
49f9
0000
dde4
216c
0022
0022
2268
0010
6100
0d20
6604
556a
0208
4e75
315b
004a
4c9b
003f
0c40
08f0
6714
2468
00b6
e340
3032
0000
e341
3232
1000
d468
0060
48a8
003f
004c
314b
0018
4e75
5368
0030
6e66
3268
0018
3159
0030
6e2e
6d04
3259
60f4
4268
004a
4268
0014
08b9
0001
0006
0146
08b9
0006
0006
0146
08b9
0002
0006
0146
08e8
0004
0041
4e75
2159
0052
2159
0056
4268
005a
3149
0018
4ab9
0006
0184
6616
4a68
0028
6610
2268
0010
6100
0c86
6706
08e8
0004
0041
4e75
5368
0030
6e00
008c
3268
0018
3159
0030
6e74
43f9
0000
e4d0
3169
0014
0014
3169
0016
0016
3169
001e
001e
3169
0020
0020
2169
0034
0034
2169
0038
0038
2169
002c
002c
0468
0040
0024
3169
0028
0028
0828
0004
0046
6704
4468
0028
3039
0006
0172
0240
002f
0640
0064
3140
003c
08a8
0002
0041
4ce9
0003
004a
48e8
0003
004a
48e8
0003
005a
4e75
2159
004a
2159
0034
3149
0018
4e75
2028
000c
6700
0082
2240
0829
0007
0042
6776
0829
0000
003e
6670
0829
0007
003e
6668
0829
0007
003f
6660
08e9
0001
007e
2169
0010
0010
2169
0022
0022
3169
0046
0046
2469
0034
301a
321a
0829
0005
0041
6612
0829
0006
0041
6614
0640
0010
0641
0080
6012
0640
0020
0641
00e0
6008
0640
0010
0641
0020
0828
0004
0046
6702
4440
d168
0022
d368
0024
4e75
4268
001c
08e8
0004
0041
4e75
5368
0030
6e30
3268
0018
3159
0030
6e1e
6d04
3259
60f4
0c68
fffe
0030
6708
317c
0001
003c
60e4
3e19
6100
1038
60dc
2159
004a
3149
0018
4e75
0828
0002
003e
672c
0828
0003
0040
6600
0086
45f9
0000
e522
2268
0010
3029
0010
d06a
0024
b068
0024
6d6c
3140
0024
08a8
0000
0041
5368
0030
6e5c
0839
0007
0006
0146
6654
3268
0018
3159
0030
6e22
6d04
3259
60f4
0c68
fffe
0030
670c
317c
0001
003c
3159
0016
60e0
3e19
6100
0fbe
60d8
4a19
1159
003e
2159
0028
0828
0004
0046
6604
4468
0028
2159
004a
2159
004e
2159
0034
3149
0018
4e75
0828
0000
003e
66a4
317c
337c
0018
4268
003c
4268
001c
4268
0030
42a8
0028
317c
83b8
0014
317c
6260
0016
4e75
2868
0010
082c
0005
000b
6714
0828
0000
003e
6706
5268
0030
6006
08a8
0002
003e
4e75
0828
0002
003e
66d6
5368
0030
6ed0
3268
0018
3159
0030
6e2a
6d04
3259
60f4
0c68
fffe
0030
6708
317c
0001
003c
60e4
3e19
0828
0005
0041
6704
3e3c
003c
6100
0f06
60d0
4a19
1159
003e
3859
3149
0018
4cd4
00ff
2868
0010
0828
0005
0041
6622
0828
0004
0046
6710
4840
4841
4842
4843
4844
4845
4846
4847
48e8
00ff
004a
6000
3a2a
48e8
00ff
004a
08a8
0004
0046
217c
0000
dc4e
0034
6100
3a12
4ce8
00ff
004a
4840
4841
4842
4843
4844
4845
4846
4847
48e8
00ff
004a
08e8
0004
0046
217c
0000
dc5e
0034
6000
39e4
2268
000c
0829
0000
0000
6600
008a
5368
0030
6e00
0082
317c
000c
0030
2a69
000a
dae8
0036
7e00
3e28
0018
2c47
3e28
0034
6100
0bd6
3e3c
001c
6100
0e44
5268
0032
0c68
0001
0032
6750
0c68
0002
0032
676a
0c68
0003
0032
6700
009e
3228
0020
671e
c2e8
0090
2e01
6100
0ae0
2468
000c
246a
000a
d4fc
016a
3e28
0034
6100
0c04
4268
0014
317c
004b
003c
317c
69b4
0016
4268
0090
4268
0020
4e75
4a68
0020
670e
317c
5264
0018
317c
00c8
0036
4e75
317c
524b
0018
317c
00c8
0036
4e75
2468
000c
246a
000a
4a68
0020
6720
d4fc
00ea
4281
3228
0020
3e28
0034
6100
0ba8
317c
527d
0018
317c
0108
0036
4e75
317c
527d
0018
317c
0148
0036
4e75
2468
000c
246a
000a
4a68
0020
6720
d4fc
012a
4281
3228
0090
3e28
0034
6100
0b6c
317c
5296
0018
317c
0148
0036
4e75
d4fc
016a
4281
3228
0090
3e28
0034
6100
0b4c
317c
4d80
0018
317c
0108
0036
4e75
5368
0030
6e2a
3268
0018
3159
0030
6e14
08e8
0004
0041
4268
0014
08b9
0006
0006
0145
600c
2159
0028
3159
004a
3149
0018
4e75
4ab9
0006
0184
6616
2268
0010
6100
07e8
670c
08e8
0004
0041
4268
0030
4e75
4a68
0028
67f4
5268
0030
0c68
0018
0030
6d38
4268
0030
4a68
0028
6a18
0668
0180
0022
4ce8
000f
004a
2140
0056
48e8
000e
004a
4e75
0468
0180
0022
4ce8
000f
004a
2143
004a
48e8
0007
004e
4e75
5368
0030
6e14
317c
0004
0030
2028
005a
4840
2140
005a
3140
004a
4ab9
0006
0184
6610
224c
6100
0766
6708
08e8
0004
0041
4e75
3039
0006
0a4a
3239
0006
0a4c
0640
0010
0641
0010
3140
0028
3141
002a
4e75
0c68
000c
001c
6738
0c68
0008
001c
674e
317c
8b18
0014
0c68
0170
0024
6e78
317c
33b8
0018
0c68
000e
001c
670a
2868
0010
532c
001c
6044
2868
0010
532c
001d
603a
317c
8b48
0014
0c68
01c0
0024
6e48
2868
0010
532c
001e
317c
339a
0018
601c
317c
8b66
0014
0c68
01f0
0024
6e2a
2868
0010
532c
001f
317c
337c
0018
3e3c
0009
6100
0bce
4268
0030
42a8
0028
4268
0016
317c
83b8
0014
4e75
303c
0800
9068
0022
e440
3140
0028
6e06
0668
0010
0028
4e75
3028
004e
0840
000d
2168
0050
004e
3140
0052
3140
004a
2039
0006
09c4
6748
2240
0829
0007
0042
673e
3029
0022
317c
0050
0028
0828
0004
0046
660c
4468
0028
b068
0022
6c18
6006
b068
0022
6f10
3179
0006
09dc
0024
0668
00a0
0024
4e75
3179
0006
09da
0022
4e75
08e8
0004
0041
4268
0014
4e75
5368
0030
6e26
3268
0018
3159
0030
6e10
4268
004a
4268
0014
08e8
0004
0041
4e75
2159
004a
2159
004e
3149
0018
4e75
4a68
002a
6e00
0098
45f9
0000
ed7e
2868
0010
0828
0003
0040
6600
0086
302a
0024
d06c
0010
b068
0024
6c14
0828
0002
0041
6618
0640
0050
b068
0024
6d62
600c
3140
0024
42a8
0028
4268
0016
2248
41f9
0000
e166
6100
0e0c
2049
6b44
2568
0022
0022
3568
0026
0026
357c
0024
001c
2568
000c
000c
2028
0042
4680
c1ac
000c
6100
0caa
08e8
0004
0041
3e3c
007f
6100
0a74
42a8
0028
4268
0014
4268
0016
4268
001c
4e75
3028
0024
906c
0010
0c40
03c0
6df0
08a8
0003
0040
4e75
5368
0030
6e00
00c2
3268
0018
3159
0030
6e36
6d04
3259
60f4
0828
0002
0041
661a
08e8
0004
0041
4268
004a
4268
0014
2268
000c
08e9
0004
0041
4e75
317c
0001
003c
317c
741e
0016
60c4
3159
004a
3149
0018
0828
0002
0041
6600
00b8
0828
0000
0041
660c
1039
0006
0171
0200
0003
665a
43f9
0000
8e18
1039
0006
0172
0240
0006
3031
0000
0839
0000
0006
0170
6622
08a8
0004
0046
3140
0028
6730
3e3c
0085
6100
09ac
4a68
0028
6b22
08e8
0004
0046
601a
3140
002a
6714
6b0a
3e3c
0057
6100
098e
6008
3e3c
0059
6100
0984
2868
0010
3028
0024
906c
0010
4a68
002a
6714
6a08
0c40
0190
6f08
600a
0c40
04b0
6d04
4468
002a
3028
0022
906c
0012
4a68
0028
6714
6a08
0c40
0190
6f08
600a
0c40
0e60
6d04
4468
0028
4e75
0000
0000
0010
fff0
0828
0004
0041
660a
2268
000c
3169
0022
0022
4e75
2268
0010
0829
0000
000b
662a
2268
0034
d2fc
0004
3011
6606
43f9
0000
fb7e
2149
0034
3039
0006
0172
0240
0007
6608
3e3c
0056
6100
08e8
4e75
0828
0007
0041
6618
2868
0010
3028
0024
906c
0010
0c40
0280
6d06
08e8
0007
0041
4e75
2868
0010
082c
0007
000b
6722
0c68
0002
0048
671a
224c
6100
0398
6612
536a
0208
317c
0002
0048
4268
004e
4268
001c
4e75
1c1e
670c
e14e
8c47
0d8d
0000
588d
60f0
4e75
4e71
60fc
383c
00b0
d868
002c
3a28
0022
9a69
0022
6a00
0004
4445
ba44
4e75
48e7
8080
4a29
0000
6624
41f9
0006
0184
303c
0005
4a98
660c
2149
fffc
1347
0000
4207
600e
b3e8
fffc
6704
51c8
ffe8
3e3c
ffff
4cdf
0101
4e75
48e7
8080
41f9
0006
0184
303c
0004
20e8
0004
51c8
fffa
4290
4cdf
0101
4e75
3e28
0020
0829
0005
003f
6634
0829
0001
0041
662c
0829
0007
007f
6624
4229
006a
9f69
008e
6c0e
df69
008e
de69
008e
4269
008e
6002
e347
9f69
001e
6a04
4269
001e
4e75
08a8
0005
007f
6700
00a8
2668
0010
082b
0007
000a
6636
08ab
0005
000b
2448
202a
0008
6b28
257c
ffff
ffff
0008
2440
357c
7e14
0014
08aa
0004
003f
42aa
000c
266a
0010
202a
0042
81ab
000c
60d2
2468
000c
42aa
0012
6100
0c30
4a28
006b
6732
2039
0006
013c
2228
006c
d081
23c0
0006
013c
4241
4242
3439
0006
0140
1228
006b
d441
33c2
0006
0140
6702
80c2
33c0
0006
0142
2268
000c
1e3c
008b
6100
fece
237c
0000
d78a
0022
08e8
0004
007f
08e8
0006
007f
4e75
317c
01c2
003c
317c
59a8
0016
2268
0010
08e9
0005
000b
6100
0878
42a8
0028
08e8
0004
003e
317c
0022
001c
6000
03ce
82fc
2710
2401
4842
163c
0009
383c
0064
6128
383c
000a
6122
383c
0001
611c
3202
383c
03e8
6114
383c
0064
610e
383c
000a
6108
163c
0030
383c
0001
0281
0000
ffff
82c4
6604
1483
600a
0601
0030
1481
163c
0030
584a
4841
4e75
08b9
0006
0006
0144
6600
009a
2039
0006
0184
6700
0090
2240
08a9
0001
0000
6700
0084
137c
0002
0001
2469
0002
266a
0010
42aa
00bc
2029
0022
666c
0829
0004
0000
6642
0829
0005
0000
6600
0040
0829
0006
0000
662a
082a
0003
0040
671c
3e3c
0064
0c6a
0213
0060
6708
0c6a
0231
0060
6604
3e3c
0065
6100
061c
286b
002e
6010
286b
002a
600a
286b
0022
6004
286b
0026
b9fc
0006
2784
6702
264c
6100
2922
234d
000e
6100
2f36
4e75
42a9
0022
2640
4a80
6ae8
6100
2898
08f9
0003
0006
0146
60de
2039
0006
0184
6700
00b8
2040
0828
0001
0000
6600
00ac
5428
0001
0828
0003
0000
670c
0c28
0014
0001
6300
0096
600a
0c28
0040
0001
6300
008a
2468
0002
266a
0010
2868
000a
2268
000e
2149
000a
42a8
000e
2569
0200
0010
b9c9
673c
202a
003e
0280
0007
0000
4840
4640
c16c
0204
6628
426c
0206
42ac
0200
48e7
80a0
4eb9
0000
9b58
4cdf
0501
08b9
0003
0006
0146
6708
3e3c
00ea
6100
0540
08aa
0007
003f
1228
0000
4268
0000
08aa
0003
0040
6100
fcfe
08f9
0006
0006
0144
08aa
0003
007f
6600
26d4
4e75
45f9
0006
0b60
b3ea
0200
6722
45f9
0006
0e42
b3ea
0200
6716
45f9
0006
1124
b3ea
0200
670a
45f9
0006
1406
b3ea
0200
4e75
2e39
0006
0174
e39f
23c7
0006
0174
2e39
0006
0170
e387
0807
0007
6704
6b08
6002
6a04
0007
0001
23c7
0006
0170
4e75
4268
001c
42a8
0028
2028
0034
6738
2240
3169
003c
003c
3169
0016
0016
3169
0014
0014
3169
0018
0018
3169
0046
0046
3169
004a
005a
3168
005a
004a
2169
003e
003e
4268
0030
4e75
08e8
0004
0041
4268
0014
4268
0016
4e75
317c
0010
002a
317c
0010
0028
0828
0004
0046
6604
4468
0028
2248
601c
2569
0008
0008
42a9
0008
08a9
0004
003f
42a9
000c
3e3c
0013
6100
0428
337c
7e4a
0014
337c
2ee6
0018
337c
0005
003c
337c
5976
0016
2029
0042
2269
0010
81a9
000c
4e75
2248
2029
0008
6b0c
2449
2240
0c69
0018
001c
66ee
4e75
143c
000e
9429
0020
1629
001f
671a
6a06
4229
001f
6012
e503
9403
6a0c
5802
5329
001f
6704
4a02
6bf4
1629
001e
671a
6a06
4229
001e
6012
e303
9403
6a0c
5402
5329
001e
6704
4a02
6bf4
1629
001d
6718
6a06
4229
001d
6010
9403
6a0c
5202
5329
001d
6704
4a02
6bf4
1629
001c
6718
6a06
4229
001c
6010
9403
6a0c
5202
5329
001c
6704
4a02
6bf4
4e75
2e28
0038
dfab
0038
0cab
0098
967f
0038
6f08
04ab
0098
967f
0038
0828
0005
0042
670a
526b
0090
5279
0006
014e
4e75
dfa8
0038
0ca8
0098
967f
0038
6f08
04a8
0098
967f
0038
4e75
2648
3f28
0046
2868
0010
202b
0008
6b62
244b
2640
0c6b
000e
001c
66ee
256b
0008
0008
277c
ffff
ffff
0008
08ab
0004
003f
42ab
000c
522c
001d
377c
0005
003c
377c
5976
0016
377c
00b1
005a
377c
0020
002a
377c
793e
0014
303c
0040
0828
0004
0046
6602
4440
3740
0028
264a
0868
0004
0046
6098
315f
0046
4e75
5279
0006
0010
0c79
005a
0006
0010
6d1e
08b9
0006
0006
0147
42b9
0006
06ae
42b9
0006
06d4
42b9
0006
06fa
6100
2066
4e75
1c1e
6708
e14e
8c47
3ac6
60f4
4e75
08ec
0000
000b
6100
2dc4
317c
4296
001a
217c
0000
dc2c
0034
317c
7270
0016
317c
0001
0048
2439
0000
dc16
2142
005a
3142
004a
4268
004c
4e75
0279
ffdf
0006
0012
3c39
0006
0012
33c6
000c
0000
343c
001a
51ca
fffe
0079
0020
0006
0012
3c39
0006
0012
33c6
000c
0000
4e75
82fc
2710
2401
4842
363c
2e00
383c
0064
6128
383c
000a
6122
383c
0001
611c
3202
383c
03e8
6114
383c
0064
610e
383c
000a
6108
363c
3000
383c
0001
0281
0000
ffff
82c4
6604
3203
600a
0641
0030
e141
363c
3000
8247
34c1
4841
4e75
2f08
2f0a
6100
065a
205f
245f
6100
0556
254c
0010
302c
0012
d16a
0022
302c
0010
d16a
0024
6000
0366
2f09
08a8
0000
0041
2028
000c
675a
42a8
000c
2240
0829
0007
0042
674c
08a9
0000
0041
6744
337c
0001
0030
6100
f944
0828
0006
0040
6610
337c
289e
0018
3e3c
00eb
6100
013a
6006
337c
2822
0018
337c
0060
0028
4a69
0092
6704
e0e9
0028
0829
0004
0046
6704
4469
0028
225f
4e75
d368
001e
0c68
2710
001e
6d06
317c
270f
001e
4e75
08e8
0004
003e
6644
4268
003c
3140
0016
4268
0030
3141
0018
08a8
0002
003e
3168
0060
0050
2268
0078
3029
0022
9068
0022
e440
3140
0028
6b08
08e8
0004
0046
4e75
0668
0010
0028
08a8
0004
0046
4e75
2469
000a
47f9
0006
0b60
b7ca
6714
4aab
0204
670e
286b
0200
082c
0007
000a
6700
0060
47f9
0006
0e42
b7ca
6712
4aab
0204
670c
286b
0200
082c
0007
000a
6742
47f9
0006
1124
b7ca
6712
4aab
0204
670c
286b
0200
082c
0007
000a
6726
47f9
0006
1406
b7ca
6712
4aab
0204
670c
286b
0200
082c
0007
000a
670a
6100
000e
b9e8
0010
67f6
234c
0022
4e75
3039
0006
0158
5240
e740
6100
fb3a
0247
003f
be40
6cf4
5247
cefc
0032
287c
0006
2784
49f4
7000
4e75
48e7
0202
2c79
0006
0130
1cc7
bdfc
0006
005a
6d06
4df9
0006
001a
bdf9
0006
0134
6706
23ce
0006
0130
4cdf
4040
4e75
3c3c
0004
2005
0240
000f
0040
0030
e140
8047
018d
0000
4bed
fffc
e885
51ce
ffe6
4e75
5239
0006
0060
5228
006b
3e3c
0013
61a0
5228
00bb
1e28
00bb
be39
0006
0066
6d58
4228
00bb
3e39
0006
0018
df68
001e
0c68
2710
001e
6d06
317c
270f
001e
2268
000c
42a9
0012
0828
0005
007f
674c
0828
0000
007f
6652
4268
008e
2168
006c
0088
0c68
59a8
0016
6610
317c
0096
003c
2268
0010
08a9
0005
000b
4e75
2f09
6100
00ac
225f
0828
0000
007f
661e
0c68
59a8
0016
6606
317c
01c2
003c
4e75
08e8
0005
007f
660c
08e8
0002
007f
317c
000f
0080
4e75
0102
0001
0102
03e8
07d0
41f9
0000
984e
1039
000f
0001
4600
0240
00c0
ec40
13f0
0000
0006
0065
41f9
0000
9852
1039
000f
0001
4600
0240
0008
e640
13f0
0000
0006
0066
41f9
0000
9854
1039
000f
0001
4600
0240
0010
e640
33f0
0000
0006
0018
08b9
0004
0006
0147
0839
0002
000f
0001
6608
08f9
0004
0006
0147
4e75
2268
000c
1e39
0006
0066
9e28
00bb
675e
4a68
001e
6658
0839
0004
0006
0147
6620
0c07
0001
663a
0c39
0001
0006
0066
6620
237c
0000
4e17
0012
337c
0190
0016
4e75
237c
0000
4df9
0012
337c
0184
0016
4e75
237c
0000
4ec2
0012
337c
019c
0016
4e75
237c
0000
4e2f
0012
337c
018c
0016
4e75
47f9
0006
2778
2413
6b22
2042
3628
0026
b66a
0026
6206
6508
b1ca
6722
2648
60e6
2568
0004
0004
214a
0004
600e
2579
0006
277c
0004
23ca
0006
277c
2482
268a
4e75
2491
228a
2549
0004
2e12
6b08
2847
294a
0004
6006
23ca
0006
277c
4e75
0000
e398
0000
e482
0000
e4d0
0000
e522
286b
0000
382c
0208
284b
302c
0010
322c
0012
42b9
0006
0150
4279
0006
0154
45ed
020e
3579
0000
daf8
0024
d16a
0024
357c
00e0
0022
d36a
0022
254c
0010
426a
0030
3544
0018
6100
ff4e
45ed
0278
3579
0000
daf8
0024
d16a
0024
357c
0f50
0022
d36a
0022
254c
0010
426a
0030
3544
0018
6100
ff24
2c2c
0004
6704
2c46
4e96
6100
350c
6100
0256
224c
6100
f93a
3e3c
0003
2239
0006
0170
3f07
4240
1034
701c
6700
0064
5340
e547
47f9
0000
9994
2673
7000
204b
6100
005a
6a0a
3e1f
5334
701c
3f07
603e
6100
649a
3401
0242
007f
d56a
003c
b7fc
0000
e398
660e
0801
0000
6608
566a
004a
566a
005a
0801
0001
660a
08ea
0004
0046
446a
0028
e619
2f0b
6100
fe9a
265f
51c8
ffae
3e1f
51cf
ff8e
6000
c55e
4ab9
0006
2780
6b34
0828
0004
0042
663c
2f09
224c
6100
f778
225f
6620
3e2a
0208
de68
0048
0828
0000
0040
6616
0c79
0023
0006
014c
6c06
0c47
000e
6f0c
1e3c
ffff
4e75
0c47
0014
6ef4
3547
0208
2479
0006
2780
23d2
0006
2780
5279
0006
014c
6130
48e7
8020
303c
002c
34d8
51c8
fffc
4cdf
0401
254c
0010
0c6a
0007
0048
6e0c
4cea
00f0
004a
48ea
00f0
005a
1e3c
0000
4e75
48e7
c020
588a
4241
303c
0032
34c1
51c8
fffc
4cdf
0403
4e75
2c0b
41ec
020e
6100
00ac
41ec
0278
6100
00a4
41f9
0006
2778
2410
6b3a
2042
b1fc
0006
16e8
6df2
bca8
0010
66ec
0828
0004
003f
66e4
0828
0001
0041
66dc
0828
0003
0043
6604
6112
60d0
317c
0001
003c
317c
69a2
0016
60c2
4e75
b1fc
0006
16e8
6c04
6152
6042
6100
007e
5379
0006
014c
0828
0004
0042
661c
2f09
2268
0010
6100
f668
225f
660e
3428
0048
956a
0208
6a04
426a
0208
08e8
0003
0041
611a
20b9
0006
2780
23c8
0006
2780
204b
2408
6a06
41f9
0006
2778
4e75
2410
6724
2442
2668
0004
240b
6b04
268a
6006
23ca
0006
2778
240a
6b06
254b
0004
6006
23cb
0006
277c
42a8
0004
4290
4e75
08a8
0004
003f
6736
08a8
0007
003f
2028
000c
672a
2440
082a
0007
0042
6720
202a
0008
6b1a
b088
6704
2440
60f2
2568
0008
0008
2468
000c
42a8
000c
42a8
0008
4e75
082c
0006
000b
6714
41f9
0000
f4d2
6100
fe24
6b08
6100
626e
6100
fca2
4bf9
0000
e9e6
082c
0007
0008
6706
4bf9
0000
ea66
241d
2e2c
000c
673c
6a32
4a82
672e
2f07
2042
6100
fdf0
6b2a
6100
623a
082a
0000
0043
6612
357c
0040
0026
356a
002c
0030
357c
00a0
002c
6100
fc54
2e1f
241d
e38f
60c4
2e1f
4e75
2848
45f9
0006
094e
4a92
662c
41f9
0000
dee8
6100
fe0a
41f9
0000
dee8
302c
0012
d068
0022
3540
0022
302c
0010
d068
0024
3540
0024
6100
fc10
4e75
4ab9
0006
0184
6656
1039
0006
0061
e200
671e
0c00
0001
670c
41f9
0006
088e
1e3c
0027
6016
41f9
0006
07ce
1e3c
004b
600a
41f9
0006
070e
1e3c
0017
6124
6720
617a
671c
6100
00d2
6716
6100
0116
6710
6100
016a
670a
6100
036a
6704
6100
03aa
4e75
08a8
0002
007f
674c
0828
0004
007e
6738
08e8
0000
007f
663c
2268
000c
6100
f144
6626
317c
000f
0080
08a8
0004
007e
4268
0016
0839
0003
0006
0147
6708
3e3c
00b0
6100
f982
4207
4e75
08e8
0002
007f
08a8
0000
007f
1e3c
ffff
4e75
08a8
0001
007f
674e
2268
000c
1e3c
008b
6100
f0f6
663a
08a8
0000
007f
4a68
001e
6734
0839
0001
0006
0146
660c
48e7
0080
6100
1d24
4cdf
0100
317c
0032
003c
317c
62a0
0016
08e8
0007
003f
4268
004a
4e75
08e8
0001
007f
1e3c
ffff
4e75
0828
0003
0041
6706
6100
f13a
6032
0828
0005
007f
672e
4a68
001e
6228
0828
0004
003e
6620
0828
0005
003f
6618
0828
0001
0041
6610
0c68
59a8
0016
6708
6100
f1b8
4207
4e75
1e3c
ffff
4e75
2268
0010
0829
0007
000a
6648
0829
0003
000d
6640
6100
f39c
663a
4200
082a
0000
0205
6702
7001
082a
0001
0205
6702
5200
082a
0002
0205
6702
5200
b02a
020c
6f14
2849
2248
41f9
0000
f528
6100
fbd8
6a00
0108
2049
1e3c
ffff
4e75
2268
0010
0829
0007
000a
6600
01f4
0c68
59a8
0016
6700
01ea
0828
0007
007f
6600
01e0
0839
0006
0006
0146
6600
01d4
2268
000c
0829
0000
0000
6600
01c6
5368
0080
6e00
01be
2028
006c
90a8
0088
0c80
0007
ffff
6f06
203c
0007
ffff
1439
0006
0065
670c
0c02
0001
670c
80fc
000a
6008
80fc
0014
6002
e880
3400
0c40
001f
6d04
343c
001f
0242
001f
d468
008c
0c42
001f
6f04
343c
001f
3142
0082
0c80
0000
003f
6d04
303c
003f
323c
0050
0240
003f
9240
3141
0080
08a8
0000
007e
6600
0140
2248
2868
0010
082c
0007
000a
6600
0130
1039
0006
0171
0240
001f
d042
41f9
0000
e482
0c40
000f
6f12
41f9
0000
e4d0
0c40
001b
6f06
41f9
0000
e522
6100
fad2
6b00
00fe
323c
0fe0
0839
0005
0006
0170
660a
323c
0020
08ea
0004
0046
d26c
0012
3541
0022
322c
0010
d36a
0024
1239
0006
0173
0241
0070
6604
323c
0010
0c41
0070
6604
323c
0060
3541
0026
426a
0028
0c6a
000e
001c
6620
522c
001d
426a
0014
357c
0014
003c
357c
58a0
0016
0c40
000a
6f00
008c
6000
0076
0c6a
000c
001c
661e
522c
001e
086a
0004
0046
357c
0014
003c
357c
5874
0016
0c40
0014
6f62
604e
0c6a
0008
001c
6612
522c
001f
357c
35b8
0018
0c40
0028
6f48
6034
3039
0000
f550
082a
0004
0046
6702
4440
3540
0032
e0ea
0026
066a
0020
0026
1039
0006
0173
0240
001f
d16a
003c
08ec
0003
000d
6012
1239
0006
0171
0241
0006
0641
0001
3341
0080
6100
f85a
2049
4207
4e75
1e3c
ffff
4e75
2868
0010
082c
0007
000a
6634
4a2c
001d
6728
4a2c
001c
6622
4a6c
001e
661c
3028
0082
e640
5240
4241
122c
001d
b240
6e06
08ec
0001
000b
4207
4e75
08ac
0001
000b
1e3c
ffff
4e75
2268
0010
0829
0007
000a
6614
6100
f0fe
660e
3028
0082
b02a
020b
6f04
1540
020b
4e75
4e70
13fc
ffff
000b
0000
4e71
41f9
0007
0000
203c
0000
03ff
223c
0009
0030
20c1
51c8
fffc
13fc
ffff
000b
0000
41f9
0008
0000
203c
0000
01ff
4298
51c8
fffc
13fc
ffff
000b
0000
2c7c
0006
0000
4201
3c3c
3ffd
103c
0001
1c80
b016
6600
016e
e300
64f4
13fc
ffff
000b
0000
1cc1
51ce
ffe4
13fc
ffff
000b
0000
2e7c
0006
4000
4239
0006
005c
6100
f346
13fc
ffff
000b
0000
6100
2490
13fc
ffff
000b
0000
6100
22e2
13fc
ffff
000b
0000
207c
000a
0000
117c
0001
0002
117c
0000
0000
117c
0000
0002
303c
0035
0188
000c
117c
000a
0000
0828
0002
0002
117c
0000
0000
3228
000c
303c
0031
0188
000c
117c
002a
0000
0828
0002
0002
117c
0000
0000
3228
000c
117c
0001
0002
303c
3520
0188
0004
117c
000a
0000
0828
0000
0002
117c
0000
0000
3228
0004
303c
3200
0188
0004
117c
002a
0000
0828
0000
0002
117c
0000
0000
3228
0004
9ffc
0000
008c
207c
0006
3800
4e60
41f9
000a
0000
303c
ffff
40c0
0240
f8ff
0240
dfff
46c0
13fc
ffff
000b
0000
207c
0006
3800
2e48
6100
04f6
13fc
ffff
000b
0000
6100
00a4
13fc
ffff
000b
0000
6100
04de
13fc
ffff
000b
0000
6100
21d4
13fc
ffff
000b
0000
6100
1bdc
13fc
ffff
000b
0000
6100
f554
13fc
ffff
000b
0000
6100
02a8
13fc
ffff
000b
0000
6000
235c
2a0e
4bf9
0007
0789
4df9
0000
4ef6
2e3c
0010
0010
6100
eb8a
4bf9
0007
07ed
2e3c
0010
0010
6100
f43a
13fc
ffff
000b
0000
60f6
5346
103c
0001
1c80
b016
6700
000e
49f9
0006
0062
08ec
0000
0000
e300
64e8
1cc1
524e
51ce
ffde
4e75
49f9
0006
0062
4214
2c7c
0007
0001
3c3c
1000
123c
00ff
13fc
ffff
000b
0000
61b8
13fc
ffff
000b
0000
2c7c
0008
0001
3c3c
07ff
4201
103c
0001
1c80
b016
6700
0016
13fc
ffff
000b
0000
49f9
0006
0062
08ec
0001
0000
e300
64e0
1c81
548e
51ce
ffd6
6100
20e6
13fc
ffff
000b
0000
6100
1aee
13fc
ffff
000b
0000
49f9
0006
0062
4a2c
0000
6700
0060
4bf9
0007
0a09
08ac
0000
0000
6700
000c
4df9
0000
4d99
6000
0008
4df9
0000
4da9
4eb9
0000
8ebe
4bf9
0007
0b89
08ac
0001
0000
6700
000c
4df9
0000
4e72
6000
0008
4df9
0000
4e82
4eb9
0000
8ebe
2e3c
0000
0096
4eb9
0000
a7be
57cf
fff8
4e75
13fc
ffff
000b
0000
4df9
0000
4ee4
4bf9
0007
0a09
4ef9
0000
8ebe
0839
0004
0006
0144
6632
5379
0006
0162
6e5c
33fc
000a
0006
0162
08f9
0004
0006
0144
1039
000d
0001
0200
0010
13c0
0006
0067
13fc
0007
0006
005a
606e
1039
000d
0001
0200
0010
1239
0006
0067
b300
660c
5379
0006
0162
6e16
6100
f050
33fc
2710
0006
0162
08b9
0004
0006
0144
4e75
2f0e
2c79
0006
0134
bdf9
0006
0130
6604
2c5f
4e75
13de
0006
005a
bdfc
0006
005a
6d06
4df9
0006
001a
23ce
0006
0134
2c5f
0c39
ffff
0006
005a
6700
0098
48e7
0606
3c39
0006
0012
0246
ffe0
1e39
0006
005a
0247
000f
8c47
33c6
0006
0012
33c6
000c
0000
3a3c
0002
51cd
fffe
0079
0010
0006
0012
3c39
0006
0012
33c6
000c
0000
3a3c
001a
51cd
fffe
3c39
0006
0012
0246
fff0
1e39
0006
005a
e80f
0247
000f
8c47
33c6
0006
0012
33c6
000c
0000
3a3c
0002
51cd
fffe
0279
ffef
0006
0012
3c39
0006
0012
33c6
000c
0000
13fc
ffff
0006
005a
4cdf
6060
4e75
4df9
0006
001a
23ce
0006
0130
23ce
0006
0134
4e75
6000
fb86
41f9
000a
0000
117c
00e2
0002
0188
0008
4e75
2e7c
0006
4000
023c
2000
6000
fb68
46fc
2700
08f9
0007
0006
0144
48e7
fffe
303c
03e8
61ca
6100
01ce
4cdf
7fff
4a39
0006
005c
6700
0062
08f9
0002
0006
005c
6600
004e
48f9
7fff
0006
3fc4
33d7
0006
3f7e
23ef
0002
0006
3f80
4e68
23c8
0006
3f84
2079
0006
3f7a
4e60
2f79
0006
3f76
0002
3eb9
0006
3f74
4cf9
7fff
0006
3f88
0239
0094
0006
005c
08f9
0006
0006
005c
08b9
0003
0006
005c
4e73
0839
0001
000a
0003
6700
0138
08b9
0007
0006
005c
6600
ff52
08b9
0002
0006
005c
6700
0058
48f9
7fff
0006
3f88
33d7
0006
3f74
23ef
0002
0006
3f76
4e68
23c8
0006
3f7a
303c
159b
6100
ff0e
2079
0006
3f84
4e60
2f79
0006
3f80
0002
3eb9
0006
3f7e
4cf9
7fff
0006
3fc4
08f9
0000
0006
005c
08f9
0005
0006
005c
4e73
08b9
0000
0006
005c
6700
0020
48e7
fffe
303c
18c6
6100
fec6
6100
00c8
4cdf
7fff
08f9
0001
0006
005c
4e73
08b9
0001
0006
005c
6700
0068
48f9
7fff
0006
3fc4
33d7
0006
3f7e
23ef
0002
0006
3f80
4e68
23c8
0006
3f84
303c
03e8
6100
fe82
08f9
0003
0006
005c
6600
0006
6100
0078
2079
0006
3f7a
4e60
2f79
0006
3f76
0002
3eb9
0006
3f74
4cf9
7fff
0006
3f88
08f9
0002
0006
005c
08f9
0006
0006
005c
4e73
48e7
8080
303c
2c24
6100
fe36
08f9
0001
0006
005c
23fc
0000
c7c4
0006
3f76
23fc
0006
3f00
0006
3f7a
4cdf
0101
4e73
13fc
ffff
000b
0000
243c
0000
4e20
0482
0000
0001
66f8
4e75
41f9
0006
0000
43f9
000d
0000
6100
000e
41f9
0006
0002
43f9
000e
0000
3028
0008
3228
0004
b340
c041
3168
0004
0008
263c
0000
0006
0483
0000
0001
66f8
3211
4641
3141
0004
c041
8168
0000
4e75
41f9
0006
070e
0828
0005
007f
6762
0c68
59a8
0016
675a
0828
0001
0041
6650
0828
0005
003f
6648
2268
000c
3469
0006
314a
0070
317c
000a
0072
33fc
03e8
0006
016e
6100
01f0
2369
001e
0006
0828
0000
007f
660a
0839
0000
0006
0145
6612
0828
0007
007f
660a
202a
0004
6704
2640
4e93
4e75
4a68
001e
660c
0839
0004
0006
0147
6600
ef04
4e75
41f9
0006
070e
0828
0001
0041
66dc
0828
0005
003f
66d4
2268
000c
3469
0008
314a
0074
317c
000a
0076
608a
082b
0005
007f
6720
226b
000c
4a29
0000
6616
082b
0000
007f
670e
08eb
0001
007f
3e3c
001d
6100
ee5a
4e75
e6f9
0006
0172
47f9
0006
070e
4247
4a79
0006
0010
6600
00d6
082b
0003
007e
67b6
204b
6100
0136
082b
0007
003f
6600
00be
286b
0010
082c
0007
000a
6600
00b0
0c6b
59a8
0016
6700
00a6
082b
0000
003e
6600
009c
204b
6100
ea00
6b00
0094
2a69
0034
3f07
205d
2869
0010
6100
f14c
6b00
007c
3e1f
de5d
6100
ede0
204b
2569
0022
0022
3569
0046
0046
0828
0005
0041
670c
4bed
000c
356a
005e
004a
6018
0828
0006
0041
6710
4bed
0018
356a
005e
004a
08ea
0005
0046
301d
321d
d269
0026
d36a
0024
321d
355d
0032
255d
002c
082a
0004
0046
6704
4440
4441
d16a
0022
3541
0030
2548
000c
3569
0026
0026
6000
ef96
4a5f
4e75
082b
0005
003f
6644
082b
0007
003e
663c
082b
0001
007d
6634
41f9
0000
de96
6100
f0a8
6b28
08eb
0001
007e
08eb
0001
007d
254b
000c
356b
0046
0046
256b
0022
0022
356b
0026
0026
224b
6100
ef46
4e75
41f9
0006
070e
6016
41f9
0006
070e
600e
41f9
0006
070e
6006
41f9
0006
070e
0828
0005
007f
6720
0c68
59a8
0016
6618
4a68
001e
6712
02a8
ef7f
fff7
003e
4268
0016
317c
0002
001c
4e75
41f9
0006
07ce
6000
fda2
41f9
0006
07ce
6000
fe1c
e6f9
0006
0170
47f9
0006
07ce
3e3c
0001
6000
fe64
41f9
0006
07ce
60a6
41f9
0006
07ce
609e
41f9
0006
07ce
6096
41f9
0006
07ce
608e
41f9
0006
088e
6000
fd5a
41f9
0006
088e
6000
fdd4
1039
0006
0171
e318
13c0
0006
0171
47f9
0006
088e
3e3c
0002
6000
fe14
41f9
0006
088e
6000
ff56
41f9
0006
088e
6000
ff4c
41f9
0006
088e
6000
ff42
41f9
0006
088e
6000
ff38
4e75
41f9
0006
070e
6100
ec9c
41f9
0006
07ce
6100
ec92
41f9
0006
088e
6000
ec88
08f9
0002
0006
0144
4e75
08f9
0001
0006
0144
4e75
08f9
0000
0006
0144
4e75
4e75
4e75
4a79
0006
0010
665a
08f9
0006
0006
0147
6650
33fc
0001
0006
0010
6100
e9a4
41f9
0006
070e
610e
41f9
0006
07ce
6106
41f9
0006
088e
2268
000c
237c
0000
4fb5
0012
337c
0238
0016
08e8
0004
003e
08e8
0003
0041
3e39
0006
0018
9f68
001e
6a04
4268
001e
4e75
1039
0006
0005
c039
0006
0009
0800
0006
67ec
5279
0006
0148
0c79
0007
0006
0148
6f06
4279
0006
0148
43f9
0000
b368
3039
0006
0148
e940
2271
0000
6100
12ee
41f9
0000
b368
3039
0006
0148
e940
2070
0008
4ed0
3e3c
0013
6100
eb34
4e75
3e3c
0016
6100
eb2a
4e75
3e3c
0015
6100
eb20
4e75
3e3c
001c
6100
eb16
4e75
3e3c
001d
6100
eb0c
4e75
3e3c
007f
6100
eb02
4e75
3e3c
005f
6100
eaf8
4e75
1039
0006
0005
c039
0006
0009
0800
0007
6600
02f8
0839
0002
0006
0147
670a
42b9
0006
0000
6000
08ba
0839
0000
0006
0144
671a
0800
0000
6614
08b9
0000
0006
0144
41f9
0006
070e
6100
eafc
6046
0839
0001
0006
0144
671a
0800
0001
6614
08b9
0001
0006
0144
41f9
0006
07ce
6100
ead8
6022
0839
0002
0006
0144
6718
0800
0002
6612
08b9
0002
0006
0144
41f9
0006
088e
6100
eab4
41f9
0006
070e
1039
0006
0004
c039
0006
0008
6126
41f9
0006
07ce
1039
0006
0007
c039
0006
000b
6112
41f9
0006
088e
1039
0006
0006
c039
0006
000a
0828
0005
007f
6700
0206
4a68
0072
6704
5368
0072
4a68
0076
6704
5368
0076
2268
000c
0828
0003
007e
6700
0188
0c68
59a8
0016
6700
01da
08a8
0000
007d
0829
0007
0000
6716
0828
0001
0041
660e
b3f9
0006
0184
6706
08e8
0000
007d
0828
0004
003e
6600
00c0
08a8
0000
0041
0828
0005
003f
6600
00b0
4268
0028
3428
0046
0828
0001
0041
6710
08a8
0002
003e
317c
2ab8
0018
6000
0090
0800
0002
670e
317c
ffe6
0028
08a8
0004
0046
6012
0800
0003
6716
317c
001a
0028
08e8
0004
0046
0828
0006
003e
672a
6024
0828
0007
003e
6626
317c
0001
0030
317c
26c2
0018
0828
0006
003e
6712
317c
28f2
0018
600a
e0e8
0028
08a8
0002
003e
3628
0046
b742
0242
1000
6724
2448
242a
0008
6b1c
2442
342a
0022
9468
0022
4442
d468
0022
3542
0022
086a
0004
0046
60de
0228
ff9f
0041
3228
005a
3828
0060
2468
0084
0800
0000
6710
5244
08e8
0005
0041
5241
45ea
0010
6024
0800
0001
671e
5444
45ea
0020
0828
0001
007e
6608
0828
0006
003e
6608
08e8
0006
0041
5441
0828
0000
003e
6614
0828
0001
007e
6704
45ea
0030
214a
0034
3141
004a
0828
0003
003e
6620
0828
0004
003e
6618
0c69
433e
0008
6706
3144
0050
600a
3828
0060
5844
3144
0050
0800
0006
6724
3228
0070
6722
b269
0006
6610
4a68
0072
6616
317c
000a
0072
6154
600c
337c
42e6
0006
6004
4268
0070
0800
0005
6724
3228
0074
6722
b269
0008
6610
4a68
0076
6616
317c
000a
0076
6126
600c
337c
42e6
0008
6004
4268
0074
08a8
0001
007e
670e
0828
0001
007d
6706
117c
0001
00ba
4e75
0828
0004
003e
660e
48e7
80c0
3441
6100
f8fc
4cdf
0301
4e75
0839
0003
0006
0147
6638
0839
0005
0006
078d
6708
08f9
0003
0006
074f
0839
0005
0006
084d
6708
08f9
0003
0006
080f
0839
0005
0006
090d
6708
08f9
0003
0006
08cf
4e75
08f9
0002
0006
0147
6600
0022
6100
150a
6100
e566
4279
0006
0148
2279
0000
b368
6100
0f24
2279
0000
b370
4ed1
47f9
0007
0001
41f9
0000
b368
3039
0006
0148
e940
2070
0004
4ed0
6100
03f8
1039
0006
0004
c039
0006
0008
383c
0020
263c
0010
0010
612e
1039
0006
0007
c039
0006
000b
383c
0048
263c
0000
0000
6116
1039
0006
0006
c039
0006
000a
383c
0070
263c
0030
0030
43f9
0000
b486
49f3
4000
3a3c
0006
4df9
0000
4ed9
2e03
e208
640c
4df9
0000
4ed5
2e3c
0020
0020
2a4c
dad9
6100
de5a
51cd
ffde
4e75
0000
505f
0000
5091
0000
5046
0000
5078
0000
50c6
0000
50e0
0000
5116
0000
5130
0000
5166
0000
5180
0000
51b6
0000
51d0
6100
e7ba
4df9
0000
b094
1039
000f
0001
4600
0240
0004
2c76
0000
4bf9
0007
020d
2e3c
0000
0000
6100
ddfa
4df9
0000
b084
1039
000f
0001
4600
0240
0008
e240
2c76
0000
4bf9
0007
038d
2e3c
0020
0020
6100
ddd2
4df9
0000
b08c
1039
000f
0001
4600
0240
0010
e440
2c76
0000
4bf9
0007
050d
2e3c
0000
0000
6100
ddaa
4df9
0000
b07c
1039
000f
0001
4600
0240
0020
e640
2c76
0000
4bf9
0007
068d
2e3c
0020
0020
6100
dd82
4df9
0000
b06c
1039
000f
0001
4600
0240
00c0
e840
2c76
0000
4bf9
0007
080d
2e3c
0000
0000
6100
dd5a
4e75
4e75
4e71
60fc
4e75
4e75
5379
0006
014a
6ef6
33fc
0014
0006
014a
4df9
0000
4ff4
0879
0005
0006
0144
6606
4df9
0000
4d91
2f0e
4bf9
0007
0131
2e3c
0010
0010
6100
dd16
2c5f
4bf9
0007
0db1
2e3c
0010
0010
6000
dd04
4bf9
0007
00a9
4df9
0000
4f64
2e3c
0020
0020
6100
dcee
47f9
0007
0001
4df9
0000
4eab
383c
0008
2e3c
0010
0010
6100
02aa
4df9
0000
4dc7
2e3c
0000
0000
383c
0030
6100
0296
4df9
0000
4f12
2e3c
0030
0030
383c
0058
6100
0282
4bf9
0007
0cb1
4df9
0000
4fb5
2e3c
0020
0020
6100
dc96
4bf9
0007
0d99
4df9
0000
4e4f
2e3c
0020
0020
6100
dc80
4bf9
0007
0e29
4df9
0000
4e64
2e3c
0020
0020
6000
dc6a
4e75
4bf9
0007
00a9
4df9
0000
4db3
2e3c
0020
0020
6100
dc52
4bf9
0007
0291
4df9
0000
500f
2e3c
0020
0020
6100
dc3c
4bf9
0007
0491
4df9
0000
4ffc
2e3c
0020
0020
6100
dc26
4281
3239
0006
0140
45f9
0007
0359
6100
ddbc
4281
3239
0006
0142
45f9
0007
0559
6100
ddaa
6000
ff6a
47f9
0007
0001
2039
0000
5736
01cb
03c4
4e75
4e75
33fc
0001
0006
014a
4e75
4bf9
0007
00a5
4df9
0000
501b
2e3c
0020
0020
6100
dbca
4bf9
0007
018d
4df9
0000
519a
2e3c
0000
0000
6100
dbb4
4bf9
0007
030d
4df9
0000
50fa
2e3c
0020
0020
6100
db9e
4bf9
0007
048d
4df9
0000
514a
2e3c
0000
0000
6100
db88
4bf9
0007
060d
4df9
0000
50aa
2e3c
0020
0020
6100
db72
4bf9
0007
078d
4df9
0000
502b
2e3c
0000
0000
6100
db5c
6000
fec4
0001
e95e
0000
b16e
0000
b2c2
0000
0000
0001
f0de
0000
b170
0000
b258
0000
0000
0001
f0de
0000
afee
0000
b1bc
0000
0000
0001
f0de
0000
b09c
0000
b2e0
0000
0000
0001
e1de
0000
b168
0000
b2d4
0000
0000
0001
f8de
0000
b22a
0000
b2d4
0000
0000
0001
da5e
0000
b172
0000
b2d6
0000
0000
0001
f0de
0000
b16a
0000
b256
0000
0000
1039
0006
0005
c039
0006
0009
4df9
0000
4ed9
2e3c
0010
0010
4beb
0ba0
0800
0000
670c
4df9
0000
4ed5
2e3c
0020
0020
6100
daa6
4df9
0000
4ed9
2e3c
0000
0000
4beb
0bc8
0800
0001
670c
4df9
0000
4ed5
2e3c
0020
0020
6100
da80
4df9
0000
4ed9
2e3c
0030
0030
4beb
0bf0
0800
0002
670c
4df9
0000
4ed5
2e3c
0020
0020
6100
da5a
4df9
0000
4ed9
2e3c
0020
0020
4beb
0cc8
0800
0005
6706
4df9
0000
4ed5
6000
da3a
0400
0480
0500
0580
0a00
0800
0780
49f3
4000
4bec
0180
6100
da20
4bec
0200
4df9
0000
4edd
6100
da12
4bec
0380
4df9
0000
4ea2
6100
da04
4bec
0400
4df9
0000
4ff1
6100
d9f6
4bec
0480
4df9
0000
4e4a
6100
d9e8
4bec
0500
4df9
0000
4eab
6100
d9da
4bec
0580
4df9
0000
4f12
6100
d9cc
4bec
0700
4df9
0000
4dbf
6100
d9be
4bec
0780
4df9
0000
4eab
6100
d9b0
4bec
0800
4df9
0000
4f12
6100
d9a2
4bec
0980
4df9
0000
4fba
6100
d994
4bec
0b80
4df9
0000
4df4
6100
d986
4e75
23fc
0000
0001
0006
0170
23fc
0000
0001
0006
0174
23fc
0000
0008
0006
0144
23fc
ffff
ffff
0006
2778
23fc
ffff
ffff
0006
277c
23fc
0001
13de
0006
017c
6100
01dc
6100
e2da
42b9
0006
0184
42b9
0006
0188
42b9
0006
018c
42b9
0006
0190
42b9
0006
0194
42b9
0006
0198
42b9
0006
0d60
42b9
0006
1042
42b9
0006
1324
42b9
0006
1606
42b9
0006
0d64
42b9
0006
1046
42b9
0006
1328
42b9
0006
160a
33fc
0005
0006
014c
6100
083a
42b9
0006
070e
42b9
0006
078a
42b9
0006
0746
6100
0192
42b9
0006
07ce
42b9
0006
084a
42b9
0006
0806
6100
01ae
42b9
0006
088e
42b9
0006
090a
42b9
0006
08c6
6100
01cc
4279
0006
0010
41f9
0006
0068
303c
0063
4258
51c8
fffc
6000
00ac
3e3c
0000
6100
e10e
3e3c
00b1
6100
e106
08b9
0004
0006
0145
08b9
0003
0006
0145
08b9
0002
0006
0146
08b9
0005
0006
0145
08b9
0001
0006
0146
08b9
0006
0006
0146
08b9
0001
0006
0145
08b9
0000
0006
0145
08b9
0000
0006
0147
08f9
0003
0006
0147
08b9
0004
0006
0144
23fc
ffff
ffff
0006
2778
23fc
ffff
ffff
0006
277c
23fc
0001
13de
0006
017c
6100
0092
33fc
0005
0006
014c
4279
0006
0010
42b9
0006
070e
42b9
0006
07ce
42b9
0006
088e
42b9
0006
0a8c
42b9
0006
0af6
42b9
0006
0a22
42b9
0006
094e
42b9
0006
09b8
42b9
0006
0d6e
42b9
0006
0dd8
42b9
0006
1050
42b9
0006
10ba
42b9
0006
1332
42b9
0006
139c
42b9
0006
1614
42b9
0006
167e
4279
0006
0166
23fc
0001
1392
0006
0180
33fc
0001
0006
016c
33fc
012c
0006
0162
4e75
43f9
0006
16e8
23c9
0006
2780
303c
0026
45e9
006a
228a
42a9
0004
224a
51c8
fff2
24bc
ffff
ffff
4e75
082a
0000
003f
672a
41f9
0007
0401
43f9
0006
069c
45f9
0006
070e
49f9
0002
1902
203c
0001
0000
123c
0017
243c
0001
10fe
6064
082a
0001
003f
672a
41f9
0007
0901
43f9
0006
06c2
45f9
0006
07ce
49f9
0002
1982
203c
0002
0000
123c
004b
243c
0001
10c2
6032
082a
0002
003f
6700
0122
41f9
0007
0e01
43f9
0006
06e8
45f9
0006
088e
49f9
0002
1a02
203c
0004
0000
123c
0027
243c
0001
100e
2542
00b6
426a
0014
426a
0016
48e7
00a0
204a
6100
e3e4
4cdf
0500
2549
000c
234a
0002
42a9
0012
4269
0016
2540
003e
257c
8000
0000
0042
02aa
0000
0010
007c
08ea
0004
007e
08aa
0004
007f
6622
48e7
4088
4269
0000
42a9
000a
267c
0000
d78a
6100
0206
254b
0010
234d
000a
4cdf
1102
426a
0080
4a6a
001e
6724
1039
0006
0005
c039
0006
0009
0800
0007
6612
08ea
0005
007f
08ea
0002
007f
357c
000f
0080
337c
42e6
0006
337c
42e6
0008
42aa
006c
422a
006b
426a
0070
426a
0074
426a
0072
426a
0076
42aa
0078
426a
0082
42aa
0088
426a
008c
426a
008e
426a
0090
422a
00bb
42aa
00bc
42a9
0022
43ea
0092
303c
000f
4259
51c8
fffc
224c
6100
02fc
4e75
08ea
0003
007e
672c
426a
0030
357c
83f0
0014
357c
2aca
0018
257c
0000
e7ba
0034
00aa
1980
0000
003e
08aa
0007
007e
286a
0010
604c
226a
0034
41ea
0008
43e9
0008
382a
001e
286a
0010
303c
0028
30d9
51c8
fffc
3544
001e
254c
0010
356a
005a
0050
0c6a
0213
0050
6608
257c
0001
1086
00b6
4cea
00f0
004a
48ea
00f0
005a
422a
006a
357c
0050
0080
3e3c
0001
6100
ddb6
256a
0034
0084
082c
0006
000a
6706
066a
0380
0022
302c
0010
d16a
0024
302c
0012
d16a
0022
08ea
0007
007f
204a
6100
d986
6a38
2248
41f9
0000
ec1e
6100
e0d8
6b2a
357c
7d5a
0014
2569
0022
0022
3569
0026
0026
08aa
0004
0042
6100
df82
234a
0008
2549
000c
08ea
0004
003f
4e75
226a
000c
4bf9
0006
0b60
4aad
0204
670e
266d
0200
082b
0007
000a
6700
00fe
4bf9
0006
0e42
4aad
0204
670e
266d
0200
082b
0007
000a
6700
00e4
4bf9
0006
1124
4aad
0204
670e
266d
0200
082b
0007
000a
6700
00ca
4bf9
0006
1406
4aad
0204
670e
266d
0200
082b
0007
000a
6700
00b0
2679
0006
0178
4bf9
0006
0b60
b7ed
0200
6700
009c
4aad
0200
6602
284d
4bf9
0006
0e42
b7ed
0200
6700
0086
4aad
0200
6602
284d
4bf9
0006
1124
b7ed
0200
6770
4aad
0200
6602
284d
4bf9
0006
1406
b7ed
0200
675c
4aad
0200
6602
284d
2a4c
294b
0200
266b
0000
3e3c
000f
4cdb
017f
48d4
017f
49ec
0020
51cf
fff2
266d
0200
3b6b
0020
0208
426d
020a
48e7
0074
082b
0007
000a
660e
08f9
0000
0006
0146
6100
de94
600a
2c2b
0004
6704
2c46
4e96
4cdf
2e00
202a
003e
0280
0007
0000
81ad
0204
b7fc
0000
d78a
6700
19fa
4e75
41f9
0006
094e
6100
e0c8
2679
0006
017c
2e1b
6608
47f9
0001
13e2
60f4
23cb
0006
017c
2647
6100
1042
6100
00b2
08b9
0003
0006
0147
08f9
0000
0006
0147
08b9
0006
0006
0146
08b9
0007
0006
0146
08f9
0001
0006
0145
08b9
0000
0006
0145
08b9
0003
0006
0145
08b9
0004
0006
0145
08b9
0005
0006
0145
08b9
0002
0006
0146
33fc
03e8
0006
016e
4e75
08a9
0000
001b
337c
0004
001c
b3fc
0006
069c
660e
41f9
0007
0401
43f9
0002
1902
6022
b3fc
0006
06c2
660e
41f9
0007
0901
43f9
0002
1982
600c
41f9
0007
0e01
43f9
0002
1a02
303c
003f
3219
0388
0000
5848
51c8
fff6
4e75
45f9
0006
09b8
4a92
660a
41f9
0000
e2f2
6100
dee6
49f9
0006
27b6
254c
0010
41f9
0000
e2f2
302c
0012
d068
0022
3540
0022
302c
0010
d068
0024
3540
0024
6100
dce2
41f9
0000
dad4
45f9
0006
0d6e
6100
deaa
257c
0000
dc2e
0034
08ea
0004
0046
41f9
0000
dad4
45f9
0006
0dd8
6100
de8c
41f9
0000
dad4
45f9
0006
1050
6100
de7c
257c
0000
dc2e
0034
08ea
0004
0046
41f9
0000
dad4
45f9
0006
10ba
6100
de5e
41f9
0000
dad4
45f9
0006
1332
6100
de4e
257c
0000
dc2e
0034
08ea
0004
0046
41f9
0000
dad4
45f9
0006
139c
6100
de30
41f9
0000
dad4
45f9
0006
1614
6100
de20
257c
0000
dc2e
0034
08ea
0004
0046
41f9
0000
dad4
45f9
0006
167e
6000
de02
0000
0092
00db
00e3
0098
00c2
0140
0144
003b
0000
0052
00d3
011c
0124
0175
01ff
0113
019c
0113
00c2
0189
0063
0093
00d4
00d5
0000
0092
00db
0165
0184
01c6
01ff
00db
0092
00db
0124
00d2
00ca
0181
01c4
01c0
0000
0082
009b
00e4
016d
01b6
01ff
00db
019c
0113
00c2
0009
0063
0093
00d4
01c7
0000
0092
00db
0165
0184
01c6
01ff
0000
0112
015b
01a3
0158
0182
01c0
01c4
003b
0000
0112
0193
01dc
01e4
01f5
01ed
0113
01dc
01d3
0182
01c9
01a2
0153
0194
00d5
0000
0112
015b
01e5
01c4
01c6
01ed
00db
0112
015b
01a3
0158
0182
01c0
01c4
01c0
0000
0112
0193
01dc
01e4
01f5
01ed
00db
01dc
01d3
0182
01c9
01a2
0153
0194
01c7
0000
0112
015b
01e5
01c4
01c6
01ed
41f9
0000
bd90
6006
41f9
0000
bd10
43f9
0009
0000
303c
001f
22d8
51c8
fffc
4e75
41f9
0000
bd10
43f9
0009
0000
0839
0006
0006
0164
661a
5279
0006
0164
0c79
001e
0006
0164
6520
08f9
0006
0006
0164
6016
5379
0006
0164
0c79
400c
0006
0164
6406
4279
0006
0164
3039
0006
0164
0240
001c
e940
8068
0068
3340
0068
4e75
0839
0002
0006
0146
6614
08b9
0005
0006
0146
6600
ff78
4279
0006
016a
4e75
4a79
0006
0166
67e4
5379
0006
016a
6f02
4e75
33fc
000f
0006
016a
0879
0005
0006
0146
6600
ff4a
6000
ff3e
41f9
0007
0000
203c
0000
03ff
223c
0009
0030
20c1
51c8
fffc
4e75
41f9
0007
0001
3e3c
003f
4cd9
047f
01c8
0000
03c8
0008
05c8
0010
07c8
0018
09c8
0020
0bc8
0028
0dc8
0030
2c0a
0dc8
0038
41e8
0040
51cf
ffd4
4e75
2039
0006
0184
6700
00f0
2240
b3fc
0006
069c
6718
b3fc
0006
06c2
6708
41f9
0007
0a01
600e
41f9
0007
0501
6006
41f9
0007
0001
0829
0001
0000
6600
00be
0829
0000
0000
6700
00b4
45f9
0006
019c
2669
0002
4247
1e29
0001
0829
0004
0000
6630
0829
0005
0000
6620
0829
0006
0000
660a
3c3c
0040
eb4f
d4c7
6020
3c3c
0040
eb4f
d4fc
0280
94c7
6012
3c3c
0080
d4c7
600a
3c3c
0080
d4fc
0040
94c7
3e3c
0007
2c4a
4cde
303f
01c8
0000
03c8
0008
05c8
0010
07c8
0018
09c8
0020
0bc8
0028
2a0c
0bc8
0030
2a0d
0bc8
0038
4cde
303f
01c8
0040
03c8
0048
05c8
0050
07c8
0058
09c8
0060
0bc8
0068
2a0c
0bc8
0070
2a0d
0bc8
0078
d4c6
41e8
0080
51cf
ffa6
4e71
4e75
41f9
0007
0001
43f9
0006
069c
601a
41f9
0007
0501
43f9
0006
06c2
600c
41f9
0007
0a01
43f9
0006
06e8
0829
0001
0000
6608
0829
0000
0000
663a
2469
000a
3e3c
000f
4cda
087f
01c8
0000
03c8
0008
05c8
0010
07c8
0018
09c8
0020
0bc8
0028
0dc8
0030
2c0b
0dc8
0038
41e8
0040
51cf
ffd4
4e71
4e75
41f9
0006
019c
2469
000a
2669
000e
3e3c
0007
0829
0006
0000
664e
0829
0007
0000
6644
0829
0004
0000
6602
c74a
49e8
0020
4be8
0040
4cdb
407f
48e4
fe02
4cdb
407f
48e5
fe02
49e8
0060
4be8
0080
204d
4cda
407f
48e4
fe02
4cda
407f
48e5
fe02
51cf
ffcc
4e71
4e75
c74a
49e8
0020
4be8
0040
204d
4cdb
407f
48e4
fe02
4cdb
407f
48e5
fe02
51cf
ffe4
4be8
0080
204d
4cf9
407f
0002
005e
48e5
fe02
48e5
fe02
48e5
fe02
48e5
fe02
3e3c
0007
49e8
0020
4be8
0040
204d
4cda
407f
48e4
fe02
4cda
407f
48e5
fe02
51cf
ffe4
4e71
4e75
5239
0006
0061
0c39
0001
0006
0061
6736
0c39
0002
0006
0061
674a
0c39
0003
0006
0061
675e
0c39
0004
0006
0061
6700
fe96
0c39
0005
0006
0061
6700
fe98
4239
0006
0061
6000
fe9c
41f9
0007
0001
43f9
0006
070e
4bf9
0000
4f70
303c
021c
2e3c
0010
0010
603a
41f9
0007
0501
43f9
0006
07ce
4bf9
0000
4f82
303c
0214
2e3c
0000
0000
601c
41f9
0007
0a01
43f9
0006
088e
4bf9
0000
4f99
303c
022c
2e3c
0030
0030
0829
0000
007f
6708
4281
3229
0080
6004
2229
0038
45e8
045c
6100
ce4e
2469
000c
2829
003e
0284
0020
0002
670c
357c
42e6
0006
357c
42e6
0008
366a
0006
266b
0000
4cd3
0070
8887
8a87
8c87
09c8
0424
0bc8
042c
0dc8
0434
366a
0008
266b
0000
4cd3
0070
8887
8a87
8c87
09c8
0444
0bc8
044c
0dc8
0454
2c2a
0012
661c
0839
0000
0006
0147
6622
0839
0005
0006
0147
6718
2c4d
4bf0
0000
6008
2c46
2a48
daea
0016
08c7
0007
6100
cc1c
45e8
0410
3229
001e
163c
0009
6000
cdd4
2268
0010
6100
cf84
662c
2668
0034
3a28
0046
383c
000a
e86d
49e8
004a
3e28
0048
0807
0000
6712
5347
3c1b
381c
8845
3584
6000
51cf
fff4
4e75
3c05
4845
3a06
e247
5347
3c1b
281c
8885
2584
6000
51cf
fff4
4e75
2469
0002
242a
0010
6744
2642
302b
0012
322b
0010
0829
0000
0000
6730
4242
1429
0001
ed4a
0829
0004
0000
6702
9042
0829
0005
0000
6702
d042
0829
0006
0000
6702
d242
0829
0007
0000
6702
9242
4e75
303c
0000
323c
f000
4e75
4e56
fff4
43f9
0006
069c
619c
3d40
fffe
3d41
fffc
43f9
0006
06c2
618c
3d40
fffa
3d41
fff8
43f9
0006
06e8
6100
ff7c
3d40
fff6
3d41
fff4
41f9
0006
2778
45f9
0008
0009
2e10
6b00
00be
2047
08e8
0005
0040
0828
0007
003f
66ea
0828
0004
0042
66e2
08a8
0005
0040
2668
0034
0828
0004
0040
6706
47f9
0000
e5ee
49e8
004a
4247
0828
0006
0040
6706
3e28
0026
600c
0828
0007
0040
6704
9e68
0026
2268
0010
0829
0005
000a
6704
0647
0040
3c1c
6796
6bfa
3428
0046
b546
341b
361b
0828
0004
0046
6706
4442
0442
0100
0828
0005
0046
6706
4443
0443
0100
d468
0022
0242
7fff
d668
0024
d647
e18e
303c
00b1
383c
fffe
612a
303c
0061
383c
fffa
6120
303c
0011
383c
fff6
6116
60a4
4e5e
b5fc
0008
0401
6406
4212
508a
60f2
4e71
4e75
48e7
3200
9476
4000
9676
40fe
e842
0c42
00ff
630e
0642
0800
0242
0fff
0c42
00ff
621e
1c02
e843
0c43
004f
6214
d640
e18e
1c03
e09e
0dca
0000
508a
08e8
0005
0040
4cdf
004c
4e75
e348
600e
41f9
0008
0000
203c
0000
01ff
4298
51c8
fffc
4e75
2e3c
0010
0010
13fc
ffff
000b
0000
4283
4282
49f9
0003
dff0
4bf8
0000
2a3c
0001
0000
6100
00e4
13fc
ffff
000b
0000
1004
e180
1006
4bf9
0002
0000
2a3c
0001
0000
6100
00c6
13fc
ffff
000b
0000
e180
1004
e180
1006
4e71
4a03
6700
00ac
0803
0000
6700
0024
13fc
ffff
000b
0000
4bf9
0007
050d
4df9
0000
c60a
4eb9
0000
8ebe
13fc
ffff
000b
0000
0803
0001
6700
0024
13fc
ffff
000b
0000
4bf9
0007
068d
4df9
0000
c625
4eb9
0000
8ebe
13fc
ffff
000b
0000
0803
0002
67d0
13fc
ffff
000b
0000
4bf9
0007
080d
4df9
0000
c640
4eb9
0000
8ebe
13fc
ffff
000b
0000
0803
0003
6700
0024
13fc
ffff
000b
0000
4bf9
0007
098d
4df9
0000
c65b
4eb9
0000
8ebe
13fc
ffff
000b
0000
4a03
66f4
4e75
4284
4286
d81d
dc1d
13fc
ffff
000b
0000
0485
0000
0001
66ec
b81c
6700
0004
05c3
5202
bc1c
6700
0004
05c3
5202
4e75
524f
4d20
3020
4849
2033
422e
2e2e
2e46
4149
4c45
4420
5445
5354
0052
4f4d
2030
204c
4f20
3343
2e2e
2e2e
4641
494c
4544
2054
4553
5400
524f
4d20
3120
4849
2032
422e
2e2e
2e46
4149
4c45
4420
5445
5354
0052
4f4d
2031
204c
4f20
3243
2e2e
2e2e
4641
494c
4544
2054
4553
5400
4e75
42b9
0006
0000
08b9
0006
0006
005c
08b9
0005
0006
005c
4279
0006
072c
4279
0006
07ec
4279
0006
08ac
42b9
0006
0138
42b9
0006
013c
4279
0006
0140
13fc
001e
0006
005d
6100
ee80
4239
0006
0063
4239
0006
0064
33fc
ffff
0006
0016
33fc
ffff
0006
0014
08f9
0004
0006
005c
6100
e0da
0839
0002
0006
0147
6646
08b9
0007
0006
0144
674a
4a39
0006
0063
6600
0082
0839
0006
0006
0147
661a
6100
ca6c
6100
4a26
4eb9
0001
0bda
4eb9
0001
0a8e
6100
c99a
6050
6100
cd80
604a
5339
0006
0063
604e
6100
e524
6100
dd3a
6100
0210
6040
4a39
0006
0063
66e2
13f9
0006
0064
0006
0063
0839
0006
0006
0147
6618
6100
fbfc
6100
e4f6
6100
453c
6100
028e
6100
d5ba
6100
caf8
6100
dcfc
6100
01a6
6100
020c
3e3c
ffff
13fc
ffff
000b
0000
5347
08b9
0005
0006
005c
67f4
48e7
8080
41f9
0006
0068
3039
0006
014c
0240
003f
e340
be70
0000
6304
3187
0000
4cdf
0101
6000
ff24
0839
0004
0006
005c
67f6
0839
0002
0006
0147
6624
4a39
0006
0063
661c
0839
0007
0006
0144
670a
6100
f73c
6100
f640
6008
6100
f96a
6100
f692
4247
5247
08b9
0006
0006
005c
67f4
be79
0006
0016
62b2
33c7
0006
0016
60aa
6100
ed20
6100
df9e
4e75
0000
ab5c
0000
a822
0000
a8a6
0000
a8fa
0000
aa36
0000
aa3e
0000
aa46
0000
aa4e
0000
ab5e
0000
ab20
0000
ab60
0000
ab1e
0000
ab5c
0000
ab3e
0000
ab48
0000
ab52
0000
ab5c
0000
aac6
0000
aad0
0000
aada
0000
aaf6
0000
ab00
0000
ab0a
0000
ab14
0000
ab5c
0000
aa7e
0000
aa88
0000
aa92
0000
aaa6
0000
aaae
0000
aab6
0000
aabe
0000
ab5c
0000
ac16
0000
ac20
0000
ac2a
0000
ac34
0000
ac3e
0000
ac48
0000
ac52
0000
ab5c
0000
abc4
0000
ab5c
0000
ab5c
0000
ab5c
0000
ab5c
0000
ab5c
0000
ab5c
0000
ab5c
0000
ac16
0000
ac20
0000
ac2a
0000
ac34
0000
ac3e
0000
ac48
0000
ac52
0000
ab5c
0000
ac16
0000
ac20
0000
ac2a
0000
ac34
0000
ac3e
0000
ac48
0000
ac52
41f9
0006
0000
43f9
0000
c824
610c
41f9
0006
0002
43f9
0000
c864
323c
8000
3010
c041
6634
5889
e259
64f4
4e75
41f9
0006
0000
43f9
0000
c8a4
610c
41f9
0006
0002
43f9
0000
c8e4
323c
8000
3010
c041
6608
5889
e259
64f4
4e75
0a41
ffff
c350
2251
0839
0000
0006
0147
4ed1
1e39
0006
005f
6700
000e
5307
13c7
0006
005f
6600
001c
4a39
0006
0060
6700
004e
5339
0006
0060
13fc
0019
0006
005f
4e75
3c3c
8000
0c07
0014
6600
0016
8d79
0006
0012
3c39
0006
0012
33c6
000c
0000
4e75
0c07
0005
6600
0016
4646
cd79
0006
0012
3c39
0006
0012
33c6
000c
0000
4e75
0839
0000
0006
0147
6700
0136
0839
0001
0006
0145
6600
012a
5379
0006
0168
6e00
012a
08b9
0004
0006
0146
6708
3e3c
00e8
6100
cd22
33fc
001e
0006
0168
5379
0006
0166
6e08
4279
0006
0166
6044
0839
0000
0006
0145
6600
003a
3039
0006
0166
0c40
000a
6e00
00dc
3e3c
001d
6100
cce8
0c40
000a
660c
08f9
0002
0006
0146
6000
00c2
0c40
0005
6e00
00ba
08f9
0000
0006
0145
0839
0001
0006
0146
6700
00a6
08f9
0006
0006
0146
41f9
0006
070e
610e
41f9
0006
07ce
6106
41f9
0006
088e
0828
0005
007f
6700
007e
0828
0003
007e
6774
2228
003e
0281
1020
0003
6668
0828
0007
007f
6660
4268
001c
6100
c950
3e3c
0001
6100
cc66
08e8
0007
007f
117c
0019
003e
317c
83f0
0014
217c
0000
e7ba
0034
4268
0030
4268
0016
42a8
0028
4268
004a
4268
0058
2868
0010
3039
0000
dca4
d06c
0010
3140
0024
0839
0004
0006
0145
6608
317c
2d50
0018
4e75
317c
2d40
0018
4e75
0839
0002
0006
0146
6652
0839
0006
0006
0146
6648
3039
0006
014e
b079
0006
0156
6d3a
08f9
0004
0006
0145
6630
08f9
0007
0006
0146
08f9
0000
0006
0145
3e3c
00b2
6100
cbc8
4279
0006
0168
08b9
0004
0006
0146
6708
3e3c
00e8
6100
cbb0
4e75
41f9
0006
2784
217c
0002
007e
0000
2148
0022
2148
0026
2148
002a
2148
002e
4279
0006
014e
33eb
0000
0006
0156
382b
0002
33c4
0006
0158
33eb
0004
0006
0166
23eb
0006
0006
015a
23eb
000a
0006
015e
45eb
000e
3c3c
0007
41e8
0032
225a
2149
0000
2169
0200
0014
2169
0204
0018
215a
0004
215a
0008
215a
000c
315a
0020
3e06
e147
e947
3147
0012
3e04
cefc
0050
e947
3147
0010
0828
0000
0009
6706
23c8
0006
0178
0828
0006
000a
670c
48e7
0ab0
6100
d0a0
4cdf
0d50
42a8
001c
4a46
6706
43e8
0032
6004
43e8
fea2
2149
0022
0c46
0007
6706
43e8
ffce
6004
43e8
015e
2149
0026
b879
0006
0158
6706
43e8
fe70
6006
43f9
0006
2784
2149
002a
4a44
6706
43e8
0190
6006
43f9
0006
2784
2149
002e
6100
c5be
0207
0007
5407
1147
001c
6100
c5b0
0207
0007
5907
6b04
1147
001e
51ce
ff2c
51cc
ff24
08f9
0001
0006
0146
6100
ca4a
082c
0000
0009
66f4
0cac
0000
ce6e
0004
67ea
08ec
0006
000b
4e75
6100
0518
41f9
0000
da84
6100
cdaa
6b00
00de
357c
0d40
0022
d16a
0024
d36a
0022
257c
0000
dc76
0034
6100
cc14
6028
41f9
0000
da84
6100
cd80
6b00
00b4
357c
0bc0
0022
d16a
0024
d36a
0022
257c
0000
dc74
0034
6100
cbea
41f9
0000
da84
6100
cd58
6b00
008c
357c
02c0
0022
d16a
0024
d36a
0022
257c
0000
dc72
0034
6100
cbc2
6050
6100
0498
41f9
0000
da84
6100
cd2a
6b5e
357c
0540
0022
d16a
0024
d36a
0022
257c
0000
dc6e
0034
6100
cb96
41f9
0000
da84
6100
cd04
6b38
357c
0ac0
0022
d16a
0024
d36a
0022
257c
0000
dc70
0034
6100
cb70
41f9
0000
db1e
6100
ccde
6b12
d16a
0024
d36a
0022
357c
3b10
0018
6000
cb52
41f9
0000
3d30
45f9
0000
dc4e
343c
0007
2018
321a
2b80
1000
51ca
fff6
41f9
0000
3d30
45f9
0000
dc5e
343c
0007
2018
4840
0080
0004
0004
321a
2b80
1000
51ca
ffee
4e75
41f9
0000
da84
6100
cc7e
6b36
357c
0d40
0022
d16a
0024
d36a
0022
257c
0000
dc78
0034
357c
4176
0014
6100
cae4
082c
0000
000b
670e
224c
4bf9
0002
1702
4eb9
0000
5d2c
4e75
246c
0000
342a
020a
6700
0096
0442
0002
41f9
0000
db68
6100
cc2a
6b00
0084
d16a
0024
d36a
0022
3542
0034
6100
ca9e
41f9
0000
da84
6100
cc0c
6b00
0066
357c
0a40
0022
d16a
0024
d36a
0022
257c
0000
dc7a
0034
357c
4198
0014
357c
430e
001a
6100
ca6a
41f9
0000
dbba
6100
cbd8
6b32
d16a
0024
d36a
0022
2579
0000
dc14
005a
2579
0000
dc18
005e
6100
ca42
082c
0000
000b
670e
204a
48e7
c008
6100
c5e0
4cdf
1003
4e75
41f9
0000
f6f4
6100
cb98
6b0c
d16a
0024
d36a
0022
6100
ca12
4e75
dd23
de23
082c
0007
000a
6638
206c
0000
3e28
020a
672e
2bb9
0000
cf2a
7000
4286
3c2c
0010
8cfc
0500
3439
0006
0158
9446
0642
0031
e142
0082
0020
0020
0647
0042
3b82
7000
4e75
343c
012e
363c
0bc0
6044
343c
012c
363c
0b40
603a
343c
0120
363c
0840
6030
343c
011a
363c
06c0
6026
343c
0118
363c
0640
601c
343c
0154
363c
0540
6012
343c
0112
363c
04c0
6008
343c
0110
363c
0440
41f9
0000
f7e4
6100
caea
6b16
d16a
0024
3543
0022
d36a
0022
3baa
004a
2000
6100
c95a
4e75
010e
011a
0120
0126
0134
41f9
0000
fd52
6100
cabc
6be8
d16a
0024
d641
3543
0022
2542
0034
6000
c930
243c
0000
cfea
363c
0d40
61d6
343c
0170
363c
0c40
604e
243c
0000
cfe8
363c
09c0
61c0
343c
0162
363c
08c0
6038
243c
0000
cfe2
363c
03c0
61aa
600c
243c
0000
cfe6
363c
0840
619c
343c
0116
363c
05c0
6014
243c
0000
cfe4
363c
06c0
6186
343c
0128
363c
0a40
6100
ff4e
246c
0000
342a
020a
6720
0442
0002
41f9
0000
f8da
6100
ca28
6b10
d16a
0024
d36a
0022
3542
0034
6100
c89e
4e75
243c
0000
cfe2
363c
03c0
6100
ff42
343c
015c
363c
0740
61b8
41f9
0000
fcec
6100
c9f2
6b0c
d16a
0024
d36a
0022
6100
c86c
4e75
00ee
0130
00f2
00cc
010e
00d0
00f2
0134
00f6
00dc
011e
00e0
243c
0000
d0d0
363c
0c40
6022
243c
0000
d0d6
363c
03c0
6016
243c
0000
d0dc
363c
0d40
600a
243c
0000
d0e2
363c
07c0
41f9
0000
f832
6100
c992
6b54
d16a
0024
3543
0022
d36a
0022
2542
0034
6100
c804
224a
41f9
0000
f92c
6100
c970
6b32
234a
000c
d16a
0024
d36a
0022
6100
c7e6
224a
41f9
0000
f97a
6100
c952
6b14
2549
000c
234a
000c
d16a
0024
d36a
0022
6100
c7c4
4e75
010c
0132
243c
0000
d17a
363c
0cc0
43f9
0000
fb30
6010
243c
0000
d178
363c
0340
43f9
0000
fae2
41f9
0000
f88a
6100
c90a
6b28
d16a
0024
3543
0022
d36a
0022
2542
0034
6100
c77c
2049
6100
c8ee
6b0c
d16a
0024
d36a
0022
6100
c768
4e75
363c
05c0
343c
0140
6100
008e
363c
05c0
6010
363c
0600
600a
363c
0b80
6004
363c
0880
41f9
0000
fbfa
6100
c8b2
6b10
d16a
0024
3543
0022
d36a
0022
6100
c728
4e75
363c
07f8
343c
00a0
604e
363c
04c0
343c
00a0
6044
363c
06c0
343c
0120
613a
363c
0ac0
343c
0120
6030
363c
04c0
343c
0120
6026
363c
0540
343c
00a0
611c
363c
0ac0
343c
00a0
6012
363c
0a80
343c
00e0
6008
363c
0940
343c
0120
41f9
0000
fca0
6100
c83c
6b14
d16a
0024
3543
0022
d36a
0022
3542
002c
6100
c6ae
4e75
08ac
0000
000b
41f9
0000
fdf4
6100
c814
6b24
d16a
0024
d36a
0022
6100
c68e
41f9
0000
fda2
6100
c7fc
6b0c
d16a
0024
d36a
0022
6100
c676
4e75
6100
ff88
6004
6100
ff50
4e75
284b
264d
1e39
0006
0170
0207
0003
6614
4df9
0000
4fa4
4beb
005c
2e3c
0030
0030
6100
c1e6
1e39
0006
0171
0207
0003
6614
4df9
0000
4eb0
4beb
01da
2e3c
0010
0010
6100
c1c6
4e75
284b
264d
0839
0004
0006
0147
6616
0c39
0001
0006
0066
6720
3039
0000
4d5e
3740
016a
6014
4df9
0000
4f4c
4beb
0148
2e3c
0020
0020
6100
c18c
41f9
0000
f642
6100
c758
6b1a
302c
0012
d16a
0022
302c
0010
d16a
0024
357c
000a
002a
6100
c5c4
4e75
2e3c
0010
0010
600e
2e3c
0000
0000
6006
2e3c
0030
0030
284b
264d
4df9
0000
4dce
4beb
0056
6100
c13c
4df9
0000
4de0
4beb
0094
6100
c12e
48e7
0110
382a
001e
206c
001c
264a
303c
002c
36d8
51c8
fffc
3544
001e
4cea
00f0
004a
48ea
00f0
005a
356a
005a
004a
426a
004c
4cdf
0880
3c6a
0062
2c6e
0000
4beb
0164
4cd6
0070
8887
8a87
8c87
48d5
0070
254c
0010
302c
0012
d16a
0022
302c
0010
d16a
0024
6100
c524
4e75
2e3c
0010
0010
600e
2e3c
0000
0000
6006
2e3c
0030
0030
08f9
0003
0006
0146
284b
264d
3547
0034
357c
0048
0036
426a
0030
426a
0032
357c
88d2
0014
0839
0003
0006
0145
670e
357c
51ea
0018
357c
01f4
0020
603a
0839
0004
0006
0145
670e
357c
5203
0018
357c
012c
0020
6022
0839
0005
0006
0145
670e
357c
521a
0018
357c
0064
0020
600a
357c
5233
0018
426a
0020
4e75
082a
0002
007e
675a
0839
0003
0006
0145
6708
4df9
0000
51ea
603a
0839
0004
0006
0145
6708
4df9
0000
5203
6028
0839
0005
0006
0145
6710
4df9
0000
521a
3e3c
00b3
6100
c268
600e
4df9
0000
5233
3e3c
00b3
6100
c258
2e3c
0020
0020
4bed
0108
6000
bfd4
264d
4df9
0000
4fc2
2e3c
0020
0020
4beb
00c8
6100
bfbe
4df9
0000
4fd8
2e3c
0020
0020
4beb
0148
6000
bfaa
48e7
0074
08aa
0006
007f
6726
6100
e23e
0839
0005
0006
078d
6618
0839
0005
0006
084d
660e
0839
0005
0006
090d
6604
6100
e0da
4cdf
2e00
4e75
3e3c
001e
6100
c1e0
284b
0839
0001
0006
0146
6732
41f9
0006
0a22
2479
0006
015a
6100
c020
0839
0006
0006
0146
6618
41f9
0006
0a8c
2479
0006
015e
6100
c006
08f9
0006
0006
0145
41f9
0006
0af6
45f9
0000
f578
6100
bfee
4cf9
00f0
0000
f5c2
48ea
00f0
004a
0839
0001
0006
0146
6606
357c
0010
0028
4e75
41f9
0000
fe44
284b
264a
357c
42e6
00bc
357c
42e6
00be
6100
c4b8
6b26
254b
000c
302c
0012
d16a
0022
302c
0010
d16a
0024
3039
0006
0170
0240
0038
3540
0030
6100
c318
4e75
41f9
0000
fea2
60ba
0001
bc5e
0000
d378
0000
8000
0000
0000
5000
1000
0000
0000
0000
0000
0000
dcda
0000
0000
0000
0000
0000
0000
0000
0000
d852
0001
ba5e
0000
d380
0000
8000
0000
0000
6000
1000
0000
0000
0000
0000
0000
dd8c
0000
0000
0000
0000
0000
0000
0000
0000
d852
0001
b85e
0000
d388
0000
8000
0000
0000
7000
1000
0000
0000
0000
0000
0000
de3e
0000
0000
0000
0000
0000
0000
0000
0000
d852
0001
b05e
0000
d418
0000
8000
0000
0000
5000
3000
0000
0000
0000
0000
0000
0000
0000
0000
d758
0000
0000
0000
0000
0000
0000
0001
b25e
0000
d420
0000
8000
0000
0000
6000
3000
0000
0000
0000
0000
0000
0000
0000
0000
d758
0000
0000
0000
0000
0000
0000
0001
b45e
0000
d428
0000
8000
0000
0000
7000
3000
0000
0000
0000
0000
0000
0000
0000
0000
d758
0000
0000
0000
0000
0000
0000
0001
c05e
0000
d56a
0000
8000
0000
0000
4000
2000
0000
0000
0000
0000
0000
0000
0000
0000
d852
ffff
ffff
0000
0000
ffff
ffff
0001
b65e
0000
d318
0000
8000
0000
0000
4000
0000
0000
0000
0000
0000
0000
0000
0000
0000
d62c
0000
d690
0000
d65e
0000
d7bc
0001
c25e
0000
d2d2
0000
8000
0000
0000
7000
0000
0000
0000
0000
0000
0000
0000
0000
0000
d62c
0000
d690
0000
d65e
0000
0000
0001
c45e
0000
0000
0000
8000
0000
0000
6000
0000
0000
0000
0000
0000
0000
0000
0000
0000
d62c
0000
d690
0000
d65e
0000
0000
0001
c65e
0000
0000
0000
8000
0000
0000
5000
0000
0000
0000
0000
0000
0000
0000
0000
0000
d62c
0000
d690
0000
d65e
0000
0000
0001
be5e
0000
d4a6
0000
8000
0000
0000
4000
1000
0000
0000
0000
0000
0000
0000
0000
0000
0000
0000
d758
0000
0000
0000
0000
0001
b05e
0000
0000
0000
8000
0000
0000
4000
3000
0000
0000
0000
0000
0000
0000
0000
0000
d758
0000
0000
0000
0000
0000
0000
0001
ca5e
0000
0000
0000
8000
0000
0000
4000
5000
0000
0000
0000
0000
0000
0000
0000
0000
d62c
0000
d690
0000
d65e
0000
0000
0001
cc5e
0000
0000
0000
8000
0000
0000
4000
5000
0000
0000
0000
0000
0000
0000
0000
0000
d62c
0000
d690
0000
d65e
0000
0000
0001
ce5e
0000
0000
0000
8000
0000
0000
4000
5000
0000
0000
0000
0000
0000
0000
0000
0000
d62c
0000
d690
0000
d65e
0000
0000
0001
d05e
0000
0000
0000
8000
0000
0000
4000
5000
0000
0000
0000
0000
0000
0000
0000
0000
d62c
0000
d690
0000
d65e
0000
0000
0001
c85e
0000
0000
0000
8000
0000
0000
4000
5000
0000
0000
0000
0000
0000
0000
0000
0000
d62c
0000
d690
0000
d65e
0000
0000
0001
d25e
0000
0000
0000
8000
0000
0000
4000
5000
0000
0000
0000
0000
0000
0000
0000
0000
d62c
0000
d690
0000
d65e
0000
0000
0001
d45e
0000
0000
0000
8000
0000
0000
4000
5000
0000
0000
0000
0000
0000
0000
0000
0000
d62c
0000
d690
0000
d65e
0000
0000
0001
d65e
0000
d5e0
4000
8000
0000
0000
4000
5000
0000
0000
0000
0000
0000
0000
0000
0000
d62c
0000
d690
0000
d65e
0000
0000
0001
d85e
0000
d624
4000
8000
0000
0000
4000
5000
0000
0000
0000
0000
0000
0000
0000
0000
d62c
0000
d690
0000
d65e
0000
0000
0006
070e
0006
07ce
0006
088e
0000
0000
ffff
ffff
ffff
ffff
0000
0000
0000
0000
4150
59d4
0000
4286
0010
ffff
0000
0000
0330
0080
0000
0000
0080
0020
0000
0000
0000
0000
0000
000a
0001
0000
0000
1000
0000
0000
0001
3932
3732
3832
0000
0000
ffff
ffff
ffff
ffff
0000
0000
0000
0000
880c
0000
0000
0000
0014
0064
000a
0000
0310
0080
0000
0000
01e0
01c0
0000
0000
0000
dc3e
0000
0000
0000
0000
0000
1000
0000
0000
0010
0000
0000
ffff
ffff
ffff
ffff
0000
0000
0000
0000
880c
0000
0000
0000
0014
0064
000a
0800
0370
0080
0000
0000
01c0
0260
0000
0000
0000
dc4e
0000
0000
0000
0000
0020
1000
0000
0000
0010
0000
0000
ffff
ffff
ffff
ffff
0000
0000
0000
0000
0000
6496
0000
0000
0000
ffff
0000
0680
02f0
0080
0000
0000
0000
0000
0000
0000
0000
dc7c
0000
0000
0001
0000
0000
1000
0000
0000
0004
3020
9220
3020
3020
0000
0000
ffff
ffff
ffff
ffff
0000
0000
0000
0000
41be
0000
0000
42be
0010
ffff
0000
0540
0330
0080
0000
0000
00a0
0060
0000
0000
0000
dc1a
0000
000a
0001
0000
0000
1000
0000
0000
0009
d827
db2f
d823
d92f
0021
d923
da27
db23
da23
0021
0121
0092
0094
0096
00d2
00d4
00d6
0112
0114
0116
00d4
0004
0044
0084
00c4
0104
0144
0184
01c4
0038
0078
00b8
00f8
0138
0178
01b8
01f8
0018
0058
0098
00d8
0118
0158
0198
01d8
0024
0064
00a4
00e4
0124
0164
01a4
01e4
0114
012a
010a
012e
0134
0134
00e8
00da
00de
0000
0000
ffff
ffff
ffff
ffff
0006
069c
0000
0000
83f0
0000
2aca
0000
0000
0000
0000
0720
0270
0030
0000
0000
0038
0160
0000
0000
0000
e7ba
0000
0000
0000
1981
4000
8000
0000
0000
0004
0268
027c
0239
022b
0000
0000
0000
0000
0000
0000
ffff
ffff
ffff
ffff
0006
069c
0000
0000
0000
627a
0000
0000
0002
0000
0000
0820
01f0
0030
0000
0000
0000
0000
0002
0000
0000
dc80
0000
0000
0028
0081
1000
8000
0000
0000
0001
022b
0231
0225
0000
439e
43a6
43ae
0000
0000
ffff
ffff
ffff
ffff
0006
06c2
0000
0000
83f0
0000
2aca
0000
0000
0000
0000
08e0
0270
0030
0000
0000
0038
0160
0000
0000
0000
e7ba
0000
0000
0000
1982
4000
8000
0000
0000
0004
0268
0275
0239
021f
0000
0000
0000
0000
0000
0000
ffff
ffff
ffff
ffff
0006
06c2
0000
0000
0000
627a
0000
0000
0002
0000
0000
0820
01f0
0030
0000
0000
0000
0000
0002
0000
0000
dd32
0000
0000
0028
0082
1000
8000
0000
0000
0001
021f
0219
0213
0000
43b6
43be
43c6
0000
0000
ffff
ffff
ffff
ffff
0006
06e8
0000
0000
83f0
0000
2aca
0000
0000
0000
0000
0aa0
0270
0030
0000
0000
0038
0160
0000
0000
0000
e7ba
0000
0000
0000
1984
4000
8000
0000
0000
0004
0249
0237
0239
0201
0000
0000
0000
0000
0000
0000
ffff
ffff
ffff
ffff
0006
06e8
0000
0000
0000
627a
0000
0000
0002
0000
0000
0820
01f0
0030
0000
0000
0000
0000
0002
0000
0000
dde4
0000
0000
0028
0084
1000
8000
0000
0000
0001
0201
020d
0207
0000
43ce
43d6
43de
0000
0000
ffff
ffff
ffff
ffff
0000
0000
0000
0000
8658
5768
0000
0000
0004
0001
0001
0000
0000
0030
0000
0000
0040
0040
0000
0000
0000
0000
0000
0000
0003
0000
5100
0400
0000
0000
0001
08f0
0000
0256
0258
0000
0000
ffff
ffff
ffff
ffff
0000
0000
0000
0000
7b5c
0000
0000
0000
0012
ffff
0000
0820
02f0
0070
0000
0000
0040
0200
0000
0000
0000
e9ce
0000
0000
0000
0000
0000
4000
0000
0000
0004
096f
096e
096d
096c
0000
0000
0000
ffff
ffff
ffff
ffff
0000
0000
0000
0000
7902
585e
0000
0000
0000
0001
0000
0000
0000
0000
0000
fff0
0028
0028
0000
0000
0000
0000
0000
0000
0018
0000
1100
0000
0000
0000
0001
00bd
0000
0000
0000
ffff
ffff
ffff
ffff
0000
0000
0000
0000
7bb4
5768
0000
0000
0006
0001
004b
00c0
00c0
0000
ffb0
fff0
0028
0028
0000
0000
0000
dfd8
0000
0064
0019
0000
1180
0800
0000
0000
0001
00b6
0000
0000
0000
ffff
ffff
ffff
ffff
0000
0000
0000
0000
7f34
0000
2f16
0000
0000
0001
0000
0000
0000
0030
0000
0000
0020
0020
0000
0000
0000
0000
0000
0000
0000
0000
1100
0000
0000
0000
0001
02ae
0000
0000
0000
ffff
ffff
ffff
ffff
0000
0000
0000
0000
0000
66f4
0000
0000
0004
0001
0001
0000
0000
0000
0000
0000
0000
0000
0000
0000
0000
e1ba
0000
0000
000f
0000
1180
0800
0000
0000
0001
0290
0000
0290
0000
0000
ffff
ffff
ffff
ffff
0000
0000
0000
0000
0000
66f4
0000
0000
0004
0001
0002
0000
0000
0000
0000
0000
0000
0000
0000
0000
0000
e208
0000
0000
000f
0000
1180
0800
0000
0000
0001
0a58
0000
0a59
0000
0000
ffff
ffff
ffff
ffff
0000
0000
0000
0000
0000
6d5c
0000
0000
0004
0001
0003
0000
0000
0000
0000
0000
0000
0000
0000
0000
0000
e256
0000
0000
0008
0000
1180
0800
0000
0000
0001
0a86
0000
0a85
0000
0000
ffff
ffff
ffff
ffff
0000
0000
0000
0000
0000
66f4
0000
0000
0004
0001
000a
0000
0000
0000
0000
0000
0000
0000
0000
0000
0000
e2a4
0000
0000
0005
0000
1180
0800
0000
0000
0001
0a6a
0000
0a6b
0000
0000
ffff
ffff
ffff
ffff
0000
0000
0000
0000
8c22
0000
34ea
0000
0000
0001
0064
0000
0000
0000
0000
0000
00c0
00c0
0000
0000
0001
175e
0000
0000
0001
0000
0100
0000
0000
0000
0004
0000
0000
0000
0000
0000
0000
0000
ffff
ffff
ffff
ffff
0000
0000
0000
0000
0000
5770
0000
0000
0000
0001
0000
0000
0000
0030
0000
0000
0020
0020
0000
0000
0000
0000
0000
0000
000a
0000
1100
0000
0000
0000
0001
0291
0000
0000
0000
ffff
ffff
ffff
ffff
0000
0000
0000
0000
7f34
0000
2ef4
0000
0000
0001
0000
0000
0000
0030
0000
0000
0020
0020
0000
0000
0000
0000
0000
0000
0000
0000
1100
0000
0000
0000
0001
0a5a
0000
0000
0000
ffff
ffff
ffff
ffff
0000
0000
0000
0000
0000
5770
0000
0000
0000
0001
0000
0000
0000
0030
0000
0000
0020
0020
0000
0000
0000
0000
0000
0000
000a
0000
1100
0000
0000
0000
0001
0a84
0000
0000
0000
ffff
ffff
ffff
ffff
0000
0000
0000
0000
0000
5770
0000
0000
0000
0001
0000
0000
0000
0030
0000
0000
0020
0020
0000
0000
0000
0000
0000
0000
000a
0000
1100
0000
0000
0000
0001
0a69
0000
0000
0000
ffff
ffff
ffff
ffff
0000
0000
0000
0000
0000
5a6c
0000
0000
0016
0018
0014
0000
0300
0070
0000
0000
0040
00a0
0000
0000
0000
e956
0000
00fa
0013
0080
0000
2000
0000
0000
0004
0000
0000
0000
0000
0000
0000
ffff
ffff
ffff
ffff
0000
0000
0000
0000
8bb0
0000
0000
0000
0000
000a
0000
0000
0000
0030
0000
0000
0000
0000
0000
0000
0000
0000
0000
0000
0000
0000
1000
0000
0000
0000
0001
0bac
0000
0bac
09ad
08ae
0000
0000
ffff
ffff
ffff
ffff
0000
0000
0000
0000
0000
577a
0000
0000
000a
0002
0000
0080
0170
0000
0000
0000
0080
0060
0000
0000
0000
0000
0000
0019
0064
0000
5000
2000
0000
0000
0001
0093
0000
0000
0000
ffff
ffff
ffff
ffff
0000
0000
0000
0000
811e
0000
0000
0000
000a
0002
0096
ffc0
0130
0000
0000
0000
0030
0030
0000
0000
0000
0000
0000
00fa
0000
0000
5000
2000
0000
0000
0001
00e6
0000
0000
0000
ffff
ffff
ffff
ffff
0000
0000
0000
0000
811e
0000
0000
0000
000a
0002
0096
ffc0
0130
0000
0000
0000
0030
0030
0000
0000
0000
0000
0000
00fa
0000
0000
5100
2000
0000
0000
0001
00e6
0000
0000
0000
ffff
ffff
ffff
ffff
0000
0000
0000
0000
79da
6720
0000
0000
000e
0001
0002
0080
0170
0000
fff0
0000
0040
0030
0000
0000
0000
0000
0000
0032
0005
0000
5000
2000
0000
0000
0001
00b1
0000
0000
0000
ffff
ffff
ffff
ffff
0000
0000
0000
0000
7ae8
6182
0000
0000
000c
0004
0032
0100
0130
0000
fff0
0000
00b0
00a0
0000
0000
0000
e976
0000
004b
0064
0000
4000
2000
0000
0000
0002
0809
080a
0000
0807
0000
0000
ffff
ffff
ffff
ffff
0000
0000
0000
0000
8726
0000
35d0
0000
0008
0010
0096
0100
01f0
0000
fff0
0000
0080
00a0
0000
0000
0000
e98a
0000
0064
0000
0000
4000
2000
0000
0000
0004
00e7
00e8
00e9
00ea
0000
0000
0000
ffff
ffff
ffff
ffff
0000
0000
0000
0000
0000
5fc0
318a
4306
001a
0004
0004
0000
0170
0040
0000
0000
0018
00e0
0000
0000
0000
e9b6
0000
007d
00c8
0080
0000
2000
0000
0000
0002
0000
0000
0000
0004
0004
0000
e956
0006
0006
0000
e966
0000
0000
0000
e956
0002
0002
0000
e956
0004
0004
0000
e956
ff80
ff80
0000
e116
0070
ff00
0040
ffd0
0000
0050
0030
ff20
0100
ffdd
0023
0030
0040
ff10
ff30
ffdd
ffdd
0040
0050
0000
e026
005b
ffb0
0030
ffb0
0000
0020
0020
ffc0
0070
ffd0
002a
0020
0020
ff90
ffc0
ffd0
ffd6
0020
0020
0000
e076
005e
ff10
0030
ff80
0000
0050
0025
ff30
00f0
ffd3
002d
0035
0040
ff10
ff30
ffd3
ffd3
0050
0055
0000
e0c6
0061
ff00
0030
ffa0
0000
0050
0020
ff40
0100
ffde
0022
0035
0035
ff00
ff40
ffde
ffde
0050
0050
ff30
ff60
ff80
ff80
ff80
fe80
ff50
0030
ff30
ff60
ff80
ff80
ff80
fe80
ff50
0030
ff30
ff60
ff80
ff80
ff80
fe80
ff50
0030
fed0
ffb0
ff80
ff80
ff80
fe80
ff50
0030
fed0
0000
ff80
ff80
ff80
fe80
ff50
0030
fee0
ff60
ff80
ff80
ff80
fe80
ff50
0030
ff40
ffe0
ff80
00c0
ff80
ffc0
ff50
00a0
ff40
ffe0
ff80
00c0
ff80
ffc0
ff50
00a0
ff60
ffa0
ff80
00c0
ff80
ffc0
ff50
00a0
fed0
0030
ff80
00c0
ff80
ffc0
ff50
00a0
fed0
0080
ff80
00c0
ff80
ffc0
ff50
00a0
fee0
ffe0
ff80
00c0
ff80
ffc0
ff50
00a0
ff40
ffe0
fe80
ffc0
ff80
ffc0
ff30
0080
ff40
ffe0
fe80
ffc0
ff80
ffc0
ff30
0080
ff60
ffa0
fe80
ffc0
ff80
ffc0
ff30
0080
fed0
0030
fe80
ffc0
ff80
ffc0
ff30
0080
fed0
0080
fe80
ffc0
ff80
ffc0
ff30
0080
fee0
ffe0
fe80
ffc0
ff80
ffc0
ff30
0080
ff80
0160
ff80
ff80
ff80
fe80
ff70
0030
ff80
0060
ff80
ff60
ff80
fe60
ff50
0030
ff80
ff80
ff80
fe80
ff70
0030
ff80
ff80
ff80
fe80
ff50
ff60
ffa0
ff80
ffa0
fe80
ff50
0030
ff30
ff60
ff80
ff80
ff30
fe80
ff50
0030
ff30
ff60
ff80
ff80
ff30
fe80
ff50
0030
ff30
ff60
ff80
ff80
ff30
fe80
ff50
0030
fed0
ffb0
ff80
ff80
ff30
fe80
ff50
0030
fed0
0000
ff80
ff80
ff30
fe80
ff50
0030
fee0
ff60
ff80
ff80
ff30
fe80
ff50
0030
ff50
ff60
ffa0
ff80
ff50
fe80
ff50
0030
ff50
ff60
ffa0
ff80
ff50
fe80
ff50
0030
ff50
ff60
ffa0
ff80
ff50
fe80
ff50
0030
fef0
ffb0
ffa0
ff80
ff50
fe80
ff50
0030
fef0
0000
ffa0
ff80
ff50
fe80
ff50
0030
ff00
ff40
ffa0
ff80
ff50
fe80
ff50
0030
ff50
ff60
ffa0
ff80
ffa0
fe80
ff50
0030
ff50
ff60
ffa0
ff80
ffa0
fe80
ff50
0030
ff50
ff60
ffa0
ff80
ffa0
fe80
ff50
0030
fef0
ffb0
ffa0
ff80
ffa0
fe80
ff50
0030
fef0
0000
ffa0
ff80
ffa0
fe80
ff50
0030
ff00
ff40
ffa0
ff80
ffa0
fe80
ff50
0030
ff40
ffe0
ff00
ffc0
0000
ffc0
ffc0
0060
ff40
0060
ff00
ffc0
0000
ffc0
ffc0
0060
ff60
ffa0
ff00
ffc0
0000
ffc0
ffc0
0060
ffc0
ff40
ffc0
0040
ffc0
fe40
ffc0
ff40
ffa0
ffb0
ffa0
00b0
ffc0
fe40
ffc0
ff40
ffa0
0040
fea0
0040
ff00
ffc0
0000
ffc0
ff80
ff80
ff00
ff80
0000
ff80
ff00
0000
0000
0000
ff00
ff00
0000
ff00
fe80
0000
ff80
0000
ff80
ff00
0080
ff00
ff80
0100
ffa0
0000
ff80
ff00
ff90
ff60
ff90
0060
ff90
ff60
ff90
ffe0
0090
ff60
ff90
0030
ff80
fe00
ff80
ff00
ff80
0000
ff80
0100
ff80
ff40
ff80
0040
0000
0000
0000
0000
0000
0000
0000
0000
0000
0000
0000
0000
0000
0000
0000
0000
0000
eae6
0000
eb34
0000
eb82
0000
ebd0
0000
0000
0000
f32c
0000
f42e
0000
ee80
0000
ed28
0000
ed7e
0000
ee2a
0000
f1d4
0000
f0d2
0000
f2d6
0000
eece
0000
ef24
0000
ef7a
0000
efd0
0000
f026
0000
f07c
0000
ec6c
0000
f128
0000
f22a
0000
f280
0000
0000
0000
0000
0000
0000
0000
0000
0000
0000
0000
0000
0000
0000
0000
0000
0000
eae6
0000
eb34
0000
eb82
0000
ebd0
0000
0000
0000
f382
0000
f3d8
0000
ee80
0000
ed28
0000
edd4
0000
ee2a
0000
f17e
0000
f0d2
0000
f2d6
0000
eece
0000
ef24
0000
ef7a
0000
efd0
0000
f026
0000
f07c
0000
ecc2
0000
f128
0000
f22a
0000
f280
0000
0000
ffff
ffff
ffff
ffff
0000
0000
0000
0000
7e04
0000
0000
435e
0018
0001
0001
0000
00f0
0040
0000
0000
0030
0020
0000
0000
0000
e5f2
0000
0190
0064
0000
5000
0080
0000
0000
0001
0a54
0000
0000
0000
ffff
ffff
ffff
ffff
0000
0000
0000
0000
7e04
0000
0000
438e
0018
0001
0001
0000
00f0
0040
0000
0000
0040
0020
0000
0000
0000
e670
0000
012c
0064
0000
5000
0040
0000
0000
0001
0a50
0000
0000
0000
ffff
ffff
ffff
ffff
0000
0000
0000
0000
7e04
0000
0000
437e
0018
0001
0001
0000
00f0
0040
0000
0000
0030
0020
0000
0000
0000
e646
0000
00c8
0064
0000
5000
0020
0000
0000
0001
0a4c
0000
0000
0000
ffff
ffff
ffff
ffff
0000
0000
0000
0000
7e04
0000
0000
436e
0018
0001
0001
0000
00f0
0040
0000
0000
0020
0020
0000
0000
0000
e61c
0000
000a
0064
0000
5000
0010
0000
0000
0001
0a48
0000
0000
0000
ffff
ffff
ffff
ffff
0000
0000
0000
0000
7e04
0000
0000
436e
0018
0001
0001
0000
00f0
0040
0000
0000
0020
0020
0000
0000
0000
e61c
0000
000a
0064
0080
5000
1010
0000
0000
0001
0a48
0000
0000
0000
ffff
ffff
ffff
ffff
0000
0000
0000
0000
0000
0000
0000
46a6
001e
0001
0001
0000
0130
0040
0000
0000
0030
0020
0000
0000
0000
0000
0000
00fa
0064
0000
5000
0000
0008
0000
0001
0a41
0000
06c6
06c2
0af0
06ca
0000
0000
ffff
ffff
ffff
ffff
0000
0000
0000
0000
8e8e
0000
0000
469e
001e
0001
0001
0000
0130
0040
0000
0000
0030
0020
0000
0000
0000
ed1c
0000
00fa
0064
0000
4000
0000
0008
0000
0003
0a42
0a43
0a41
0000
06c6
06c2
0af0
06ca
fec0
ffc0
ffc0
ffc0
ff80
0060
0000
0000
ffff
ffff
ffff
ffff
0000
0000
0000
0000
0000
0000
0000
46b6
001e
0001
0001
0000
0130
0040
0000
0000
0030
0020
0000
0000
0000
0000
0000
01f4
0064
0000
5000
0000
8000
0000
0001
0a3d
0000
06c7
06c3
0af0
06cb
0000
0000
ffff
ffff
ffff
ffff
0000
0000
0000
0000
0000
0000
0000
46be
001e
0001
0001
0000
0130
0040
0000
0000
0030
0020
0000
0000
0000
0000
0000
01f4
0064
0000
5000
0000
4000
0000
0001
0a3a
0000
06c7
06c3
0af0
06cb
0000
0000
ffff
ffff
ffff
ffff
0000
0000
0000
0000
0000
0000
0000
46c6
001e
0001
0001
0000
0130
0040
0000
0000
0030
0020
0000
0000
0000
0000
0000
03e8
0064
0000
5004
0000
4000
0000
0001
0a3b
0000
06c8
06c4
0af0
06cc
0000
0000
ffff
ffff
ffff
ffff
0000
0000
0000
0000
0000
0000
0000
46ce
001e
0001
0001
0000
0130
0040
0000
0000
0030
0020
0000
0000
0000
0000
0000
00fa
0064
0000
5000
0000
2000
0000
0001
0a39
0000
06c6
06c2
0af0
06ca
0000
0000
ffff
ffff
ffff
ffff
0000
0000
0000
0000
0000
0000
0000
0000
0020
0001
0001
0000
0150
0070
0000
0000
0050
00a0
0000
0000
0000
0000
0000
01f4
0064
0000
5000
0001
0000
0000
0001
0a40
0000
0000
0000
ffff
ffff
ffff
ffff
0000
0000
0000
0000
0000
0000
0000
46d6
001e
0001
0001
0000
0130
0040
0000
0000
0030
0020
0000
0000
0000
0000
0000
01f4
0064
0000
5000
0000
0200
0000
0001
0a34
0000
06c7
06c3
0af0
06cb
0000
0000
ffff
ffff
ffff
ffff
0000
0000
0000
0000
0000
0000
0000
46de
001e
0001
0001
0000
0130
0040
0000
0000
0030
0020
0000
0000
0000
0000
0000
00fa
0064
0000
5000
0000
0100
0000
0001
0a33
0000
06c6
06c2
0af0
06ca
0000
0000
ffff
ffff
ffff
ffff
0000
0000
0000
0000
0000
0000
0000
46e6
001e
0001
0001
0000
0130
0040
0000
0000
0030
0020
0000
0000
0000
0000
0000
00fa
0064
0000
5000
0000
0080
0000
0001
0a32
0000
06c6
06c2
0af0
06ca
0000
0000
ffff
ffff
ffff
ffff
0000
0000
0000
0000
0000
0000
0000
46ee
001e
0001
0001
0000
0130
0040
0000
0000
0030
0020
0000
0000
0000
0000
0000
03e8
0064
0000
5000
0000
0040
0000
0001
0a31
0000
06c8
06c4
0af0
06cc
0000
0000
ffff
ffff
ffff
ffff
0000
0000
0000
0000
0000
0000
0000
46f6
001e
0001
0001
0000
0130
0040
0000
0000
0030
0020
0000
0000
0000
0000
0000
01f4
0064
0000
5000
0000
0020
0000
0001
0a30
0000
06c7
06c3
0af0
06cb
0000
0000
ffff
ffff
ffff
ffff
0000
0000
0000
0000
0000
0000
0000
46fe
001e
0001
0001
0000
0130
0040
0000
0000
0030
0020
0000
0000
0000
0000
0000
00fa
0064
0000
5000
0000
0010
0000
0001
0a2f
0000
06c6
06c2
0af0
06ca
0000
0000
ffff
ffff
ffff
ffff
0000
0000
0000
0000
0000
0000
0000
467e
001e
0001
0001
0000
0130
0040
0000
0000
0030
0020
0000
0000
0000
0000
0000
01f4
0064
0000
5000
0000
0800
0000
0001
0aea
0000
06c7
06c3
0af0
06cb
0000
0000
ffff
ffff
ffff
ffff
0000
0000
0000
0000
0000
0000
0000
470e
001e
0001
0001
0000
0130
0040
0000
0000
0030
0020
0000
0000
0000
0000
0000
00fa
0064
0000
5000
0000
0004
0000
0001
0a2c
0000
06c6
06c2
0af0
06ca
0000
0000
ffff
ffff
ffff
ffff
0000
0000
0000
0000
0000
0000
0000
468e
001e
0001
0001
0000
0130
0040
0000
0000
0030
0020
0000
0000
0000
0000
0000
00fa
0064
0000
5000
0000
1000
0000
0001
0aee
0000
06c6
06c2
0af0
06ca
0000
0000
ffff
ffff
ffff
ffff
0000
0000
0000
0000
0000
0000
0000
4686
001e
0001
0001
0000
0150
0040
0000
0000
0030
0020
0000
0000
0000
0000
0000
00fa
0064
0000
5000
0000
1000
0000
0001
0aef
0000
06c6
06c2
0af0
06ca
0000
0000
ffff
ffff
ffff
ffff
0000
0000
0000
0000
0000
0000
0000
4716
001e
0001
0001
0000
0130
0040
0000
0000
0030
0020
0000
0000
0000
0000
0000
01f4
0064
0000
5000
0000
0002
0000
0001
0a2b
0000
06c7
06c3
0af0
06cb
0000
0000
ffff
ffff
ffff
ffff
0000
0000
0000
0000
0000
0000
0000
4706
001e
0001
0001
0000
0130
0040
0000
0000
0030
0020
0000
0000
0000
0000
0000
01f4
0064
0000
5000
0000
0001
0000
0001
0a3c
0000
06c7
06c3
0af0
06cb
0000
0000
ffff
ffff
ffff
ffff
0000
0000
0000
0000
0000
0000
0000
4696
001e
0001
0001
0000
00f0
0040
0000
0000
0030
0020
0000
0000
0000
0000
0000
03e8
0064
0000
5000
0000
0400
0000
0001
0ae3
0000
06c8
06c4
0af0
06cc
0000
0000
ffff
ffff
ffff
ffff
0000
0000
0000
0000
0000
0000
0000
465e
001e
0032
0001
0000
0130
0040
0000
0000
0030
0020
0000
0000
0000
0000
0000
0064
0064
0000
5000
0004
0000
0000
0001
0a37
0000
06c9
06c5
0af0
06cd
0000
0000
ffff
ffff
ffff
ffff
0000
0000
0000
0000
0000
0000
0000
465e
001e
0001
0001
0000
0130
0040
0000
0000
0030
0020
0000
0000
0000
0000
0000
0064
0064
0000
5000
0004
0000
0000
0001
0a3f
0000
06c9
06c5
0af0
06cd
0000
0000
ffff
ffff
ffff
ffff
0000
0000
0000
0000
0000
0000
0000
4666
001e
0032
0001
0000
0130
0040
0000
0000
0030
0020
0000
0000
0000
0000
0000
0064
0064
0000
5000
0002
0000
0000
0001
0a3e
0000
06c9
06c5
0af0
06cd
0000
0000
ffff
ffff
ffff
ffff
0000
0000
0000
0000
0000
0000
0000
4666
001e
0032
0001
0000
0130
0040
0000
0000
0030
0020
0000
0000
0000
0000
0000
0064
0064
0000
5000
0002
0000
0000
0001
0a36
0000
06c9
06c5
0af0
06cd
0000
0000
ffff
ffff
ffff
ffff
0000
0000
0000
0000
8c50
5976
0000
0000
0026
0001
0001
0000
0000
0040
ffc0
0040
0040
0040
0000
0000
0000
0000
0000
0000
000b
0000
5100
0000
4000
0000
0001
0a3a
0000
0000
0000
ffff
ffff
ffff
ffff
0000
0000
0000
0000
0000
0000
0000
4316
001e
0001
0001
0000
0130
0040
0000
0000
00a0
0020
0000
0000
0000
0000
0000
03e8
0064
0000
5000
0000
0000
0000
0001
0ae5
0000
06c8
06c4
0af0
06cc
0000
0000
ffff
ffff
ffff
ffff
0000
0000
0000
0000
86ee
680e
356e
0000
001c
0001
0001
0000
01a0
0000
fff0
0000
0050
0070
0000
0000
0000
e9de
0000
0000
0032
0000
4000
0008
0000
0000
0002
0a7c
0a78
0000
0000
0000
ffff
ffff
ffff
ffff
0000
0000
0000
0000
8a48
0000
0000
0000
0000
0001
0001
0400
0370
00a0
0000
0000
02c0
0180
0000
0000
0000
f5d4
0000
0000
0000
0000
0000
0000
0000
0000
0008
0aac
0af0
0aae
0af0
0af0
0aae
0aac
0aad
0000
fd40
fe80
fdc0
0080
fec0
fe80
ff40
0080
0040
fe80
00c0
0080
01c0
fe80
0240
0080
0000
0000
ffff
ffff
ffff
ffff
0000
0000
0000
0000
8a16
0000
39a0
0000
0000
0001
0001
0c00
01f0
0050
0000
0000
0000
0000
0000
0000
0000
0000
0000
0000
0000
0000
1000
0000
0000
0000
0001
0a70
0000
0000
0000
ffff
ffff
ffff
ffff
0000
0000
0000
0000
0000
6cfe
0000
0000
0000
0001
0001
0800
01e0
0050
0000
0000
0200
0080
0000
0000
0000
f696
0000
0000
0032
0000
0000
0000
0000
0000
0004
0bcf
0bd0
0bd1
0bd2
0000
fe00
ff80
ff00
ff80
0000
ff80
0100
ff80
0000
0000
ffff
ffff
ffff
ffff
0000
0000
0000
0000
0000
5768
0000
0000
0000
0001
0001
0000
0000
0000
0000
0000
0000
0000
0000
0000
0000
0000
0000
0000
0028
0000
5000
0000
0000
0000
0001
0000
0000
0000
0000
ffff
ffff
ffff
ffff
0000
0000
0000
0000
41ec
6ff8
0000
42ae
0010
0001
0001
0580
0270
0080
0000
0000
0100
0180
0000
0000
0000
0000
0000
000a
0014
0000
0000
1000
0000
0000
0001
7751
7755
7761
7765
0000
0000
0000
ffff
ffff
ffff
ffff
0000
0000
0000
0000
0000
70a8
0000
0000
0000
0001
0000
0000
0000
0000
0000
0000
0020
0020
0000
0000
0000
0000
0000
0000
0014
0000
1100
0000
0000
0000
0001
0a84
0000
0000
0000
ffff
ffff
ffff
ffff
0000
0000
0000
0000
0000
5770
0000
0000
0000
0001
0000
0000
0000
0000
0000
0000
0020
0020
0000
0000
0000
0000
0000
0000
000a
0000
1100
0000
0000
0000
0001
0b84
0000
0000
0000
ffff
ffff
ffff
ffff
0000
0000
0000
0000
4210
0000
0000
42ce
0010
0001
0001
0000
0330
0080
0000
0000
0060
0040
0000
0000
0000
0000
0000
000a
0000
0000
0000
1000
0000
0000
0001
753a
0000
0000
0000
ffff
ffff
ffff
ffff
0000
0000
0000
0000
4226
74d4
0000
4326
0010
0001
0001
0000
0330
0080
0000
0000
0060
0040
0000
0000
0000
0000
0000
01f4
0001
0000
0000
1000
0000
0000
0003
5531
5c31
5535
5b31
5a31
5731
0000
0000
0000
ffff
ffff
ffff
ffff
0000
0000
0000
0000
4244
754c
0000
42c6
0010
0001
0001
0000
0330
0080
0000
0000
0060
0040
0000
0000
0000
0000
0000
01f4
0001
0000
0000
1000
0000
0000
0001
ff30
e230
0000
0000
0000
ffff
ffff
ffff
ffff
0000
0000
0000
0000
0000
71e0
0000
0000
0000
ffff
0000
0540
0330
0080
0000
0000
0020
0020
0000
0000
0000
0000
0000
0000
0001
0000
0000
1000
0000
0000
0000
3020
9220
3020
3020
0000
0000
ffff
ffff
ffff
ffff
0000
0000
0000
0000
8d06
7318
39f2
0000
0028
0032
0001
0800
02d0
0010
0000
0000
0038
0038
0000
0000
0000
0000
0000
00fa
0032
0000
1000
0000
0000
0000
0001
0887
0000
0000
0000
ffff
ffff
ffff
ffff
0000
0000
0000
0000
8e20
0000
0000
0000
0000
0001
0001
0800
0190
0080
0000
0000
0040
0040
0000
0000
0000
0000
0000
0000
0000
0000
1000
0000
0000
0000
0001
088d
0000
0000
0000
ffff
ffff
ffff
ffff
0000
0000
0000
0000
0000
66f4
0000
0000
002a
0001
0002
0000
0000
0000
0000
0000
0000
0000
0000
0000
0000
fa18
0000
0000
000f
0000
1180
0800
0000
0000
0001
0b58
0000
0b59
0000
0000
ffff
ffff
ffff
ffff
0000
0000
0000
0000
7f34
0000
2ef4
0000
0000
0001
0000
0000
0000
0030
0000
0000
0020
0020
0000
0000
0000
0000
0000
0000
0000
0000
1100
0000
0000
0000
0001
0b5a
0000
0086
ff20
0000
ff80
0000
0050
0035
ff20
00c0
ffd3
002d
0035
0040
ff20
ff40
ffd3
ffd3
0050
0055
0000
0000
ffff
ffff
ffff
ffff
0000
0000
0000
0000
0000
0000
0000
431e
001e
0001
0001
0020
ff00
0080
0000
0000
0030
0020
0000
0000
0000
0000
0000
00fa
0064
0000
5001
0000
0400
0000
0001
0ae4
0000
06c6
06c2
0af0
06ca
0000
0000
ffff
ffff
ffff
ffff
0000
0000
0000
0000
8e34
75d2
0000
0000
002c
0001
0032
0780
02d0
0010
0000
0000
0040
0280
0000
0000
0000
fb7e
0000
0000
0001
0000
0000
0000
0000
1000
0001
0b84
0000
0000
0000
ffff
ffff
ffff
ffff
0000
0000
0000
0000
8e34
75d2
0000
0000
002c
0001
0032
0640
02d0
0010
0000
0000
0040
0280
0000
0000
0000
fb7e
0000
0000
0001
0000
0000
0000
0000
0000
0001
0b84
0000
ff80
00a0
ff80
ff80
ff80
fe90
ff80
0100
ff80
ffb0
ff80
0070
ff80
fef0
ff80
0040
ff80
fec0
ff80
0040
ff80
0010
ff80
ff50
ff80
ffe0
ff80
fe30
ff80
00a0
ff80
ffe0
ff80
fef0
ff80
ff80
ff80
0070
ff80
fe60
ff80
ffb0
ff80
fe60
ff80
ff50
ff80
0010
ff80
ff20
ff80
00d0
ff80
fec0
ff80
ff20
ff80
00d0
ff80
fe90
0000
0000
0000
0000
ffff
ffff
ffff
ffff
0000
0000
0000
0000
86ee
7618
3a4a
0000
002e
0001
0000
0000
0460
0010
0000
0000
00a0
0018
0000
0000
0000
fc4a
0000
01f4
0000
0000
0000
0000
0000
0000
0002
1826
0828
0000
ff00
ff80
0000
ff80
0000
0000
ffff
ffff
ffff
ffff
0000
0000
0000
0000
8e6c
0000
0000
0000
0006
0001
004b
0000
0460
0010
0000
ffe0
0028
0028
0000
0000
0000
dfd8
0000
0064
0000
0000
1080
0800
0000
0000
0001
082a
0000
0000
0000
ffff
ffff
ffff
ffff
0000
0000
0000
0000
0000
768c
0000
0000
0030
0064
0000
0000
0130
0080
0000
0000
0000
0028
0000
0000
0000
0000
0000
0000
0000
0000
0000
1000
0000
0000
0000
0000
0000
0000
ffff
ffff
ffff
ffff
0000
0000
0000
0000
0000
7694
0000
0000
0000
0064
0000
0000
0000
0080
0000
0000
0000
0000
0000
0000
0000
fd38
0000
0000
0001
0000
0000
1000
0000
0000
0000
0000
00a6
00e6
0126
00e6
00a6
0126
0126
00a6
00e6
00e6
00a6
0126
0000
0000
0000
ffff
ffff
ffff
ffff
0000
0000
0000
0000
425e
775c
0000
432e
0010
ffff
0000
0000
0330
0080
0000
0000
0080
0020
0000
0000
0000
0000
0000
000a
0001
0000
0000
1000
0000
0000
0001
3932
3732
3832
0000
0000
ffff
ffff
ffff
ffff
0000
0000
0000
0000
4272
7786
0000
434e
0010
ffff
0000
0d40
0330
0080
0000
0000
0080
0020
0000
0000
0000
fdf2
0000
000a
0001
0000
0000
1000
0000
0000
0001
3932
3732
3832
0134
0000
0000
ffff
ffff
ffff
ffff
0000
0000
0000
0000
0000
77e8
0000
0000
0032
0064
0000
0840
02b0
0080
0000
0000
01c0
01c0
0000
0000
0000
fe42
0000
0000
0001
0000
0000
1000
0000
0000
0000
36e5
36f5
001a
0000
0000
ffff
ffff
ffff
ffff
0000
0000
0000
0000
0000
7870
0000
0000
0000
0000
0000
0000
0000
0080
0000
0000
0000
0000
0000
0000
0000
fe98
0000
0000
0001
0000
0000
1000
0000
0000
0005
8110
0910
0910
0910
0910
00d8
0118
0158
0198
01d8
0000
0000
ffff
ffff
ffff
ffff
0000
0000
0000
0000
0000
78ca
0000
0000
0000
0000
0000
0000
0000
0080
0000
0000
0000
0000
0000
0000
0000
fef6
0000
0000
0001
0000
0000
1000
0000
0000
0005
8110
0910
0910
0910
0910
00e6
0126
0166
01a6
01e6
0c6a
000a
001c
6716
082a
0005
0042
661c
41f9
0006
0154
4df9
0001
0180
601a
41f9
0006
0152
4df9
0000
ff80
600c
41f9
0006
0150
4df9
0001
0080
3c10
660a
3c2c
0002
0246
007c
5846
082c
0006
000a
6704
4dee
0080
3436
60fc
d46c
0012
3542
0022
342c
0010
d56a
0024
082a
0000
0043
6606
3576
60fe
0026
5946
6e04
3c3c
0080
3086
4e75
08f0
0010
0410
0010
0b30
0020
09b0
0040
0530
0010
0ad0
0050
02f0
0040
0650
0020
03b0
0020
0230
0020
0470
0030
0a10
0060
06b0
0030
0830
0060
0b90
0030
0d70
0050
0950
0040
0c50
0040
0cb0
0060
0350
0010
0bf0
0050
0710
0020
0a70
0060
0770
0030
0dd0
0050
0d10
0040
0590
0060
0290
0050
07d0
0040
04d0
0010
0890
0030
05f0
0030
0410
0010
0b30
0020
0530
0010
0ad0
0050
02f0
0040
03b0
0020
0230
0020
0470
0030
0a10
0020
0b90
0030
0d70
0050
0c50
0040
0590
0060
0cb0
0060
0350
0010
0bf0
0050
0a70
0060
0dd0
0010
0d10
0060
0590
0060
0290
0050
04d0
0010
05f0
0030
0ad0
0050
0470
0030
0cb0
0060
0dd0
0050
0290
0050
0bf0
0050
0a10
0040
0530
0010
0410
0010
09b0
0040
0530
0010
0ad0
0050
0650
0020
03b0
0020
0a10
0060
0d70
0050
0cb0
0060
0b30
0020
0b90
0030
0290
0050
0470
0030
08f0
0010
0710
0020
0770
0030
0d10
0040
0890
0030
0bf0
0050
06b0
0030
02f0
0040
0410
0010
0230
0020
0350
0010
07d0
0040
0830
0060
0950
0040
0c50
0040
0a70
0060
0dd0
0050
0590
0060
04d0
0010
05f0
0030
0b90
0030
0d70
0050
0c50
0040
0590
0060
0ad0
0050
0470
0030
0cb0
0060
0dd0
0050
0290
0050
0bf0
0050
0cb0
0060
0350
0010
0bf0
0050
0a70
0060
0dd0
0010
0d10
0060
0410
0010
0b30
0020
0530
0010
0ad0
0050
02f0
0040
03b0
0020
0230
0020
0470
0030
0a10
0020
0590
0060
0290
0050
04d0
0010
05f0
0030
0a10
0040
0530
0010
0410
0010
0a10
0060
06b0
0030
0830
0060
0b90
0030
0950
0040
0410
0010
08f0
0010
0b30
0020
09b0
0040
0530
0010
0ad0
0050
02f0
0040
0650
0020
03b0
0020
0470
0030
0c50
0040
0cb0
0060
0350
0010
07d0
0040
0890
0030
0bf0
0050
0710
0020
0a70
0060
0770
0030
0d10
0040
0590
0060
0830
0060
0a70
0060
07d0
0040
04d0
0010
0890
0030
05f0
0030
0410
0010
0b30
0020
0530
0010
0ad0
0050
02f0
0040
0530
0010
0470
0030
0c50
0040
0350
0010
0d10
0060
0bf0
0050
0cb0
0060
0b90
0030
0410
0010
03b0
0020
04d0
0010
0ad0
0050
0cb0
0060
0410
0010
0ad0
0050
0470
0030
0cb0
0060
0bf0
0050
0530
0010
0cb0
0060
0470
0030
0b90
0030
0410
0010
0c50
0040
0350
0010
0bf0
0050
0d10
0060
0000
0000
0000
0000
0000
0000
0000
0000
0000
0000
0000
0000
0000
0000
0000
0000
0000
0000
0000
0000
0000
0000
0000
0000
0000
0000
0000
0000
0000
0000
0000
0000
0000
0000
202a
19ae
1856
151e
182c
1396
143c
1472
15b0
0000
1a68
1dc4
0000
1a68
20be
0000
2106
0000
0000
2268
2376
0000
246a
25d4
0000
0000
0000
0000
0000
0000
0000
2028
0000
123c
1000
113e
1278
113e
0000
0000
109a
1efa
0000
1c90
0000
0000
0000
0000
0000
0000
21e4
0000
235c
241a
2458
0000
0000
0000
0000
0000
0000
0000
0000
19b0
123e
0000
0000
0000
0000
0000
0000
0000
1d06
0000
0000
0000
0000
0000
0000
0000
123e
0000
0000
0000
235c
0000
2458
0000
0000
0000
0000
0000
0000
0000
0000
1858
1002
0000
0000
0000
0000
0000
0000
0000
1a9c
0000
1bb6
0000
0000
0000
0000
0000
1002
0000
0000
0000
22f8
0000
24ea
0000
0000
0000
0000
0000
0000
0000
0000
1520
1140
0000
0000
0000
0000
0000
0000
159e
1a9c
0000
1b9e
0000
0000
0000
0000
0000
1140
0000
0000
0000
22f8
0000
24ea
0000
0000
0000
0000
0000
0000
0000
0000
182e
127a
0000
0000
0000
0000
0000
0000
0000
1a9c
0000
0000
0000
0000
0000
0000
0000
127a
0000
0000
0000
22f8
0000
24ea
0000
0000
0000
0000
0000
0000
0000
0000
1398
1140
0000
0000
0000
0000
0000
0000
159e
1a9c
0000
0000
0000
0000
0000
0000
0000
1140
0000
0000
0000
22f8
0000
24ea
0000
0000
0000
0000
0000
0000
0000
0000
143e
0000
0000
0000
0000
0000
0000
0000
0000
0000
0000
0000
0000
0000
0000
0000
0000
0000
0000
0000
0000
0000
0000
0000
0000
0000
0000
0000
0000
0000
0000
0000
1474
0000
0000
0000
159c
0000
159c
0000
0000
14ee
159c
0000
0000
0000
0000
0000
0000
0000
0000
0000
0000
0000
0000
25b4
0000
0000
0000
0000
0000
0000
0000
0000
15ae
1098
1d04
1a9a
1a9a
1a9a
1a9a
0000
14ec
0000
1c40
1790
1d7e
1fba
0000
0000
15ae
0000
1a9a
1a9a
1098
0000
0000
0000
0000
0000
0000
0000
0000
0000
0000
0000
0000
1efc
0000
0000
0000
0000
0000
0000
159e
1c42
0000
0000
0000
0000
0000
0000
0000
1efc
215c
0000
0000
0000
0000
0000
0000
0000
0000
0000
0000
0000
0000
0000
1a66
0000
0000
1bb4
1b9c
0000
0000
0000
0000
1792
0000
0000
0000
0000
0000
0000
0000
2172
0000
0000
1b9c
22f8
0000
24ea
0000
0000
0000
0000
0000
0000
0000
0000
1dc6
1c92
0000
0000
0000
0000
0000
0000
0000
1d80
0000
0000
1d80
0000
0000
0000
0000
1c92
0000
0000
0000
0000
0000
1d80
0000
0000
0000
0000
0000
0000
0000
0000
0000
0000
0000
0000
0000
0000
0000
0000
0000
1fbc
0000
0000
0000
0000
0000
0000
0000
0000
0000
0000
0000
22f8
0000
24ea
0000
0000
0000
0000
0000
0000
0000
0000
1a66
0000
0000
0000
0000
0000
0000
0000
0000
0000
0000
0000
0000
0000
0000
0000
0000
0000
0000
0000
0000
0000
0000
24ea
0000
0000
0000
0000
0000
0000
0000
0000
20bc
0000
0000
0000
0000
0000
0000
0000
0000
0000
0000
0000
0000
0000
0000
0000
0000
0000
0000
0000
0000
0000
0000
24ea
0000
0000
0000
0000
0000
0000
0000
0000
0000
0000
0000
0000
0000
0000
0000
0000
0000
15b0
0000
0000
0000
0000
0000
0000
0000
0000
0000
0000
0000
0000
0000
0000
0000
0000
0000
0000
0000
0000
0000
0000
2104
0000
123c
1000
113e
1278
113e
0000
0000
0000
1efa
2174
1c90
0000
0000
0000
0000
0000
0000
21e4
0000
0000
0000
0000
0000
0000
0000
0000
0000
0000
0000
0000
0000
0000
0000
0000
0000
0000
0000
0000
0000
1a9c
215e
0000
0000
0000
0000
0000
0000
0000
0000
216a
0000
216a
0000
24ea
0000
0000
0000
0000
0000
0000
0000
0000
0000
21e6
0000
0000
0000
0000
0000
0000
0000
1a9c
0000
0000
0000
0000
0000
0000
0000
21e6
2168
0000
0000
22f8
0000
0000
0000
0000
0000
0000
0000
0000
0000
0000
226a
0000
0000
0000
0000
0000
0000
0000
0000
109a
0000
1b9e
0000
0000
0000
0000
0000
0000
0000
0000
0000
22f8
0000
2458
0000
0000
0000
0000
0000
0000
0000
0000
2374
235a
235a
22f6
22f6
22f6
22f6
0000
0000
0000
0000
22f6
0000
22f6
0000
0000
0000
0000
2168
22f6
22f6
0000
0000
0000
0000
0000
0000
0000
0000
0000
0000
0000
0000
2418
0000
0000
0000
0000
0000
0000
0000
0000
0000
0000
0000
0000
0000
0000
0000
0000
0000
0000
0000
0000
0000
2458
0000
0000
0000
0000
0000
0000
0000
0000
2468
2456
2456
24e8
24e8
24e8
24e8
0000
25b2
0000
0000
24e8
1d7e
24e8
24e8
24e8
0000
0000
24e8
0000
2456
0000
2456
0000
0000
0000
0000
0000
0000
0000
0000
0000
25d2
0000
0000
0000
0000
0000
0000
0000
0000
0000
0000
0000
0000
0000
0000
0000
0000
0000
0000
0000
0000
0000
0000
0000
0000
0000
0000
0000
0000
0000
0000
0000
0000
0000
0000
0000
0000
0000
0000
0000
0000
0000
0000
0000
0000
0000
0000
0000
0000
0000
0000
0000
0000
0000
0000
0000
0000
0000
0000
0000
0000
0000
0000
0000
0000
0000
0000
0000
0000
0000
0000
0000
0000
0000
0000
0000
0000
0000
0000
0000
0000
0000
0000
0000
0000
0000
0000
0000
0000
0000
0000
0000
0000
0000
0000
0000
0000
0000
0000
0000
0000
0000
0000
0000
0000
0000
0000
0000
0000
0000
0000
0000
0000
0000
0000
0000
0000
0000
0000
0000
0000
0000
0000
0000
0000
0000
0000
0000
0000
0000
0000
0000
0000
0000
0000
0000
0000
0000
0000
0000
0000
0000
0000
0000
0000
0000
0000
0000
0000
0000
0000
0000
0000
0000
0000
0000
0000
0000
0000
0000
0000
0000
0000
0000
0000
0000
0000
0000
0000
0000
0000
0000
0000
0000
0000
0000
0000
0000
0000
0000
0000
0000
0000
0000
0000
0000
0000
0000
0000
0000
0000
0000
0000
0000
0000
0000
0000
0000
0000
0000
0000
0000
0000
0000
0000
0000
0000
0000
0000
0000
0000
0000
0000
0000
0000
0000
0000
0000
0000
0000
0000
0000
0000
08b9
0000
0006
098f
4ef9
0000
4876
4eb9
0000
481a
41f9
0006
2778
2810
6be2
2044
0828
0005
0040
67f2
3c28
001c
67ec
4df9
0001
0280
eb46
dcc6
3028
002c
3228
002e
3428
0022
3628
0024
2248
0839
0003
0006
098e
6606
08a8
0001
0041
2811
6bbc
2244
3c29
001c
3c36
6000
67f0
2868
0010
b9e9
0010
66e6
3800
d869
002c
3a02
9a69
0022
6a00
0004
4445
ba44
62d0
3801
d869
002e
3a03
9a69
0024
6a00
0004
4445
ba44
62ba
48e7
f0c2
3446
4e92
4cdf
430f
60ac
5339
0006
005d
6702
4e75
13fc
001e
0006
005d
0839
0003
0006
0147
6708
52b9
0006
0138
6030
0839
0005
0006
078d
6706
52b9
0006
077a
0839
0005
0006
084d
6706
52b9
0006
083a
0839
0005
0006
090d
6706
52b9
0006
08fa
41f9
0006
070e
610e
41f9
0006
07ce
6106
41f9
0006
088e
0828
0000
007f
6738
5368
0080
6e08
08e8
0001
007f
602a
0c68
0005
0080
6e22
4a68
0030
6b1c
317c
ffff
0030
2268
000c
2669
000a
3e2b
0056
0247
0030
4eb9
0000
4bee
4e75
6100
ff52
6100
007e
41f9
0006
2778
2010
6b68
2040
0828
0004
0041
6656
2868
0010
0839
0000
0006
0146
6730
b1fc
0006
16e8
6d28
0828
0004
003f
6620
b9f9
0006
0d60
6718
b9f9
0006
1042
6710
b9f9
0006
1324
6708
b9f9
0006
1606
6618
4a68
003c
67ae
7000
3028
0016
67a6
5368
003c
2c40
4e96
609c
4eb9
0000
576c
6094
08b9
0000
0006
0146
4e75
43f9
0006
070e
610e
43f9
0006
07ce
6106
43f9
0006
088e
0829
0001
007e
6612
4a29
00ba
6706
5329
00ba
6006
08a9
0001
007d
5229
006a
0c29
000a
006a
6c02
4e75
4229
006a
5269
008e
4e75
4239
0006
0d6c
4239
0006
104e
4239
0006
1330
4239
0006
1612
41f9
0006
2778
2010
6b00
02ea
2040
0828
0004
0042
66f0
0828
0004
0041
66e8
2268
000c
2468
0010
2a48
0828
0007
0042
672a
0c6d
59a8
0016
67ce
0829
0000
0000
674a
0829
0002
0000
66be
082d
0000
007d
66b6
082d
0001
0040
66ae
6030
0828
0004
003f
6722
2028
000c
6710
2a40
082d
0007
0042
6706
226d
000c
60c0
08a8
0004
003f
42a8
000c
2a48
08a8
0006
003f
08e8
0003
003f
4240
4241
4242
082d
0001
0041
6706
3039
0006
0978
bbc8
6704
d06d
002a
d068
002a
6700
00ae
3400
3628
0024
d043
3140
0024
906a
0010
e840
0828
0007
0041
673c
3a28
0026
e845
3c05
0646
000f
b046
6208
6100
84fe
6000
ff22
3c3c
0050
9c45
bc40
621a
082a
0003
000b
6608
6100
84e4
6000
ff08
08e8
0004
0041
6000
fefe
0c40
004f
6300
0050
0828
0007
0042
6628
4a42
6a12
0caa
0006
2784
002e
6730
216a
002e
0010
6030
0caa
0006
2784
002a
671e
216a
002a
0010
601e
1e3c
004a
4a42
6a04
1e3c
008a
4eb9
0000
8eee
6000
0084
3143
0024
4268
002a
082d
0001
0041
6600
0072
302d
0028
6700
006a
3200
d068
0022
0c40
8000
6304
0440
8000
3628
0022
3140
0022
906a
0012
e840
0c40
00ff
6300
0044
0828
0007
0042
6616
4a6d
0028
6b08
216a
0026
0010
602c
216a
0022
0010
6024
08e8
0006
003f
661c
3e3c
0016
4a68
0028
6b04
3e3c
0026
4eb9
0000
8eee
6606
08e8
0007
003f
2c68
0010
b5ce
6700
fe24
0828
0004
003f
671a
08e8
0006
003f
6600
fe12
0828
0007
003f
6674
0c68
0018
001c
676c
b1fc
0006
16e8
6d64
48e7
0060
224a
4eb9
0000
923e
6608
3028
0048
916a
0208
224e
4eb9
0000
923e
6624
302a
0208
d068
0048
0828
0000
0040
6708
0c40
000e
6e0e
6006
0c40
0014
6e06
3540
0208
601c
0c68
001c
001c
6708
08e8
0004
0041
600c
317c
0001
003c
317c
69a2
0016
4cdf
0600
0828
0004
003f
6600
fd8c
2028
0042
0280
00ff
ffff
670a
81ae
000c
4680
c1aa
000c
0828
0005
0042
6700
fd6c
08a8
0003
0040
0c68
000a
001c
660c
532a
001c
522e
001c
6000
fd52
0c68
000e
001c
660c
532a
001d
522e
001d
6000
fd3e
0c68
000c
001c
660c
532a
001e
522e
001e
6000
fd2a
0c68
0008
001c
6600
fd20
532a
001f
522e
001f
6000
fd14
41f9
0006
2778
2010
6b20
2040
0c68
0014
001c
6708
08a8
0003
003f
67ea
7000
3028
0014
67e2
2c40
4e96
60dc
4a39
0006
069c
6708
08f9
0000
0006
069c
4a39
0006
06c2
6708
08f9
0000
0006
06c2
4a39
0006
06e8
6708
08f9
0000
0006
06e8
4e75
0237
0238
0239
023a
023b
023c
023d
023e
023f
0240
0241
0242
0243
0244
0245
0246
0247
0248
0249
024a
024b
024c
024d
024e
024f
0250
0251
0252
0253
0254
0ad4
0ad5
0ad6
0ad7
0ad8
0ad9
0ada
023e
023f
0240
0241
0242
0243
0244
0245
0246
0247
0248
0adc
0add
0ade
024c
024d
024e
024f
0250
0251
0252
0253
0254
0256
0257
0258
0259
025a
025b
025c
025d
025e
025f
0260
0261
0262
0263
0264
0265
0266
0267
0268
0269
026a
026b
026c
026d
026e
026f
0270
0271
0272
0273
0275
0276
0258
0259
025a
025b
025c
025d
025e
025f
0260
0277
0278
0279
027a
0265
0266
027b
0268
0269
026a
026b
026c
026d
026e
026f
0270
0271
0272
0273
027c
027d
0258
0259
025a
025b
025c
025d
027e
027f
0280
0281
0282
0283
0284
0285
0266
0286
0268
0269
026a
026b
0287
0288
0289
028a
028b
0271
0272
028c
4ab9
0006
0184
6600
00b4
0839
0003
0006
0147
6600
00aa
5379
0006
016e
6700
0150
5379
0006
016c
6e00
0144
33fc
010e
0006
016c
0839
0005
0006
078d
6624
0cb9
0000
d78a
0006
071e
6718
43f9
0006
069c
237c
0000
d78a
0022
3e3c
008b
4eb9
0000
8eee
0839
0005
0006
084d
6624
0cb9
0000
d78a
0006
07de
6718
43f9
0006
06c2
237c
0000
d78a
0022
3e3c
008b
4eb9
0000
8eee
0839
0005
0006
090d
6624
0cb9
0000
d78a
0006
089e
6718
43f9
0006
06e8
237c
0000
d78a
0022
3e3c
008b
4eb9
0000
8eee
4e75
5379
0006
016c
6e00
00a6
33fc
010e
0006
016c
2079
0006
0180
4a90
6a24
207c
0001
130e
0839
0005
000f
0001
6714
1039
0006
0170
0240
001f
6608
3e3c
00b2
6100
851a
0839
0005
0006
078d
6616
43f9
0006
069c
2350
0022
670a
1e3c
008b
4eb9
0000
8eee
0839
0005
0006
084d
6618
43f9
0006
06c2
2368
0004
0022
670a
1e3c
008b
4eb9
0000
8eee
0839
0005
0006
090d
6618
43f9
0006
06e8
2368
0008
0022
670a
1e3c
008b
4eb9
0000
8eee
41e8
000c
23c8
0006
0180
4e75
33fc
03e8
0006
016e
33fc
010e
0006
016c
41f9
0000
da14
0839
0000
0006
0170
6606
41f9
0000
da46
43f9
0006
069c
0839
0005
0006
078d
6720
43f9
0006
06c2
0839
0005
0006
084d
6710
43f9
0006
06e8
0839
0005
0006
090d
660e
2348
0022
1e3c
008b
4eb9
0000
8eee
4e75
0000
0000
0000
d7bc
0000
0000
0000
0000
0000
d7ee
0000
0000
0000
0000
0000
d820
0000
0000
0000
0000
0000
d78a
0000
0000
0000
0000
0000
da46
0000
0000
0000
0000
0000
d78a
0000
0000
0000
0000
0000
d8b6
0000
0000
0000
d8e8
0000
d78a
0000
0000
0000
d78a
0000
0000
0000
d91a
0000
0000
0000
da14
0000
d78a
0000
0000
0000
d94c
0000
d78a
0000
d94c
0000
d97e
0000
d94c
0000
d78a
0000
0000
0000
d78a
0000
d78a
0000
d9b0
0000
d78a
0000
0000
0000
d9e2
0000
0000
0000
0000
0000
da14
0000
0000
0000
0000
0000
d78a
0000
0000
ffff
ffff
0001
176e
0001
19d8
0001
1e90
0001
220c
0001
1cd2
0001
18aa
0001
1b14
0001
245a
0001
180c
0000
0000
0000
0000
ffff
ffff
ffff
ffff
0000
0000
0000
0000
8556
6620
34aa
0000
0000
0001
0001
0500
0320
0080
0000
0000
0000
0000
0000
0000
0001
174e
0000
0000
0001
0000
0100
0200
0000
0000
0004
0a96
0a97
0a98
0a99
0000
0000
0000
ffff
ffff
ffff
ffff
0000
0000
0000
0000
8556
6620
3472
0000
0000
0001
0001
0500
0320
0080
0000
0000
0000
0000
0000
0000
0001
174e
0000
0000
0001
0000
0100
0200
0000
0000
0004
0a9f
0aa0
08f0
08f0
0000
0000
0000
ffff
ffff
ffff
ffff
0000
0000
0000
0000
8556
6620
3480
0000
0000
0001
0001
0500
0320
0080
0000
0000
0000
0000
0000
0000
0001
174e
0000
0000
0001
0000
0100
0200
0000
0000
0004
08f0
0aaf
08f0
08f0
0000
0000
0000
ffff
ffff
ffff
ffff
0000
0000
0000
0000
8556
6620
349c
0000
0000
0001
0001
0500
0320
0080
0000
0000
0000
0000
0000
0000
0001
174e
0000
0000
0001
0000
0100
0200
0000
0000
0004
0aa6
0aa7
08f0
08f0
0000
0000
0000
ffff
ffff
ffff
ffff
0000
0000
0000
0000
8556
6620
348e
0000
0000
0001
0001
0500
0320
0080
0000
0000
0000
0000
0000
0000
0001
174e
0000
0000
0001
0000
0100
0200
0000
0000
0004
0ab0
0ab1
08f0
08f0
0000
0000
0000
ffff
ffff
ffff
ffff
0000
0000
0000
0000
8556
6620
3448
0000
0000
0001
0001
0500
0320
0080
0000
0000
0000
0000
0000
0000
0001
174e
0000
0000
0001
0000
0100
0200
0000
0000
0004
0aa1
0aa2
0aa3
0aa4
0000
0000
0000
ffff
ffff
ffff
ffff
0000
0000
0000
0000
8556
6620
3456
0000
0000
0001
0001
0500
0320
0080
0000
0000
0000
0000
0000
0000
0001
174e
0000
0000
0001
0000
0100
0200
0000
0000
0004
0ab2
0ab3
08f0
08f0
0000
0000
0000
ffff
ffff
ffff
ffff
0000
0000
0000
0000
8556
6620
3464
0000
0000
0001
0001
0500
0320
0080
0000
0000
0000
0000
0000
0000
0001
174e
0000
0000
0001
0000
0100
0200
0000
0000
0004
0ab4
08f0
0ab5
08f0
0000
0000
0000
ffff
ffff
ffff
ffff
0000
0000
0000
0000
8556
6620
342c
0000
0000
0001
0001
0500
0320
0080
0000
0000
0000
0000
0000
0000
0001
174e
0000
0000
0001
0000
0100
0200
0000
0000
0004
0aa1
0aa5
0aa3
0aa4
0000
0000
0000
ffff
ffff
ffff
ffff
0000
0000
0000
0000
8556
6620
343a
0000
0000
0001
0001
0500
0320
0080
0000
0000
0000
0000
0000
0000
0001
174e
0000
0000
0001
0000
0100
0200
0000
0000
0004
0aa8
0aa9
0aaa
0aab
0000
ff00
0000
0000
0000
ff00
ff00
0000
ff00
ff00
0000
0000
0000
ff00
ff00
0000
ff00
004b
0000
00b4
0001
145a
0000
548c
0001
4e1c
0000
ce6e
0000
0000
0022
0000
0000
0002
14f6
0000
0000
8000
0000
0000
5000
0000
0001
2b50
0000
0000
0000
0000
0000
0820
0000
0001
2d5c
0000
0000
0000
0000
0000
8400
0000
0001
3fc8
0000
cf98
0001
0000
0000
4004
0000
0002
565e
0000
0000
0000
0000
0001
0040
0000
0002
43f2
0000
0000
8000
0000
0000
2008
0000
0002
3dce
0000
d09e
0000
0000
0010
1000
0000
004b
0000
00b4
0001
14ae
0000
548c
0002
4c22
0000
d0e8
0000
0000
0020
0000
0000
0001
45ec
0000
ce6e
0000
0000
0000
9000
0000
0001
6ede
0000
d1f2
8000
0000
0000
4000
0000
0002
39b6
0000
d00a
0000
0000
0004
0200
0000
0001
2f68
0000
0000
0000
0000
0080
0020
0000
0001
72f6
0000
cf10
8000
0000
0002
4000
0000
0001
43e0
0000
cf7a
0001
0000
0001
0040
0000
0002
3fda
0000
d1e6
0000
0000
0000
4200
0000
0096
0001
0168
0001
1556
0000
5684
0002
3bc2
0000
d020
0000
0000
0000
0200
0000
0001
3174
0000
0000
0000
0000
0000
0840
0000
0002
7d42
0000
0000
0000
0000
0000
4020
0000
0001
3380
0000
cf70
0001
0000
0001
0000
0000
0002
6ce2
0000
0000
8000
0000
0000
4000
0000
0002
503a
0000
0000
0000
0000
0020
0400
0000
0001
6cd2
0000
0000
8000
0000
0000
0008
0000
0002
2b62
0000
ccfa
8000
4000
0000
0004
0004
0001
585a
0000
d17c
0000
0000
0040
0000
0000
0001
6ac6
0000
0000
0000
0000
0004
8201
0000
0002
4e2e
0000
d036
0000
0000
0010
0080
0000
0002
12ea
0000
cfa2
0000
0000
0000
0040
0000
0002
7b36
0000
d1ec
8000
0000
0000
5000
0000
0001
4a04
0000
ce6e
0000
0000
0000
0002
0000
0001
5a66
0000
d18e
0000
0000
0000
0040
0000
0002
2d6e
0000
cd7e
0000
4000
0000
4000
0004
0096
0001
0168
0001
15aa
0000
54e0
0002
7f4e
0000
0000
8000
0008
0000
0008
0000
0002
8b96
0000
0000
0000
0000
0004
0020
0000
0002
8572
0000
0000
0000
0008
0000
0004
0000
0001
47f8
0000
ce6e
0000
0000
0000
4800
0000
0002
815a
0000
0000
0000
0008
0001
0001
0000
0001
70ea
0000
cf10
0000
0000
0040
0400
0000
0002
877e
0000
0000
8000
0008
0000
4000
0000
0002
253e
0000
cd7a
0000
4000
0000
4000
0004
0001
3798
0000
cf8e
0001
0000
0001
0400
0000
0002
5c82
0000
0000
0000
0000
0020
0001
0000
0002
5246
0000
d044
0000
0000
0000
5000
0000
0002
480a
0000
0000
0000
0004
0000
0040
0000
0002
08ae
0000
0000
0000
0004
0000
0202
0000
0002
62a6
0000
d1f2
8000
0000
0002
0000
0000
0002
64b2
0000
0000
8000
0000
0000
4010
0000
0002
274a
0000
cd28
0000
4000
0000
8000
0004
0096
0001
0168
0001
15fe
0000
55dc
00e1
0002
021c
0001
1652
0000
56d8
0001
8562
0000
d246
8000
2008
0000
0008
0000
0001
814a
0000
d264
8000
2008
0004
0000
0000
0001
8b86
0000
d1e6
0000
0008
0040
0000
0000
0001
3dbc
0000
cfac
0001
0000
0001
8000
0000
0001
876e
0000
d23c
0000
2008
0000
0080
0000
0001
897a
0000
d228
0000
2008
0000
0200
0000
0001
8356
0000
0000
0000
2008
0000
4000
0000
0002
2b62
0000
ccfa
0000
4000
0000
0004
0004
0001
7b26
0000
0000
8000
0008
0000
4000
0000
0001
770e
0000
0000
0000
0008
0000
4000
0000
0002
0cc6
0000
0000
0000
0000
0002
0800
0000
0001
47f8
0000
ce6e
0000
0000
0000
2002
0000
0001
7d32
0000
0000
0000
0008
0000
4000
0000
0001
7f3e
0000
0000
0000
0008
0000
0040
0000
0001
791a
0000
0000
8000
0000
0000
0200
0000
0002
253e
0000
cd7a
0000
4000
0000
0400
0004
0002
7512
0000
0000
8000
0000
0000
4000
0000
0002
5c82
0000
0000
0000
0000
0020
0001
0000
0002
5246
0000
d044
0000
0000
0000
4000
0000
0002
480a
0000
0000
0000
0004
0000
0040
0000
0002
08ae
0000
0000
0000
0004
0000
0202
0000
0002
62a6
0000
d1f2
8000
0000
0002
0000
0000
0002
64b2
0000
0000
8000
0000
0000
4010
0000
0002
274a
0000
cd28
0000
4000
0000
8000
0004
00e1
0002
021c
0001
16a6
0000
5534
0002
97de
0000
0000
0000
0008
0000
0040
0000
0002
8da2
0000
d1ec
8000
0000
0002
0020
0000
0002
95d2
0000
0000
0000
0008
0000
4000
0000
0001
39a4
0000
cf70
0001
0000
0001
0400
0000
0002
93c6
0000
0000
8000
0008
0000
1002
0000
0002
91ba
0000
0000
8000
0008
0004
0001
0000
0002
8fae
0000
0000
0000
0008
0000
4000
0000
0002
2956
0000
cd7a
0000
4000
0080
0000
0004
0002
5c82
0000
0000
0000
0000
0000
0200
0000
0002
7512
0000
0000
8000
0000
0000
4000
0000
0002
480a
0000
0000
8000
0004
0000
0008
0000
0001
45ec
0000
ce6e
0000
0000
0002
2000
0000
0002
08ae
0000
0000
0000
0004
0000
8000
0000
0002
43f2
0000
d10c
0000
0000
0000
4000
0000
0002
64b2
0000
0000
0000
0000
0001
0010
0000
0002
1d0e
0000
cd7a
0000
4000
0040
0000
0004
0002
37aa
0000
d05a
0000
0000
0000
4000
0000
0001
608a
0000
0000
0000
0000
0000
0410
0000
0001
7502
0000
cf10
0000
0000
0040
0180
0000
0001
564e
0000
0000
8000
0000
0004
4000
0000
0001
5e7e
0000
0000
0000
0000
0020
1000
0000
0002
028a
0000
0000
0000
0000
0000
0201
0000
0001
5c72
0000
0000
0000
0000
0000
0080
0000
0002
2332
0000
cd7e
0000
4000
0000
0020
0004
00e1
0002
021c
0001
1502
0000
5438
0002
2f7a
0000
d05a
0000
0000
0000
0002
0000
0001
66ae
0000
d1f2
0000
0004
0000
4000
0000
0002
06a2
0000
0000
0000
0004
0080
0000
0000
0002
5452
0000
0000
0000
0000
0001
0010
0000
0002
586a
0000
0000
0000
0000
0000
0820
0000
0001
2944
0000
0000
0000
0000
0000
4000
0000
0001
2738
0000
0000
0000
0000
0000
0040
0000
0002
1b02
0000
cd7a
8000
4000
0004
0000
0004
0002
3186
0000
d05a
8000
0000
0000
4000
0000
0001
3380
0000
cf70
0001
0000
0001
0000
0000
0001
5028
0000
0000
0000
0000
0000
4000
0000
0002
609a
0000
d100
0000
0000
0000
8400
0000
0001
5234
0000
0000
8000
0000
0002
0080
0000
0001
5440
0000
0000
0000
0000
0000
4040
0000
0001
2f68
0000
0000
0000
0000
0000
0020
0000
0002
1d0e
0000
cd7a
0000
4000
0000
0100
0004
0002
37aa
0000
d05a
8000
0000
0000
4000
0000
0002
0ed2
0000
0000
0000
0000
0000
0020
0000
0002
0aba
0000
0000
0000
0000
0040
0001
0000
0001
564e
0000
0000
0000
0000
0000
4040
0000
0001
4c10
0000
ce6e
8000
0000
0000
0408
0000
0001
7502
0000
cf10
8000
0000
0004
5000
0000
0002
028a
0000
0000
0000
0000
0001
2000
0000
0002
2332
0000
cd7e
0000
4000
0000
0004
0004
00e1
0002
021c
0001
1652
0000
56d8
0001
2738
0000
0000
0000
0000
0000
0400
0000
0001
64a2
0000
d1ec
8000
0010
0002
0000
0000
0001
97ce
0000
d2c6
8000
0000
0000
1040
0000
0001
358c
0000
cfb6
0001
0000
0000
4004
0000
0001
99da
0000
d2cc
0000
0000
0020
0000
0000
0001
3174
0000
0000
0000
0000
0000
4000
0000
0002
2f7a
0000
d05a
8000
0000
0000
1040
0000
0002
1b02
0000
cd7a
0000
4000
0000
0800
0004
0001
5028
0000
0000
0000
0000
0000
4000
0000
0001
5440
0000
0000
0000
0000
0000
0011
0000
0001
8f9e
0000
0000
8000
0000
0000
4000
0000
0001
4a04
0000
ce6e
0000
0000
0002
0000
0000
0001
93b6
0000
0000
0000
0000
0000
1000
0000
0001
5234
0000
0000
0000
0000
0000
4000
0000
0002
3186
0000
d05a
0000
0000
0000
8000
0000
0002
1d0e
0000
cd7a
0000
4000
0001
0000
0004
0002
0aba
0000
0000
0000
0000
0040
0001
0000
0002
0cc6
0000
0000
0000
0000
0000
0800
0000
0001
91aa
0000
0000
8000
0000
0004
0000
0000
0002
5a76
0000
0000
0000
0000
0000
0020
0000
0001
95c2
0000
0000
0000
0000
0000
0200
0000
0002
0ed2
0000
0000
0000
0000
0000
0002
0000
0002
37aa
0000
d05a
0000
0000
0001
0000
0000
0002
2332
0000
cd7e
0000
4000
0000
8000
0004
012c
0003
02d0
0001
1406
0000
53e4
0002
2f7a
0000
d05a
0000
0000
0001
0000
0000
0001
2d5c
0000
0000
0000
0000
0000
4000
0000
0001
45ec
0000
ce6e
0000
0000
0020
0000
0000
0002
08ae
0000
0000
0000
0004
0000
0600
0000
0001
64a2
0000
d1ec
8000
0010
0002
0000
0000
0001
2f68
0000
0000
0000
0000
0004
0020
0000
0002
7512
0000
0000
0000
0000
0000
4040
0000
0002
1b02
0000
cd7a
8000
4000
0000
4000
0004
0002
3186
0000
d05a
0000
0000
0000
8000
0000
0002
5e8e
0000
0000
0000
0000
0000
0020
0000
0001
72f6
0000
cf10
8000
0000
0005
0000
0000
0002
771e
0000
0000
0000
0000
0000
0240
0000
0002
70fa
0000
0000
0000
0000
0000
4000
0000
0002
66be
0000
0000
0000
0000
0040
0000
0000
0001
68ba
0000
d28e
0000
0010
0000
0080
0000
0002
1d0e
0000
cd7a
0000
4000
0000
4000
0004
0002
3392
0000
d05a
8000
0000
0000
4000
0000
0001
41d4
0000
cf84
0001
0000
0001
4000
0000
0002
7306
0000
0000
0000
0000
0000
0100
0000
0001
9be6
0000
d25a
0000
0000
0000
4000
0000
0002
6eee
0000
0000
0000
0000
0020
0040
0000
0002
6ce2
0000
0000
0000
0000
0000
4001
0000
0002
6ad6
0000
cf98
0000
0000
0002
0200
0000
0002
1f1a
0000
cd7a
8000
4000
0000
4000
0004
0001
585a
0000
d17c
0000
0000
0000
0002
0000
0002
37aa
0000
d05a
0000
0000
0001
0000
0000
0002
10de
0000
0000
0000
0000
0000
4000
0000
0001
9ffe
0000
0000
0000
0008
0000
4000
0000
0002
792a
0000
0000
0000
0010
0000
4040
0000
0002
4c22
0000
0000
0000
0000
0020
0000
0000
0001
5a66
0000
d18e
0000
0000
0004
0000
0000
0002
2d6e
0000
cd7e
0000
4000
0000
4000
0004
0177
0004
0384
0001
16fa
0000
5630
0001
a416
0000
0000
8000
0008
0002
0080
0000
0001
a622
0000
0000
0000
0008
0000
4040
0000
0001
a82e
0000
0000
8000
0008
0004
0000
0000
0001
aa3a
0000
0000
0000
0008
0000
0200
0000
0001
ac46
0000
0000
0000
0008
0000
0440
0000
0001
ae52
0000
0000
0000
0008
0004
0020
0000
0002
2f7a
0000
d05a
0000
0000
0001
0000
0000
0002
1b02
0000
cd7a
8000
4000
0000
4000
0004
0001
2944
0000
0000
0000
0000
0000
4000
0000
0001
6296
0000
d1f2
8000
0010
0002
0000
0000
0002
06a2
0000
0000
0000
0004
0080
0000
0000
0001
3bb0
0000
cfb6
0001
0000
0001
0000
0000
0002
7512
0000
0000
0000
0000
0000
4000
0000
0002
43f2
0000
d10c
0000
0000
0002
0002
0000
0002
3186
0000
d05a
0000
0000
0000
8000
0000
0002
1d0e
0000
cd7a
8000
4000
0000
4000
0004
0002
45fe
0000
0000
0000
0000
0001
0000
0000
0001
2d5c
0000
0000
0000
0000
0000
4001
0000
0001
9df2
0000
d1d4
8000
0000
0002
0200
0000
0002
66be
0000
0000
0000
0000
0040
0800
0000
0002
609a
0000
d100
0000
0000
0000
8000
0000
0001
68ba
0000
d28e
0000
0010
0000
0080
0000
0002
3392
0000
d05a
8000
0000
0000
4000
0000
0002
1f1a
0000
cd7a
0000
4000
0000
4000
0004
0001
585a
0000
d17c
0000
0000
0000
0003
0000
0001
5028
0000
0000
0000
0000
0000
4000
0000
0001
a20a
0000
cf70
0000
0008
0001
0000
0000
0002
4a16
0000
0000
8000
0000
0000
4000
0000
0001
4c10
0000
ce6e
0000
0000
0022
0000
0000
0001
5a66
0000
d18e
8000
0000
0004
0000
0000
0002
359e
0000
d05a
0000
0000
0000
4000
0000
0002
2d6e
0000
cd7a
0000
4000
0000
0100
0004
0002
7b36
0000
d1ec
0000
0000
0000
4000
0000
0002
6eee
0000
0000
0000
0000
0020
0040
0000
0002
6ce2
0000
0000
8000
0000
0000
4000
0000
0002
37aa
0000
d05a
0000
0000
0001
0000
0000
0002
7306
0000
0000
0000
0000
0000
0100
0000
0002
771e
0000
0000
0000
0000
0000
0240
0000
0002
70fa
0000
0000
0000
0000
0000
4400
0000
0002
2332
0000
cd7e
0000
4000
0000
4000
0004
6591
4a95
aa54
a954
0a10
0a10
0a10
0a10
0a10
0a10
0a10
0a10
0a10
0a10
0a10
0a10
0a10
0a14
0a14
0a14
0a14
0a14
7ef5
0a14
7ef5
0a14
7ef5
0a14
a950
aa50
4a91
6595
6591
4a95
ab54
ac54
0090
8a65
8965
8a65
8965
b652
be52
bf52
bf52
bf52
bf52
b656
8a65
8965
8a65
8965
0090
b652
7ef5
bf52
7ef5
bf52
7ef5
b656
ac50
ab50
4a91
6595
6591
4a95
0d14
ad54
0090
8b65
8c65
8b65
8c65
b852
4756
5119
5119
bc5a
bc52
b856
8b65
8c65
8b65
8c65
0090
b852
7ef5
bc56
7ef5
ba5a
7ef5
b856
ad50
0d10
4a91
6595
6591
4b95
0d14
ad54
0090
8a65
8965
8a65
8965
b85a
5119
5115
ba52
bb52
5115
b85e
8a65
8965
8a65
8965
0090
b85a
7ef5
4756
7ef5
5115
7ef5
b85e
ad50
0d10
4b91
6595
6591
4a95
0d14
ad54
0090
8b65
8c65
8b65
8c65
b65a
be5a
bf5a
bf5a
bf5a
bf5a
b65e
8b65
8c65
8b65
8c65
0090
b65a
7ef5
bf5a
7ef5
bf5a
7ef5
b65e
ad50
0d10
4a91
6595
6591
4a95
0d14
ad54
5851
5851
5851
5851
5851
5851
5851
5851
5851
5851
5851
5851
5855
5855
5855
5855
5855
5851
7ef5
5851
7ef5
5851
7ef5
5855
ad50
0d10
4a91
6595
6591
4a95
b154
ae54
b950
b950
b950
b950
b950
b950
b950
b950
b950
b950
b950
b950
b954
b954
b954
b954
b954
b950
7ef5
b950
7ef5
b950
7ef5
b954
ae50
b150
4a91
6595
6591
4a95
b054
af54
0b10
0b10
0b10
0b10
0b10
0b10
0b10
0b10
0b10
0b10
0b10
0b14
0b14
0b14
0b14
0b14
0b14
0b10
7ef5
0b10
7ef5
0b10
7ef5
0b14
af50
b050
4a91
6595
0000
0004
1000
0000
3bd0
0000
65b1
49b5
6935
6735
4335
4336
4436
4536
4336
4436
4331
4331
4331
4331
4331
4331
4331
4331
4331
4331
4331
4532
4432
4332
4532
4432
4332
4331
6731
6931
49b1
65b5
65b1
4ab5
6835
6635
0230
0230
0230
0230
0230
0230
0230
0230
b672
bf76
bf76
bf76
bf72
bf72
bf72
b676
0230
0230
0230
0230
0230
0230
0230
0230
6631
6831
4ab1
65b5
65b1
4ab5
6a35
7135
0230
0230
0230
0230
0230
0230
0230
0230
b872
0930
0930
5131
5131
5135
5135
b876
9d32
9e32
9f32
5e30
5d30
5c30
5b30
7934
7131
6a31
4ab1
65b5
65b1
4bb5
6b35
7135
0230
0230
0230
0230
0230
0230
0230
0230
bd72
5131
5131
5131
5131
5135
5135
bd76
b672
bf76
bf72
b676
0230
0230
0230
0230
7131
6b31
4bb1
65b5
65b1
4ab5
6b35
7135
0230
0230
0230
0230
0230
0230
0230
0230
bd72
5131
5131
ca73
ca77
5135
5135
bd76
b872
bb31
bc31
b876
0230
0230
0230
0230
7131
6b31
4ab1
65b5
65b1
4ab5
6e35
7135
0230
0230
0230
0230
0230
0230
0230
0230
3c72
0930
0930
4c72
4c76
0934
0934
3c76
b67a
bf7e
bf7a
b67e
0230
0230
0230
0230
7131
6e31
4ab1
65b5
7bb1
4ab5
6f35
7135
b970
b970
b970
b970
b970
b970
b970
b970
3d72
3e72
4072
3f72
3f76
4076
3e76
3d76
b970
b970
b970
b970
b970
b970
b970
b970
7131
6f31
4ab1
7bb5
65b1
4ab5
7335
7235
7c31
7c31
2f31
3f35
7c31
7c31
7c31
7c31
7c31
7c31
7c31
7c31
7c31
7c31
7c31
7c31
7c31
7c31
7c31
7c31
7c31
7c31
7c31
7c31
7231
7331
4ab1
65b5
0000
0004
1000
0000
3b10
009e
65b1
49b5
6935
6735
4331
4331
4331
15b1
4331
4331
4331
4331
4335
4335
4335
4335
15b1
4335
4335
4335
4335
4335
4335
4335
4335
15b1
4335
4335
6731
6931
49b1
65b5
65b1
4ab5
6835
6635
0090
0090
b652
14b1
be72
be72
be72
be72
bf56
bf56
bf56
bf56
14b1
be56
bf56
be56
be56
be56
be56
be56
be56
14b1
0094
0094
6631
6831
4ab1
65b5
65b1
4ab5
6a35
7135
5559
555d
b852
14b1
b976
bc76
5139
5139
5139
5139
5139
5139
14b1
bc76
2072
1e72
1f72
ba72
1d72
3472
3076
14b1
5559
555d
7131
6a31
4ab1
65b5
65b1
4bb5
6b35
7135
5551
5555
bd52
14b1
4876
4776
5139
5139
bc7a
b97a
5139
5139
14b1
4776
2172
2272
2372
5101
2872
3472
2f76
14b1
5551
5555
7131
6b31
4bb1
65b5
65b1
4ab5
6b35
7135
5559
555d
bd52
14b1
0934
0934
5135
5135
0934
0934
5135
513d
14b1
0934
5101
2672
2472
5101
2972
3472
2e76
14b1
5559
555d
7131
6b31
4ab1
65b5
65b1
4ab5
6e35
7135
5551
5555
3c52
14b1
b97a
ba7a
ba72
bb72
5139
5139
ba72
5131
14b1
ba7a
5131
5101
2572
2772
2a72
3772
3176
14b1
5551
5555
7131
6e31
4ab1
65b5
65b1
4ab5
6f35
7135
b950
b950
3d52
14b1
3e56
3e56
3e56
3e56
3e56
3e56
3e56
3e56
14b1
3e56
3e56
3e56
3e56
3e56
3e56
3e56
3e56
14b1
b954
b954
7131
6f31
4ab1
7bb5
65b1
4ab5
7335
7235
7c31
7c31
7c31
14b1
7c31
7c31
7c31
7c31
7c31
7c31
7c31
7c31
14b1
7c31
7c31
7c31
7c31
7c31
7c31
7c31
7c31
14b1
7c35
7c35
7231
7331
4ab1
65b5
0000
0004
1000
0000
3b10
0000
65b1
49b5
6935
6735
4331
4331
4331
4331
4331
4331
4331
4331
4331
4331
4331
4331
4331
4335
4331
4331
4331
4331
4331
4331
4331
4331
4331
4331
6731
6931
49b1
65b5
65b1
4ab5
6835
6635
b672
be72
be72
be72
be72
be72
be72
bf72
be72
be72
be72
bf72
b676
0080
1e31
e162
e162
e162
e162
e162
e162
1e35
0080
0080
6631
6831
4ab1
65b5
65b1
4ab5
6a35
7135
b872
0934
bb76
ba76
b976
bc76
5139
5139
5139
5139
5139
5139
b876
0080
1e31
9765
9765
9765
9765
6c61
6d61
1e35
0080
0080
7131
6a31
4ab1
65b5
65b1
4bb5
6b35
7135
bd72
0934
0934
4b76
4876
4776
5139
5139
bc7a
b97a
5139
5139
bd76
0080
1e31
9765
d062
9765
d062
7061
7161
1e35
0080
0080
7131
6b31
4bb1
65b5
65b1
4ab5
6b35
7135
bd72
0934
b776
0934
0934
0934
5135
5135
0934
0934
5135
5135
bd76
0080
1e31
9765
cf62
d866
cf62
d866
9765
1e35
0080
0080
7131
6b31
4ab1
65b5
65b1
4ab5
6e35
7135
3c72
5135
5135
bc7a
b97a
ba7a
ba72
bb72
5139
5139
ba72
bb72
3c76
0080
1e31
b964
ce62
d666
ce62
d666
b964
1e35
0080
0080
7131
6e31
4ab1
65b5
7bb1
4ab5
6f35
7135
3d72
3e72
3e72
3e72
3e72
3e72
3e72
3e72
3e72
3e72
3e72
3e72
3d76
b970
8736
e634
cd62
d566
cd62
d566
e634
8732
b970
b970
7131
6f31
4ab1
65b5
65b1
4ab5
7335
7235
7c31
7c31
7c31
2f31
3f35
7c31
7c31
7c31
7c31
7c31
7c31
7c31
7c31
7c31
e630
e630
e630
e630
e630
e630
e630
e630
7c31
7c31
7231
7331
4ab1
65b5
0000
0004
1000
0000
3b10
0000
65b1
49b5
6935
6735
4331
4331
4331
4331
4331
4335
4331
7ed5
4335
7ed5
4335
4335
4335
4335
4335
7ed5
4335
7ed5
4331
4335
4335
4335
4335
4335
6731
6931
49b1
65b5
65b1
4ab5
6835
6635
0090
0090
0090
0090
b652
bf56
be72
7ed5
bf56
7ed5
bf56
bf56
bf56
bf56
be56
7ed5
be56
7ed5
bf52
b656
0094
0094
0094
0094
6631
6831
4ab1
65b5
65b1
4ab5
6a35
7135
8375
8075
8375
8075
b852
5139
b976
7ed5
5139
7ed5
5139
5139
5139
5139
bc76
7ed5
5139
7ed5
513d
b856
8071
8371
8071
8371
7131
6a31
4ab1
65b5
65b1
4bb5
6b35
7135
8275
7e75
8275
7e75
bd52
0934
4876
7ed5
bc7a
7ed5
4756
5119
5119
bc5a
bc52
7ed5
513d
7ed5
bc7e
bd56
7e71
8271
7e71
8271
7131
6b31
4bb1
65b5
65b1
4ab5
6b35
7135
8175
7f75
8175
7f75
bd52
0934
0934
7ed5
0934
7ed5
5119
5115
ba52
bb52
5115
7ed5
513d
7ed5
0930
bd56
7f71
8171
7f71
8171
7131
6b31
4ab1
65b5
65b1
4ab5
6e35
7135
5a71
0234
5a71
0234
3c52
5139
b97a
7ed5
5139
7ed5
ba72
5131
5131
5139
513d
7ed5
ba7a
7ed5
513d
3c56
0230
5a75
0230
5a75
7131
6e31
4ab1
65b5
65b1
4ab5
6f35
7135
b950
b950
b950
b950
3d52
3e56
3e56
7ed5
3e56
7ed5
3e56
3e56
3e56
3e56
3e56
7ed5
3e56
7ed5
3e52
3d56
b954
b954
b954
b954
7131
6f31
4ab1
7bb5
65b1
4ab5
7335
7235
7c31
7c31
7c31
7c31
7c31
7c31
7c31
7ed5
7c31
7ed5
7c31
7c31
7c31
7c31
7c31
7ed5
7c31
7ed5
7c35
7c35
7c35
7c35
7c35
7c35
7231
7331
4ab1
65b5
0000
0004
1000
0000
3b10
0000
6591
4995
6915
6715
4335
4335
4335
4335
4335
4335
4335
4335
4335
4335
4335
4331
4331
4331
4331
4335
4331
4331
4331
4331
4331
4331
4331
4331
6711
6911
4991
6595
6591
4a95
6815
6615
c076
bf76
bf76
bf76
bf76
bf76
bf72
c072
9828
982c
9828
ce32
cf32
cf32
cf32
cf32
982c
9828
982c
9828
982c
9828
982c
9828
6611
6811
4a91
6595
6591
4a95
6a15
7115
c176
5131
bc72
513d
513d
513d
4872
c172
9820
9824
9820
0a30
0620
0620
0620
0620
9824
9820
9824
9820
9824
9820
9824
9820
7111
6a11
4a91
6595
6591
4b95
6b15
7115
c276
bc72
b972
ba72
bb72
bc76
5135
c272
982c
9828
982c
0a30
0620
0620
0620
0620
9828
982c
9828
982c
9828
982c
9828
982c
7111
6b11
4b91
6595
6591
4a95
6b15
7115
c276
4772
4872
4b72
5131
b972
5131
c272
9824
9820
9824
0a30
0620
0620
0620
0620
9820
9824
9820
9824
9820
9824
9820
9824
7111
6b11
4a91
6595
6591
4a95
6e15
7115
c276
5131
4776
513d
513d
513d
bc76
c272
9828
982c
9828
0a30
0620
0620
0620
0620
982c
9828
982c
9828
982c
9828
982c
9828
7111
6e11
4a91
6595
6591
4a95
6f15
7115
c07e
bf7e
bf7a
bf7a
bf7a
bf7a
bf7a
c07a
9820
9824
9820
8736
2736
2736
2736
2736
9824
9820
9824
9820
9824
9820
9824
9820
7111
6f11
4a91
7b95
6591
4a95
7315
7215
2736
2736
2736
2736
2736
2736
2736
2736
2736
2736
2736
e630
e630
e630
e630
3f31
2736
2736
2736
2736
2736
2736
2736
2736
7211
7311
4a91
6595
0000
0004
1000
0800
3b3a
0000
65b1
49b5
6935
6735
4336
4436
4536
4331
4336
4436
4536
4335
4736
4636
4836
4736
4636
4832
4632
4732
4832
4632
4732
4335
4532
4432
4332
4335
6731
6931
49b1
65b5
65b1
4ab5
6835
2136
243a
243a
243a
243a
243a
243a
243a
243a
1e35
3831
3831
3831
3831
3831
3831
3831
3831
3831
1e31
243a
243a
243a
243a
243a
2132
6831
4ab1
65b5
65b1
4ab5
6a35
2336
7130
b032
af32
ae32
9d32
9e32
9f32
a032
1e35
3931
3931
3931
3931
3931
3931
3931
3931
3931
1e31
7934
6a32
6b36
6b32
6a36
2332
6a31
4ab1
65b5
65b1
4bb5
6b35
2336
6530
6430
6330
6230
6130
9e32
9f32
a032
1e35
3931
3931
3931
3931
3931
3931
3931
3931
3931
1e31
7934
6532
0934
0930
6536
2332
6b31
4bb1
65b5
65b1
4ab5
6b35
2336
7130
7130
7130
7130
ac32
b132
cd32
ad32
1e35
3931
3931
3931
3931
3931
3931
3931
3931
3931
1e31
7934
6532
0934
0930
6536
2332
6b31
4ab1
65b5
65b1
4ab5
6e35
2336
7130
7130
7130
7130
7130
7130
7130
7130
1e35
3931
3931
3931
3931
3931
3931
3931
3931
3931
1e31
7934
1e32
1f32
1f36
1e36
2332
6e31
4ab1
65b5
7bb1
4ab5
6f35
2336
2436
2436
2436
2436
2436
2436
2436
2436
8736
2732
2732
2732
2732
2732
2732
2732
2732
2732
8732
2432
2432
2432
2432
2432
2332
6f31
4ab1
65b5
65b1
4ab5
7335
7235
3f35
2f31
e634
e634
e634
e634
3f39
e634
e634
e634
e638
e638
3f3d
e630
e630
e630
e630
3f35
e630
e630
e630
e630
3f35
2f31
7231
7331
4ab1
65b5
0000
0004
1000
0000
3b10
00f2
6591
4995
6915
6715
4335
4335
4335
4335
4335
4335
4335
4335
4335
4335
4335
4335
4335
4335
4335
4335
4335
4335
4335
4335
4335
4335
4335
4335
6711
6911
4991
6595
6591
4a95
6815
6615
6836
6836
6836
6836
6836
6836
6836
6836
6836
6836
6836
6836
6836
6836
6836
6836
7830
3835
3835
3835
3835
3835
7830
7930
6611
6811
4a91
6595
6591
4a95
6a15
7115
6a32
6a36
6a32
6a36
7130
7130
7130
eb32
f432
f332
f232
f132
d432
d432
7130
7130
7830
3935
3935
3935
3935
3935
7834
7930
7111
6a11
4a91
6595
6591
4b95
6b15
7115
6532
6536
6532
6536
7134
7134
ff32
fe32
fd32
ee32
f532
f932
fa32
fb32
7130
7130
7830
3935
3935
3935
3935
3935
7834
7930
7111
6b11
4b91
6595
6591
4a95
6b15
7115
6532
6536
6532
6536
7134
7134
7130
0333
0233
0133
e632
e532
7130
7130
7130
7930
7830
3935
393d
393d
393d
393d
7834
7930
7111
6b11
4a91
6595
6591
4a95
6e15
7115
1e32
1e36
1e32
1e36
7134
7134
6530
6430
6330
6230
6130
9e32
9f32
a032
7134
7930
7830
393d
393d
393d
393d
393d
7834
7934
7111
6e11
4a91
6595
7b91
4a95
6f15
7115
7134
7134
7134
7134
7134
7134
7134
e432
da32
9d32
9e32
9f32
a032
7134
7134
7930
2632
2732
2732
2732
2732
2732
2636
2432
2312
6f11
4a91
6595
6591
4a95
7315
7215
2736
2736
2736
2736
2736
2736
2736
2736
2736
2736
2736
2736
2736
2736
2736
2736
e634
e634
e634
e634
e634
e634
e634
2f35
7211
7311
4a91
6595
0000
0004
1000
0000
3b3a
0000
6591
4995
6915
6715
4331
4335
4335
4335
4335
4335
4335
4335
4335
4335
4335
4335
4335
4335
4335
4335
4335
4335
4335
4335
4335
4335
4335
4335
6711
6911
4991
6595
6591
4a95
6815
6615
7934
7834
3831
3831
3831
3831
3831
7834
6832
6832
6832
6832
6832
6832
6832
6832
6832
6832
6832
6832
6832
6832
6832
6832
6611
6811
4a91
6595
6591
4a95
6a15
7115
7934
7830
3931
3931
3931
3931
3931
7834
7130
7130
7130
eb32
f432
f332
f232
f132
d432
7130
7130
7130
6a32
6a36
6a32
6a36
7111
6a11
4a91
6595
6591
4b95
6b15
7115
7934
7830
3931
3931
3931
3931
3931
7834
7134
7134
7134
ec32
ed32
ee32
ef32
f032
d432
d432
7130
7130
6532
6536
6532
6536
7111
6b11
7991
6595
6591
4a95
6b15
7115
7934
7830
3939
3939
3939
3939
3931
7834
7134
7134
7134
e932
e832
e732
e632
f632
f732
f832
7930
7930
6532
6536
6532
6536
7111
6b11
7a91
6595
6591
4a95
6e15
7115
7930
7830
3939
3939
3939
3939
3939
7834
6530
6430
6330
6230
6130
9e32
9f32
a032
ac32
b132
cd32
ad32
1e32
1e36
1e32
1e36
7111
6e11
4a91
6595
7b91
4a95
6f15
7115
2432
2632
2732
2732
2732
2732
2732
2636
7134
7130
7130
7130
7130
7130
7130
7134
7134
7134
7134
7134
7130
7130
7130
7130
2312
6f11
4a91
6595
6591
4a95
7315
7215
e634
e630
e630
e630
e630
e630
e630
e634
2736
2736
2736
2736
2736
2736
2736
2736
2736
2736
2736
2736
2736
2736
2736
2736
7211
7311
4a91
6595
0000
0004
1000
0000
3b3a
0000
6591
4995
6915
6715
4335
4335
4335
4335
4335
4335
4335
4335
4335
4335
4335
4331
4331
4331
4331
4331
4331
4331
4331
4331
4331
4331
4331
4331
6711
6911
4991
6595
6591
4a95
6815
2116
2536
cf36
cf36
cf36
2532
2032
2032
2032
2032
2032
8332
8436
8436
8436
8436
8436
8436
8436
8336
2032
6632
6632
6632
6632
2112
6811
4a91
6595
6591
4a95
6a15
2316
7834
3935
3935
3935
7834
e932
e832
b930
b630
b830
7b36
5115
3b56
3a56
5115
5119
bb5e
ba5a
7436
7930
6a32
6b36
6b32
6a36
2312
6a11
4a91
6595
6591
4b95
6b15
2316
7834
3935
3935
3935
7834
6530
6430
6330
6230
6130
7b36
7656
3956
3856
7656
bc5e
bc56
5111
7436
7930
6532
0934
0930
6536
2312
6b11
4b91
6595
6591
4a95
6b15
2316
7834
3935
3935
3935
7834
7930
ac32
b132
cd32
ad32
7b36
a356
a156
a256
a356
a456
8056
9e52
7436
753e
6532
0934
0930
6536
2312
6b11
4a91
6595
6591
4a95
6e15
2316
7834
3935
3935
3935
7834
7934
7934
7930
7934
7934
7c36
7936
7936
7936
7936
7936
7936
7936
7a3a
7934
1e32
1f32
1f36
1e36
2312
6e11
4a91
6595
7b91
4a95
6f15
2316
2632
2f31
2f31
2f31
2636
2432
2432
2432
2432
2432
2436
2432
2432
2432
2432
2432
2432
2432
2432
2432
2432
2432
2432
2432
2312
6f11
4a91
6595
6591
4a95
7315
7215
e630
e630
e630
e630
e630
e630
e630
e634
e630
e630
e630
e634
e634
e634
e634
e634
e634
e634
e634
e634
e634
e634
e634
e634
7211
7311
4a91
6595
0000
0004
1000
0000
3b3a
00f2
6591
4995
6915
6715
4331
4331
4331
4335
4335
4335
7ef1
4335
4335
4335
4335
4335
4335
4335
4335
4335
4335
7ef5
4335
4335
4335
4335
4335
4335
6711
6911
4991
6595
6591
4a95
6815
2116
2036
2036
2036
2036
3c36
3d36
7ef1
7e71
6b32
6b32
6b32
6b32
6b32
6b32
6b32
6b32
7e75
7ef5
3d32
3c32
2032
2032
2032
2032
2112
6811
4a91
6595
6591
4a95
6a15
2316
6a32
6b36
6b32
6a36
3636
3536
7ef1
7e71
bc56
bc5e
511d
5131
5135
511d
5131
b956
7e75
7ef5
3532
3632
7930
7930
7930
7930
2312
6a11
4a91
6595
6591
4b95
6b15
2316
6532
0934
0930
6536
7934
7934
7ef1
7e71
5111
bb56
ba56
ba7a
b956
5139
b956
5135
7e75
7ef5
0333
0233
b530
b630
b830
7930
2312
6b11
4b91
6595
6591
4a95
6b15
2316
6532
0934
0930
6536
753a
7934
7ef1
7e71
5139
513d
5135
5111
511d
ba5a
bb5a
511d
7e75
7ef5
6530
6430
6330
6230
6130
7930
2312
6b11
4a91
6595
6591
4a95
6e15
2316
1e32
1f32
1f36
1e36
7934
7934
7ef1
7e71
5115
5115
5115
475e
5111
5111
bc52
bc5a
7e75
7ef5
7930
ac32
b132
cd32
ad32
7930
2312
6e11
4a91
6595
7b91
4a95
6f15
2316
2436
2432
2436
2436
2436
2436
7ef1
7e71
2432
2432
2432
2432
2432
2432
2432
2432
7e75
7ef5
2436
2436
2436
2436
2436
2432
2312
6f11
4a91
6595
6591
4a95
7315
7215
3f35
2f31
e634
e634
e634
2f35
7ef1
e634
e630
e630
e630
e630
e630
2f35
e630
e630
3f39
7ef5
e630
2f35
e630
e630
3f3d
e630
7211
7311
4a91
6595
0000
0004
1000
0000
3b3a
00ca
65b1
49b5
6935
6735
4336
4436
4536
4336
4436
4536
4336
4436
4335
4335
4335
4335
4335
4335
4335
4335
4432
4332
4532
4432
4332
4532
4432
4332
6731
6931
49b1
65b5
65b1
4ab5
6835
2136
6a12
6b12
6b12
6b12
6a16
7914
7914
7914
7814
3835
3835
3835
3835
3835
7834
7934
7934
7934
7934
7934
7934
7934
7934
7934
2132
6831
4ab1
65b5
65b1
4ab5
6a35
2336
6512
3e15
3e15
3e15
6516
6e10
6e10
6e10
7814
3935
3935
3935
3935
3935
7834
9430
9530
9630
7b30
7c30
7934
7a36
7736
7636
2332
6a31
4ab1
65b5
65b1
4bb5
6b35
2336
6512
3e15
3e15
3e15
6516
6e18
6e18
6e18
7814
3935
3935
3935
3935
3935
7834
e432
da32
9d32
9e32
9f32
a032
7b36
7d36
7436
2332
6b31
4bb1
65b5
65b1
4ab5
6b35
2336
6512
3e15
3e15
3e15
6516
751a
7910
7914
7814
3935
3935
3935
3935
3935
7834
6530
6430
6330
6230
6130
7934
7c36
7936
7a3a
2332
6b31
4ab1
65b5
65b1
4ab5
6e35
2336
1e12
1f12
6e12
1f16
1e16
7910
7910
7914
7814
3935
3935
3935
3935
3935
7834
7930
ac32
b132
cd32
ad32
7930
7930
7930
7930
2332
6e31
4ab1
65b5
7bb1
4ab5
6f35
2336
2416
2416
2416
2416
2416
2416
2416
2416
2612
2f31
2f31
2f31
2f31
2f31
2636
2436
2436
2436
2436
2436
2436
2432
2432
2432
2332
6f31
4ab1
65b5
65b1
4ab5
7335
7235
e634
e634
e634
e634
e634
e634
e634
e634
e634
e634
e634
e634
e634
e634
e634
e634
e634
e634
e630
e630
e630
e630
e630
e630
7231
7331
4ab1
65b5
0000
0004
1000
0000
3b10
008a
65b1
49b5
6935
4331
4336
4436
4536
4336
4436
4536
4336
4436
4335
4335
4335
4335
4335
4335
4335
4335
4432
4332
4532
4432
4332
4532
4432
4332
6731
6931
49b1
65b5
65b1
4ab5
6835
6635
7930
7830
7932
7932
7936
7936
7834
7934
7934
7934
7934
7934
7934
7934
7934
7934
7830
3831
3831
3831
7830
7934
7934
7934
2132
6831
4ab1
65b5
65b1
4ab5
6a35
7135
7934
7830
7932
7932
7936
7936
7834
7930
ff32
fe32
fd32
ee32
f532
f932
fa32
fb32
7830
3931
3931
3931
7830
7530
7430
7534
2332
6a31
4ab1
65b5
65b1
4bb5
6b35
7135
7934
7830
7932
7932
7936
7936
7834
7930
7930
7930
6d32
7032
7132
7934
7934
7934
7830
3931
3931
3931
7830
4a36
3a32
4a32
2332
6b31
4bb1
65b5
65b1
4ab5
6b35
7135
7934
7830
7932
7932
7936
7936
7834
7930
753a
6530
6430
6330
6230
6130
7934
7934
7830
3931
3931
3931
7830
7538
e93c
753c
2332
6b31
4ab1
65b5
65b1
4ab5
6e35
7135
7934
7830
7936
7936
7936
7936
7834
7930
7930
7930
ac32
b132
cd32
ad32
7930
7930
7830
3931
3931
3931
7830
7934
7934
7934
2332
6e31
4ab1
65b5
7bb1
4ab5
6f35
7135
2432
2632
2736
2736
2732
2732
2636
2436
2436
2436
2436
2436
2436
2436
2436
2436
2632
2f35
2f35
2f35
2636
2432
2432
2432
2332
6f31
4ab1
65b5
65b1
4ab5
7335
7235
e634
e634
e634
e630
e630
e634
e630
e634
e634
e630
e634
e634
e634
e634
e634
e634
e634
e634
e634
e634
e634
2f35
e630
e630
7231
7331
4ab1
65b5
0000
0004
1000
0000
3b10
0000
65b1
49b5
6935
4331
4336
4436
4536
4336
4436
4536
4335
4335
4335
4335
4335
4335
4335
4335
4335
4335
8f36
8f32
8f32
4432
4332
4532
4432
4332
4335
6931
49b1
65b5
65b1
4ab5
6835
2136
6812
6812
6812
6812
6812
6812
6812
6812
6812
6812
6812
6812
6812
7814
3831
3831
9136
9132
9a32
3831
3831
7810
6812
6812
2132
6831
4ab1
65b5
65b1
4ab5
6a35
2336
7914
ec12
ed12
ee12
ef12
f012
7910
7910
6a12
6b12
6b12
6a16
7914
7814
3931
3931
3e15
3e15
3e15
3931
3931
7810
7910
7910
2332
6a31
4ab1
65b5
65b1
4bb5
6b35
2336
0313
0213
0113
e612
f612
f712
0413
7910
6512
3e15
3e15
6516
7914
7814
3931
3931
3e15
3c31
3c31
3931
3931
7810
7910
7910
2332
6b31
4bb1
65b5
65b1
4ab5
6b35
2336
6510
6410
6310
6210
6110
9e12
9f12
a012
6512
3e15
3e15
6516
751a
7814
3931
3931
3c31
3c31
3c31
3931
3931
7810
7910
7910
2332
6b31
4ab1
65b5
65b1
4ab5
6e35
2336
7914
7910
ac12
b112
cd12
ad12
7910
7910
1e12
1f12
1f16
1e16
7914
7814
3931
3931
3b31
3b31
3b31
3931
3931
7810
7910
7910
2332
6e31
4ab1
65b5
7bb1
4ab5
6f35
2336
2416
2416
2416
2416
2416
2416
2416
2416
2416
2416
2416
2416
2416
2612
2f35
2f35
2f35
2f35
2f35
2f35
2f35
2616
2412
2412
2332
6f31
4ab1
65b5
65b1
4ab5
7335
7235
3f35
2f31
e634
e634
e634
e634
3f39
e634
e634
2f31
e634
e634
e634
e634
e630
e630
e630
e630
e630
e630
e630
e630
3f35
2f31
7231
7331
4ab1
65b5
0000
0804
1000
0100
3b10
00da
65b1
49b5
6935
4331
4335
4335
4335
4335
4335
4335
4335
4335
4335
4335
4335
4335
4335
4335
4335
4335
4335
4335
4335
4335
4335
4335
4335
4335
6731
6931
49b1
65b5
65b1
4ab5
6835
6635
7910
7810
7214
7310
7310
7310
7310
7210
3835
3835
3835
3835
3835
7814
7910
7910
7910
7910
7910
7910
7910
7910
7910
7910
2132
6831
4ab1
65b5
65b1
4ab5
6a35
7135
7914
7810
ed10
3a12
3a12
3a12
3a12
4912
3935
3935
3935
3935
3935
7814
6a12
6b12
6b12
6a16
7914
9410
9510
9610
7b10
7c10
2332
6a31
4ab1
65b5
65b1
4bb5
6b35
7135
7914
7810
ed10
3a12
3a12
3a12
3a12
4912
3935
3935
3935
3935
3935
7814
6512
3e15
3e15
6516
7914
6d12
7012
7112
b712
7914
2332
6b31
4bb1
65b5
65b1
4ab5
6b35
7135
7914
7810
ed10
3b12
3b12
3b12
3b12
4912
3935
3935
3935
3935
3935
7814
6512
3e15
3e15
6516
751a
6510
6410
6310
6210
6110
2332
6b31
4ab1
65b5
65b1
4ab5
6e35
7135
7914
7810
ed10
3b12
3b12
3b12
3b12
4912
3935
3935
3935
3935
3935
7814
1e12
1f12
1f16
1e16
7914
7910
ac12
b112
cd12
ad12
2332
6e31
4ab1
65b5
7bb1
4ab5
6f35
7135
2416
2612
ec10
eb10
eb10
eb10
eb10
6c10
2f31
2f31
2f31
2f31
2f31
2616
2416
2416
2416
2416
2416
2416
2416
2416
2416
2416
2332
6f31
4ab1
65b5
65b1
4ab5
7335
7235
e634
e634
e634
e634
e630
e630
e634
e630
e634
e630
e634
e634
e634
e634
e634
e634
e634
e634
e634
e634
e634
e634
2f35
e630
7231
7331
4ab1
65b5
0000
0004
1000
0000
3b10
00e6
14b1
14b1
6915
6715
4331
24b5
4331
24b5
4331
4331
4331
4331
4331
4331
4331
4331
4331
4331
4331
4331
4331
4331
4331
4331
24b1
4331
24b1
4331
6711
6911
14b5
14b5
14b1
14b1
6815
6615
7130
14b5
7130
14b5
7130
7130
7130
7130
6a32
6b36
6b36
6b36
6b36
6a36
1e35
c168
c168
c168
1e35
7130
14b1
7130
14b1
7130
6611
6811
14b5
14b5
14b1
14b1
6a15
7115
7130
14b5
7130
14b5
7130
d623
d723
d42f
6532
5131
5131
5121
5121
6536
1e31
0d20
0d20
0d20
1e35
7930
14b1
7930
14b1
7930
7111
6a11
14b5
14b5
14b1
14b1
6b15
7115
7130
14b5
7130
14b5
7130
d523
dc23
d52f
6532
5131
5131
5131
5131
6536
1e31
0630
3732
0630
1e35
7130
14b1
7130
14b1
7130
7111
6b11
14b5
14b5
14b1
14b1
6b15
7115
7130
14b5
7130
14b5
7130
d423
d72b
d427
6532
5131
5131
5131
5131
6536
1e31
0d20
0d20
0d20
1e35
7130
14b1
7130
14b1
7130
7111
6b11
14b5
14b5
14b1
14b1
6e15
7115
7130
14b5
7130
14b5
7130
7130
7130
7130
1e32
1f32
6e36
6e36
1f36
1e36
1e31
0d20
0d20
0d20
1e35
7130
14b1
7130
14b1
7130
7111
6e11
14b5
14b5
14b1
14b1
6f15
7115
2432
14b5
2432
14b5
2432
2432
2432
2432
2432
2432
2432
2432
2432
2432
8736
3f31
7c31
7c31
8732
2432
14b1
2432
14b1
2432
7111
6f11
14b5
14b5
14b1
14b1
7315
7215
e630
14b5
e630
14b5
e630
e630
7c31
3f31
e630
e630
e630
e630
e630
e630
e630
e630
e630
e630
1961
1a61
14b1
e630
14b1
e630
7211
7311
14b5
14b5
0000
0004
1000
0000
3b3a
009c
79f6
72f2
aa54
a954
0a10
0a10
0a10
0a10
0a10
0a10
0a10
0a10
0a10
0a10
0a10
0a10
0a10
0a10
0a10
0a10
0a10
0a10
0a10
0a10
0a10
0a10
0a10
0a10
a950
aa50
72f6
79f2
79f6
78f2
ab54
ac54
c076
bf76
bf72
bf72
c072
e630
e630
e630
6a12
6b16
6b16
6b16
6b16
6a16
0230
e630
e630
e630
c076
bf76
bf76
bf72
bf72
c072
ac50
ab50
78f6
79f2
79f6
7af2
0d14
ad54
c176
b972
ba72
5135
c172
d623
d723
d42f
6512
5111
5111
5111
5111
6516
0230
0730
0630
0730
c176
5131
5131
bc76
5135
c172
ad50
0d10
7af6
79f2
79fe
72fa
0d14
ad54
c276
4872
4b72
5131
c272
d523
dc23
d52f
6512
5111
5111
5111
5111
6516
0230
0630
3732
0630
c276
7672
7572
5131
4772
c272
ad50
0d10
72fe
79fa
79fe
7afa
0d14
ad54
c876
b376
ae76
b476
c872
d423
d72b
d427
6512
5111
5111
5111
5111
6516
0230
0730
0630
0730
c876
7d72
7e72
9e72
b476
c872
ad50
0d10
7afe
79fa
79fe
78fa
0d14
ad54
c676
af72
b072
0b30
c672
e630
e630
e630
1e12
1f12
6e16
6e16
1f16
1e16
0230
e630
e630
e630
c676
8672
8772
8272
0b30
c672
ad50
0d10
78fe
79fa
79f6
78f2
b154
ad54
c776
3e72
3e76
3e76
c772
b970
b970
b970
2412
2412
2412
2412
2412
2412
b970
b970
b970
b970
c776
3e72
3e72
3e76
3e76
c772
ad50
b150
78f6
79f2
79f6
7af2
b054
af54
0b10
0b10
0b10
0b10
0b10
0b10
0b10
0b10
0b10
0b10
0b10
0b10
0b10
0b10
0b10
0b10
0b10
0b10
0b10
0b10
0b10
0b10
0b10
0b10
af50
b050
7af6
79f2
0000
0004
1000
0000
3bd0
009c
6591
4995
6915
6715
2335
2335
2335
2335
2531
4311
4311
4311
4311
4311
4311
4311
4311
4311
4331
4331
4331
4331
4331
2531
2335
2335
2335
2335
6711
6911
4991
6595
6591
4a95
6815
6615
9828
982c
9828
982c
9828
982c
9828
982c
6a12
6b16
6b16
6b16
6b16
6a16
9828
982c
9828
982c
9828
982c
9828
982c
9828
982c
2112
6811
4a91
6595
6591
4a95
6a15
7115
9820
9824
9820
9824
9820
d623
d723
d42f
6512
5111
5111
5111
5111
6516
9820
983c
0630
9838
9820
9824
9820
9824
9820
9824
2312
6a11
4a91
6595
6591
4b95
6b15
7115
982c
9828
982c
9828
982c
d523
dc23
d52f
6512
5111
5111
5111
5111
6516
982c
0630
3732
0630
982c
9828
982c
9828
982c
9828
2312
6b11
4b91
6595
6591
4a95
6b15
7115
9824
9820
9824
9820
9824
d423
d72b
d427
6512
5111
5111
5111
5111
6516
9824
9834
0630
9830
9824
9820
9824
9820
9824
9820
2312
6b11
4a91
6595
6591
4a95
6e15
7115
9828
982c
9828
982c
9828
982c
9828
982c
1e12
1f12
6e16
6e16
1f16
1e16
9828
982c
9828
982c
9828
982c
9828
982c
9828
982c
2312
6e11
4a91
6595
7b91
4a95
6f15
7115
9820
9824
9820
9824
9820
9824
9820
9824
2412
2412
2412
2412
2412
2412
9820
9824
9820
9824
9820
9824
9820
9824
9820
9824
2312
6f11
4a91
6595
6591
4a95
7315
7215
3f11
7c31
7c31
7c31
7c31
7c31
7c31
7c31
7c31
3f31
e630
e630
1961
1a61
7c31
e630
1961
1a61
7c31
7c31
e610
e630
1961
1a61
7211
7311
4a91
6595
0000
0004
1000
0000
3b3a
009c
14b1
14b1
6915
6715
4331
4335
4335
4335
4335
4331
4331
4331
4331
4331
4331
4331
4331
4331
4331
4331
4331
8f32
1b31
2731
2631
2531
2431
2431
6711
6911
14b5
14b5
14b1
14b1
6815
6615
9b34
9b30
9b34
9b30
9b34
9b30
9b34
9b30
6a12
6b16
6b16
6b16
6b16
6a16
9b34
4631
9432
9132
1a31
0f31
1331
1931
1531
1531
6611
6811
14b5
14b5
14b1
14b1
6a15
7115
c373
0908
0908
0908
c373
d623
d723
d42f
6512
5111
5111
5111
5111
6516
c373
9632
9532
9636
2831
1031
1131
1231
1531
1531
7111
6a11
14b5
14b5
14b1
14b1
6b15
7115
c37b
0908
0908
0908
c37b
d523
dc23
d52f
6512
5111
5111
5111
5111
6516
c37b
9732
3732
9736
3c31
3d31
2a31
1931
1531
1531
7111
6b11
14b5
14b5
14b1
14b1
6b15
7115
c373
0908
0908
0908
c373
d423
d72b
d427
6512
5111
5111
5111
5111
6516
c373
9936
9832
9932
3c31
3c31
2a31
1931
1531
1531
7111
6b11
14b5
14b5
14b1
14b1
6e15
7115
c37b
0908
0908
0908
c37b
9b30
9b30
9b30
1e12
1f12
6e16
6e16
1f16
1e16
c37b
0908
0908
0908
3c31
3c31
2a31
1931
1531
1531
7111
6e11
14b5
14b5
14b1
14b1
6f15
7115
c373
3b31
3b31
3b31
c373
3b31
3b31
3b31
2412
2412
2412
2412
2412
2416
c373
3b31
3b31
3b31
3b31
3b31
2b31
3231
3431
3431
7111
6f11
14b5
14b5
14b1
14b1
7315
7215
e630
1a61
e630
e630
e630
e630
7c31
3f31
e630
e630
e630
e630
e630
e630
e630
e630
e630
e630
e630
7c31
7c31
2c31
2d31
2e31
7211
7311
14b5
14b5
0400
1004
1080
0020
3b3a
009c
14b1
14b1
6915
6715
0861
4335
4335
4335
4335
4331
4331
4331
4331
4331
4331
4331
4331
4331
4331
4331
4331
4331
4331
4331
4331
4331
4331
4331
6711
6911
14b5
14b5
14b1
14b1
6815
6615
7130
7130
7130
7130
7130
7130
7130
7130
6a32
6b36
6b36
6b36
6b36
6a36
7830
7730
7730
7730
7730
7730
7730
7730
7834
7130
6611
6811
14b5
14b5
14b1
14b1
6a15
7115
7130
6a32
6b36
6b32
6a36
d623
d723
d42f
6532
5131
5131
5131
5121
6536
7830
983c
0630
9838
7234
7330
7330
7230
7834
7130
7111
6a11
14b5
14b5
14b1
14b1
6b15
7115
7130
6532
dd33
de33
6536
d523
dc23
d52f
6532
5131
5131
5131
5131
6536
7830
0630
3732
0630
ed30
3a32
3e32
4932
7834
7130
7111
6b11
14b5
14b5
14b1
14b1
6b15
7115
7130
6532
7f34
7f30
6536
d423
d72b
d427
6532
5131
5131
5131
5131
6536
7830
9834
0630
9830
ed30
3b32
3e32
4932
7834
7130
7111
6b11
14b5
14b5
14b1
14b1
6e15
7115
7130
1e32
1f32
1f36
1e36
7130
7130
7130
1e32
1f32
6e36
6e36
1f36
1e36
7830
7730
7730
7730
ed30
3b32
3f32
4932
7834
7130
7111
6e11
14b5
14b5
14b1
14b1
6f15
7115
2432
2432
2432
2432
2432
2432
2432
2432
2432
2432
2432
2432
2432
2432
2632
2732
2732
2732
ec30
eb30
4032
6c30
2636
2432
7111
6f11
14b5
14b5
14b1
14b1
7315
7215
1a61
1a61
7c35
e634
1965
e630
7c31
3f31
e630
e630
e630
e630
1a61
7c35
e634
e630
e630
e630
e630
e630
1a61
7c35
e634
e630
7211
7311
14b5
14b5
0000
0004
1000
0000
3b3a
009c
65b1
49b5
6935
6735
f260
f260
f260
f260
f260
f260
f260
f260
f260
f260
f260
f260
f260
f260
f260
f260
f260
f260
f260
f260
f260
f260
f260
f260
6731
6931
49b1
65b5
65b1
4ab5
6835
6635
6632
6632
6632
6632
6632
6632
2536
1335
0f35
1a35
4631
0965
0534
0534
0534
0534
0534
0534
0534
0534
0534
0534
0530
0534
6631
6831
4ab1
65b5
65b1
4ab5
6a35
7135
7934
7934
6a32
6b32
6b36
6a36
7830
1135
1035
3e31
3e31
1765
0530
0530
0e65
0e61
0530
0f61
0f65
0530
0e65
0e61
d232
0530
7131
6a31
4ab1
65b5
65b1
4bb5
6b35
7135
6732
6732
6532
0900
0904
6536
7830
2a35
2a35
3e31
3e31
1765
0530
0530
0e65
0e61
0530
0f61
0f65
0530
0e65
0e61
0530
0530
7131
6b31
4bb1
65b5
65b1
4ab5
6b35
7135
7934
7934
6532
0900
0904
6536
7830
2a35
2a35
3e31
3e31
1765
0530
0530
0e65
0e61
0530
0f61
0f65
0530
0e65
0e61
0530
0530
7131
6b31
4ab1
65b5
65b1
4ab5
6e35
7135
7934
7934
1e32
1f32
1f36
1e36
7830
2b35
2b35
3b35
3b35
1765
0530
0530
0e65
0e61
0530
0f61
0f65
0530
0e65
0e61
0530
0530
7131
6e31
4ab1
65b5
7bb1
4ab5
6f35
7135
2436
2436
2436
2436
2436
2436
2632
e634
e634
e630
e630
1865
4771
4771
4771
4771
4771
4771
4771
4771
4771
4771
4771
4771
7131
6f31
4ab1
65b5
65b1
4ab5
7335
7235
2f35
3f31
e630
e634
3f31
e630
e634
196d
e63c
e63c
e63c
e634
e634
e634
e634
e634
e634
e634
3f31
e630
e634
e634
e634
e634
7231
7331
4ab1
65b5
0010
0004
1001
0000
3b10
00ce
6591
4995
6915
6715
4331
4331
4331
4331
4331
4335
4335
4335
4335
4331
4331
4331
4331
4335
4335
4335
4331
4331
4331
4331
4331
4335
4335
4335
6711
6911
4991
6595
6591
4a95
6815
6615
0328
0a69
0a69
0a69
0a69
0a69
0a69
0328
0328
0a69
0a69
0a69
0a69
0a69
0a69
0328
0328
0a69
0a69
0a69
0a69
0a69
0a69
0328
2112
6811
4a91
6595
6591
4a95
6a15
7115
166d
2a31
1931
1935
1935
1931
1931
1669
166d
1935
1335
0f35
1a35
9136
9236
1669
166d
9232
9232
9232
9232
9232
9332
1669
2312
6a11
4a91
6595
6591
4b95
6b15
7115
166d
1139
1239
123d
123d
1239
1239
1669
166d
1235
1135
1035
3e35
3e35
3e35
1669
166d
3e35
3e35
3e35
3e35
3e35
9a32
1669
2312
6b11
4b91
6595
6591
4a95
6b15
7115
166d
1339
1939
1935
1935
1931
1931
1669
166d
1935
2a35
2a35
3e35
3e35
3e35
1669
166d
3e35
3e35
3e35
3e35
3e35
3e35
1669
2312
6b11
4a91
6595
6591
4a95
6e15
7115
0328
0a61
0a61
0a61
0a61
0a61
0a61
0328
0328
0a61
0a61
0a61
0a61
0a61
0a61
0328
0328
0a61
0a61
0a61
0a61
0a61
0a61
0328
2312
6e11
4a91
6595
7b91
4a95
6f15
7115
2161
2161
2161
2161
2161
2161
2161
2161
2161
2161
2161
2161
2161
2161
2161
2161
2161
2161
2161
2161
2161
2161
2161
2161
2312
6f11
4a91
6595
6591
4a95
7315
7215
3f11
e610
2f15
e610
e610
3f1d
e610
3f19
e614
e614
2f11
e614
e610
2f15
e610
e610
3f1d
e610
e614
e614
e610
e610
e610
e610
7211
7311
4a91
6595
0404
0404
1010
1010
3b3a
0000
6591
4995
6915
6715
1261
1261
4335
4335
4335
4335
4335
4335
1261
1261
1261
1261
1261
1261
4335
4335
4335
4335
4335
4335
4335
1261
1261
1261
6711
6911
4991
6595
6591
4a95
6815
2116
1361
1361
0961
4635
1a31
0f31
1331
0965
1361
1361
1361
1361
1361
1361
0961
4635
1a31
0f31
1331
0965
0328
1361
1361
1361
2112
6811
4a91
6595
6591
4a95
6a15
2316
0328
1461
1761
3e35
3e35
1031
1131
1765
1461
166d
5131
5131
1669
1461
1761
3e35
3e35
1031
1131
1765
1461
9171
9171
0328
2312
6a11
4a91
6595
6591
4b95
6b15
2316
0328
1561
1761
3e35
3e35
2a31
2a31
1765
1561
166d
5131
5131
1669
1561
1761
3e35
3e35
2a31
2a31
1765
1561
9171
9171
9271
2312
6b11
4b91
6595
6591
4a95
6b15
2316
0328
0328
1761
3e35
3e35
2a31
2a31
1765
0328
fa70
f870
f970
fa74
0328
1761
3e35
3e35
2a31
2a31
1765
0328
9171
9171
0328
2312
6b11
4a91
6595
6591
4a95
6e15
2316
0328
0328
1761
3b31
3b31
2b31
2b31
1765
0328
4471
4d71
4d75
0328
0328
1761
3b31
3b31
2b31
2b31
1765
0328
0328
0328
0328
2312
6e11
4a91
6595
6591
4a95
6f15
2316
fb74
2161
1861
e634
e634
e630
e630
1865
2161
4371
4e71
4e71
fb74
2161
1861
e634
e634
e630
e630
1865
4e71
4e71
4e71
fb70
2312
6f11
4a91
6595
6591
4a95
7315
7215
e63c
3f39
e638
e638
e638
e638
1969
e63c
e630
e630
e630
e630
e630
e630
e630
1965
e634
e634
e634
e634
3f35
e630
e630
e630
7211
7311
4a91
6595
0100
1004
1010
0100
3b3a
009c
0000
65b1
49b5
6935
6735
2631
2531
2431
2631
2531
2431
2631
2531
2431
2631
2531
2431
2631
2531
2431
2631
2531
2431
2631
2531
2431
2631
2531
2431
6731
6931
49b1
65b5
65b1
4ab5
6835
6635
2a31
1931
1431
2a31
1931
1431
2a31
1931
1431
2a31
1931
1431
2a31
1931
1431
2a31
1931
1431
2a31
1931
1431
2a31
1931
1431
2132
6831
4ab1
65b5
65b1
4ab5
6a35
7135
2a31
1931
1431
2a31
1931
1431
2a31
1931
1431
2a31
1931
1431
2a31
1931
1431
2a31
1931
1431
2a31
1931
1431
2a31
1931
1431
2332
6a31
4ab1
65b5
65b1
4bb5
6b35
7135
2931
1931
1431
2931
1931
1431
2931
1931
1431
2931
1931
1431
2931
1931
1431
2931
1931
1431
2931
1931
1431
2931
1931
1431
2332
6b31
4bb1
65b5
65b1
4ab5
6b35
7135
2a31
1931
1431
2a31
1931
1431
2a31
1931
1431
2a31
1931
1431
2a31
1931
1431
2a31
1931
1431
2a31
1931
1431
2a31
1931
1431
2332
6b31
4ab1
65b5
65b1
4ab5
6e35
7135
2b31
3231
1431
2b31
3231
1431
2b31
3231
1431
2b31
3231
1431
2b31
3231
1431
2b31
3231
1431
2b31
3231
1431
2b31
3231
1431
2332
6e31
4ab1
65b5
7bb1
4ab5
6f35
7135
2f35
3f35
1431
2f35
3f35
1431
2f35
3f35
1431
2f35
3f35
1431
2f35
3f35
1431
2f35
3f35
1431
2f35
3f35
1431
2f35
3f35
1431
2332
6f31
4ab1
65b5
65b1
4ab5
7335
7235
e630
e630
3f31
e630
e630
3f31
e630
e630
3f31
e630
e630
3f31
e630
e630
3f31
e630
e630
3f31
e630
e630
3f31
e630
e630
3f31
7231
7331
4ab1
65b5
0924
9244
1249
2490
3b10
0000
14b1
14b1
6915
6715
4335
4335
4335
4335
4335
4335
4335
2431
4331
4335
4335
4335
4335
4335
4335
4335
4335
4335
4335
4335
4335
4335
4335
4335
6711
6911
14b5
14b5
14b1
14b1
6815
6615
3af5
3af5
3af5
3af5
3af5
3af5
3af5
14b1
513d
1e31
2832
2832
2832
2832
2832
2832
2832
2832
1e35
6632
5032
6632
5032
6632
6611
6811
14b5
14b5
14b1
14b1
6a15
7115
3af5
3af5
3af5
3af5
3af5
3af5
3af5
14b1
513d
1e31
7734
7734
7734
7734
7734
7734
7734
7734
1e35
7934
693e
7934
693e
7934
7111
6a11
14b5
14b5
14b1
14b1
6b15
7115
3af5
3af5
3af5
3af5
3af5
3af5
3af5
14b1
513d
1e31
7734
7734
7734
7734
7734
7734
7734
7734
1e35
7134
c432
c532
d370
7134
7111
6b11
14b5
14b5
14b1
14b1
6b15
7115
3af5
3af5
3af5
3af5
3af5
3af5
3af5
14b1
513d
1e31
7734
7734
7734
7734
7734
7734
7734
7734
1e35
7134
7134
7134
7134
7134
7111
6b11
14b5
14b5
14b1
14b1
6e15
7115
3af5
3af5
3af5
3af5
3af5
3af5
3af5
14b1
513d
1e31
7734
7734
7734
7734
7734
7734
7734
7734
1e35
7134
7134
7134
7134
7134
7111
6e11
14b5
14b5
14b1
14b1
6f15
7115
3af5
3af5
3af5
3af5
3af5
3af5
3af5
14b1
513d
8736
7c35
7c35
7c35
7c35
7c35
7c35
7c35
7c35
8732
2436
2436
2436
2436
2436
7111
6f11
14b5
14b5
14b1
14b1
7315
7215
3ac5
3ac5
3ac5
3ac5
3ac5
3ac5
3ac5
14b1
e634
e630
e630
e630
e630
e630
e630
e630
e630
1961
1a61
3f31
7c35
7c35
7c35
7c35
7211
7311
14b5
14b5
0000
0004
1000
0000
3b3a
0000
14b1
14b1
6915
6715
4331
4331
4331
4331
4331
4331
4331
4331
4331
4331
4335
2435
4335
4335
4335
4335
4331
4331
4331
4331
4331
4331
4331
4331
6711
6911
14b5
14b5
14b1
14b1
6815
6615
6636
5036
6636
5036
6636
1e31
4631
9432
9232
1e35
5139
14b5
3af1
3af1
3af1
3af1
3af1
3af1
3af1
3af1
3af1
3af1
3af1
3af1
6611
6811
14b5
14b5
14b1
14b1
6a15
7115
7930
693a
7930
693a
7930
1e31
9632
9532
9636
1e35
5139
14b5
3af1
3af1
3af1
3af1
3af1
3af1
3af1
3af1
3af1
3af1
3af1
3af1
7111
6a11
14b5
14b5
14b1
14b1
6b15
7115
7130
c432
c532
3c71
7130
1e31
9732
9832
9736
1e35
5139
14b5
3af1
3af1
3af1
3af1
3af1
3af1
3af1
3af1
3af1
3af1
3af1
3af1
7111
6b11
14b5
14b5
14b1
14b1
6b15
7115
7130
7130
7130
7130
7130
1e31
9936
9832
9932
1e35
5139
14b5
3af1
3af1
3af1
3af1
3af1
3af1
3af1
3af1
3af1
3af1
3af1
3af1
7111
6b11
14b5
14b5
14b1
14b1
6e15
7115
7130
7130
7130
7130
7130
1e31
3b31
3b31
3b31
1e35
5139
14b5
3af1
3af1
3af1
3af1
3af1
3af1
3af1
3af1
3af1
3af1
3af1
3af1
7111
6e11
14b5
14b5
14b1
14b1
6f15
7115
2432
2432
2432
2432
2432
8736
3f31
e630
7c31
8732
5139
14b5
3af1
3af1
3af1
3af1
3af1
3af1
3af1
3af1
3af1
3af1
3af1
3af1
7111
6f11
14b5
14b5
14b1
14b1
7315
7215
7c31
2c31
2d31
2e31
3f31
e634
e630
e630
e634
e634
e630
14b5
3ac1
3ac1
3ac1
3ac1
3ac1
3ac1
3ac1
3ac1
3ac1
3ac1
3ac1
3ac1
7211
7311
14b5
14b5
0020
0004
1004
0000
3b3a
0000
79f6
72f2
aa64
a964
0a20
0a20
0a20
0a20
0a20
0a20
0a20
0a20
0a20
0a20
0a20
0a20
0a20
0a20
0a20
0a20
0a20
0a20
0a20
0a20
0a20
0a20
0a20
0a20
a960
aa60
72f6
79f2
79f6
78f2
ab64
ac64
787e
8b76
687e
5e7e
687e
7972
8c76
7872
9732
0934
9736
9732
0934
9736
9732
0934
9736
9732
0934
9736
787e
8b76
8c76
7872
ac60
ab60
78f6
79f2
79f6
7af2
0d24
ad64
7876
9676
6976
687e
667e
797a
9d76
7a72
9732
0934
9736
9732
0934
9736
9732
0934
9736
9732
0934
9736
7876
9676
9d76
7a72
ad60
0d20
7af6
79f2
79fe
72fa
0d24
ad64
7a76
797a
6a76
7972
687e
6a7e
9d72
727a
9732
0934
9736
9732
0934
9736
9732
0934
9736
9732
0934
9736
7a76
797a
9d72
727a
ad60
0d20
72fe
79fa
79fe
7afa
0d24
ad64
7276
8c7a
7972
797a
6b7e
697e
8b7a
7a7a
9732
0934
9736
9732
0934
9736
9732
0934
9736
9732
0934
9736
7276
8c7a
8b7a
7a7a
ad60
0d20
7afe
79fa
79fe
78fa
0d24
ad64
7a7e
9d72
797a
797a
797a
6876
967e
787a
9732
0934
9736
9732
0934
9736
9732
0934
9736
9732
0934
9736
7a7e
9d72
967e
787a
ad60
0d20
78fe
79fa
79f6
78f2
b164
ae64
787e
8b76
687e
5e7e
687e
7972
8c76
7872
9732
0934
9736
9732
0934
9736
9732
0934
9736
9732
0934
9736
787e
9676
9d76
7872
ae60
b160
78f6
79f2
79f6
7af2
b064
af64
2f31
3f35
2f35
2f35
2f35
2f35
2f35
3f31
3f35
2f35
2f35
2f35
2f35
2f35
3f31
3f35
2f35
2f35
2f35
2f35
2f35
2f35
2f35
2f35
af60
b060
7af6
79f2
000c
9204
1002
4980
3b9a
0000
65b1
49b5
6935
6735
2231
2131
2235
2231
2131
2235
2231
2131
2235
2731
2631
2531
2431
2535
2635
2735
1b35
2631
2631
2631
2631
2631
2631
2631
6731
6931
49b1
65b5
65b1
4ab5
6835
6635
1c31
1461
1c35
1c31
1461
1c35
1c31
1461
1c35
0f31
1331
1931
1531
1935
1335
0f35
7876
8c72
7976
687a
797e
6872
5e72
6872
6631
6831
4ab1
65b5
65b1
4ab5
6a35
7135
1c31
1561
1c35
1c31
1561
1c35
1c31
1561
1c35
1031
1131
1231
1431
1235
1135
1035
7a76
9d72
797e
667a
687a
7976
7976
7976
7131
6a31
4ab1
65b5
65b1
4bb5
6b35
7135
1c31
1461
1c35
1c31
1461
1c35
1c31
1461
1c35
0930
2931
1931
1431
1935
2935
0934
727e
9d76
6a7a
687a
6972
6b72
7976
797e
7131
6b31
4bb1
65b5
65b1
4ab5
6b35
7135
1c31
1561
1c35
1c31
1561
1c35
1c31
1561
1c35
3c31
2a31
1931
1431
1935
2a35
3c35
7a7e
8b7e
697a
6b7a
6a72
6872
797e
6a7a
7131
6b31
4ab1
65b5
65b1
4ab5
6e35
7135
1c31
1461
1c35
1c31
1461
1c35
1c31
1461
1c35
3c31
2a31
1931
1431
1935
2a35
3c35
787e
967a
6872
797e
7976
6672
6872
697a
7131
6e31
4ab1
65b5
7bb1
4ab5
6f35
7135
1c31
1561
3635
1c31
1561
3635
1c31
1561
3635
3b31
2b31
3231
1431
3235
2b35
3b35
7876
8c72
7976
687a
797e
6872
5e72
6872
7131
6f31
4ab1
65b5
65b1
4ab5
7335
7235
3031
3131
3035
3031
3131
3035
3031
3131
3035
3f35
2f35
2f35
2f35
2f35
2f31
2f35
2f35
2f35
2f35
3f35
2f35
3f35
2f35
2f31
7231
7331
4ab1
65b5
0924
4004
1920
8800
3b10
0000
65b1
49b5
6935
6735
2531
2535
2635
2735
1b35
2635
2635
2635
2231
2131
2235
2635
2635
2231
2131
2235
2635
2635
2635
1b31
2731
2631
2531
2431
6731
6931
49b1
65b5
65b1
4ab5
6835
6635
1535
1935
1335
0f35
1a35
7876
8c72
8c72
1c31
6832
1c35
8c72
8b72
1c31
6832
1c35
8c76
8c7e
7872
1a31
0f31
1331
1931
1531
6631
6831
4ab1
65b5
65b1
4ab5
6a35
7135
1435
1235
1135
1035
2835
7a76
9d72
9676
1c31
6732
1c35
9676
9d76
1c31
6832
1c35
9d76
9676
7a72
2831
1031
1131
1231
1431
7131
6a31
4ab1
65b5
65b1
4bb5
6b35
7135
1435
1935
2935
0934
0934
727e
9d76
8b76
1c31
6832
1c35
8b76
8c76
1c31
6732
1c35
9d72
8b72
727a
0930
0930
2931
1931
1431
7131
6b31
4bb1
65b5
65b1
4ab5
6b35
7135
1435
1935
2a35
3c35
3e35
7a7e
8b7e
9d72
1c31
6832
1c35
9d72
9672
1c31
6732
1c35
9676
9d7a
7a7a
3e31
3c31
2a31
1931
1431
7131
6b31
4ab1
65b5
65b1
4ab5
6e35
7135
1435
1935
2a35
3c35
3e35
787e
967a
8c72
1c31
6832
1c35
8c72
8b72
1c31
6732
1c35
967e
9d7e
787a
3e31
3c31
2a31
1931
1431
7131
6e31
4ab1
65b5
7bb1
4ab5
6f35
7135
1435
3235
2b35
3b35
3b35
7876
8c72
9676
1c31
893a
3635
9676
9d76
1c31
893a
3635
8c76
8c7e
7872
3b31
3b31
2b31
3231
1431
7131
6f31
4ab1
65b5
65b1
4ab5
7335
7235
3f35
2f31
2f31
2f31
2f31
2f31
2f31
2f31
3031
3131
3035
2f31
2f31
3031
3131
3035
2f31
2f31
2f31
2f31
2f31
2f31
2f31
2f31
7231
7331
4ab1
65b5
0409
4904
1049
4810
3b10
0000
03a0
5be9
aa64
a964
0a20
0a20
be63
0a20
f362
f462
0463
0263
0363
0563
0a20
0a20
0a20
0a20
0a20
0a20
0a20
0a20
0a20
0a20
0a20
0a20
0a20
0a20
a960
aa60
5bed
03a4
03a0
99e5
ab64
ac64
8365
8065
bb63
ba63
f262
f562
fa62
0063
ff62
0020
5f65
6165
0220
0220
0224
0224
0224
0224
0224
0224
0224
0224
0224
0224
ac60
ab60
99e1
03a4
03a0
98e5
0d24
ad64
8265
7e65
bc63
0763
f662
f962
fb62
fe62
0163
0020
5e65
5c65
0220
0220
0220
0220
6c61
6d61
0220
7665
7565
7265
7265
0224
ad60
0d20
98e1
03a4
03a0
98e5
0d24
ad64
8165
7f65
bd63
0663
f762
f862
fc62
fd62
0020
0020
6065
5d65
6265
0220
0224
0224
6f61
6e61
0220
7361
7465
7465
7365
0224
ad60
0d20
98e1
03a4
03a0
98e5
0d24
ad64
0220
0220
0863
0f63
1063
1763
1863
1f63
2063
2763
0224
0220
0224
0224
0224
0224
7061
7161
0220
0220
0220
0220
0220
5b65
ad60
0d20
98e1
03a4
03a0
98e5
0d24
ad64
0220
0220
0963
0e63
1163
1663
1963
1e63
2163
2663
0220
0220
0220
0220
0220
0220
0224
0224
0224
0224
0224
0224
0224
0224
ad60
0d20
98e1
03a4
03a0
99ed
b164
ad64
b960
b960
0a63
0d63
1263
1563
1a63
1d63
2263
2563
b960
b960
b960
b960
b960
33e5
31e5
2fe5
2ee5
2be5
b960
b960
b960
b960
ad60
b160
99e9
03a4
03a0
5be1
b064
af64
2c31
2d31
0b63
0c63
1363
1463
1b63
1c63
2363
2463
0b20
0b20
0b20
0b20
3565
34c5
32c5
30c5
2dc5
2cc5
0b20
0b20
0b20
0b20
af60
b060
5be5
03a4
0000
0004
1000
0000
3b9a
0000
03a0
5be9
aa64
a964
0a20
0a20
0a20
0a20
2863
2f63
3063
3763
3863
3f63
4063
4763
4767
4067
3f67
3867
3767
3067
2f67
2867
0a20
0a20
0a20
0a20
a960
aa60
5bed
03a4
03a0
99e5
ab64
ac64
8365
8065
8065
8065
2963
2e63
3163
3663
3963
3ee3
41e3
46e3
46e7
41e7
3ee7
3967
3667
3167
2e67
2967
8061
8061
8061
8361
ac60
ab60
99e1
03a4
03a0
98e5
0d24
ad64
8265
7e65
7e65
7e65
2a63
2d63
3263
3563
3a63
3de3
42e3
45e3
45e7
42e7
3de7
3a67
3567
3267
2d67
2a67
7e61
7e61
7e61
8261
ad60
0d20
98e1
03a4
03a0
98e5
0d24
ad64
8165
7f65
7f65
7f65
2b63
2c63
3363
3463
3b63
3ce3
43e3
44e3
44e7
43e7
3ce7
3b67
3467
3367
2c67
2b67
7f61
7f61
7f61
8161
ad60
0d20
98e1
03a4
03a0
98e5
0d24
ad64
5a61
0224
0224
0224
8063
8163
8263
8363
8463
63e3
64e3
6be3
6be7
64e7
63e7
8467
8367
8267
8167
8067
5b65
0220
0220
0220
ad60
0d20
98e1
03a4
03a0
98e5
0d24
ad64
0224
0224
b96f
0224
8963
8863
8763
8663
8563
62e3
65e3
6ae3
6ae7
65e7
62e7
8567
8667
8767
8867
8967
0224
0224
0224
0224
ad60
0d20
98e1
03a4
03a0
99ed
b164
ad64
b960
b960
b960
b663
8a63
8d63
8e63
9163
9263
61e3
66e3
69e3
69e7
66e7
61e7
9267
9167
8e67
8d67
8a67
b663
b960
b960
b960
ad60
b160
99e9
03a4
03a0
5be1
b064
af64
0b20
0b20
1961
1a61
8b63
8c63
8f63
9063
9363
60e3
67e3
68e3
68e7
67e7
60e7
9367
9067
8f67
8c67
8b67
0b24
0b24
0b20
0b20
af60
b060
5be5
03a4
0000
0004
1000
0000
3b9a
0000
03a0
5be9
aa64
a964
0a20
0a20
0a20
0a20
0a20
2863
6e67
6f67
3763
9663
9563
9463
0a20
0a24
0a20
0a20
0a20
0a20
71e3
70e3
6fe3
6ee3
6de3
0a20
a960
aa60
5bed
03a4
03a0
99e5
ab64
ac64
5a69
0224
0224
0220
0220
2963
2e63
3163
3663
9863
9763
b963
bf63
bf67
bf63
b163
b563
b263
72e3
73e3
74e3
75e3
76e3
0224
ac60
ab60
99e1
03a4
03a0
98e5
0d24
ad64
0224
6d65
6c65
6d65
6c65
2a63
2d63
3263
3563
9963
9c63
9e63
9f63
9f67
9f63
b063
af63
b463
7de3
7ce3
7be3
79e3
77e3
0220
ad60
0d20
98e1
03a4
03a0
98e5
0d24
ad64
0224
7165
7065
6e65
6f65
2b63
2c63
3363
3463
9a63
9b63
9d63
a063
a067
a063
ad63
ae63
b363
7fe3
7ee3
0220
78e3
7ae3
0220
ad60
0d20
98e1
03a4
03a0
98e5
0d24
ad64
5a61
0224
0224
7165
7065
8063
8163
8263
8363
a163
ab63
aa63
a863
a867
a863
6c63
00a0
4ee3
4be3
4ae3
49e3
48e3
0220
0220
ad60
0d20
98e1
03a4
03a0
98e5
0d24
ad64
0220
0220
0220
5a69
b967
8963
8863
8763
8663
a263
a663
a763
a963
7c67
a963
0020
4ce3
4de3
4fe3
5de3
5ce3
5be3
0220
0220
ad60
0d20
98e1
03a4
03a0
99ed
b164
ad64
b960
b960
b960
b960
b667
8a63
8d63
8e63
9163
a363
a463
a563
b663
b667
b663
b667
52e3
51e3
50e3
5ee3
5fe3
5ae3
b663
b964
ad60
b160
99e9
03a4
03a0
5be1
b064
af64
0b20
0b20
0b20
0b20
0b20
8b63
8c63
8f63
9063
ac63
b763
b863
0b20
1961
1a61
56e3
53e3
54e3
55e3
57e3
58e3
59e3
0b20
0b20
af60
b060
5be5
03a4
0000
0004
1000
0000
3b9a
0000
65b1
49b5
6935
6735
4331
4331
4331
4331
4331
4331
4335
4331
4331
24b1
24b1
24b1
24b1
24b1
24b1
24b1
4331
4331
4331
4331
4331
4331
4331
4331
6731
6931
49b1
65b5
65b1
4ab5
6835
6635
7138
7a36
7732
7736
7636
7138
1e31
9761
9761
36e5
36e5
36e5
36e5
36e5
36e5
36e5
9761
9761
6460
9761
1e35
713c
713c
713c
6631
6831
4ab1
65b5
65b1
4ab5
6a35
7135
713c
7b36
7e36
7d36
7436
713c
1e31
6d65
6c65
36e5
36e5
36e5
36e5
36e5
36e5
36e5
9761
9761
9761
9761
1e35
7138
7138
7138
7131
6a31
4ab1
65b5
65b1
4bb5
6b35
7135
4034
7b36
8136
7f36
7436
4034
1e31
7165
7065
36e5
36e5
36e5
36e5
36e5
36e5
36e5
9761
9761
9761
9761
1e35
7130
7130
7130
7131
6b31
4bb1
65b5
65b1
4ab5
6b35
7135
7134
7b36
7836
8036
7436
7134
1e31
9761
9761
36e5
36e5
36e5
36e5
36e5
36e5
36e5
9761
6660
6c60
8661
1e35
7130
7130
7130
7131
6b31
4ab1
65b5
65b1
4ab5
6e35
7135
7134
7c36
7936
7936
7a3a
7134
1e31
b960
b960
36e5
36e5
36e5
36e5
36e5
36e5
36e5
6560
6760
6b60
6d60
1e35
7130
7130
7130
7131
6e31
4ab1
65b5
7bb1
4ab5
6f35
7135
7134
7134
7134
7134
7134
7134
8736
e630
e630
36c5
36c5
36c5
36c5
36c5
36c5
36c5
6960
6860
6a60
6e60
8732
7130
7130
7130
7131
6f31
4ab1
65b5
65b1
4ab5
7335
7235
2736
2736
2736
2736
2736
2736
e630
e630
e630
36c5
36c5
36c5
36c5
36c5
36c5
36c5
e630
e630
e630
e630
e630
2736
2736
2736
7231
7331
4ab1
65b5
0000
0004
1000
0000
3b10
0000
65b1
49b5
6935
6735
4336
4436
4536
4336
4436
4536
4336
4436
4335
4335
4335
4335
2435
4335
2531
2431
4432
4332
4532
4432
4332
4532
4432
4332
6731
6931
49b1
65b5
65b1
4ab5
6835
2136
9828
9728
9828
982c
972c
982c
972c
982c
972c
982c
972c
982c
1535
1331
1931
1531
7934
7934
7934
7934
7934
7934
7934
7934
2132
6831
4ab1
65b5
65b1
4ab5
6a35
2336
9820
9720
9820
9824
9724
9824
9724
9824
9724
9824
9724
9824
1435
1131
1231
1431
7934
7934
6a32
6b32
6b32
6b32
6b32
6a36
2332
6a31
4ab1
65b5
65b1
4bb5
6b35
2336
9728
9828
9728
9828
9d32
9e32
9f32
a032
6e34
7930
982c
9828
1435
2a31
1931
1431
7934
5f22
6532
9f00
a000
a100
a200
6536
2332
6b31
4bb1
65b5
65b1
4ab5
6b35
2336
9720
9820
9720
9820
2b30
5d30
5c30
5b30
6e3c
7930
9824
9820
1435
2a31
1931
1431
7934
5f22
6532
a300
a400
a500
3e05
6536
2332
6b31
4ab1
65b5
65b1
4ab5
6e35
2336
9828
9728
9828
982c
972c
982c
972c
982c
972c
982c
972c
982c
1435
2b31
3231
1431
7934
7934
6a3a
6b3a
6b3a
6b3a
6b3a
6a3e
2332
6e31
4ab1
65b5
7bb1
4ab5
6f35
2336
9820
9720
9820
9824
9724
9824
9724
9824
9724
9824
9724
9824
1435
2f31
2f31
1431
2436
2436
2436
2436
2436
2436
2436
2436
2332
6f31
4ab1
65b5
65b1
4ab5
7335
7235
e634
e634
e634
e634
e634
e634
e634
e634
e634
e634
e634
e634
e634
e634
e634
e634
e634
e634
e630
e630
e630
e630
e630
e630
7231
7331
4ab1
65b5
0000
4004
1000
1000
3b10
0000
65b1
4ab5
aa74
a974
0a30
0a30
0a30
0a30
0a30
0a30
0a30
0a30
0a30
0a30
0a30
0a30
0a30
0a30
0a30
0a30
0a30
0a30
0a30
0a30
0a30
0a30
0a30
0a30
a970
aa70
4ab1
65b5
65b1
4ab5
ab74
ac74
c076
be72
be76
be76
be76
be76
be76
c072
e630
4452
4552
4652
4e52
e634
e634
e634
c076
be72
be72
be72
be72
be72
be76
c072
ac70
ab70
4ab1
65b5
65b1
4ab5
0d34
ad74
c176
0900
0904
4772
4b7e
090c
ba7e
c172
e630
4f52
5252
5352
5652
e634
e634
e634
c176
ba7a
0908
4b7a
4776
0900
ba7e
c172
ad70
0d30
4ab1
65b5
65b1
4bb5
0d34
ad74
c276
0900
4b72
bc72
b972
ba72
bb72
c272
e630
5052
5152
5452
5552
6252
6352
6452
c276
0900
b776
090c
bc7e
4b76
0904
c272
ad70
0d30
4bb1
65b5
65b1
4ab5
0d34
ad74
c276
4b7a
0908
090c
090c
090c
0900
c272
e630
d072
5c52
5d52
e630
6952
6b52
6552
c276
4b7a
4b7a
ca73
ca77
090c
4b7e
c272
ad70
0d30
4ab1
65b5
65b1
4ab5
0d34
ad74
cd73
0900
4272
4172
4176
0900
0900
cd77
e630
cf72
5e52
5f52
5652
6a52
6852
6652
cd73
4772
ba76
4172
4176
4276
4776
cd77
ad70
0d30
4ab1
65b5
7bb1
4ab5
b174
ae74
cb73
3e72
4072
3f72
3f76
3e76
3e76
cb77
e630
ce72
6052
6152
5552
e634
e634
e634
cb73
3e72
3e72
3f72
3f76
4076
3e76
cb77
ae70
b170
4ab1
7bb5
65b1
4ab5
b074
af74
e272
e272
e272
e272
e272
e272
e272
e272
e272
cd72
e272
e272
e272
e272
e272
e272
e272
e272
e272
e272
e272
e272
e272
e272
af70
b070
4ab1
65b5
0000
0004
1000
0000
3b64
0000
65b1
49b5
6935
4335
2531
2531
2531
2531
2531
2535
2535
2531
1b31
2731
2531
2531
2531
2531
2531
2531
2531
2531
2531
2531
2535
2535
2531
2531
6731
6931
49b1
65b5
65b1
4ab5
6835
2136
7934
1535
1331
1931
1531
3d32
3c32
1535
1a31
0f31
1531
3d32
3c32
1535
1331
1931
1531
3d32
3c32
1535
1935
1335
1531
7934
2132
6831
4ab1
65b5
65b1
4ab5
6a35
2336
7934
1435
1131
1231
1431
3532
3632
1435
2831
1031
1431
3532
3632
1435
1131
1231
1431
3532
3632
1435
1235
1135
1431
7934
2332
6a31
4ab1
65b5
65b1
4bb5
6b35
2336
7934
1435
2a31
1931
1431
7930
7930
1435
0908
0908
1431
7934
7934
1435
2a31
1931
1431
7934
7934
1435
1935
2a35
1431
7934
2332
6b31
4bb1
65b5
65b1
4ab5
6b35
2336
7934
1435
2a31
1931
1431
7934
7934
1435
0908
0908
1431
7934
7934
1435
2a31
1931
1431
7934
7934
1435
1935
2a35
1431
7934
2332
6b31
4ab1
65b5
65b1
4ab5
6e35
2336
7934
1435
2b31
3231
1431
7934
7934
1435
3b31
3b31
1431
7934
7934
1435
2b31
3231
1431
7934
7934
1435
3235
2b35
1431
7934
2332
6e31
4ab1
65b5
7bb1
4ab5
6f35
2336
2436
1435
2f31
2f31
1431
2436
2436
1435
2f31
2f31
1431
2436
2436
1435
2f31
2f31
1431
2436
2436
1435
2f31
2f31
1431
2436
2332
6f31
4ab1
65b5
65b1
4ab5
7335
7235
e634
e634
e634
e634
e634
e634
e634
e634
e634
e634
e634
e634
e634
e634
e634
e634
e634
e634
e630
e630
e630
e630
e630
e630
7231
7331
4ab1
65b5
0208
2084
1082
0820
3b10
0000
79f6
72f2
aa54
a954
0a14
0a14
0a10
0a10
0a10
0a10
0a10
0a10
0a10
0a10
0a10
0a10
0a10
0a10
0a10
0a10
0a10
0a10
0a10
0a10
0a10
0a10
0a10
0a10
a950
aa50
72f6
79f2
79f6
78f2
ab54
ac54
c076
bf76
be76
bf72
b676
0234
0234
0234
0234
0234
3039
313d
313d
303d
b672
bf76
bf76
bf76
bf76
bf76
bf76
bf76
bf76
c072
ac50
ab50
78f6
79f2
79f6
7af2
0d14
ad54
c176
ba72
5135
5135
b876
7a41
7761
7765
7a45
0234
3031
3135
3135
3035
b872
b772
3a72
7d72
a172
7676
5131
bb76
ba76
c172
ad50
0d10
7af6
79f2
79fe
72fa
0d14
ad54
c276
5135
5135
4772
bd76
d152
d252
d252
d156
0234
3039
313d
313d
303d
bd72
7672
3872
0b30
0b30
ad72
ae72
b172
5131
c272
ad50
0d10
72fe
79fa
79fe
7afa
0d14
ad54
c876
9e76
ab76
b476
c376
4b11
0c61
0d61
4b15
0234
3031
3135
3135
3035
c372
a372
0b30
a572
a872
a872
a872
a872
9e72
c872
ad50
0d10
7afe
79fa
79fe
78fa
0d14
ad54
c676
0b30
b272
b272
c476
4b11
1b61
1f61
4b15
0234
0234
0234
0234
0234
c472
b276
b076
af76
0b34
0b34
0b34
0b34
0b34
c672
ad50
0d10
78fe
79fa
79f6
78f2
b154
ae54
c776
3e72
3e72
3e72
c576
4a11
4a11
4a15
4a15
b974
b974
b974
b974
b974
c572
3e76
3e76
3e76
3e76
3e76
3e76
3e76
3e76
c772
ae50
b150
78f6
79f2
79f6
7af2
b054
af54
0b14
0b14
0b14
d057
d552
d452
d452
d456
d456
d057
d157
0b10
0b10
0b10
0b10
0b10
0b10
0b10
0b10
0b10
0b10
0b10
0b10
0b10
af50
b050
7af6
79f2
0000
0004
1000
0000
3bd0
0000
6591
4995
6915
6715
4331
4331
4331
7ef1
4331
4335
4335
4335
4335
4335
7ef5
4335
4335
4335
4335
4335
4335
4335
4335
4335
4335
4335
4335
4335
6711
6911
4991
6595
6591
4a95
6815
2116
2f31
8051
8351
7ef1
7e71
c056
bf56
bf56
b656
7e75
7ef5
b652
bf56
bf56
bf56
bf56
bf56
bf56
bf56
bf56
bf56
bf56
bf56
b656
2112
6811
4a91
6595
6591
4a95
6a15
2316
e634
7e51
8251
7ef1
7e71
7a41
7761
7765
7a45
7e75
7ef5
b852
4872
4b72
4772
5105
5135
5135
5135
5135
5135
5111
5111
b856
2312
6a11
4a91
6595
6591
4b95
6b15
2316
e634
7f51
8151
7ef1
7e71
9071
9171
9171
9071
7e75
7ef5
bd52
5111
5111
5111
5105
ba72
bb72
4772
4872
4b72
5111
5111
bd56
2312
6b11
4b91
6595
6591
4a95
6b15
2316
e634
e634
e634
7ef1
7e71
9251
0c61
0d61
9251
7e75
7ef5
b85a
5119
5119
5119
5131
5131
5131
5131
5131
5131
5119
5119
b85e
2312
6b11
4a91
6595
6591
4a95
6e15
2316
e634
e634
e634
7ef1
7e71
9251
1b61
1f61
9251
7e75
7ef5
b65a
bf5e
bf5e
bf5e
bf5e
bf5e
bf5e
bf5e
bf5e
bf5e
bf5e
bf5e
b65e
2312
6e11
4a91
6595
7b91
4a95
6f15
2316
b950
b950
b950
7ef1
7e71
0320
0320
0320
0320
7e75
7ef5
b950
b950
b950
b950
b950
b950
b950
b950
b950
b950
b950
b950
b950
2312
6f11
4a91
6595
6591
4a95
7315
7215
3f35
2f31
e634
7ef1
3f3d
1d61
1d61
1d61
1d61
3f39
7ef5
e630
e630
2f35
e630
e630
3f39
2f35
e630
2f35
e630
e630
3f3d
e630
7211
7311
4a91
6595
0000
0004
1000
0000
3b3a
0000
6591
4995
6915
6715
1b31
2731
2631
2531
2431
4335
4335
4335
4335
2435
2535
2635
2735
1b35
2435
2435
2435
2435
2435
2435
2435
2435
2435
2435
6711
6911
4991
6595
6591
4a95
6815
2116
1a31
0f31
1331
1931
1531
c056
bf56
bf56
b656
1535
1935
1335
0f35
1a35
1535
1535
1535
1535
1535
1535
1535
1535
1535
1535
2112
6811
4a91
6595
6591
4a95
6a15
2316
0934
1031
1131
1231
1431
7a41
7761
7765
7a45
1435
1235
1135
1035
0930
1435
1435
1435
1435
1435
1435
1435
1435
1435
1435
2312
6a11
4a91
6595
6591
4b95
6b15
2316
0934
0930
2931
1931
1431
9071
9171
9171
9071
1435
1935
2935
0934
0930
1435
1435
1435
1435
1435
1435
1435
1435
1435
1435
2312
6b11
4b91
6595
6591
4a95
6b15
2316
0930
3c31
2a31
1931
1431
9251
0c61
0d61
9251
1435
1935
2a35
3c35
0934
1435
1435
1435
1435
1435
1435
1435
1435
1435
1435
2312
6b11
4a91
6595
6591
4a95
6e15
2316
3b31
3b31
2b31
3231
1431
9251
1b61
1f61
9251
1435
3235
2b35
3b35
3b35
1435
1435
1435
1435
1435
1435
1435
1435
1435
1435
2312
6e11
4a91
6595
7b91
4a95
6f15
2316
2f31
2f35
2f35
3f35
1431
0320
0320
0320
0320
1435
3f31
2f31
2f31
2f35
1435
1435
1435
1435
1435
1435
1435
1435
1435
1435
2312
6f11
4a91
6595
6591
4a95
7315
7215
e630
e630
e630
e630
e630
1d61
1d61
1d61
1d61
e630
e630
e634
e634
e634
e630
e630
e630
e630
e630
e630
e630
e630
e630
e630
7211
7311
4a91
6595
0802
0004
1080
2000
3b3a
0000
79f6
72f2
7476
7376
6c76
9b30
9b30
9b30
9b30
9b30
9b30
9b30
9b30
9b30
9b34
9b30
513d
513d
5135
bc76
5135
9b30
9b30
9b30
9b30
9b30
9b30
8872
7372
7472
7af6
79f2
79f6
78f2
ab74
ac74
6d76
c377
c373
4372
5135
5135
b976
5135
5135
c377
5135
513d
513d
bb7e
5135
5135
5135
5135
c377
5135
4b76
c377
c373
7872
ac70
ab70
78f6
79f2
79f6
7af2
0d34
ad74
7176
c377
c373
5131
5131
bc72
5131
4772
5131
c377
5131
5131
3a72
3b72
5131
5131
5131
5131
c377
5131
5131
c377
c373
7a72
ad70
0d30
7af6
79f2
79fe
72fa
0d34
ad74
7276
c377
c373
5131
5131
5131
7672
7572
5131
c377
5131
7672
3872
3972
5131
5131
5131
5131
c377
5131
5131
c377
c373
727a
ad70
0d30
72fe
79fa
79fe
7afa
0d34
ad74
7876
c377
c373
b376
ae76
ab76
7d72
7e72
9e76
c477
9f72
8576
a272
a172
a072
9f72
9e72
8076
c477
7e72
9e72
c477
c473
7a7a
ad70
0d30
7afe
79fa
79fe
78fa
0d34
ad74
7876
c477
c473
af72
b072
b272
a776
a77e
0b3c
c477
0b30
a572
0b34
aa76
a976
0b30
0b30
0b30
c477
8772
8272
c477
c473
787a
ad70
0d30
78fe
79fa
79f6
78f2
b174
ae74
7a76
c477
c473
0b30
0b30
0b30
8572
8472
8172
c477
0b30
0b30
0b30
0b34
0b30
0b30
0b30
0b30
c477
8472
8172
c477
c473
7872
ae70
b170
78f6
79f2
79f6
7af2
b074
af74
0b30
a772
b27e
0b30
0b30
0b30
0b30
0b30
0b30
0b30
0b30
0b30
0b34
0b30
0b30
0b30
0b30
0b30
0b30
0b30
0b30
a776
0b34
0b34
af70
b070
7af6
79f2
0000
0004
1000
0000
3c84
0000
79f6
72f2
7476
7376
6c76
9b30
9b30
9b30
9b30
9b30
9b30
9b30
9b30
9b30
9b34
9b30
9b30
9b30
9b30
9b30
9b30
9b30
9b30
9b30
9b30
9b30
9b30
8872
7372
7472
7af6
79f2
79f6
78f2
ab74
ac74
6d76
c377
c373
4772
5131
5131
5131
5131
5139
5139
5135
c377
c373
5131
bc7a
b97a
5139
bb7a
5139
5131
5131
c377
c373
7872
ac70
ab70
78f6
79f2
79f6
7af2
0d34
ad74
7176
c377
c373
5131
5131
5135
5135
5135
5135
5135
5131
c377
c373
5135
5135
5135
5139
5139
477a
5131
5131
c377
c373
7a72
ad70
0d30
7af6
79f2
79fe
72fa
0d34
ad74
7276
c377
c373
5135
5135
5135
5135
5135
5135
5135
5131
c377
c373
5135
5135
5135
5135
5135
5135
5135
5135
c377
c373
727a
ad70
0d30
72fe
79fa
79fe
7afa
0d34
ad74
7876
c377
c373
b476
b376
b176
ae76
7f72
8072
b576
b172
c377
c373
b176
b476
b376
b176
ae76
7f76
ae76
ad76
c477
c473
7a7a
ad70
0d30
7afe
79fa
79fe
78fa
0d34
ad74
7876
c477
c473
0b34
b276
b076
af76
a572
aa76
a976
b072
c477
c473
b076
0b34
b276
b076
af76
0b34
0b34
0b34
c477
c473
787a
ad70
0d30
78fe
79fa
79f6
78f2
b174
ae74
7a76
c477
c473
0b34
0b34
0b34
0b30
a772
a772
0b30
0b30
c477
c473
0b34
0b34
0b34
0b34
8576
0b30
0b30
a772
c477
c473
7872
ae70
b170
78f6
79f2
79f6
7af2
b074
af74
0b30
a772
b27e
0b34
0b34
b276
af76
0b3c
0b3c
0b3c
0b34
0b30
0b34
0b30
0b30
0b30
0b30
0b30
0b30
0b30
0b30
a776
0b34
0b34
af70
b070
7af6
79f2
0000
0004
1000
0000
3c84
0000
79f6
72f2
7476
7376
6c76
9b30
9b30
9b30
9b30
5131
3a72
3b72
9b30
9b30
9b34
9b30
9b30
9b30
9b30
9b30
5139
5139
5139
9b30
9b30
9b30
9b30
8872
7372
7472
7af6
79f2
79f6
78f2
ab74
ac74
6d76
c377
c373
bb7e
513d
7672
3872
3972
513d
513d
5139
c377
c373
477a
487a
4b7a
5131
9a72
9972
9872
9772
c377
c373
7872
ac70
ab70
78f6
79f2
79f6
7af2
0d34
ad74
7176
c377
c373
5135
7672
8576
a272
a172
7676
513d
5139
c377
c373
5135
7576
7676
5135
9b72
9c72
9d72
9672
c377
c373
7a72
ad70
0d30
7af6
79f2
79fe
72fa
0d34
ad74
7276
c47b
c473
7f72
a77a
0b34
0b38
0b34
0b34
7f76
7f76
c477
c473
9e72
7e76
7d76
ab72
8f72
8e72
8c72
8b72
c477
c473
727a
ad70
0d30
72fe
79fa
79fe
7afa
0d34
ad74
7876
c47b
c473
b076
0b34
b076
0b34
0b34
0b34
a576
0b34
c477
c473
0b30
0b30
0b30
0b30
0b30
9072
8d72
8a72
c477
c473
7a7a
ad70
0d30
7afe
79fa
79fe
78fa
0d34
ad74
7876
c47b
c473
0b34
b276
0b34
af76
b076
a972
aa72
0b34
c477
c473
0b30
0b30
0b30
0b30
0b30
0b30
0b30
8a72
c477
c473
787a
ad70
0d30
78fe
79fa
79f6
78f2
b174
ae74
7a76
c47b
c473
0b34
0b30
a572
0b34
a772
a772
0b30
0b30
c477
c473
0b34
0b34
0b34
0b34
8576
0b30
0b30
a772
c477
c473
7872
ae70
b170
78f6
79f2
79f6
7af2
b074
af74
0b30
a772
b27e
0b34
0b30
0b30
0b30
0b3c
0b3c
0b3c
0b34
0b30
0b34
0b30
0b30
0b30
0b30
0b30
0b30
0b30
0b30
a776
0b34
0b34
af70
b070
7af6
79f2
0000
0004
1000
0000
3c84
0000
79f6
72f2
7476
7376
6c76
5135
bc72
b972
513d
5131
5131
5135
9b30
9b30
9b30
9b30
9b30
9b30
9b30
9b30
9b30
9b30
9b30
9b30
9b30
9b30
9b30
8872
7372
7472
7af6
79f2
79f6
78f2
ab74
ac74
6d76
7076
4772
4872
513d
562b
542b
542f
562f
5139
5135
c377
c373
5135
bc7a
b97a
5139
bb7a
5139
5131
5131
c377
c373
7872
ac70
ab70
78f6
79f2
79f6
7af2
0d34
ad74
7176
6e76
5131
5135
9a72
512b
502b
502f
512f
5131
5131
c377
c373
5131
7672
7572
5131
4772
5135
5135
5135
c377
c373
7a72
ad70
0d30
7af6
79f2
79fe
72fa
0d34
ad74
7276
6f76
5131
5131
9b72
ed23
e923
ea23
eb23
b576
7d72
c477
c473
8072
7d72
7e72
9e72
b476
b376
ae76
ab76
c377
c373
727a
ad70
0d30
72fe
79fa
79fe
7afa
0d34
ad74
7876
7776
b476
b476
8f72
ee33
ec33
ef33
f033
0b34
0b34
c477
c473
0b30
8672
8772
8272
0b30
af72
b072
b272
c477
c473
7a7a
ad70
0d30
7afe
79fa
79fe
78fa
0d34
ad74
7a76
7976
8672
0b34
b076
af76
0b30
a572
aa76
a976
b072
c477
c473
b076
0b34
b276
b076
af76
0b34
0b34
0b34
c477
c473
787a
ad70
0d30
78fe
79fa
79f6
78f2
b174
ae74
7c76
7b76
0b30
0b34
0b34
0b34
0b30
a772
a772
0b30
0b30
c477
c473
0b34
0b34
0b34
0b34
8576
0b30
0b30
a772
c477
c473
7872
ae70
b170
78f6
79f2
79f6
7af2
b074
af74
0b30
0b34
0b30
0b34
0b34
b276
b076
0b3c
0b3c
0b3c
0b34
b276
0b30
0b30
0b30
0b30
0b30
0b30
0b30
0b30
0b30
a776
0b34
0b34
af70
b070
7af6
79f2
0000
0004
1000
0000
3c84
0000
79f6
7af2
7476
7376
8876
9b34
9b34
9b34
9b34
9b34
9b34
7672
8676
a776
a272
a172
9b34
9b34
9b30
513d
512b
502b
502f
512f
0930
0930
5131
6c72
7372
7472
7af6
79f2
79f6
78f2
ab74
ac74
7876
c377
c373
4372
5135
bc7a
7672
a176
8672
a77a
0b30
0b30
c477
5131
c373
513d
4e2f
4d2f
4d2b
4e2b
513d
0930
7072
6d72
ac70
ab70
78f6
79f2
79f6
7af2
0d34
ad74
7a76
c377
c373
5131
bc7a
7672
8276
8776
8676
a776
a77e
0b3c
c477
7676
c373
513d
4e27
4d27
4d23
4e23
9a76
0930
6e72
7172
ad70
0d30
7af6
79f2
79fe
72fa
0d34
ad74
727e
c377
c373
7672
a176
8576
b072
b272
0b30
b072
b272
0b3c
c477
b272
c473
b376
eb27
ea27
e927
ed27
9b76
0930
6f72
7272
ad70
0d30
72fe
79fa
79fe
7afa
0d34
ad74
7a7e
c477
c473
b276
b076
af76
0b3c
a77e
a77e
8676
0b34
0b34
c477
0b38
c473
a77a
f037
ef37
ec37
ee37
8f76
a176
8872
7872
ad70
0d30
7afe
79fa
79fe
78fa
0d34
ad74
787e
c477
c473
0b30
0b30
0b30
a97a
8776
8676
0b30
b072
0b38
c477
b07a
c473
0b38
a576
0b34
af72
b072
a77a
0b30
8972
7a72
ad70
0d30
78fe
79fa
79f6
78f2
b174
ae74
7876
c477
c473
8676
0b30
0b30
0b30
0b30
0b30
0b30
0b30
0b30
c477
0b3c
c473
0b34
a776
a776
0b34
0b30
0b34
0b30
7b72
7c72
ae70
b170
78f6
79f2
79f6
7af2
b074
af74
0b30
0b30
a772
0b34
0b34
0b34
0b34
0b34
0b34
0b34
0b34
0b34
b272
0b30
0b38
0b38
0b30
b072
0b30
0b30
0b30
0b34
0b30
0b34
af70
b070
7af6
79f2
0000
0004
1000
0000
3c84
0000
9bb0
9bb0
9b30
9b30
513d
513d
513d
4772
5131
5131
5131
bc72
b972
ba72
bb72
5131
5131
5131
bc72
5139
5139
5139
5139
5139
477a
5139
5135
513d
9b34
9b34
9bb4
9bb4
c3f3
c3f7
0d34
c377
513d
513d
513d
5131
5131
5131
5131
4772
4872
4b72
5131
5131
5131
5131
5135
5139
5139
5139
5139
5139
bc7a
5139
5131
513d
c373
0d30
c3f3
c3f7
c3f3
c3f7
0d34
c377
513d
513d
513d
5135
5131
bc72
5131
5131
5135
5135
5135
5135
5131
b772
5135
5139
5139
5139
5139
5139
bc7a
5139
5131
513d
c373
0d30
c3f3
c3f7
c3f3
c3f7
0d34
c377
513d
513d
513d
5135
bc76
5135
5135
5135
5135
5135
5135
5135
5135
5135
5135
5135
5135
5135
bc76
5135
513d
5139
5131
513d
c373
0d30
c3f3
c3f7
c3f3
c3f7
0d34
c377
513d
513d
513d
5135
bc76
5135
5135
5135
5135
5135
5135
5135
5135
5135
bc72
5135
5135
5135
4776
5135
5135
5135
5139
513d
c373
0d30
c3f3
c3f7
c3f3
c3f7
0d34
c377
487a
4b7a
5139
5135
4776
5135
5135
5135
5135
5135
5135
5135
5135
5135
5135
513d
5135
5135
5135
5135
5135
5135
513d
513d
c373
0d30
c3f3
c3f7
c3f3
c3f7
0d34
c377
b97a
ba7a
bb7a
5135
5135
5135
bc76
5135
5135
5135
5135
5135
5135
5135
5135
5139
bc76
5135
5135
5135
5135
5135
5135
5135
c373
0d30
c3f3
c3f7
c3f3
c3f7
9e34
9c30
9c30
9c30
9c30
9c30
9c30
9c30
9c30
9c30
9c30
9c30
9c30
9d30
5135
5135
bc76
bb7a
5135
9d34
9c34
9c34
9c34
9c34
9c34
9c34
9c34
9e30
c3f3
c3f7
0000
0004
1000
0000
3c06
0000
9bb0
9bb0
9b30
9b30
b972
ba72
bb72
513d
513d
513d
bc7e
513d
513d
513d
513d
bb72
513d
5131
bc72
5139
5139
5139
5139
5139
477a
5139
5135
513d
9b34
9b34
9bb4
9bb4
c3f3
c3f7
0d34
c377
4872
4b72
5131
513d
477e
513d
513d
513d
513d
513d
513d
513d
513d
5135
5139
5139
5139
5139
5139
ba72
5131
5139
5131
513d
c373
0d30
c3f3
c3f7
c3f3
c3f7
0d34
c377
5135
5135
5135
513d
bc7e
513d
513d
513d
513d
513d
513d
513d
513d
b976
bc76
5135
5139
5139
5139
5139
5131
5139
5131
513d
c373
0d30
c3f3
c3f7
c3f3
c3f7
0d34
c377
5135
4372
5135
5135
bc7e
513d
513d
513d
513d
513d
513d
513d
513d
513d
bb72
bc76
5135
5139
bb7a
5139
5131
5139
5131
513d
c373
0d30
c3f3
c3f7
c3f3
c3f7
0d34
c377
5135
5131
5131
bc72
5139
bc7a
5139
5139
513d
513d
513d
513d
5139
5131
5139
5139
5139
5139
5139
477a
5131
5135
5139
513d
c373
0d30
c3f3
c3f7
c3f3
c3f7
0d34
c377
5135
5135
5135
5139
5139
5139
5139
477a
487a
4b7a
5139
5139
5139
b97e
bc7e
513d
5131
5131
5131
5131
5131
5135
513d
513d
c373
0d30
c3f3
c3f7
c3f3
c3f7
0d34
c377
5135
5135
5135
477a
5139
5139
5139
bc7a
b97a
ba7a
bb7a
5139
5139
513d
5131
5131
5131
5131
5131
ba7a
5131
5135
5135
5135
c373
0d30
c3f3
c3f7
c3f3
c3f7
9e34
9c30
9c30
9c30
9c30
9c30
9c30
9c30
9c30
9c30
9c30
9c30
9c30
9c30
9c30
9c30
9c30
9c30
9c30
9c30
9c30
9c30
9c34
9c34
9c34
9c34
9c34
9e30
c3f3
c3f7
0000
0004
1000
0000
3c06
0000
9bb0
9bb0
9b30
9b30
b972
5139
5139
5139
5139
bc7a
5139
5139
5139
bb76
ba76
bb72
5131
5131
5131
5131
5135
0908
5131
5131
5131
090c
ba72
5139
9b34
9b34
9bb4
9bb4
c3f3
c3f7
0d34
c377
4872
5139
5139
5139
5139
5139
5139
477a
5139
5135
4b76
513d
5131
b976
5131
b976
bc76
5135
5139
5139
5139
5139
5139
513d
c373
0d30
c3f3
c3f7
c3f3
c3f7
0d34
c377
5135
5139
5139
5139
5139
5139
5139
bc7a
5139
5131
5131
513d
5139
5139
5139
5139
5131
5131
5131
5131
5131
4772
5139
513d
c373
0d30
c3f3
c3f7
c3f3
c3f7
0d34
c377
5135
513d
513d
513d
5139
5139
5139
bc7a
5131
5131
4376
5139
5131
5135
5131
5131
5131
5135
0908
5131
5131
5131
090c
ba72
c373
0d30
c3f3
c3f7
c3f3
c3f7
0d34
c377
5135
5135
5135
5135
513d
513d
bc7e
513d
bc76
5135
5135
5131
5135
b97e
5135
5131
b976
bc76
5135
5139
5139
5139
5139
5139
c373
0d30
c3f3
c3f7
c3f3
c3f7
0d34
c377
5135
513d
4b7e
487e
477e
513d
513d
513d
513d
5131
5131
5139
5135
513d
5135
5139
5139
5131
5131
5131
5131
5131
5131
5139
c373
0d30
c3f3
c3f7
c3f3
c3f7
0d34
c377
5135
b97e
bc7e
0900
bb7a
5139
5139
0904
5131
5131
5131
bb7a
5135
5139
5135
5139
bc7a
5131
5131
5131
5131
5131
4772
5131
c373
0d30
c3f3
c3f7
c3f3
c3f7
9e34
9c30
9c30
9c30
9c30
9c30
9d30
5131
513d
513d
9d34
9c30
9c30
9c30
9c30
9c30
9c30
9d30
513d
513d
513d
9d34
9c30
9c34
9c34
9c34
9c34
9e30
c3f3
c3f7
0000
0004
1000
0000
3c06
0000
9bb0
9bb0
9b30
9b30
510d
510d
510d
510d
5139
5131
5131
bc72
9b30
9b30
9b30
9b30
9b30
9b30
9b30
9b30
9b30
9b30
5135
5135
5135
bc7a
5135
5135
9b34
9b34
9bb4
9bb4
c3f3
c3f7
0d34
c377
277e
257e
510d
510d
5139
5131
5131
4772
4872
c573
9820
c577
5131
5131
c573
9820
c577
5135
5131
bb72
5131
5131
5135
5135
c373
0d30
c3f3
c3f7
c3f3
c3f7
0d34
c377
510d
247e
267e
510d
5139
bc72
5135
5131
513d
c573
9820
c577
5131
5131
c573
9820
c577
5135
5135
5135
5135
5135
5135
5135
c373
0d30
c3f3
c3f7
c3f3
c3f7
0d34
c377
510d
237e
227e
217e
bc7a
5135
5135
5135
513d
c573
9820
c577
5131
5131
c573
9820
c577
5135
5135
5135
5135
5135
5135
5135
c373
0d30
c3f3
c3f7
c3f3
c3f7
0d34
c377
510d
1f7e
1e7e
207e
513d
5135
5135
5135
513d
c573
9820
c577
5135
5135
c573
9820
c577
5135
5135
5135
4772
5135
5135
5135
c373
0d30
c3f3
c3f7
c3f3
c3f7
0d34
c377
487a
4b7a
5139
5135
4776
5135
5135
5135
513d
c573
9820
c577
5135
5135
c573
9820
c577
5135
bc7a
b97a
5139
bb7a
5139
5135
c373
0d30
c3f3
c3f7
c3f3
c3f7
0d34
c377
b97a
ba7a
bb7a
5135
5135
5135
bc76
5135
513d
c573
9820
c577
5135
5135
c573
9820
c577
5135
5135
5135
5135
5135
5135
5135
c373
0d30
c3f3
c3f7
c3f3
c3f7
9e34
9c30
9c30
9c30
9d30
5135
5135
5135
5135
5135
9d34
9c34
9c34
9c34
9c34
9c34
9c34
9c34
9c34
9c34
9c34
9c34
9c34
9c34
9c34
9c34
9c34
9e30
c3f3
c3f7
0000
0004
1000
0000
3c06
0000
9bb0
9bb0
9b30
9b30
5131
5131
bc7e
5131
5131
5135
5135
513d
5109
513d
5109
5135
5135
5109
5109
bc76
5135
5135
513d
513d
5109
5109
5109
5109
9b34
9b34
9bb4
9bb4
c3f3
c3f7
0d34
c377
5131
5131
5135
5135
bb76
5135
5135
513d
5109
513d
5131
5135
5135
bb76
5135
5135
5131
5131
bc72
510d
5109
0930
0930
0930
c373
0d30
c3f3
c3f7
c3f3
c3f7
0d34
c377
5131
5131
5131
5131
5131
5131
5131
5135
5135
513d
5131
5131
5131
5131
5131
5131
4772
4872
4772
4872
0930
0930
0930
0930
c373
0d30
c3f3
c3f7
c3f3
c3f7
0d34
c377
5131
5131
5131
5131
5131
5131
5131
5135
4372
513d
5131
5131
5131
5131
5131
5131
5131
5135
5135
5131
0930
0930
0930
0930
c373
0d30
c3f3
c3f7
c3f3
c3f7
0d34
c377
5131
5131
5131
4776
5131
5131
5131
5131
5109
513d
5131
5131
4776
5131
5131
5131
5131
522b
522f
5131
0930
0930
0930
5109
c373
0d30
c3f3
c3f7
c3f3
c3f7
0d34
c377
5131
513d
bb7e
513d
b97e
bc7e
5131
bc7a
5131
3a72
3b72
bc7e
5109
5109
5135
4776
5131
3523
3527
5131
5131
513d
4b7e
487e
c373
0d30
c3f3
c3f7
c3f3
c3f7
0d34
c377
5131
5131
5131
5131
5131
5131
5131
5131
7672
3872
3972
5109
5109
5109
5135
5135
3623
3923
3927
3627
bb7e
ba7e
b97e
b97e
c373
0d30
c3f3
c3f7
c3f3
c3f7
9e34
9c30
9c30
9c30
9c30
9c30
9c30
9c30
9d30
3976
8576
a272
a172
3b72
9d34
9c30
9d30
5135
3723
5023
5027
3727
9d34
9c34
9c34
9c34
9c34
9e30
c3f3
c3f7
0000
0004
1000
0000
3c06
0000
65b1
49b5
6935
6735
4335
4335
4335
4335
4335
4335
4335
4335
4335
4335
4335
4335
4335
4335
4335
4335
4335
4335
4335
4335
4335
4335
4335
4335
6731
6931
49b1
65b5
65b1
4ab5
6835
2136
5861
5861
5861
5861
5861
5861
5861
5861
5861
5861
5861
9b30
9b30
9b30
9b30
9b30
9b30
9b30
9b30
9b30
9b30
9b30
9b30
9b30
2132
6831
4ab1
65b5
65b1
4ab5
6a35
2336
8661
37e1
38e1
8661
6d65
6c65
6d65
6c65
8661
8661
8661
c373
0908
0908
c373
0908
0908
c373
0908
0908
c373
0908
0908
c373
2332
6a31
4ab1
65b5
65b1
4bb5
6b35
2336
8661
36e1
39e1
8661
6e65
6f65
6e65
6f65
8661
8661
8661
c373
0908
0908
c373
0908
0908
c373
0908
0908
c373
0908
0908
c373
2332
6b31
4bb1
65b5
65b1
4ab5
6b35
2336
8661
8665
3ae1
8661
7165
7065
7165
7065
8661
8661
8661
c373
0908
0908
c373
0908
0908
c373
0908
0908
c373
0908
0908
c373
2332
6b31
4ab1
65b5
65b1
4ab5
6e35
2336
8661
8665
3be1
8661
8661
8661
8661
8661
6660
6c60
8661
c373
0908
0908
c373
0908
0908
c373
0908
0908
c373
0908
0908
c373
2332
6e31
4ab1
65b5
7bb1
4ab5
6f35
2336
8661
8661
3be1
8661
8661
8661
8661
6560
6760
6b60
6d60
c373
3b31
3b31
c373
3b31
3b31
c373
3b31
3b31
c373
3b31
3b31
c373
2332
6f31
4ab1
7bb5
65b1
4ab5
7335
7235
e634
e634
3bd1
e634
e634
2f31
2f31
6960
6860
6a60
6e60
e634
e634
e634
e634
e634
e634
e634
e634
e634
e634
e634
e634
e634
7231
7331
4ab1
65b5
0000
9244
1000
2490
3b10
0000
65b1
49b5
6935
6735
4331
4331
4331
4331
4331
4331
4331
4331
4331
4331
4331
4331
4331
4331
4331
4331
4331
4331
4331
4331
4331
4331
4331
4331
4331
6931
49b1
65b5
65b1
4ab5
6835
2136
9b34
9b34
9b34
9b34
9b34
9b34
9b34
9b34
9b34
9b34
9b34
9b34
9b34
8365
8061
8061
8061
8061
8061
8061
8061
8061
8061
8361
2132
6831
4ab1
65b5
65b1
4ab5
6a35
2336
c377
487e
477e
c377
090c
090c
c377
090c
090c
c377
bb7e
bc76
c377
8265
7e61
7e61
7e61
7e61
7e61
7e61
7e61
7e61
7e61
8261
2332
6a31
4ab1
65b5
65b1
4bb5
6b35
2336
c377
090c
090c
c377
bb76
ba76
c377
090c
090c
c377
090c
5135
c377
8165
7f61
7f61
7f61
7f61
7f61
7f61
7f61
7f61
7f61
8161
2332
6b31
4bb1
65b5
65b1
4ab5
6b35
2336
c377
090c
090c
c377
090c
090c
c377
b976
bc76
c377
090c
090c
c377
0224
5b65
0220
0220
0220
0220
0220
0220
0220
0220
0220
2332
6b31
4ab1
65b5
65b1
4ab5
6e35
2336
c377
090c
090c
c377
090c
090c
c377
4876
4776
c377
5135
bc76
c377
0220
0224
0224
0224
0224
0224
0224
0224
0224
0224
0224
2332
6e31
4ab1
65b5
7bb1
4ab5
6f35
2336
c377
3b35
3b35
c377
3b35
3b35
c377
3b35
3b35
c377
3b35
3b35
c377
b964
b663
b960
b960
b960
b960
b960
b960
b960
b960
b663
2332
6f31
4ab1
7bb5
65b1
4ab5
7335
7235
af31
e630
e630
e630
e630
e630
e630
e630
e630
e630
e630
e630
e630
e630
e630
e630
e630
e630
e630
e630
e630
e630
e630
e630
7231
7331
4ab1
65b5
0000
0004
1000
0000
3b10
0000
65a1
4aa5
aa64
a964
0a20
0a20
0a20
0a20
0a20
0a20
0a20
0a20
0a20
0a20
0a20
0a20
0a20
0a20
0a20
0a20
c273
c073
c077
c277
0a20
0a20
0a20
0a24
a960
aa60
4aa1
65a5
65a1
4aa5
ab64
ac64
2032
2032
6632
5032
6632
5032
6632
5032
6632
5032
6632
5032
6632
5032
6632
5032
6632
4a72
4a76
2032
2032
2032
2032
2032
ac60
ab60
4aa1
65a5
65a1
4aa5
0d24
ad64
7934
7930
7934
693a
7934
693a
7934
693a
7934
693a
7934
693a
7934
693a
7934
693a
7934
4a72
4a76
6a32
6b32
6b32
6b32
6a36
ad60
0d20
4aa1
65a5
65a1
4ba5
0d24
ad64
7930
7930
7930
7930
7930
7930
7930
7930
7930
7930
7930
7930
7930
7930
7930
7930
7930
4a72
4a76
6532
0934
0934
0934
6536
ad60
0d20
4ba1
65a5
65a1
4aa5
0d24
ad64
7930
7930
7930
7930
7930
7930
7930
7930
7930
7930
7930
7930
7930
7930
7930
7930
7930
4a72
4a76
6532
0934
0934
0934
6536
ad60
0d20
4aa1
65a5
65a1
4aa5
0d24
ad64
7930
7930
7930
7930
7930
7930
7930
7930
7930
7930
7930
7930
7930
7930
7930
7930
7930
4a72
4a76
1e32
1f32
6e32
1f36
1e36
ad60
0d20
4aa1
65a5
65a1
4aa5
b164
ae64
2432
2432
2432
2432
2432
2432
2432
2432
2432
2432
2432
2432
2432
2432
2432
2432
2432
4a72
4a76
2432
2432
2432
2432
2436
ae60
b160
4aa1
65a5
65a1
4aa5
b064
af64
0b20
e634
e634
e634
e634
2f35
e634
c173
0934
0934
0934
0934
0934
c177
2f35
3f35
2f35
2f35
2f35
2f35
2f35
2f35
2f35
0b24
af60
b060
4aa1
65a5
0000
0004
1000
0000
3b9a
0000
65b1
49b5
6935
6735
4331
4331
4331
4331
4331
4335
c5f7
0934
0934
0934
0934
0934
0934
0934
c5f3
4331
4335
2635
2735
1b35
2331
2635
2635
2635
6731
6931
49b1
65b5
65b1
4ab5
6835
6635
4631
4631
9432
9232
1e35
5139
c6f7
0934
0934
0934
0934
0934
0934
0934
c6f3
513d
1531
1335
0f35
1a35
1a31
0f31
1331
1931
6631
6831
4ab1
65b5
65b1
4ab5
6a35
7135
0934
9632
9532
9636
1e35
5139
c5f7
0934
0934
0934
0934
0934
0934
0934
c5f3
513d
1431
1135
1035
dc22
2831
1031
1131
1231
7131
6a31
4ab1
65b5
65b1
4bb5
6b35
7135
0934
9732
9832
9736
1e35
5139
c6f7
0934
0934
0934
0934
0934
0930
0934
c6f3
513d
1431
2935
e126
e022
e122
0930
2931
1931
7131
6b31
4bb1
65b5
65b1
4ab5
6b35
7135
0934
9936
9832
9932
1e35
5139
c5f7
0934
0934
0934
0934
0934
3c31
0934
c5f3
513d
1431
2a35
e222
dd22
e222
3e35
2a31
1931
7131
6b31
4ab1
65b5
65b1
4ab5
6e35
7135
3b31
3b31
3b31
3b31
1e35
5139
c6f7
0934
0934
0934
0934
0934
3c31
0934
c6f3
513d
1431
2a35
e222
dd2a
e222
3e35
2a31
1931
7131
6e31
4ab1
65b5
7bb1
4ab5
6f35
7135
7c31
7c31
7c31
7c31
8732
5139
c5f7
0934
0934
0934
0934
0934
0934
0934
c5f3
513d
1431
2b35
0620
0620
0620
3b35
2b31
3231
7131
6f31
4ab1
65b5
65b1
4ab5
7335
7235
e634
e634
e634
e634
e634
e630
c5f7
3b31
3b31
3b31
3b31
3b31
3b31
3b31
c5f3
e634
e630
2f31
2f31
2f31
2f31
2f31
3f35
2f35
7231
7331
4ab1
65b5
0000
0004
1000
0000
3b10
0000
6591
4a95
aa64
a964
0a20
0a20
0a20
0a20
c273
c073
c077
c277
0a20
0a20
0a20
0a20
0a20
0a20
0a20
0a20
0a20
0a20
0a20
0a20
0a20
0a20
0a20
0a20
a960
aa60
4a91
6595
6591
4a95
ab64
ac64
2012
2012
2012
2012
2012
4a52
4a56
3c16
3d16
8312
8416
8416
8416
8316
3c16
3d16
2012
2012
2012
2012
2012
2012
2012
2012
ac60
ab60
4a91
6595
6591
4a95
0d24
ad64
7914
7914
7914
7914
7914
4a52
4a56
3616
3516
7b16
7f16
7e16
7d16
7416
3616
3516
6a12
6b12
6b12
6a16
7914
7914
7914
7914
ad60
0d20
4a91
6595
6591
4b95
0d24
ad64
7914
7914
7914
7914
7914
4a52
4a56
7914
7914
7b16
8016
8116
7d16
7416
7914
7914
6512
0914
0914
6516
7914
7914
7914
7914
ad60
0d20
4b91
6595
6591
4a95
0d24
ad64
7914
7914
7914
7914
7914
4a52
4a56
7914
7914
7b16
7d16
8016
7816
7416
7914
7914
6512
0914
0914
6516
7512
7914
7914
7914
ad60
0d20
4a91
6595
6591
4a95
0d24
ad64
7914
7914
7914
7914
7914
4a52
4a56
7914
7914
7c16
7916
7916
7916
7a1a
7914
7914
1e12
1f12
1f16
1e16
7914
7914
7914
7914
ad60
0d20
4a91
6595
6591
4a95
b164
ae64
2416
2416
2416
2416
2416
4a52
4a56
2416
2416
2416
2416
2416
2416
2416
2416
2416
2412
2412
2412
2416
2416
2416
2416
2416
ae60
b160
4a91
6595
6591
4a95
b064
af64
2f35
3f31
e630
e634
3f31
e630
3f35
2f35
3f31
3f31
2f31
c173
0930
0930
0934
c177
2f35
3f35
3f31
e630
e634
e634
e634
e634
af60
b060
4a91
6595
0000
0004
1000
0000
3b9a
0000
6591
4a95
6915
6715
2631
2631
2631
2335
1b31
2731
2631
4331
4335
c5f7
0930
0930
0930
0930
0930
0930
0930
c5f3
4331
4335
4331
4331
4331
4331
6711
6911
4991
6595
6591
4a95
6815
6615
c373
c37b
c373
5139
5139
0f31
c373
c37b
5139
c6f7
0930
0930
0930
0930
0930
0930
0930
c6f3
513d
c373
c37b
c373
c37b
c373
6611
6811
4a91
6595
6591
4a95
6a15
7115
c373
c37b
c373
0934
dc26
5139
c373
c37b
5139
c5f7
0930
0930
0930
0930
0930
0930
0930
c5f3
513d
c373
c37b
c373
c37b
c373
7111
6a11
4a91
6595
6591
4b95
6b15
7115
c373
c37b
c373
e126
e026
e122
c373
c37b
5139
c6f7
0930
0934
0930
0930
0930
0930
0930
c6f3
513d
c373
c37b
c373
c37b
c373
7111
6b11
4b91
6595
6591
4a95
6b15
7115
c373
c37b
c373
e226
dd26
e226
c373
c37b
5139
c5f7
0930
3c35
0930
0930
0930
0930
0930
c5f3
513d
c373
c37b
c373
c37b
c373
7111
6b11
4a91
6595
6591
4a95
6e15
7115
c373
c37b
c373
e226
dd2e
e226
c373
c37b
5139
c6f7
0930
3c35
0930
0930
0930
0930
0930
c6f3
513d
c373
c37b
c373
c37b
c373
7111
6e11
4a91
6595
6591
4a95
6f15
7115
c373
c37b
c373
0624
0624
0624
c373
c37b
5139
c5f7
0930
0930
0930
0930
0930
0930
0930
c5f3
513d
c373
c37b
c373
c37b
c373
7111
6f11
4a91
6595
6591
4a95
7315
7215
2f31
3f31
2f35
2f35
2f35
2f35
2f35
e634
e630
c5f7
3b35
3b35
3b35
3b35
3b35
3b35
3b35
c5f3
e634
e630
e630
e630
e630
e630
7211
7311
4a91
6595
0000
0004
1000
0000
3b3a
0000
65a1
4aa5
aa64
a964
0a20
0a20
0a20
0a20
0a20
0a20
0a20
0a20
0a20
0a20
0a20
0a20
0a20
0a20
0a20
0a20
0a20
0a20
0a20
0a20
0a20
0a20
0a20
0a24
a960
aa60
4aa1
65a5
65a1
4aa5
ab64
ac64
6636
6636
6636
6636
6636
6636
6636
6636
6636
6636
6636
6636
6636
6636
6636
6636
6636
6636
6636
6636
6636
6636
6636
6632
ac60
ab60
4aa1
65a5
65a1
4aa5
0d24
ad64
7930
7930
7930
7930
7930
7930
7930
7930
7930
7930
7930
7930
7930
7930
7930
7930
7930
4a72
4a76
7930
7930
7930
7930
7934
ad60
0d20
4aa1
65a5
65a1
4ba5
0d24
ad64
7930
6736
6736
6736
6736
6736
6736
6736
6736
6736
6736
6736
6736
6736
6736
6736
6736
4a72
4a76
6736
6736
6736
6736
7934
ad60
0d20
4ba1
65a5
65a1
4aa5
0d24
ad64
7930
7930
7930
7930
7930
7930
7930
7930
7930
7930
7930
7930
7930
7930
7930
7930
7930
4a72
4a76
7930
7930
7930
7930
7934
ad60
0d20
4aa1
65a5
65a1
4aa5
0d24
ad64
7930
7930
7930
7930
7930
7930
7930
7930
7930
7930
7930
7930
7930
7930
7930
7930
7934
4a72
4a76
7934
7930
7930
7930
7934
ad60
0d20
4aa1
65a5
65a1
4aa5
b164
ae64
2432
2432
2432
2432
2432
2432
2432
2432
2432
2432
2432
2432
2432
2432
2432
2432
2436
4a72
4a76
2436
2432
2432
2432
2436
ae60
b160
4aa1
65a5
65a1
4aa5
b064
af64
0b20
e634
e634
e634
e634
2f35
2f35
2f35
2f35
2f35
2f35
2f35
2f35
2f35
2f35
2f35
c173
c073
c077
c177
2f35
2f35
2f35
0b24
af60
b060
4aa1
65a5
0000
0004
1000
0000
3b9a
0000
6591
4995
6915
6715
f260
f260
f260
f260
f260
f260
f260
f260
f260
f260
f260
f260
f260
f260
f260
f260
f260
f260
f260
f260
f260
f260
f260
f260
6711
6911
4991
6595
6591
4a95
6815
2116
3c16
3d16
2012
2012
2012
2012
2012
2012
2516
2812
2812
2812
2812
2812
2812
2812
2812
2812
2812
2512
2012
2012
2012
2012
2112
6811
4a91
6595
6591
4a95
6a15
2316
3616
3516
7914
7914
7910
4a52
4a56
7910
7810
7910
7510
7410
7410
7410
7410
7410
7414
7514
7910
7814
7612
7712
7a12
7914
2312
6a11
4a91
6595
6591
4b95
6b15
2316
7910
7910
7910
7910
7910
4a52
4a56
7910
7810
7910
ee10
3a12
3a12
3a12
3a12
3a12
3a12
4a12
7910
7814
7412
7d12
7b12
7914
2312
6b11
4b91
6595
6591
4a95
6b15
2316
7910
7910
7910
7910
7910
4a52
4a56
7910
7810
7914
ee10
3b12
3b12
3b12
3b12
3b12
3b12
4a12
7910
7814
7a1e
7912
7c12
7910
2312
6b11
4a91
6595
6591
4a95
6e15
2316
7914
7914
7914
7914
7914
4a52
4a56
7914
7810
7610
ee10
3b12
3b12
3b12
3b12
3b12
3b12
4a12
7910
7814
7914
7914
7914
7914
2312
6e11
4a91
6595
6591
4a95
6f15
2316
2416
2416
2416
2416
2416
4a52
4a56
2416
2612
2716
ec10
eb10
eb10
eb10
eb10
eb10
eb10
2712
2712
2616
2416
2416
2416
2416
2312
6f11
4a91
6595
6591
4a95
7315
7215
e63c
3f39
e638
e638
c173
c073
c077
c177
e63c
e634
3f19
e630
e630
e630
e630
e630
1969
e63c
e63c
e63c
3f11
2f35
2f35
3f15
7211
7311
4a91
6595
0000
0004
1000
0000
3b3a
0000
65b1
49b5
6935
6735
4335
4335
4335
4335
4335
4335
4335
4335
4335
4335
4335
4335
4335
4335
4335
4335
4335
4335
4335
4335
4335
4335
4335
4335
6731
6931
49b1
65b5
65b1
4ab5
6835
2136
9b30
9b30
9b30
9b30
9828
9728
9828
982c
9828
9728
9b30
9b30
9b30
9b30
9828
982c
9828
9728
9828
982c
9b30
9b30
9b30
9b30
2132
6831
4ab1
65b5
65b1
4ab5
6a35
2336
c373
0908
0908
c373
9820
9720
9820
9824
9820
9720
c373
0908
0908
c373
9820
9824
9820
9720
9820
9824
c373
0908
0908
c373
2332
6a31
4ab1
65b5
65b1
4bb5
6b35
2336
c373
0908
0908
c373
9728
9828
9728
9828
9728
9828
c373
0908
0908
c373
9728
9828
9728
9828
9728
9828
c373
0908
0908
c373
2332
6b31
4bb1
65b5
65b1
4ab5
6b35
2336
c373
0908
0908
c373
9720
9820
9720
9820
9720
9820
c373
0908
0908
c373
9720
9820
9720
9820
9720
9820
c373
0908
0908
c373
2332
6b31
4ab1
65b5
65b1
4ab5
6e35
2336
c373
0908
0908
c373
9828
9728
9828
982c
9828
9728
c373
0908
0908
c373
9828
982c
9828
9728
9828
982c
c373
0908
0908
c373
2332
6e31
4ab1
65b5
7bb1
4ab5
6f35
2336
c373
3b31
3b31
c373
9820
9720
9820
9824
9820
9720
c373
3b31
3b31
c373
9820
9824
9820
9720
9820
9824
c373
3b31
3b31
c373
2332
6f31
4ab1
7bb5
65b1
4ab5
7335
7235
3f35
e634
e634
e634
e634
e634
e634
e634
e634
3f35
e634
e634
e634
af31
b031
b1b1
0030
0030
b1b5
b035
af35
e630
e630
af35
7231
7331
4ab1
65b5
0401
0044
1100
4010
3b10
0000
65b1
49b5
6935
6735
2535
2535
2531
2531
2535
2535
2535
2535
2535
2535
2535
2535
2535
2535
2735
1b35
2535
2531
2531
2535
2535
2535
2535
2535
4331
6931
49b1
65b5
65b1
4ab5
6835
2136
5036
7e75
1331
1931
7e75
5036
5036
7e75
1935
1335
7e75
5036
5036
7e75
0f35
1a35
7e75
5036
5036
7e75
1935
1335
7e75
5036
2132
6831
4ab1
65b5
65b1
4ab5
6a35
2336
693e
7e75
1131
1231
7e75
693e
693e
7e75
1235
1135
7e75
693e
693e
7e75
1035
2835
7e75
693e
693e
7e75
1235
1135
7e75
693e
2332
6a31
4ab1
65b5
65b1
4bb5
6b35
2336
7930
7e75
2a31
1931
7e75
8a55
8955
7e75
1935
2a35
7e75
8865
8465
7e75
090c
090c
7e75
8a55
8955
7e75
1935
2a35
7e75
7930
2332
6b31
4bb1
65b5
65b1
4ab5
6b35
2336
7930
7e75
2a31
1931
7e75
8b55
8c55
7e75
1935
2a35
7e75
8765
8565
7e75
090c
090c
7e75
8b55
8c55
7e75
1935
2a35
7e75
7930
2332
6b31
4ab1
65b5
65b1
4ab5
6e35
2336
7930
7e75
2b31
3231
7e75
7930
7930
7e75
3235
2b35
7e75
7930
7930
7e75
3b35
3b35
7e75
7930
7930
7e75
3235
2b35
7e75
7930
2332
6e31
4ab1
65b5
65b1
4ab5
6f35
2336
2432
7e75
2f35
2f35
7e75
2432
2432
7e75
2f35
2f35
7e75
2432
2432
7e75
2f35
2f35
7e75
2432
2432
7e75
2f35
2f35
7e75
2432
2332
6f31
4ab1
7bb5
65b1
4ab5
7335
7235
e634
e634
e634
af31
b031
b1b1
0034
0034
0034
b1b5
b035
af35
e630
e630
e630
e630
e630
e630
e630
e630
e630
e630
e630
e630
7231
7331
4ab1
65b5
0208
2084
1082
0820
3b10
0000
03a0
5be9
aa64
a964
0110
0110
0110
0110
0110
0110
0110
0110
8a60
8564
8864
8964
8a64
636d
0908
0908
0908
0908
0908
0908
6361
0110
0110
0110
a960
aa60
5bed
03a4
03a0
99e5
ab64
ac64
0220
8065
8065
8065
8361
6161
5f61
0220
8b60
8664
8764
8c64
8b64
0220
5c69
0908
0908
0908
0908
b06b
af6b
7834
3332
3232
ac60
ab60
99e1
03a4
03a0
98e5
0d24
ad64
0220
7f61
7f61
7f61
8161
5c61
6061
0220
9460
9064
8f64
8e64
8d64
0220
7564
a067
a063
ad63
ae63
b16b
b56b
7834
3032
3132
ad60
0d20
98e1
03a4
03a0
98e5
0d24
ad64
0220
c061
bf61
be61
bd61
5d61
6265
0220
6464
9164
9264
9364
9464
0220
0220
5d65
0220
5c69
5e69
0220
0220
7834
7934
7934
ad60
0d20
98e1
03a4
03a0
98e5
0d24
ad64
0220
c161
c961
ca61
bc61
b561
0220
0220
0220
7964
7864
7764
7664
0220
0220
0220
0220
6169
5f69
0220
0220
7834
7934
7934
ad60
0d20
98e1
03a4
03a0
98e5
0d24
ad64
c361
c261
c861
cb61
bb61
b661
b761
4962
8260
7b64
8364
8064
8264
4962
4962
4962
4962
4962
4962
4962
4962
7834
7934
7934
ad60
0d20
98e1
03a4
03a0
99ed
b164
ad64
c661
c761
cd61
cc61
ba61
b961
b861
e634
7f60
7c64
7d64
7e64
7f64
3f35
e634
e634
e634
e634
e634
e634
e634
2636
2436
2436
ad60
b160
99e9
03a4
03a0
5be1
b064
af64
2f31
3f35
2f31
e634
e634
e634
e634
e634
e630
e634
e634
e634
e634
0080
e634
e634
e634
e634
e634
e634
e634
e734
e634
e634
af60
b060
5be5
03a4
0000
0004
1000
0000
3b9a
0000
03a0
5be9
aa64
a964
0114
6345
090c
0904
bb7e
bb76
ba76
b976
bc76
5135
bc76
5135
6349
0a04
0a04
0a04
0a04
0a04
0a04
0a04
0114
0114
0114
0114
a960
aa60
5bed
03a4
03a0
99e5
ab64
ac64
7930
7930
2536
b04f
090c
5135
4b76
4876
4776
5135
b04b
2532
7934
7934
7934
6a32
6b32
6b36
6a36
7934
7934
7934
7934
7934
ac60
ab60
99e1
03a4
03a0
98e5
0d24
ad64
6836
6836
7830
af4f
b04f
b04f
090c
090c
090c
525e
4f5e
7834
6836
6836
6836
6532
0900
0904
6536
6836
6836
6836
6836
6836
ad60
0d20
98e1
03a4
03a0
98e5
0d24
ad64
7930
7930
7830
b54f
b14f
5556
5456
5156
455a
455e
445e
7834
7934
7934
7934
6532
0900
0904
6536
7934
7934
7934
7934
7934
ad60
0d20
98e1
03a4
03a0
98e5
0d24
ad64
7930
7930
7830
e630
e630
e630
5576
6656
6856
6a56
e630
7834
7934
7930
7930
1e32
1f32
1f36
1e36
7532
7934
7934
7934
7934
ad60
0d20
98e1
03a4
03a0
98e5
0d24
ad64
7930
7930
7830
b974
b974
b974
b974
b974
b974
b974
b974
7834
7934
7934
7934
7934
7934
7930
7930
7934
7934
7934
7934
7934
ad60
0d20
98e1
03a4
03a0
99ed
b164
ad64
2432
2432
2632
3f31
3f31
3f31
3f31
3f31
3f31
3f31
3f31
2636
2436
2436
2436
2436
2436
2436
2436
2436
2436
2436
2436
2436
ad60
b160
99e9
03a4
03a0
5be1
b064
af64
e630
e630
e730
e630
e630
e630
e630
e630
e630
e630
e630
e734
e634
e634
e634
e634
e634
e634
e634
e634
e634
e634
e634
e634
af60
b060
5be5
03a4
0000
0004
1000
0000
3b9a
00a8
16f6
16f6
1576
1476
5105
5105
5105
5105
5135
4776
5135
5135
5135
5135
5131
5131
5131
5101
5139
5135
b776
bb76
5105
5135
5135
5135
5135
5135
1472
1572
16f2
16f2
17f6
17f6
3276
1b76
5105
5105
5105
5105
5135
5135
bb76
5139
487a
4b7a
5139
5139
5139
bb72
5139
5135
5135
5139
5135
1f76
1e76
2076
5135
5135
1b72
3272
17f2
17f2
18f6
18f6
3376
1c76
5105
5105
5105
5105
5135
5135
5135
5139
b97a
ba7a
bb7a
5139
5139
5131
5139
5139
5139
5139
5135
2376
2276
2176
5135
5135
1c72
3372
18f2
18f2
19f6
19f6
3476
1d76
bb76
ba76
b976
5135
5139
ba7e
5135
5135
5135
4776
5131
2072
1e72
1f72
b97e
bc7e
513d
513d
5135
2476
2676
5135
5135
4776
1d72
3472
19f2
19f2
30f6
30f6
3576
2876
5135
4b76
4876
5135
5139
5139
5139
5139
b776
5135
5131
2172
2272
2372
513d
513d
513d
bc7e
267a
247a
bb76
ba76
4772
5131
2872
3572
30f2
30f2
2ff6
2ff6
3676
1976
4b23
4b23
4b23
4b23
4b23
5135
5135
5135
5135
5135
bc72
b972
2672
2472
ec6f
eb6f
eb6b
ec6b
2476
2676
b976
bc76
5139
5109
3072
3672
2ff2
2ff2
2ef6
2ef6
3776
1976
5b2f
5b2b
5b2f
5b2b
5b2f
5b2f
5a2f
592f
582f
572f
542f
562f
f06f
ef6f
ed6f
ee6f
ee6b
ed6b
ef6b
4427
e267
e367
e367
e367
3072
3772
2ef2
2ef2
31f6
31f6
2e72
3172
3172
2e72
2e72
3172
2e72
2e72
2e72
2e72
2e72
3172
3172
2e72
2e72
3172
2e72
2e72
3172
3172
2e72
2e72
3172
2e72
2e72
3172
2e72
2e72
31f2
31f2
0000
0004
1000
0000
3c30
0000
16f6
16f6
1576
1476
5105
5105
5105
5105
5135
4776
5135
5135
5135
5135
5135
513d
5139
5139
5139
5135
5135
bb76
ba76
b976
bc76
5135
5135
5135
1472
1572
16f2
16f2
17f6
17f6
3276
1b76
5135
bb76
ba76
b976
bc76
f36b
f26b
0038
0038
0038
5135
5135
4b27
4c27
4c23
4b23
0030
5139
003c
bc76
5135
5135
5135
003c
1b72
3272
17f2
17f2
18f6
18f6
3376
1c76
5135
5135
4b76
4876
4776
5135
f16b
f46b
f56b
ef6f
fa6f
fd6f
fe6f
392f
392b
fe6b
fd6b
fa6b
ef6b
f06b
e863
e463
e363
e263
1c72
3372
18f2
18f2
19f6
19f6
3476
1d76
5139
5139
5131
5131
5101
0038
5223
5323
3d23
3d23
e667
fc6f
ff6f
3a2f
3a2b
ff6b
fc6b
e663
3d27
3c27
e067
3c23
3d23
3d27
1d72
3472
19f2
19f2
30f6
30f6
3576
2876
4772
4872
4b72
5131
5131
0038
0030
5223
5323
3e23
e66f
fc67
ff67
3a27
3a23
ff63
fc63
e66b
3e27
3f27
df67
3f23
3e23
3e27
2872
3572
30f2
30f2
2ff6
2ff6
3676
1976
5105
5135
5135
513d
513d
5105
5135
0038
562b
4e23
fa67
fd67
fe67
3927
3923
fe63
fd63
fa63
4e27
4d27
f767
4d23
4e23
4e27
1972
3672
2ff2
2ff2
2ef6
2ef6
3776
1976
4c27
4c27
4c27
4c27
4c27
4c27
4c27
522b
532b
f967
f963
5023
5027
f967
f963
5023
5027
f967
f963
5023
5027
f967
f963
5023
1972
3772
2ef2
2ef2
31f6
31f6
2e72
3172
3172
2e72
2e72
3172
2e72
2e72
2e72
2e72
2e72
3172
3172
2e72
2e72
3172
2e72
2e72
3172
3172
2e72
2e72
3172
2e72
2e72
3172
2e72
2e72
31f2
31f2
0000
0004
1000
0000
3c30
0000
16f6
16f6
1576
1476
5105
5105
5135
5135
5135
5139
5131
5131
5131
5131
5131
5139
5131
5131
0030
0030
d363
d367
0034
0030
b772
b976
bc76
5135
1472
1572
16f2
16f2
17f6
17f6
3276
1b76
5135
bb76
477a
5135
5135
5135
5139
bc7e
513d
5131
bb72
5135
bb7a
bc7e
0030
d263
d663
d667
d267
0034
5135
513d
bb72
bc76
1b72
3272
17f2
17f2
18f6
18f6
3376
1c76
5135
5135
5135
5135
5139
b97e
bc7e
513d
5131
5131
5131
b97e
bc7e
513d
0030
d763
d863
d867
d767
0034
5135
5131
5139
5139
1c72
3372
18f2
18f2
19f6
19f6
3476
1d76
5139
1f76
1e76
2076
5135
5139
5131
4772
5131
4372
5131
ba7a
513d
5135
3623
3523
3a23
3a27
3527
3627
5135
5135
5135
5135
1d72
3472
19f2
19f2
30f6
30f6
3576
2876
5139
2376
2276
2176
b97e
477a
bb72
5131
5131
513d
513d
513d
513d
562b
3723
3823
3923
3927
3827
3727
562f
003c
003c
003c
2872
3572
30f2
30f2
2ff6
2ff6
3676
2976
477a
2476
2676
5135
5139
5131
003c
ec6f
eb6f
f46f
f46b
f56b
522b
532b
5e27
5e23
5e27
5e23
5e27
5e23
532f
522f
f56f
f46f
1972
3672
2ff2
2ff2
2ef6
2ef6
3776
2a76
2776
2576
5135
bc7e
4776
f06f
ef6f
ed6f
ee6f
f96f
f96b
f66b
512b
502b
5c27
5c23
5c27
5c23
5c27
5c23
502f
512f
f66f
f96f
1972
3772
2ef2
2ef2
31f6
31f6
2e72
3172
3172
2e72
3172
2e72
2e72
2e72
2e72
2e72
2e72
2e72
2e72
2e72
3172
3172
2e72
2e72
3172
3172
2e72
3172
2e72
2e72
3172
2e72
2e72
2e72
31f2
31f2
0000
0004
1000
0000
3c30
0000
16d6
16d6
1556
1456
5105
5105
5105
5105
5135
4776
5135
5135
5135
5135
5131
5131
512d
512d
512d
b97e
bc7e
bc7a
b96a
4362
476a
512d
512d
5135
1452
1552
16d2
16d2
17d6
17d6
3256
1b56
5105
5105
5105
5105
5135
5135
bb76
5139
487a
4b7a
5105
5105
5105
5135
5135
bb76
5139
487a
4b7a
5139
4762
512d
512d
5135
1b52
3252
17d2
17d2
18d6
18d6
3356
1c56
5131
5105
5105
5105
5105
5105
5105
5105
5135
5135
5101
d363
d367
d363
d367
d363
d367
d363
d367
5105
b966
b966
513d
513d
1c52
3352
18d2
18d2
19d6
19d6
3456
1d56
5139
5105
5105
5135
5135
5105
5105
5105
5135
5135
d263
d663
d667
d663
d667
d663
d667
d663
d667
d267
512d
5125
5125
5125
1d52
3452
19d2
19d2
30d6
30d6
3556
2856
5105
5105
f36b
f26b
5125
5125
5135
5135
5129
562b
d763
d863
d867
d863
d867
d863
d867
d863
d867
d767
562f
512d
512d
512d
2852
3552
30d2
30d2
2fd6
2fd6
3656
1956
572f
542f
562f
f16b
f46b
f56b
562b
542b
572b
532b
552b
5c2b
fd63
fa63
f963
f967
fa67
fd67
5c2f
552f
532f
572f
542f
562f
1956
3652
2fd2
2fd2
2ed6
2ed6
3756
1956
552b
5c2b
3d27
5c2f
552f
532f
532b
552b
5c2b
3d27
3d27
5c2f
fd6b
fa6b
f96b
f96f
fa6f
fd6f
5c2b
3d23
3d23
5c2f
552f
532f
1956
3752
2ed2
2ed2
31d6
31d6
2e56
3156
2e56
2e56
3156
3156
2e56
2e56
2e56
2e56
2e56
3156
2e56
2e56
3156
3156
2e56
3152
2e56
2e56
2e56
2e56
3156
2e56
2e56
3156
3156
2e56
31d2
31d2
0000
0004
1000
0000
3c5a
0000
16d6
16d6
1556
1456
5111
5111
5111
bc52
b952
ba52
bb52
5111
5111
511d
5115
2556
2552
5111
b776
5111
5111
5111
4752
5111
5111
5111
5111
5111
1452
1552
16d2
16d2
17d6
17d6
3256
1b56
f37b
f27b
5131
5131
b976
b972
5131
5131
f27f
f37f
2456
2656
2652
2452
f37b
f27b
ba52
5131
b976
b972
ba72
bb72
f27f
f37f
1b52
3252
17d2
17d2
18d6
18d6
3356
1c56
5135
f17b
f47b
f56b
ef6f
ef6b
f56f
f47f
f17f
5131
2556
5115
ba52
2552
5135
f17b
f47b
f56b
ef6f
ef6b
f56f
f47f
f17f
5131
1c52
3352
18d2
18d2
19d6
19d6
3456
1d56
5135
5233
5333
3d23
3d23
3d27
3d27
5337
5237
2456
2656
4372
475a
2652
2452
5233
5333
3d23
3d23
3d27
3d27
5337
5237
5131
1d52
3452
19d2
19d2
30d6
30d6
3556
2856
5135
5135
5233
5333
3e23
3e27
5337
5237
5111
2556
513d
4b7e
4752
bb52
2552
5115
5233
5333
3e23
3e27
5337
5237
5131
5131
2852
3552
30d2
30d2
2fd6
2fd6
3656
2956
5135
5135
5135
563b
4e23
4e27
563f
5131
2456
2656
ba52
bb52
b956
5115
2652
2452
5135
563b
4e23
4e27
563f
5131
4362
5131
2952
3652
2fd2
2fd2
2ed6
2ed6
3756
2a56
4b23
4c27
522b
532b
f967
f963
532f
2756
2556
4b17
4c13
4c13
4c17
4c17
4b13
2552
2752
532b
f967
f963
532f
522f
4c23
4b23
2a52
3752
2ed2
2ed2
31d6
31d6
2e56
2e56
3156
2e56
2e56
3156
2e56
2e56
3156
3156
2e56
2e56
3156
2e56
2e56
3156
3156
2e56
2e56
2e56
2e56
2e56
3156
2e56
2e56
3156
3156
2e56
31d2
31d2
0000
0004
1000
0000
3c5a
0000
16d6
16d6
1556
1456
ba7e
b97e
bc7e
5121
bb66
ba66
b966
bc66
512d
511d
511d
511d
511d
511d
511d
511d
5131
5139
5139
5109
5111
5111
5111
b956
1452
1552
16d2
16d2
17d6
17d6
3256
1b56
5119
5111
5111
5111
5135
4b76
4876
5139
5135
5135
4762
ba76
b976
bc76
5135
5111
513d
4b7e
487e
477e
5111
5111
4762
511d
1b52
3252
17d2
17d2
18d6
18d6
3356
1c56
5121
5121
d363
d367
5139
5131
5131
5101
d363
d367
5125
5125
5121
5121
d363
d367
bb7e
ba7e
b97e
bc7e
d363
d367
5125
5125
1c52
3352
18d2
18d2
19d6
19d6
3456
1d56
5121
d263
d663
d667
d267
5125
5121
d263
d663
d667
d267
5125
5121
d263
d663
d667
d267
5125
5121
d263
d663
d667
d267
5125
1d52
3452
19d2
19d2
30d6
30d6
3556
2856
5121
d763
d863
d867
d767
5125
5121
d763
d863
d867
d767
5125
5121
d763
d863
d867
d767
5125
5121
d763
d863
d867
d767
5125
2852
3552
30d2
30d2
2fd6
2fd6
3656
2956
3623
3523
3a23
3a27
3527
3627
3623
3523
3a23
3a27
3527
3627
3623
3523
3a23
3a27
3527
3627
3623
3523
3a23
3a27
3527
3627
2952
3652
2fd2
2fd2
2ed6
2ed6
3756
2a56
ef6f
ed6f
ee6f
ee6b
ed6b
ef6b
ef6f
ed6f
ee6f
ee6b
ed6b
ef6b
ef6f
ed6f
ee6f
ee6b
ed6b
ef6b
ef6f
ed6f
ee6f
ee6b
ed6b
ef6b
2a52
3752
2ed2
2ed2
31d6
31d6
2e56
2e56
2e56
3156
2e56
2e56
3156
2e56
3156
3156
2e56
2e56
3156
3156
2e56
2e56
2e56
2e56
2e56
2e56
2e56
2e56
2e56
3156
2e56
3156
3156
2e56
31d2
31d2
0000
0004
1000
0000
3c5a
0000
f26f
ef6f
5f2f
3d27
dd63
dd63
dd63
dd63
dd63
dd63
dd63
dd63
dd63
dd63
dd63
dd63
dd63
dd63
dd63
dd63
dd63
dd63
dd63
dd63
dd63
dd63
dd63
dd67
3d23
5f2b
ef6b
f26b
5f2b
7124
7124
db63
0038
0038
0038
0038
0038
0038
0038
0038
0038
0038
0038
0038
0038
0038
0038
0038
0038
0038
0038
0038
0038
0038
0038
003c
db67
7120
7120
5f2f
7124
7124
7124
db63
0038
0038
0038
0038
0038
0038
0038
0038
0038
0038
0038
0038
0038
0038
0038
0038
0038
0038
0038
0038
0038
0038
0038
003c
db67
7120
7120
7120
7124
7124
7124
db6b
0030
0030
0030
0030
0030
0030
0030
0030
0030
0030
0030
0030
0030
0030
0030
0030
0030
0030
0030
0030
0030
0030
0030
0034
db6f
7120
7120
7120
5c2b
712c
7124
db6b
0038
0038
0038
0038
0038
0038
0038
0038
0038
0038
0038
0038
0038
0038
0038
0038
0038
0038
0038
0038
0038
0038
0038
003c
db6f
7120
7128
5c2f
5e2b
5d2b
712c
db6b
0038
0038
0038
0038
0038
0038
0038
0038
0038
0038
0038
0038
0038
0038
0038
0038
0038
0038
0038
0038
0038
0038
0038
003c
db6f
7128
5d2f
5e2f
712c
712c
5f2b
db6b
0038
0038
0038
0038
0038
0038
0038
0038
0038
0038
0038
0038
0038
0038
0038
0038
0038
0038
0038
0038
0038
0038
0038
003c
db6f
5f2f
7128
7128
5323
5523
4523
3d2f
dd6b
dd6b
dd6b
dd6b
dd6b
dd6b
dd6b
dd6b
dd6b
dd6b
dd6b
dd6b
dd6b
dd6b
dd6b
dd6b
dd6b
dd6b
dd6b
dd6b
dd6b
dd6b
dd6b
dd6f
3d2b
4527
5527
5327
f26f
ef6f
5f2f
3d27
dd63
dd63
dd63
dd63
dd63
dd63
dd63
dd63
dd63
dd63
dd63
dd63
dd63
dd63
dd63
dd63
dd63
dd63
dd63
dd63
dd63
dd63
dd63
dd67
3d23
5f2b
ef6b
f26b
5f2b
7124
7124
db63
0038
0038
0038
0038
0038
0038
0038
0038
0038
0038
0038
0038
0038
0038
0038
0038
0038
0038
0038
0038
0038
0038
0038
003c
db67
7120
7120
5f2f
7124
7124
7124
db63
0038
0038
0038
0038
0038
0038
0038
0038
0038
0038
0038
0038
0038
0038
0038
0038
0038
0038
0038
0038
0038
0038
0038
003c
db67
7120
7120
7120
7124
7124
7124
db6b
0030
0030
0030
0030
0030
0030
0030
0030
0030
0030
0030
0030
0030
0030
0030
0030
0030
0030
0030
0030
0030
0030
0030
0034
db6f
7120
7120
7120
5c2b
712c
7124
db6b
0038
0038
0038
0038
0038
0038
0038
0038
0038
0038
0038
0038
0038
0038
0038
0038
0038
0038
0038
0038
0038
0038
0038
003c
db6f
7120
7128
5c2f
5e2b
5d2b
712c
db6b
0038
0038
0038
0038
0038
0038
0038
0038
0038
0038
0038
0038
0038
0038
0038
0038
0038
0038
0038
0038
0038
0038
0038
003c
db6f
7128
5d2f
5e2f
712c
712c
5f2b
db6b
0038
0038
0038
0038
0038
0038
0038
0038
0038
0038
0038
0038
0038
0038
0038
0038
0038
0038
0038
0038
0038
0038
0038
003c
db6f
5f2f
7128
7128
5323
5523
4523
3d2f
dd6b
dd6b
dd6b
dd6b
dd6b
dd6b
dd6b
dd6b
dd6b
dd6b
dd6b
dd6b
dd6b
dd6b
dd6b
dd6b
dd6b
dd6b
dd6b
dd6b
dd6b
dd6b
dd6b
dd6f
3d2b
4527
5527
5327
f26f
ef6f
5f2f
3d27
dd63
dd63
dd63
dd63
dd63
dd63
dd63
dd63
dd63
dd63
dd63
dd63
dd63
dd63
dd63
dd63
dd63
dd63
dd63
dd63
dd63
dd63
dd63
dd67
3d23
5f2b
ef6b
f26b
5f2b
7124
7124
db63
0038
0038
0038
0038
0038
0038
0038
0038
0038
0038
0038
0038
0038
0038
0038
0038
0038
0038
0038
0038
0038
0038
0038
003c
db67
7120
7120
5f2f
7124
7124
7124
db63
0038
0038
0038
0038
0038
0038
0038
0038
0038
0038
0038
0038
0038
0038
0038
0038
0038
0038
0038
0038
0038
0038
0038
003c
db67
7120
7120
7120
7124
7124
7124
db6b
0030
0030
0030
0030
0030
0030
0030
0030
0030
0030
0030
0030
0030
0030
0030
0030
0030
0030
0030
0030
0030
0030
0030
0034
db6f
7120
7120
7120
5c2b
712c
7124
db6b
0038
0038
0038
0038
0038
0038
0038
0038
0038
0038
0038
0038
0038
0038
0038
0038
0038
0038
0038
0038
0038
0038
0038
003c
db6f
7120
7128
5c2f
5e2b
5d2b
712c
db6b
0038
0038
0038
0038
0038
0038
0038
0038
0038
0038
0038
0038
0038
0038
0038
0038
0038
0038
0038
0038
0038
0038
0038
003c
db6f
7128
5d2f
5e2f
712c
712c
5f2b
db6b
0038
0038
0038
0038
0038
0038
0038
0038
0038
0038
0038
0038
0038
0038
0038
0038
0038
0038
0038
0038
0038
0038
0038
003c
db6f
5f2f
7128
7128
5323
5523
4523
3d2f
dd6b
dd6b
dd6b
dd6b
dd6b
dd6b
dd6b
dd6b
dd6b
dd6b
dd6b
dd6b
dd6b
dd6b
dd6b
dd6b
dd6b
dd6b
dd6b
dd6b
dd6b
dd6b
dd6b
dd6f
3d2b
4527
5527
5327
0920
0920
0920
0920
0920
0920
0920
0920
0920
0920
0920
0920
0920
0920
0920
0920
0920
0920
0920
0920
0920
0920
0920
0920
0920
0920
0920
0920
0920
0920
0920
0920
0920
0920
0920
0920
0920
0920
0920
0920
0920
0920
0920
0920
0920
0920
0920
0920
0920
0920
0920
0920
0920
0920
0920
0920
0920
0920
0920
0920
0920
0920
0920
0920
0920
0920
0920
0920
0920
0920
0920
0920
0920
0920
0920
4720
4120
4d20
4520
0920
4f20
5620
4520
5220
0920
0920
0920
0920
0920
0920
0920
0920
0920
0920
0920
0920
0920
0920
0920
0920
0920
0920
0920
0920
0920
0920
0920
0920
0920
0920
0920
0920
0920
0920
0920
0920
0920
0920
0920
0920
0920
0920
0920
0920
0920
0920
0920
0920
0920
0920
0920
0920
0920
0920
0920
0920
0920
0920
0920
0920
0920
0920
0920
0920
0920
0920
0920
0920
0920
0920
0920
0920
0920
0920
0920
0920
0920
0920
0920
0920
0920
0920
0920
0920
0920
0920
0920
0920
0920
0920
4920
4e20
5320
4520
5220
5420
0920
4320
4f20
4920
4e20
0920
0920
0920
0920
0920
0920
0920
0920
0920
0920
0920
0920
0920
0920
0920
0920
0920
0920
0920
0920
0920
0920
0920
0920
0920
0920
0920
0920
0920
0920
0920
0920
0920
0920
0920
0920
0920
0920
0920
0920
0920
0920
0920
0920
0920
0920
0920
0920
0920
0920
0920
0920
0920
0920
0920
0920
0920
0920
0920
0920
0920
0920
0920
0920
0920
0920
0920
0920
0920
0920
0920
0920
0920
0920
0920
0030
0900
6323
6d27
6a27
6827
6627
6227
0900
0030
0030
0030
0030
0030
0030
0030
0030
0030
0030
0030
0030
0030
0030
0030
0030
0030
0030
0030
0030
0030
0030
0030
0030
6323
6123
6c27
6b27
6927
6727
6127
6327
0030
0030
0030
0030
0030
0030
0030
0030
0030
0030
0030
0030
0030
0030
0030
0030
0030
0030
0030
0030
0030
0030
0030
0030
6423
6f27
6e27
7127
7327
7527
0a20
6427
0030
0030
0030
0030
0030
0030
0030
0030
0030
0030
0030
0030
0030
0030
0030
0030
0030
0030
0030
0030
0030
0030
0030
0030
6523
6f2f
7027
7227
7427
7627
7727
6527
0030
0030
0030
0030
0030
0030
0030
0030
0030
0030
0030
0030
0030
0030
0030
0030
0030
0030
0030
0030
0030
0030
0030
0030
8827
8727
8927
8a27
8b27
7a27
7927
652f
0030
0030
0030
0030
0030
6a32
6b36
6b32
6a36
0030
0030
0030
0030
0030
0030
0030
0030
0030
0030
0030
0030
0030
0030
0030
8627
8527
8f27
8e27
8c27
7b27
7827
642f
0030
0030
0030
0030
0030
6532
0520
0520
6536
0030
0030
0030
0030
0030
0030
0030
0030
0030
0030
0030
0030
0030
0030
0030
8427
9027
9227
9127
8d27
7d27
7c27
632f
0030
0030
0030
0030
0030
6532
0520
0520
6536
0030
0030
0030
0030
0030
0030
0030
0030
0030
0030
0030
0030
0030
0030
0030
8327
8227
8127
8027
7f27
7e27
9327
0900
0030
0030
0030
0030
0030
1e32
1f32
1f36
1e36
0030
0030
0030
0030
0030
0030
0030
0030
0030
0030
0030
0030
0030
0030
0934
0934
0934
0934
0934
0934
0934
0934
0934
0030
0030
0030
0030
0030
0030
0030
0030
0030
0030
0030
0030
0030
0030
0030
0030
0030
0030
0030
0030
0030
0030
0030
0934
0934
2327
2227
2127
1e27
1927
2323
0934
0030
0030
0030
0030
0030
0030
0030
0030
0030
0030
0030
0030
0030
0030
0030
0030
0030
0030
0030
0030
0030
0030
0030
0934
0934
2427
2727
2827
1f27
1c27
1a27
0934
0030
0030
0030
0030
0030
0030
0030
0030
0030
0030
0030
0030
0030
0030
0030
0030
0030
0030
0030
0030
0030
0030
0030
0934
0934
2527
2627
2927
2027
1d27
1b27
0934
0030
0030
0030
0030
0030
0030
0030
0030
0030
0030
0030
0030
0030
0030
0030
0030
0030
0030
0030
0030
0030
0030
0030
0934
0934
a027
9c27
9b27
9527
9427
2d27
a727
0030
0030
0030
0030
0030
6a32
6b32
6b32
6a36
0030
0030
0030
0030
0030
0030
0030
0030
0030
0030
0030
0030
0030
0030
0934
a527
a127
9d27
9a27
9627
3427
2c27
2f27
0030
0030
0030
0030
0030
6532
0d20
0d20
6536
0030
0030
0030
0030
0030
0030
0030
0030
0030
0030
0030
0030
0030
0030
0934
a427
a227
9e27
9927
9727
3327
2b27
3027
0030
0030
0030
0030
0030
6532
0d20
0d20
6536
0030
0030
0030
0030
0030
0030
0030
0030
0030
0030
0030
0030
0030
0030
0934
0934
a327
9f27
3127
9827
3227
2a27
0934
0030
0030
0030
0030
0030
1e32
1f32
1f36
1e36
0030
0030
0030
0030
0030
0030
0030
0030
0030
0030
0030
0030
0030
0030
0030
0030
0030
0030
0030
0030
0030
0030
0030
0030
0030
0030
0030
0030
0030
0030
0030
0030
0030
0030
0030
0030
0030
0030
0030
0030
0030
0030
0030
0030
0030
0030
0030
0934
0934
0934
0934
aa27
a927
0934
0934
0030
0030
0030
0030
0030
0030
0030
0030
0030
0030
0030
0030
0030
0030
0030
0030
0030
0030
0030
0030
0030
0030
0030
0030
0934
0934
b127
ac27
ab27
a827
a727
0934
0030
0030
0030
0030
0030
0030
0030
0030
0030
0030
0030
0030
0030
0030
0030
0030
0030
0030
0030
0030
0030
0030
0030
0030
0934
b227
b027
af27
ad27
ae27
a627
0934
0030
0030
0030
0030
0030
0030
0030
0030
0030
0030
0030
0030
0030
0030
0030
0030
0030
0030
0030
0030
0030
0030
0030
0030
0934
c327
c227
c127
ba27
b927
b327
0934
0030
0030
0030
0030
0030
6a32
6b36
6b32
6a36
0030
0030
0030
0030
0030
0030
0030
0030
0030
0030
0030
0030
0030
0030
0030
0934
c727
c427
c027
bb27
b827
b427
0934
0030
0030
0030
0030
0030
6532
0420
0420
6536
0030
0030
0030
0030
0030
0030
0030
0030
0030
0030
0030
0030
0030
0030
0030
0934
0934
c527
bf27
bc27
b727
b527
0934
0030
0030
0030
0030
0030
6532
0420
0420
6536
0030
0030
0030
0030
0030
0030
0030
0030
0030
0030
0030
0030
0030
0030
0030
0934
0934
c627
be27
bd27
b627
a72f
0934
0030
0030
0030
0030
0030
1e32
1f32
1f36
1e36
0030
0030
0030
0030
0030
0030
0030
0030
0030
0030
0030
0030
0030
0030
513d
513d
513d
5139
5135
477a
487a
4b7a
0938
0938
0938
5131
5131
5131
5131
5131
5131
5131
5131
5131
5131
5131
5131
5131
5101
5139
5139
513d
4b7e
487e
477e
bb7e
bc72
b972
513d
5139
5135
bc7a
b97a
ba7a
bb7a
0938
0938
0938
0938
0938
0938
0938
0938
0938
477a
0938
0938
0938
0938
0938
0938
5139
5139
5139
5139
5139
5139
5139
4772
4872
513d
5139
5135
5135
5135
5135
5135
5135
5135
5135
5135
5135
5135
5135
477a
487a
bc7a
513d
5135
5135
5135
5135
5135
5139
5139
5139
5139
5139
5139
5139
0930
0930
513d
0934
5135
5135
5135
5135
5135
5135
0938
0938
0938
0938
0938
0938
bc7a
b97a
5135
b972
0938
5135
5135
5135
5135
5139
5139
5139
5139
5139
5139
5139
513d
513d
513d
513d
5135
5135
5135
5135
5135
5135
5135
5135
5135
5135
5135
5135
5135
5135
0930
4872
5135
5135
5135
5135
5135
5139
5139
5139
5139
5139
5139
5139
5139
5139
513d
513d
5139
5139
5139
5139
5139
5139
5135
5135
5135
5135
5135
5135
5135
5135
0930
0930
5135
5139
5139
5139
5139
5139
bc76
5139
5139
5139
5139
5139
513d
513d
513d
513d
0934
0934
0934
0934
0934
0934
5135
5135
5135
5135
5135
5135
5135
5135
5135
5135
5135
5139
b976
bc76
5139
5139
4776
b97e
bc7e
5139
5139
5139
513d
513d
513d
513d
510d
513d
513d
513d
513d
0934
0934
0934
0934
0934
0934
0934
0934
0934
0934
0934
0934
4b76
4876
5135
5135
5139
bb76
4876
4776
5139
5139
4b76
513d
513d
513d
5139
5135
477a
487a
4b7a
0938
0938
0938
5131
5131
bc76
5131
4872
0030
0030
ba76
0030
e863
e463
e363
e263
4423
4323
4623
4c23
4c23
4b23
0030
0030
bc72
b972
513d
5139
5135
bc7a
b97a
ba7a
bb7a
0938
0938
0938
0938
0938
0938
0938
0030
0030
d363
d463
e763
e663
e563
e163
7124
4523
4123
7124
7124
7124
7124
7124
4772
4872
513d
5139
5135
0030
0030
0030
0030
0030
0030
0030
0030
0030
0030
0030
0030
d263
d663
d563
d963
de63
dd63
e063
3c23
3d23
4223
4023
7124
7124
7124
7124
0930
0930
bc76
0934
5135
0030
0030
0030
0030
0030
0030
0030
0030
0030
0030
0030
0030
d763
d863
0520
da63
db63
dc63
df63
3f23
3e23
7124
4923
4a23
7124
4723
4823
513d
513d
bc76
5135
0030
0030
0030
0030
4872
0030
0030
5131
4772
5131
0030
0030
3623
3523
3a23
ff63
fc63
fb63
f863
f763
4d23
4e23
4f23
7124
7124
5f23
7124
6023
5139
5139
5135
bc76
0030
0030
0030
0030
0030
0030
0030
bb72
5131
5131
0030
0030
3723
3823
3923
fe63
fd63
fa63
f963
f663
5123
5023
7124
5e23
5d23
7124
7124
7124
513d
5135
513d
513d
5131
487e
477e
0030
0030
ba72
bb72
0930
5131
5131
0030
0030
e963
ee63
ed63
ef63
f063
f163
f463
f563
5223
5323
5523
5c23
7124
7124
7124
7124
513d
513d
513d
513d
510d
0030
0030
4772
4872
513d
0030
5139
ba7e
5131
0030
0030
ea63
eb63
ec63
4772
f363
f263
0030
4872
0030
5623
5423
5723
5823
5923
5a23
5b23
0930
0930
5030
5230
4f30
4730
5230
4130
4d30
4d30
4930
4e30
4730
0930
0930
0930
0930
0930
0930
0930
0930
0930
0930
0930
0930
0930
0930
0930
0930
0930
0930
0930
0930
0930
0930
0930
0930
0930
0930
0930
0930
0930
0930
0930
0930
0930
0930
0930
0930
0930
4830
4f30
5730
4130
5230
4430
0930
5330
4830
4530
5230
4530
0930
0930
0930
0930
0930
0930
0930
0930
0930
0930
0930
0930
0930
0930
0930
0930
0930
0930
0930
0930
0930
0930
0930
0930
0930
0930
0930
0930
0930
0930
0930
0930
0930
0930
0920
0920
4120
5220
5420
0920
4120
4e20
4420
0920
4720
5220
4120
5020
4820
4920
4320
5320
0920
0920
0920
0920
0920
0920
0920
0920
0920
0920
0920
0920
0920
0920
0920
0920
0920
0920
0920
0920
0920
0920
0920
0920
0920
0920
0920
0920
0920
0920
0920
0920
0920
4220
5220
4920
4120
4e20
0920
4320
4f20
4c20
4920
4e20
0920
0920
0920
0920
0920
0920
0920
0920
0920
0920
0920
0920
0920
0920
0920
0920
0920
0920
0920
0920
0920
0920
0920
0920
0920
0920
0920
0920
0920
0920
0920
0920
0920
0920
0910
0910
5310
4f10
5510
4e10
4410
5310
0910
4110
4e10
4410
0910
4d10
5510
5310
4910
4310
0910
0910
0910
0910
0910
0910
0910
0910
0910
0910
0910
0910
0910
0910
0910
0910
0910
0910
0910
0910
0910
0910
0910
0910
0910
0910
0910
0910
0910
4d10
4910
4310
4810
4110
4510
4c10
0910
4210
4110
5210
5410
4c10
4f10
5710
0910
0910
0900
0900
4800
4100
5200
4400
5700
4100
5200
4500
0900
4400
4500
5300
4900
4700
4e00
0900
4100
4e00
4400
0900
5300
5500
5000
5000
4f00
5200
5400
0900
0900
0900
0900
0900
0900
0900
4200
4f00
4200
0900
5000
4c00
4f00
5500
5300
5300
4100
5200
4400
0900
0900
5400
5200
5500
4500
0900
5400
5200
5500
4f00
4e00
4700
0900
0900
0900
0900
0900
0900
0900
0900
0900
0900
0900
0900
0900
0900
0900
0900
0900
0900
0900
0900
0900
0900
0900
0900
0900
0900
0900
0900
0900
0900
0900
0900
0900
0900
0930
0930
4d30
4530
4330
4830
4130
4e30
4930
4330
4130
4c30
0930
4430
4530
5330
4930
4730
4e30
0930
0930
0930
0930
0930
0930
0930
0930
0930
0930
0930
0930
0930
0930
0930
0930
0930
4a30
4f30
4830
4e30
0930
4b30
5530
4230
4930
4b30
0930
0930
0930
0930
0930
0930
0930
0930
0930
0930
0930
0930
0930
0930
0930
0930
0930
0930
0930
0930
0930
0930
0930
0930
0930
0930
0930
0930
0930
0930
0930
0930
0930
0930
0930
0930
0930
0930
0930
0930
0930
0930
0930
0930
0930
0930
0930
0930
0930
0930
0920
0920
5420
4520
4320
4820
4e20
4920
4320
4120
4c20
0920
5320
5520
5020
5020
4f20
5220
5420
0920
0920
0920
0920
0920
0920
0920
0920
0920
0920
0920
0920
0920
0920
0920
0920
0920
4a20
4920
4d20
0920
4220
4520
4c20
5420
0920
0920
0920
0920
0920
0920
0920
5320
5520
4520
0920
4c20
4f20
4820
5320
4520
0920
0920
0920
0920
0910
0910
4710
4110
4d10
4510
0910
4310
4f10
4e10
4310
4510
5010
5410
0910
4110
4e10
4410
0910
4410
4510
5310
4910
4710
4e10
0910
0910
0910
0910
0910
0910
0910
0910
0910
0910
0910
4210
5210
4910
4110
4e10
0910
4310
4f10
4c10
4910
4e10
0910
0910
0910
0910
4810
4f10
5710
4110
5210
4410
0910
5310
4810
4510
5210
4510
0910
0910
0910
0910
0910
0910
0910
0910
0910
0910
0910
0910
0910
0910
0910
0910
0910
0910
0910
0910
0910
0910
0910
0910
0910
0910
0910
0910
0910
0910
0910
0910
0910
0900
0900
4400
4500
5600
4500
4c00
4f00
5000
4d00
4500
4e00
5400
0900
0900
0900
0900
0900
0900
0900
0900
0900
0900
0900
0900
0900
0900
0900
0900
0900
0900
0900
0900
0900
0900
0900
4a00
4500
4600
4600
0900
4e00
4100
5500
4d00
4100
4e00
0900
0900
0900
0900
4200
4f00
4200
0900
4c00
4900
4200
4200
4500
0900
0900
0900
0900
0900
0900
0900
0900
4700
4100
5200
5900
0900
4f00
4700
4c00
4500
5300
4200
5900
0900
0900
0900
5400
4f00
4d00
0900
4c00
4500
4f00
4e00
0900
0900
0900
0900
0900
0900
0900
0900
0900
4c00
4100
5200
5200
5900
0900
5300
5400
4100
4c00
4d00
4100
4800
0900
0900
5000
4500
5400
4500
5200
0900
5000
4500
5200
5200
5900
0900
0900
0900
0900
0900
0900
0900
0900
0900
0900
0900
0900
0900
0900
0900
0900
0900
0900
0900
0900
0900
0900
0900
0900
0900
0900
0900
0900
0900
0900
0900
0900
0900
0900
0900
0900
0900
0900
0900
0900
0900
0900
0900
0900
0900
0900
0900
0900
0900
0900
0900
0900
0900
0900
0900
0900
0900
0900
0908
b976
bc76
0904
0904
0900
0900
0900
0900
0900
bc72
b972
ba72
bb72
0900
0900
5800
4500
4e00
4f00
5000
4800
4f00
4200
4500
0900
8230
8330
8430
8730
8830
8930
0900
0900
0900
ba7a
0904
0900
0900
0900
090c
090c
090c
090c
090c
0900
0900
0900
0900
0900
0900
0900
0900
0900
0900
0900
0900
0900
0900
0900
0900
0900
0900
0900
0900
0900
0900
0900
4b72
0900
0900
0900
090c
4b7e
487e
477e
090c
0900
4f10
4e10
4510
0914
5710
4810
4f10
0914
4810
4110
5310
0914
4110
0910
4410
4510
4110
5410
4810
4c10
5910
0908
0900
0900
bc72
0900
bb7e
ba7e
b97e
bc7e
090c
0900
0904
0900
0900
0900
0900
0900
0900
0900
0900
0900
0900
0900
0900
0900
0900
0900
0900
0900
0900
0900
0900
0900
0904
ba76
4772
477a
0900
0900
0900
0910
0900
4610
4510
4110
5210
0910
4f10
4610
0904
4110
4e10
5910
5410
4810
4910
4e10
4710
0914
4110
4c10
4910
4510
4e10
b772
0904
0908
0908
bc7a
0900
0900
0900
0900
0900
0900
0900
0900
0900
0900
0900
0900
0900
0900
0900
0900
0900
0900
0900
0930
0930
0930
0900
0900
0900
0900
0900
0900
0904
0908
0908
0908
0900
0900
0900
0900
0900
0900
0900
0900
0900
0900
0900
0900
0900
0900
0900
0900
0900
0900
0930
0930
0930
0900
0900
0900
0900
0900
0900
0900
0900
0900
0900
0900
0900
0900
0900
0900
0900
0900
4400
4900
5300
5400
5200
4500
5300
5300
0900
5300
4900
4700
4e00
4100
4c00
5300
0900
4100
5200
4500
0900
0900
0900
0900
0900
0900
0900
0900
0900
0900
0900
0900
0900
0900
0900
0900
0900
0900
0900
0900
0900
0900
0900
0900
0900
0900
0900
0900
0900
0900
0900
0900
0900
0900
0900
0900
0900
0900
0900
0900
0900
0900
0900
0900
4200
4500
4900
4e00
4700
0900
5200
4500
4300
4500
4900
5600
4500
4400
0900
4600
5200
4f00
4d00
0900
0900
0900
0900
0900
0900
0900
0900
0900
0900
0900
0900
0900
0900
0900
0900
0900
0900
0900
0900
0900
0900
0900
0900
0900
0900
0900
0900
0900
0900
0900
0900
0900
0900
0900
0900
0900
0900
0900
0900
0900
0900
0900
0900
0900
4200
4100
5300
4500
5300
0900
4100
5400
0900
5400
4800
4500
0900
4600
4100
5200
0900
4500
4e00
4400
0900
0900
0900
0900
0900
0900
0900
0900
0900
0900
0900
0900
0900
0900
0900
0900
0900
0900
0900
0900
0900
0900
0900
0900
0900
0900
0900
0900
0900
0900
0900
0900
0900
0900
0900
0900
0900
0900
0900
0900
0900
0900
0900
0900
4f00
4600
0900
5400
4800
4500
0900
5500
4e00
4900
5600
4500
5200
5300
4500
0900
2e00
0900
2e00
0900
2e00
0900
0900
0900
0900
0900
0900
0900
0900
0900
0900
0900
0900
0900
0900
0900
0900
0900
0900
0900
0900
0900
0900
0900
0900
0900
0900
0900
0900
0900
0900
0900
0900
0900
0900
0900
0900
0900
0910
0910
0910
0910
0910
0910
0910
0910
0910
0910
0910
0910
0910
0910
0910
0910
0910
0910
0910
0910
0910
0910
0910
0910
0910
0910
0910
0910
0910
0910
0910
0910
0910
0910
0910
0910
0910
0910
0910
0910
0910
0910
0910
0910
0910
0910
0910
0910
0910
0910
0910
0910
0910
0910
0910
0910
0910
0910
0910
0910
0910
0910
0910
0910
0910
0910
0910
4d10
4910
5310
5310
4910
4f10
4e10
0910
4f10
4210
4a10
4510
4310
5410
4910
5610
4510
0910
4110
4c10
5010
4810
4110
0910
0910
0910
0910
0910
0910
0910
0910
0910
0910
0910
0910
0910
0910
0910
0910
0910
0910
0910
0910
0910
0910
0910
0910
0910
0910
0910
0910
0910
0910
0910
0910
0910
0910
0910
0910
0910
0910
0910
0910
0910
0910
0910
0910
5310
4510
4510
4b10
0910
4f10
5510
5410
0910
4110
4e10
4410
0910
4410
4510
5310
5410
5210
4f10
5910
0910
4110
4c10
4c10
0910
0910
0910
0910
0910
0910
0910
0910
4810
4f10
5310
5410
4910
4c10
4510
0910
4110
4c10
4910
4510
4e10
0910
4c10
4910
4610
4510
4610
4f10
5210
4d10
5310
0910
0910
0910
0910
0910
0910
0910
0910
0910
4210
4510
4610
4f10
5210
4510
0910
4210
4110
5310
4510
5310
0910
4410
4510
5310
5410
5210
5510
4310
5410
0910
0910
0910
0910
0910
0910
0910
0910
0910
0910
0910
0910
0910
0910
0910
0910
0910
0910
0910
0910
0910
0910
0910
0910
0910
0910
0910
0910
0910
0910
0910
0910
0910
0910
0910
0910
0910
0930
0930
0930
0930
0930
0930
0930
0930
0930
0930
0930
0930
0930
0930
0930
0930
0930
0930
0930
0930
0930
0930
0930
0930
0930
0930
0930
0930
0930
0930
0930
0930
0930
0930
0930
0930
0930
0930
0930
0930
0930
0930
0930
0930
0930
0930
0930
0930
0930
0930
0930
0930
0930
0930
0930
0930
0930
0930
0930
0930
0930
0930
0930
0930
0930
0930
0930
4d30
4930
5330
5330
4930
4f30
4e30
0930
4f30
4230
4a30
4530
4330
5430
4930
5630
4530
0930
4230
4530
5430
4130
0930
0930
0930
0930
0930
0930
0930
0930
0930
0930
0930
0930
0930
0930
0930
0930
0930
0930
0930
0930
0930
0930
0930
0930
0930
0930
0930
0930
0930
0930
0930
0930
0930
0930
0930
0930
0930
0930
0930
0930
0930
0930
0930
0930
5230
4530
4330
4f30
5630
4530
5230
0930
5630
4130
4c30
5530
4130
4230
4c30
4530
0930
4830
4130
5230
4430
5730
4130
5230
4530
0930
0930
0930
0930
0930
0930
0930
4630
5230
4f30
4d30
0930
4930
4e30
4630
4530
5330
5430
4530
4430
0930
4230
4130
5330
4530
5330
0930
0930
0930
0930
0930
0930
0930
0930
0930
0930
0930
0930
0930
0930
0930
0930
0930
0930
0930
0930
0930
0930
0930
0930
0930
0930
0930
0930
0930
0930
0930
0930
0930
0930
0930
0930
0930
0930
0930
0930
0930
0930
0930
0930
0930
0930
0930
0930
0930
0930
0930
0930
0930
0930
0930
0930
0930
0930
0930
0930
0930
0930
0930
0930
0930
0930
0930
0930
0930
0930
0930
0930
0910
0910
0910
0910
0910
0910
0910
0910
0910
0910
0910
0910
0910
0910
0910
0910
0910
0910
0910
0910
0910
0910
0910
0910
0910
0910
0910
0910
0910
0910
0910
0910
0910
0910
0910
0910
0910
0910
0910
0910
0910
0910
0910
5810
4510
4e10
4f10
5010
4810
4f10
4210
4510
0910
0910
0910
0910
0910
0910
0910
0910
0910
0910
0910
0910
0910
0910
0910
0910
0910
0910
0910
0910
0910
0910
0910
0910
0910
0910
0910
0910
0910
0910
0910
0910
0910
0910
0910
0910
0910
0910
0910
0910
0910
0910
0910
0910
0910
0910
0910
0910
0910
0910
0910
0910
0910
0910
0910
0910
0910
0910
0910
0910
0910
0910
0910
0910
0910
0910
0910
0910
0910
0910
0910
0910
0910
0910
0910
0910
0920
0920
0920
0920
0920
0920
4320
4f20
5020
5920
5220
4920
4720
4820
5420
0920
4d20
4320
4d20
4c20
5820
5820
5820
5620
4920
4920
0920
0920
0920
0920
0920
0920
0920
0920
0920
0920
0920
0920
4220
4120
4c20
4c20
5920
0920
4d20
4920
4420
5720
4120
5920
0920
4d20
4620
4720
2e20
0920
4320
4f20
2e20
0920
0920
0920
0920
0920
0920
0920
0920
0920
0920
0920
0920
0920
0920
0920
0920
0920
0920
0920
0920
0920
0920
0920
0920
0920
0920
0920
0920
0920
0920
0920
0920
0920
0920
0920
0920
0920
0920
0920
0920
0920
0920
0920
0920
0920
0920
0920
0920
0920
0920
0920
0920
0920
0920
0920
0920
0920
0920
0920
0920
0920
0920
0920
0920
0920
0920
0920
0920
0920
0900
0900
0900
0900
0900
0900
5500
5300
4500
0900
4a00
4f00
5900
5300
5400
4900
4300
4b00
0900
5400
4f00
0900
4d00
4f00
5600
4500
0900
0900
0900
0900
0900
0900
0900
0900
0900
0900
4300
4800
4100
5200
4100
4300
5400
4500
5200
0900
4c00
4500
4600
5400
0900
4100
4e00
4400
0900
5200
4900
4700
4800
5400
0900
0900
0900
0900
0900
0900
0900
0900
0900
0900
0900
0900
0900
0900
0900
0900
0900
0900
0900
0900
0900
0900
0900
0900
0900
0900
0900
0900
0900
0900
0900
0900
0900
0900
0900
0900
0920
0920
0920
0920
0920
0920
5520
5320
4520
0920
4a20
4f20
5920
5320
5420
4920
4320
4b20
0920
5420
4f20
0920
4120
4920
4d20
0920
0920
0920
0920
0920
0920
0920
0920
0920
0920
0920
0920
0920
0920
5720
4520
4120
5020
4f20
4e20
0920
5520
5020
0920
4120
4e20
4420
0920
4420
4f20
5720
4e20
0920
0920
0920
0920
0920
0920
0920
0920
0920
0920
0920
0920
0920
0920
0920
0920
0920
0920
0920
0920
0920
0920
0920
0920
0920
0920
0920
0920
0920
0920
0920
0920
0920
0920
0920
0920
0920
0920
0920
0900
0900
0900
5500
5300
4500
0900
5400
5200
4900
4700
4700
4500
5200
0900
5400
4f00
0900
5300
4800
4f00
4f00
5400
0900
5700
4500
4100
5000
4f00
4e00
0900
0900
0900
0900
0900
0900
0900
0900
0900
0900
0900
0900
0900
0900
0900
0900
0900
0900
0900
0900
0900
0900
0900
0900
0900
0900
0900
0900
0900
0900
0900
0900
0900
0900
0910
0910
0910
0910
0910
0910
0910
0910
0910
0910
0910
0910
0910
0910
0910
0910
0910
0910
0910
0910
0910
0910
0910
0910
0910
0910
0910
0910
0910
0910
0910
0910
0910
0910
5710
4810
4510
4e10
0910
4310
4810
4110
5210
4110
4310
5410
4510
5210
0910
4810
4110
5310
0910
4e10
4f10
0910
5710
4510
4110
5010
4f10
4e10
0910
0910
0910
0910
0910
0910
0910
0910
0910
0910
0910
0910
0910
0910
0910
0910
0910
0910
0910
0910
0910
0910
0910
0910
0910
0910
0910
0910
0910
0910
0910
0910
0910
0910
0920
0920
0920
0920
0920
0920
5520
5320
4520
0920
4a20
4f20
5920
5320
5420
4920
4320
4b20
0920
5420
4f20
0920
4120
4920
4d20
0920
0920
0920
0920
0920
0920
0920
0920
0920
0920
0920
0920
0920
0920
0920
4620
4920
5320
5420
0920
5520
5020
0920
4120
4e20
4420
0920
4420
4f20
5720
4e20
0920
0920
0920
0920
0920
0920
0920
0920
0920
0920
0920
0920
0920
0920
0920
0920
0920
0920
0920
0920
0920
0920
0920
0920
0920
0920
0920
0920
0920
0920
0920
0920
0920
0920
0920
0920
0920
0920
0920
0920
0900
0900
0900
0900
0900
0900
5500
5300
4500
0900
5400
5200
4900
4700
4700
4500
5200
0900
5400
4f00
0900
5000
5500
4e00
4300
4800
0900
0900
0900
0900
0900
0900
0900
0900
0900
0900
0900
0900
0900
0900
0900
0900
0900
0900
0900
0900
0900
0900
0900
0900
0900
0900
0900
0900
0900
0900
0900
0900
0900
0900
0900
0900
0900
0900
0910
0910
0910
0910
0910
0910
0910
0910
0910
0910
0910
0910
0910
0910
0910
0910
0910
0910
0910
0910
0910
0910
0910
0910
0910
0910
0910
0910
0910
0910
0910
0910
0910
0910
0910
0910
0910
0910
0910
0910
0910
0910
0910
0910
0910
0910
0910
0910
0910
0910
0910
0910
0910
0910
0910
0910
0910
0910
0910
0910
0910
0910
0910
0910
0910
0910
0910
0910
0910
5510
5310
4510
0910
4c10
4510
4610
5410
0910
4210
5510
5410
5410
4f10
4e10
0910
5410
4f10
2e10
2e10
2e10
0910
0910
0910
0910
0910
0910
0910
0910
0910
0910
0910
0910
0910
0910
0910
0910
0910
0910
0910
0910
0910
0910
0910
0910
0910
0910
0910
0910
0910
0910
0910
0910
0910
0910
0910
0910
0910
0910
0910
0910
0910
0910
0910
0910
0910
0910
0910
0910
0910
0910
0910
0910
0910
0910
0910
0910
0910
0910
0910
0910
0910
0910
0910
0910
0910
0910
0910
0910
0910
0910
0910
0910
0910
0910
0910
0910
0910
0910
0910
0910
0910
0910
0910
0910
0910
0910
0910
0910
0910
0910
0910
0910
0910
0910
0910
0910
0910
0910
0910
0910
0910
0910
0910
0910
0910
0910
0910
0910
0910
0910
0910
0910
0910
0910
0910
0910
0910
0910
0910
0910
0910
0910
0910
0910
0910
0910
0910
0910
0910
0910
0910
0910
0910
0910
0910
0910
0910
0910
0910
0910
0910
0910
0910
0910
0910
0910
0910
0910
0910
0910
0910
0910
0910
0910
0910
0910
0910
0910
0910
0910
0910
0910
0910
0910
0910
0910
0910
0910
0910
0910
0910
0910
0910
0910
0910
0910
0910
0910
0910
0910
0910
0910
0910
0910
0910
0910
0910
0910
0910
0910
0910
0910
0910
0910
0910
0910
0910
0910
0910
0910
0910
0910
0910
0910
0910
0910
0910
0910
0910
0910
0910
0910
0910
0910
0910
0910
0910
0910
0910
0910
0910
0910
0910
0910
0910
0910
0910
0910
0910
0910
0910
0910
0910
0910
0910
5510
5310
4510
0910
5210
4910
4710
4810
5410
0910
4210
5510
5410
5410
4f10
4e10
0910
5410
4f10
2e10
2e10
2e10
0910
0910
0910
0910
0910
0910
0910
0910
0910
0910
0910
0910
0910
0910
0910
0910
0910
0910
0910
0910
0910
0910
0910
0910
0910
0910
0910
0910
0910
0910
0910
0910
0910
0910
0910
0910
0910
0910
0910
0910
0910
0910
0910
0910
0910
0910
0910
0910
0910
0910
0910
0910
0910
0910
0910
0910
0910
0910
0910
0910
0910
0910
0910
0910
0910
0910
0910
0910
0910
0910
0910
0910
0910
0910
0910
0910
0910
0910
0910
0910
0910
0910
0910
0910
0910
0910
0910
0910
0910
0910
0910
0910
0910
0910
0910
0910
0910
0910
0910
0910
0910
0910
0910
0910
0910
0910
0910
0910
0910
0910
0910
0910
0910
0910
0910
0910
0910
0910
0910
0910
0910
0910
0910
0910
0910
0910
0910
0910
0910
0910
0910
0910
0910
0910
0910
0910
0910
0910
0910
0910
0910
0910
0910
0910
0910
0910
0910
0910
0910
0910
0910
0910
0910
0910
0910
0910
0910
0910
0910
0910
0910
0910
0910
0910
0910
0920
0920
0920
0920
0920
0920
0920
0920
0920
0920
0920
0920
0920
0920
0920
0920
0920
0920
0920
0920
0920
0920
0920
0920
0920
0920
0920
0920
0920
0920
0920
0920
0920
0920
0920
0920
0920
0920
0920
0920
0920
0920
0920
0920
0920
0920
0920
0920
0920
0920
0920
0920
0920
0920
0920
0920
0920
0920
0920
0920
0920
0920
0920
0920
0920
0920
0920
0920
0920
0920
0920
0920
0920
0920
0920
0920
0920
0920
0920
0920
0920
0920
0920
0920
0920
0920
0920
0920
0920
0920
0920
0920
0920
0920
0920
0920
0920
0920
0920
0920
0920
0920
0920
0920
0920
0920
0920
0920
0920
0920
0920
0920
0920
0920
0920
0920
0920
0920
0920
0920
0920
0920
0920
0920
0920
0920
0920
0920
0920
0920
0920
0920
0920
0920
0920
0920
0920
0920
0920
0920
0920
0920
0920
0920
0920
0920
0920
0920
0920
0920
0920
0920
0920
0920
0920
0920
0920
0920
0920
0920
0920
0920
0920
0920
0920
0920
0920
0920
0920
0920
0920
0920
0920
0920
0920
0920
0920
0920
0920
0920
0920
0920
0920
0920
0920
0920
0920
0920
0920
0920
0920
0920
0920
0920
0920
0920
0920
0920
0920
0920
0920
0920
0920
0920
0920
0920
0920
0920
0920
0920
0920
0920
0920
0920
0920
0920
0920
0920
0920
0920
0920
0920
0920
0920
0920
0920
0920
0920
5520
5320
4520
0920
5420
4520
5320
5420
0920
5320
5720
4920
5420
4320
4820
0920
5420
4f20
0920
4520
5820
4920
5420
0920
0920
0920
0920
0920
0920
0920
0920
0920
0920
0920
0920
0920
0920
0920
0920
5420
4520
5320
5420
0920
4d20
4f20
4420
4520
0920
0920
0920
0920
0920
0920
0920
0920
0920
0920
0920
0920
0920
0920
0920
0920
0920
0920
0920
0920
0920
0920
0920
0920
0920
0920
0920
0920
0920
0920
0920
0920
0920
0920
0920
0920
0920
0920
0920
0920
0920
0920
0920
0920
0920
0920
0920
0920
0920
0920
0920
0920
0920
0920
0920
0920
0920
0920
0920
0920
0920
0920
0920
0920
0920
0920
0920
0920
0920
0920
0920
0920
0920
0920
0920
0920
0920
0920
0920
0920
0920
0920
0920
0920
0920
0920
0920
0920
0920
0920
0920
0920
0920
0920
0920
0920
0920
0920
0920
0920
0920
0920
0920
0920
0920
0920
0920
0920
0920
0920
0920
0920
0920
0920
0920
0920
0920
0920
0920
0920
0920
0920
0920
0920
0920
0920
0920
0920
0920
0920
0920
0920
0920
0920
0920
0920
0920
0920
0920
0920
0920
0920
0920
0920
5020
5220
4520
5320
5320
4920
4e20
4720
0920
5320
4520
5220
5620
4920
4320
4520
0920
4220
5520
5420
5420
4f20
4e20
0920
0920
0920
0920
0920
0920
0920
0920
0920
4120
4720
4120
4920
4e20
0920
5720
4920
4c20
4c20
2e20
2e20
2e20
0920
0920
0920
0920
0920
0920
0920
0920
0920
0920
0920
0920
0920
0920
0920
0920
0920
0920
0920
0920
0920
0920
0920
0920
0920
0920
0920
0920
0920
0920
0920
0920
0920
0920
0920
0920
0920
0920
0920
0920
0920
0920
0920
0920
0920
0920
0920
0910
0910
0910
0910
0910
0910
0910
4310
4c10
4510
4110
5210
0910
4110
4c10
4c10
0910
4210
4f10
4f10
4b10
4b10
4510
4510
5010
4910
4e10
4710
0910
0910
0910
0910
0920
0920
0920
0920
0920
0920
0920
0920
0920
0920
0920
0920
0920
0920
0920
0920
0920
0920
0920
0920
0920
0920
0920
0920
0920
0920
0920
0920
0920
0920
0920
0920
0920
0920
0920
0920
0920
0920
0920
4420
4f20
0920
4120
4c20
4c20
0920
5020
4f20
5720
4520
5220
5520
5020
0920
5420
4520
5320
5420
5320
0920
0920
0920
0920
0920
0920
0920
0920
0920
0920
0920
0920
0920
0920
0920
0920
0920
0920
0920
0920
0920
0920
0920
0920
0920
0920
0920
0920
0920
0920
0920
0920
0920
0920
0920
0920
0920
0920
0920
0920
0920
0920
0920
0920
0920
0920
0920
0920
0920
0920
0920
0920
0920
0920
0920
0920
0920
0920
0920
0920
0920
0920
0920
0920
0920
0920
0920
0920
0920
0920
0920
0920
0920
0920
0920
0920
0920
0920
0920
0920
0920
0920
0920
0920
0920
0920
0920
0920
0920
0920
0920
0920
0920
0920
0920
0920
0920
0920
0920
0920
0920
0920
0920
0920
0920
0920
0920
0920
0920
0920
0920
0920
0920
0920
0920
0920
0920
0920
0920
0920
0920
0920
0920
0920
0920
0920
0920
0920
0920
0920
0920
0920
0920
0920
0920
0920
0920
0920
0920
0920
0920
0920
0920
0920
0920
0920
0920
0920
0920
0920
0920
0920
0920
0920
0920
0920
0920
0920
0920
0920
0920
0920
0920
0920
0920
0920
0920
0920
0920
0920
0920
0920
0920
0920
0920
0920
0920
0920
0920
0920
0920
0920
0920
0920
0920
0920
0920
0920
0920
0920
0920
0920
0920
0920
0920
0920
0920
0920
0920
0920
0920
0920
0920
0920
0920
0920
0920
0920
0920
0920
0920
0920
0920
0920
0920
0920
0920
0920
0920
0920
0920
0920
0920
0920
0920
0920
0920
0920
0920
0920
0920
0920
0920
0920
0920
0920
0920
0920
0920
0920
0920
0920
0920
0920
0920
0920
0920
0920
0920
0920
0920
0920
0920
0920
0920
0920
0920
0920
0920
0920
0920
0920
0920
0920
0920
0920
0920
0920
0920
0920
0920
0920
0920
0920
0920
0920
0920
0920
0920
0920
0920
0920
0920
0920
0920
0920
0920
0920
0920
0920
0920
0920
0920
0920
0920
0920
0920
0920
0920
0920
0920
0920
0920
0920
0920
0920
0920
0920
0920
0920
0920
0920
0920
0920
0920
0920
0920
0920
0920
0920
0920
0920
0920
0920
0920
0920
0920
0920
0920
0920
0920
0920
0920
0920
0920
0920
0920
0920
0920
0920
0920
0920
0920
0920
0920
0920
0920
0920
0920
0920
0920
0920
0920
0920
0920
0920
0920
e213
e113
e113
e113
e113
e113
e113
e113
e117
e117
e117
e117
e117
e117
e117
e117
e117
e117
e117
e117
e117
e117
e117
e117
e117
e117
e117
e117
e117
e117
e117
e217
e313
e413
e513
e513
e513
e513
e513
0920
0920
0920
0920
0920
0920
0920
0920
0920
0920
0920
0920
0920
0920
0920
0920
0920
0920
e513
e513
e513
e513
e513
e417
e317
e313
e613
7d20
7d20
7d20
7d20
7d20
0920
4320
4f20
4e20
5620
4520
5220
4720
4520
4e20
4320
4520
0920
4720
5220
4920
4420
0920
7d20
7d20
7d20
7d20
7d20
e617
e317
e313
e613
7d20
7d20
7d20
7d20
7d20
0920
0920
0920
0920
0920
0920
0920
0920
0920
0920
0920
0920
0920
0920
0920
0920
0920
0920
7d20
7d20
7d20
7d20
7d20
e617
e317
e313
e613
7d20
7d20
7d20
7d20
7d20
7d20
7d20
7d20
7d20
7d20
7d20
7d20
7d20
7d20
7d20
7d20
7d20
7d20
7d20
7d20
7d20
7d20
7d20
7d20
7d20
7d20
7d20
7d20
e617
e317
e313
e613
7d20
7d20
7d20
7d20
7d20
7d20
7d20
7d20
7d20
7d20
7d20
7d20
7d20
7d20
7d20
7d20
7d20
7d20
7d20
7d20
7d20
7d20
7d20
7d20
7d20
7d20
7d20
7d20
e617
e317
e313
e613
7d20
7d20
7d20
7d20
7d20
7d20
7d20
7d20
7d20
7d20
7d20
7d20
7d20
7d20
7d20
7d20
7d20
7d20
7d20
7d20
7d20
7d20
7d20
7d20
7d20
7d20
7d20
7d20
e617
e317
e313
e613
7d20
7d20
7d20
7d20
7d20
7d20
7d20
7d20
7d20
7e14
0910
0910
0910
0910
0910
0910
0910
7e10
7d20
7d20
7d20
7d20
7d20
7d20
7d20
7d20
7d20
7d20
e617
e317
e313
e613
7d20
7d20
7d20
7d20
7d20
7d20
7d20
7d20
7d20
0920
0900
0900
5200
4500
4400
0900
0900
0920
7d20
7d20
7d20
7d20
7d20
7d20
7d20
7d20
7d20
7d20
e617
e317
e313
e613
7d20
7d20
7d20
7d20
7d20
7d20
7d20
7d20
7d20
0920
4300
4f00
5200
4e00
4500
5200
5300
0920
7d20
7d20
7d20
7d20
7d20
7d20
7d20
7d20
7d20
7d20
e617
e317
e313
e613
7d20
7d20
7d20
7d20
7d20
7d20
7d20
7d20
7d20
0920
5600
4900
5300
4900
4200
4c00
4500
0920
7d20
7d20
7d20
7d20
7d20
7d20
7d20
7d20
7d20
7d20
e617
e317
e313
e613
7d20
7d20
7d20
7d20
7d20
7d20
7d20
7d20
7d20
7e1c
0910
0910
0910
0910
0910
0910
0910
7e18
7d20
7d20
7d20
7d20
7d20
7d20
7d20
7d20
7d20
7d20
e617
e317
e313
e613
7d20
7d20
7d20
7d20
7d20
7d20
7d20
7d20
7d20
7d20
7d20
7d20
7d20
7d20
7d20
7d20
7d20
7d20
7d20
7d20
7d20
7d20
7d20
7d20
7d20
7d20
7d20
7d20
e617
e317
e313
e613
7d20
7d20
7d20
7d20
7d20
7d20
7d20
7d20
7d20
7d20
7d20
7d20
7d20
7d20
7d20
7d20
7d20
7d20
7d20
7d20
7d20
7d20
7d20
7d20
7d20
7d20
7d20
7d20
e617
e317
e313
e613
7d20
7d20
7d20
7d20
7d20
7d20
7d20
7d20
7d20
7d20
7d20
7d20
7d20
7d20
7d20
7d20
7d20
7d20
7d20
7d20
7d20
7d20
7d20
7d20
7d20
7d20
7d20
7d20
e617
e317
e313
e613
7d20
7d20
7d20
7d20
7d20
7d20
7d20
7d20
7d20
7d20
7d20
7d20
7d20
7d20
7d20
7d20
7d20
7d20
7d20
7d20
7d20
7d20
7d20
7d20
7d20
7d20
7d20
7d20
e617
e317
e313
e613
7d20
7d20
7d20
7d20
7d20
7d20
7d20
7d20
7d20
7d20
7d20
7d20
7d20
7d20
7d20
7d20
7d20
7d20
7d20
7d20
7d20
7d20
7d20
7d20
7d20
7d20
7d20
7d20
e617
e317
e313
e613
7d20
7d20
7d20
7d20
7d20
7d20
7d20
7d20
7d20
7d20
7d20
7d20
7d20
7d20
7d20
7d20
7d20
7d20
7d20
7d20
7d20
7d20
7d20
7d20
7d20
7d20
7d20
7d20
e617
e317
e313
e613
7d20
7d20
7d20
7d20
7d20
7d20
7d20
7d20
7d20
7d20
7d20
7d20
7d20
7d20
7d20
7d20
7d20
7d20
7d20
7d20
7d20
7d20
7d20
7d20
7d20
7d20
7d20
7d20
e617
e317
e313
e613
7d20
7d20
7d20
7d20
7d20
7d20
7d20
7d20
7d20
7d20
7d20
7d20
7d20
7d20
7d20
7d20
7d20
7d20
7d20
7d20
7d20
7d20
7d20
7d20
7d20
7d20
7d20
7d20
e617
e317
e313
e613
7d20
7d20
7d20
7d20
7d20
7d20
7d20
7d20
7d20
7d20
7d20
7d20
7d20
7d20
7d20
7d20
7d20
7d20
7d20
7d20
7d20
7d20
7d20
7d20
7d20
7d20
7d20
7d20
e617
e317
e313
e613
7d20
7d20
7d20
7d20
7d20
7d20
7d20
7d20
7d20
7d20
7d20
7d20
7d20
7d20
7d20
7d20
7d20
7d20
7d20
7d20
7d20
7d20
7d20
7d20
7d20
7d20
7d20
7d20
e617
e317
e313
e613
7d20
7d20
7d20
7d20
7d20
7d20
0920
0920
0920
0920
0928
0928
0928
8128
0928
0920
0920
0928
0920
0920
0920
0920
7d20
7d20
7d20
7d20
7d20
7d20
e617
e317
e313
e613
7d20
7d20
7d20
7d20
7d20
7d20
0920
5700
4800
4900
5400
4500
0900
4c00
4900
4e00
4500
5300
0900
4100
5400
0920
7d20
7d20
7d20
7d20
7d20
7d20
e617
e317
e313
e613
7d20
7d20
7d20
7d20
7d20
7d20
7f24
0920
5300
4300
5200
4500
4500
4e00
0900
4500
4400
4700
4500
5300
0920
7f20
7d20
7d20
7d20
7d20
7d20
7d20
e61f
e31f
e313
e613
7d20
7d20
7d20
7d20
7d20
7d20
0920
0920
0920
0920
0920
0920
0920
8120
0920
0920
0920
0920
0920
0920
0920
0920
7d20
7d20
7d20
7d20
7d20
7d20
e61f
e31f
e313
e613
7d20
7d20
7d20
7d20
7d20
7d20
7d20
7d20
7d20
7d20
7d20
7d20
7d20
7d20
7d20
7d20
7d20
7d20
7d20
7d20
7d20
7d20
7d20
7d20
7d20
7d20
7d20
7d20
e61f
e31f
e31b
e613
7d20
7d20
7d20
7d20
7d20
7d20
7d20
7d20
7d20
7d20
7d20
7d20
7d20
7d20
7d20
7d20
7d20
7d20
7d20
7d20
7d20
7d20
7d20
7d20
7d20
7d20
7d20
7d20
e61f
e31f
e31b
e41b
e51f
e51f
e51f
e51f
e51f
e51f
e51f
e51f
e51f
e51f
e51f
e51f
e51f
e51f
e51f
e51f
e51f
e51f
e51f
e51f
e51f
e51f
e51f
e51f
e51f
e51f
e51f
e51f
e41f
e31f
e21b
e11b
e11b
e11b
e11b
e11b
e11b
e11b
e11f
e11f
e11f
e11f
e11f
e11f
e11f
e11f
e11f
e11f
e11f
e11f
e11f
e11f
e11f
e11f
e11f
e11f
e11f
e11f
e11f
e11f
e11f
e21f
4872
4b72
0900
0900
0900
0900
0900
0900
0900
bc72
b972
ba72
bb72
0900
0900
0900
0900
0900
0900
0900
b97e
0030
0030
0030
e863
e463
e363
e263
4423
4323
4623
4c23
0900
0900
0900
0900
0900
0900
0900
b772
0900
0900
0900
0900
0900
0900
0900
0900
0900
0900
0900
0900
090c
0030
d363
d463
e763
e663
e563
e163
0c20
4523
4123
0c20
0900
0900
0900
0900
0900
0900
0900
0900
0900
0900
0900
0900
0900
0900
bc72
b972
ba72
bb72
0900
0900
090c
d263
d663
d563
d963
de63
dd63
e063
3c23
3d23
4223
4023
0900
0900
0900
0900
0900
0900
0900
0900
0900
0900
0900
bb7a
477a
487a
4b7a
0908
0908
0908
0908
0908
0030
d763
d863
0520
da63
db63
dc63
df63
3f23
3e23
0c20
4923
0900
0900
bc72
b972
ba72
bb72
0900
0900
0900
0900
0900
0900
0900
0900
0900
0908
0908
0908
0908
0908
3623
3523
3a23
ff63
fc63
fb63
f863
f763
4d23
4e23
4f23
0c20
0900
0900
4772
4872
4b72
0900
0900
0900
0900
5820
4520
4e20
4f20
5020
4820
4f20
4220
4520
0900
0900
3723
3823
3923
fe63
fd63
fa63
f963
f663
5123
5023
0c20
5e23
0900
0900
0900
0900
0900
0900
0900
0900
0900
0900
0900
0900
0900
0900
0900
0900
0900
0900
0900
0900
e963
ee63
ed63
ef63
f063
f163
f463
f563
5223
5323
5523
5c23
0900
4772
4872
4b72
0900
0900
0900
0900
0900
5630
4530
5230
5330
4930
4f34
4e30
0900
0900
0900
0900
ea63
eb63
ec63
0030
f363
f263
0030
0030
0030
5623
5423
5723
0900
0900
0900
0900
0900
0900
0900
0900
0900
0900
0900
0900
0900
0900
0900
0900
0900
0900
0900
0900
0900
0904
0904
0904
0904
0904
0904
4b76
4876
0900
0900
0900
0900
0900
0900
0900
5410
4510
5310
5410
0910
4310
5910
4310
4c10
4510
0900
0900
0900
0900
0900
0900
0900
0904
0904
0904
0904
0904
0904
0904
0904
0900
0900
0900
0900
0900
0900
0900
0900
0900
0900
0900
0900
0900
0900
0900
0900
0900
0900
0900
0900
0900
0900
0900
0900
0904
0904
b976
0904
0904
0904
0904
0904
0900
0900
0900
0900
0900
0900
0900
0900
0900
0900
0900
4372
4220
4f20
4f20
4b20
4b20
4520
4520
5020
4920
4e20
4720
0900
0904
0908
0908
0908
0904
0904
0904
0904
0900
0900
0900
0900
0900
0900
0900
0900
0900
0900
0900
0900
0900
0900
0900
0908
0908
0908
0908
0908
0908
0908
0908
0908
bb76
0908
0908
0908
b976
bc76
0904
0904
0900
0900
0900
0900
0900
0900
0900
0900
0900
0900
0900
4372
5320
5720
4920
5420
4320
4820
0908
5420
4520
5320
5420
0900
0904
487a
4b7a
0908
4876
4776
ba7a
0904
0900
0900
0900
4872
4b72
0900
0900
0900
0900
0900
0908
0908
0908
0908
0908
0908
0908
0908
0908
0908
0908
0908
0908
0908
0908
0908
0908
0900
bb72
4772
0908
4b72
0900
0900
0900
0900
0900
0900
0900
0900
0900
0900
0900
4372
4f20
5020
5420
4920
4f20
4e20
0900
5320
4520
5420
5420
4920
4e20
4720
5320
0900
0900
0900
0908
0900
0900
0900
0900
0900
0900
0900
0900
0900
0900
0900
0900
0900
0900
0900
0900
0900
0900
0900
0900
0900
0900
0900
0900
0900
0900
0900
0900
0900
0900
0900
0900
0900
0900
0900
0900
0900
0900
0900
0900
0900
0900
0900
0900
4372
4320
4f20
4e20
5620
4520
5220
4720
4520
4e20
4320
4520
0920
4720
5220
4920
4420
0900
0900
0900
0900
0900
0900
0900
0900
0900
0900
0900
0900
0900
0900
0900
0900
0900
0900
0900
0900
0900
0900
0900
0900
0900
0900
0900
0900
0900
0900
0900
0900
bc72
b972
ba72
bb72
0900
0900
0900
0900
0900
0900
0900
0900
0900
0900
0900
4372
5320
4520
4c20
4620
0900
5420
4520
5320
5420
0900
0900
0900
0900
0900
0900
0900
0900
0900
0900
0900
0900
0900
0900
0900
0900
0900
0900
0900
0900
0930
0930
0900
0930
0930
0930
0930
0930
0930
0930
0930
0930
0930
0930
0930
0930
0930
0930
0900
0900
0900
0900
0900
0900
0900
0900
0900
0900
0900
0900
0900
0900
5030
5230
4530
5330
5330
0930
5330
4530
5230
5630
4930
4330
4530
0930
4230
5530
5430
5430
4f30
4e30
0900
0900
0900
0900
0900
0900
0900
0900
0900
bc72
477a
487a
0930
0930
0930
0930
0930
0930
0930
0930
0930
0930
0930
0930
0930
0930
0930
0930
0930
0930
0930
0930
0900
0900
0900
0900
0900
0900
0900
0900
0900
5131
0908
477a
0930
0930
0930
4630
4f30
5230
0930
4e30
4530
5830
5430
0930
5430
4530
5330
5430
5131
5131
0930
7672
3972
b972
5131
bb72
5131
5131
5131
5131
bc72
5131
4772
5131
5131
5131
5131
3a72
3b72
5131
5131
5131
5131
bc72
5131
5131
5131
5131
5131
5131
b772
5131
3a72
7d72
a172
7f76
7676
5131
5131
5131
5131
5131
5131
7672
7572
5131
5131
5131
7672
3872
3972
5131
5131
5131
5131
7672
7572
5131
5131
5131
5131
5131
5131
7672
3872
0b30
0b30
a872
7e72
a172
b376
5131
b376
ae76
ab76
7d72
7e72
9e72
8072
a472
a372
a272
a172
a072
9f72
9f72
9e72
7d72
7e72
9e72
a472
8076
8072
a472
a472
a372
0b30
a572
a872
a672
0b30
0b30
8276
ab76
af72
b072
b272
a776
a77e
0b3c
0b38
0b30
a572
0b34
aa76
a976
0b30
8572
0b30
0b30
8672
8772
8272
8372
0b30
a572
a872
a672
0b30
0b34
a776
0b34
0b30
0b30
0b30
8a72
0b30
0b30
0b30
8572
8472
8172
0b30
8172
0b30
0b30
0b34
0b30
0b30
0b30
0b30
0b30
8572
8472
8172
0b30
0b30
0b34
a776
0b34
0b30
0b30
0b30
0b30
0b30
0b30
a772
0b30
0b30
0b30
0b30
0b30
0b30
0b30
0b30
0b30
0b30
0b34
0b30
0b30
0b30
0b30
0b30
0b30
0b30
0b30
0b30
0b30
0b30
0b30
0b30
0b30
0b30
0b30
a772
0b30
0b30
0b30
0b30
a772
0900
0900
0900
0900
0900
0900
0900
0900
0900
0900
0900
0900
0900
0900
0900
0900
0900
0900
0900
0900
0900
0900
0900
0900
0900
0900
0900
0900
0900
0900
0900
0900
0900
0900
0900
0900
0900
0900
0900
0900
0900
0900
0900
0900
0900
0900
0900
0900
0900
0900
0900
0900
0900
0900
0900
0900
0900
0900
0900
0900
0900
0900
0900
0900
0900
0900
0900
0900
0900
0900
0900
0900
0900
0900
0900
0900
0900
0900
0900
0900
0900
0900
0900
0900
0900
0900
0900
0900
0900
0900
0900
0900
0900
0900
0900
0900
0900
0900
0900
0900
0900
0900
0900
0900
0900
0900
0900
0900
0900
0900
0900
0900
0900
0900
0900
0900
0900
0900
0900
0900
0900
0900
0900
0900
0900
0900
0900
0900
0900
0900
0900
0900
0900
0900
0900
0900
0900
0900
0900
0900
0900
0900
0900
0900
0900
0900
0900
0900
0900
0900
0900
0900
0900
0900
0900
0900
0900
0900
0900
0900
0900
0900
0900
0900
0900
0900
0900
0900
0900
0900
0900
0900
0900
0900
0900
0900
0900
0900
0900
0900
0900
0900
0900
0900
0900
0900
0900
0900
0900
0900
0900
0900
0900
0900
0900
0900
0900
0900
0900
0900
0900
0900
0900
0900
0900
0900
0900
0900
0900
0900
0900
0900
0900
0900
0900
0900
0900
0900
0900
0900
0900
0900
0900
0900
0900
0900
0900
0900
0900
0900
0900
0900
0900
0900
0900
0900
0900
0900
0900
0900
0900
0900
0900
0900
0900
0900
0900
0900
0900
0900
0900
0900
0900
0900
0900
0900
0900
0900
0900
0900
0900
0900
0900
0900
0900
0900
0900
0900
0900
0900
0900
0900
0900
0900
0900
0900
0900
0900
0900
0900
0900
0900
0900
0900
0900
0900
0900
0900
0900
0900
0900
0900
0900
0900
0900
0900
0900
0900
0900
0900
0900
0900
0900
0900
0900
0900
0900
0900
0900
0900
0900
0900
0900
0900
0900
0900
0900
0900
0900
0900
0900
0900
0900
0900
0900
0900
0900
0900
0900
0900
0900
0900
0900
0900
0900
0900
0900
0900
0900
0900
0900
0900
0900
0900
0900
0900
0900
0900
0900
0900
0900
0900
0900
0900
0900
0900
0900
0900
0900
0900
0900
0900
0900
0900
0900
0900
0900
0900
0900
0900
0900
0900
0900
0900
0900
0900
0900
0900
0900
0900
0900
0900
0900
0900
0900
0900
0900
0900
0900
0900
0900
0900
0900
0900
0900
0900
0900
0900
0900
0900
0900
0900
0900
0900
0900
0900
0900
0900
0900
0900
0900
0900
0900
0900
0900
0900
0900
0900
0900
0900
0900
0900
0900
0900
0900
0900
0900
0900
0900
0900
0900
0900
0900
0900
0900
0900
0900
0900
0900
0900
0900
0900
0900
0900
0900
0900
0900
0900
0900
0900
0900
0900
0900
0900
0900
0900
0900
0900
0900
0900
0900
0900
0900
0900
0900
0900
0900
0900
0900
0900
0900
0900
0900
0900
0900
0900
0900
0900
0900
0900
0900
0900
0900
0900
0900
0900
0900
0900
0900
0900
0900
0900
0900
0900
0900
0900
0900
0900
0900
0900
0900
0900
0900
0900
0900
0900
0900
0900
0900
0900
0900
0900
0900
0900
0900
0900
0900
0900
0900
0900
0900
0900
0900
0900
0900
0900
0900
0900
0900
0900
0900
0900
0900
0900
0900
0900
0900
0900
0900
0900
0900
0900
0900
0900
0900
0900
0900
0900
0900
0900
0900
0900
0900
0900
0900
0900
0900
0900
0900
0900
0900
0900
0900
0900
0900
0900
0900
0900
0900
0900
0900
0900
0900
0900
0900
0900
0900
0900
0900
0900
0900
0900
0900
0900
0900
0900
0900
0900
0900
0900
0900
0900
0900
0900
0900
0900
0900
0900
0900
0900
0900
0900
0900
0900
0900
0900
0900
0900
0900
0900
0900
0900
0900
0900
0900
0900
0900
0900
0900
0900
0900
0900
0900
0900
0900
0900
0900
0900
0900
0900
0900
0900
0900
0900
0900
0900
0900
0900
0900
0900
0900
0900
0900
0900
0900
0900
0900
0900
0900
0900
0900
0900
0900
0900
0900
0900
0900
0900
0900
0900
0900
0900
0900
0900
0900
0900
0900
0900
0900
0900
0900
0900
0900
0900
0900
0900
0900
0900
0900
0900
0900
0900
0900
0900
0900
0900
0900
0900
0900
0900
0900
0900
0900
0900
0900
0900
0900
0900
0900
0900
0900
0900
0900
0900
0900
0900
0900
0900
0900
0900
0900
0900
0900
0900
0900
0900
0900
0900
0900
0900
0900
0900
0900
0900
0900
0900
0900
0900
0900
0900
0900
0900
0900
0900
0900
0900
0900
0900
0900
0900
0900
0900
0900
0900
0900
0900
0900
0900
0900
0900
0900
0900
0900
0900
0900
0900
0900
0900
0900
0900
0900
0900
0900
0900
0900
0900
0900
0900
0900
0900
0900
0900
0900
0900
0900
0900
0900
0900
0900
0900
0900
0900
0900
0900
0900
0900
0900
0900
0900
0900
0900
0900
0900
0900
0900
0900
0900
0900
0900
0900
0900
0900
0900
0900
0900
0900
0900
0900
0900
0900
0900
0900
0900
0900
0900
0900
0900
0900
0900
0900
0900
0900
0900
0900
0900
0900
0900
0900
0900
0900
0900
0900
0900
0900
0900
0900
0900
0900
0900
0900
0900
0900
0900
0900
0900
0900
0900
0900
0900
0900
0900
0900
0900
0900
0900
0900
0900
0900
0900
0900
0900
0900
0900
0900
0900
0900
0900
0900
0900
0900
0900
0900
0900
0900
0900
0900
0900
0900
0900
0900
0900
0900
0900
0900
0900
0900
0900
0900
0900
0900
0900
0900
0900
0900
0900
0900
0900
0900
0900
0900
0900
0900
0900
0900
0900
0900
0900
0900
0900
0900
0900
0900
0900
0900
0900
0900
0900
0900
0900
0900
0900
0900
0900
0900
0900
0900
0900
0900
0900
0900
0900
0900
0900
0900
0900
0900
0900
0900
0900
0900
0900
0900
0900
0900
0900
0900
0900
0900
0900
0900
0900
0900
0900
0900
0900
0900
0900
0900
0900
0900
0900
0900
0900
0900
0900
0900
0900
0900
0900
0900
0900
0900
0900
0900
0900
0900
0900
0900
0900
0900
0900
0900
0900
0900
0900
0900
0900
0900
0900
0900
0900
0900
0900
0900
0900
0900
0900
0900
0900
0900
0900
0900
0900
0900
0900
0900
0900
0900
0900
0900
0900
0900
0900
0900
0900
0900
0900
0900
0900
0900
0900
0900
0900
0900
0900
0900
0900
0900
0900
0900
0900
0900
0900
0900
0900
0900
0900
0900
0900
0900
0900
0900
0900
0900
0900
0900
0900
0900
0900
0900
0900
0900
0900
0900
0900
0900
0900
0900
0900
0900
0900
0900
0900
0900
0900
0900
0900
0900
0900
0900
0900
0900
0900
0900
0900
0900
0900
0900
0900
0900
0900
0900
0900
0900
0900
0900
0900
0900
0900
0900
0900
0900
0900
0900
0900
0900
0900
0900
0900
0900
0900
0900
0900
0900
0900
0900
0900
0900
0900
0900
0900
0900
0900
0900
0900
0900
0900
0900
0900
0900
0900
0900
0900
0900
0900
0900
0900
0900
0900
0900
0900
0900
0900
0900
0900
0900
0900
0900
0900
0900
0900
0900
0900
0900
0900
0900
0900
0900
0900
0900
0900
0900
0900
0900
0900
0900
0900
0900
0900
0900
0900
0900
0900
0900
0900
0900
0900
0900
0900
0900
0900
0900
0900
0900
0900
0900
0900
0900
0900
0900
0900
0900
0900
0900
0900
0900
0900
0900
0900
0900
0900
0900
0900
0900
0900
0900
0900
0900
0900
0900
0900
0900
0900
0900
0900
0900
0900
0900
0900
0900
0900
0900
0900
0900
0900
0900
0900
0900
0900
0900
0900
0900
0900
0900
0900
0900
0900
0900
0900
0900
0900
0900
0900
0900
0900
0900
0900
0900
0900
0900
0900
0900
0900
0900
0900
0900
0900
0900
0900
0900
0900
0900
0900
6d67
6e67
6f67
7067
7167
0a20
0a20
9d60
9a60
9960
3d60
3e60
0a20
0567
0367
0267
0467
f466
f366
0a24
be67
0900
0900
0900
0900
0900
0900
0900
0900
0900
0900
0900
7667
7567
7467
7367
7267
b96b
5b61
9b60
9c60
9860
9560
3f60
5f65
6165
ff66
0067
fa66
f566
f266
ba67
bb67
0900
0900
0900
0900
0900
0900
0900
0900
0900
0900
0900
7767
7967
7b67
7c67
7d67
0220
0220
9f60
9e60
9760
9660
4060
5e65
5c65
0167
fe66
fb66
f966
f666
0767
bc67
0900
0900
0900
0900
0900
0900
0900
0900
0900
0900
0900
7a67
7867
5a65
b967
5564
0220
0220
a060
a160
a260
a360
0220
6065
5d65
6265
fd66
fc66
f866
f766
0667
bd67
0900
0900
0900
0900
0900
0900
0900
0900
0900
0900
0900
b567
b167
0220
0220
6464
4160
4260
4560
4660
4d60
4e60
2960
2a60
2767
2067
1f67
1867
1767
1067
0f67
0867
0900
0900
0900
0900
0900
0900
0900
0900
0900
0900
0900
af67
b067
ad6b
ae6b
0220
0220
4360
4460
4760
5260
4f60
2860
2b60
2667
2167
1e67
1967
1667
1167
0e67
0967
0900
0900
0900
0900
0900
0900
0900
0900
0900
0900
0900
5c61
9a6b
9b6b
9d6b
5c65
b667
b960
4a60
4860
4c60
5060
5460
2c60
2567
2267
1d67
1a67
1567
1267
0d67
0a67
0900
0900
0900
0900
0900
0900
0900
0900
0900
0900
0900
8b63
8c63
8c67
8b67
0b20
e634
1f60
4960
4b60
5360
5160
2660
2d60
2467
2367
1c67
1b67
1467
1367
0c67
0b67
0900
0900
0900
0900
0900
0900
0900
0900
0900
0900
0900
0900
0900
0900
0900
0900
0900
0900
0900
0900
0900
0900
0900
0900
0900
0900
0900
0900
0900
0900
0900
0900
0900
0900
0900
0900
0900
0900
0900
0900
0900
0900
0900
0900
0900
0900
0910
4310
4f10
4c10
4f10
5210
0910
4210
4110
5210
0910
5410
4510
5310
5410
0910
0900
0900
0900
0900
0900
0900
0900
0900
0900
0900
0900
0900
0900
0930
0930
0900
3030
3130
3230
3330
3430
3530
3630
3730
3830
3930
4130
4230
4330
4430
4530
4630
0930
0930
0930
0900
0900
0900
0900
0900
0900
0900
0900
0900
0900
0900
0900
3000
0030
0130
0230
0330
0430
0530
0630
0730
0830
0930
0a30
0b30
0c30
0d30
0e30
0f10
0900
0900
0900
0900
0900
0900
0900
0900
0900
0900
0900
0900
0900
0900
0900
3100
0020
0120
0220
0320
0420
0520
0620
0720
0820
0920
0a20
0b20
0c20
0d20
0e20
0f10
0900
0900
0900
0900
0900
0900
0900
0900
0900
0900
0900
0900
0900
0900
0900
3200
0010
0110
0210
0310
0410
0510
0610
0710
0810
0910
0a10
0b10
0c10
0d10
0e10
0f10
0900
0900
0900
0900
0900
0900
0900
0900
0900
0900
0900
0900
0900
0900
0900
3300
0000
0100
0200
0300
0400
0500
0600
0700
0800
0900
0a00
0b00
0c00
0d00
0e00
0f10
0900
0900
0900
0900
0900
0900
0900
0900
0900
0900
0900
0900
0900
0900
0900
0900
0900
0900
0900
0900
0900
0900
0900
5131
0900
0900
0900
0900
0900
0900
0900
0900
0900
0900
0900
0900
0900
0900
0900
0900
0900
0900
0900
0900
0900
0900
0900
0900
0900
0900
0900
0900
0900
0900
0900
0900
0900
0900
0900
0900
0900
0900
0900
0900
0900
0900
0900
0900
0900
0900
0900
0900
0900
0900
0900
0900
0900
0900
0900
0900
0900
0900
0900
0900
0900
0900
0900
0900
0900
0900
0900
0900
0900
0900
0900
0900
0900
0900
0900
0900
0900
0900
0900
0900
0900
0900
0900
0900
0900
0900
0900
0900
0900
0900
0900
0900
0900
0900
0900
0900
0900
0900
0900
0900
0900
0900
0900
0900
0900
0900
0900
0900
0900
0900
0900
0900
0900
0900
0900
0900
0900
0900
0900
0900
0900
0900
0900
0900
0900
0900
0900
0900
0900
0900
0900
0900
0900
0900
0900
0900
0900
0900
0900
0900
0900
0900
0900
0900
0900
0900
0900
0900
0900
0900
0900
0900
0900
0900
0900
0900
0900
0900
0900
0900
0900
0900
0900
0900
0900
0900
0900
0900
0900
0900
0900
0900
0900
0900
0900
0900
0900
0900
0900
0900
0900
0900
0900
0900
0900
0900
0900
0900
0900
0900
0900
0900
0900
0900
0900
0900
0900
0900
0900
0900
0900
0900
0900
0900
0900
0900
0900
0900
0900
0900
0900
0900
0900
0900
0900
0900
0900
0900
0900
0900
0900
0900
0900
0900
0900
0900
0900
0900
0900
0900
0900
0900
0900
0900
0900
0900
0900
0900
0900
0900
0930
0930
0930
0930
0930
0930
0930
0930
0930
0930
0930
0930
0930
0930
0930
0930
0930
0930
0930
0930
0930
0930
0930
0930
0930
0930
0930
0930
0930
0930
0930
0930
0930
0930
0930
0930
0930
0930
0930
0930
0930
0930
0930
0930
0930
0930
0930
0930
0930
0930
0930
0930
0930
0930
0930
0930
0930
0930
0930
0930
0930
0930
0930
0930
0930
0930
0930
0930
0930
0930
0930
0930
0930
0930
0930
0930
0930
0930
0930
0930
0930
0930
0930
0930
0930
0930
0930
5330
4f30
5230
5230
5930
2c30
0930
0930
0930
0930
0930
0930
0930
0930
0930
0930
0930
0930
0930
0930
0930
0930
0930
0930
0930
0930
0930
0930
0930
0930
0930
0930
0930
0930
0930
0930
0930
0930
0930
0930
0930
0930
0930
0930
0930
0930
0930
0930
0930
0930
0930
0930
0930
0930
0930
0930
0930
0930
0930
0930
0930
0930
0930
0930
5730
4530
0930
4830
4130
5630
4530
0930
5430
4530
4d30
5030
4f30
4130
4f30
4930
4c30
5930
0930
0930
0930
0930
0930
0930
0930
0930
0930
0930
0930
0930
0930
0930
4c30
4f30
5330
5430
0930
4f30
5530
5230
0930
5030
4930
4330
5430
5530
5230
4530
0930
0930
0930
0930
0930
0930
0930
0930
0930
0930
0930
0930
0930
0930
0930
0930
0930
0930
0930
0930
0930
0930
0930
0930
0930
0930
0930
0930
0930
0930
0930
0930
0930
0930
0930
0930
0930
0930
0930
0930
0930
0930
0930
0930
0930
0930
0930
0930
0930
0930
0930
0930
0930
0930
0930
0930
0930
0930
0930
0930
0930
0930
0930
0930
0930
0930
0930
0930
0930
0930
0930
0930
0930
0000
0004
1000
0000
3b10
0000
65b1
49b5
6935
6735
2435
2535
2635
2735
1b35
f260
f260
f260
f260
f260
f260
f260
f260
f260
f260
f260
f260
f260
f260
f260
f260
f260
f260
f260
6731
6931
49b1
65b5
65b1
4ab5
6835
6635
1535
1935
1335
0f35
1a35
4635
4635
0965
ea70
e670
e870
e670
ea70
0534
0534
0534
0534
0534
0534
0534
0534
0534
0530
0534
6631
6831
4ab1
65b5
65b1
4ab5
6a35
7135
1435
1235
1135
1035
2835
3e35
3e35
1765
0530
e770
e970
e770
0530
4671
4671
4671
4661
0534
4671
4661
4671
4671
d232
0530
7131
6a31
4ab1
65b5
65b1
4bb5
6b35
7135
1435
1935
2a35
2a35
3e35
3e35
3e35
1765
0530
ec70
ed70
ed74
0530
4671
4671
4671
4671
0534
4661
4671
4671
4671
0530
0530
7131
6b31
4bb1
65b5
65b1
4ab5
6b35
7135
1435
1935
2a35
2a35
3e35
3e35
3e35
1765
0530
0530
0530
0530
0530
4671
4671
4671
4671
0534
4671
4671
4671
4661
0530
0530
7131
6b31
4ab1
65b5
65b1
4ab5
6e35
7135
1435
3235
2b35
2b35
3b35
3b35
3b35
1765
0530
0530
0530
0530
0530
fa70
f874
f874
fa74
0534
fa70
f874
f874
fa74
0530
0530
7131
6e31
4ab1
65b5
7bb1
4ab5
6f35
7135
1435
3f35
3f35
e630
e634
e634
e634
1865
4771
4771
4771
4771
4771
4771
fb74
fb70
4771
4771
4771
fb74
fb70
4771
4771
4771
7131
6f31
4ab1
65b5
65b1
4ab5
7335
7235
3f31
e634
e630
e634
e630
e630
e630
1965
e634
e634
e634
e634
3f35
e630
e630
e630
e630
e630
e630
e630
e630
e634
e634
e634
7231
7331
4ab1
65b5
0400
0004
1010
0000
3b10
0000
6591
4a95
aa64
a964
0a20
0a20
5660
0a20
0a20
5a60
0a20
0a20
0a20
0a20
0a20
0a20
0060
0760
0e60
0f60
0a20
0a20
0a20
8a60
8564
8864
8964
8a64
a960
aa60
4a91
6595
6591
4a95
ab64
ac64
0220
5560
5760
a464
a564
5b60
5c6d
0224
0224
6160
6260
0260
0160
0860
0d60
1060
6269
5d69
6260
9460
8664
8764
8c64
8b64
ac60
ab60
4a91
6595
6591
4a95
0d24
ad64
0220
6460
0220
626c
0220
6161
5f61
5c60
5d60
6060
6360
0360
0460
0960
0c60
1160
0228
5c69
5e69
7660
9064
8f64
8e64
8d64
ad60
0d20
4a91
6595
6591
4b95
0d24
ad64
0220
0224
6160
0220
0220
5c61
5e61
0224
5e60
5f60
0224
0660
0560
0a60
0b60
1260
0228
6169
5564
0220
9164
9264
9364
9464
ad60
0d20
4b91
6595
6591
4a95
0d24
ad64
0224
a860
6060
6360
6261
5d61
0220
7360
7460
0220
0220
1760
1860
1960
1a60
2960
2a60
0220
6464
0220
7964
7864
7764
7664
ad60
0d20
4a91
6595
6591
4a95
0d24
ad64
a660
a760
5f60
0220
6660
6c60
0224
7260
7560
1360
1460
1560
1660
1c60
1b60
2860
2b60
0220
0224
6264
7a64
8464
8164
0224
ad60
0d20
4a91
6595
6591
4a95
b164
ae64
b960
b960
b960
6560
6760
6b60
6d60
7160
b960
b960
b960
1d60
1e60
2360
2460
2760
2c60
b960
b960
8260
7b64
8364
8064
8264
ae60
b160
4a91
6595
6591
4a95
b064
af64
3f35
e634
e634
6960
6860
6a60
6e60
6f60
7060
e634
e634
2060
2160
2260
2560
2660
2d60
e634
e634
7f60
7c64
7d64
7e64
7f64
af60
b060
4a91
6595
0000
0004
1000
0000
3b9a
0000
65b1
49b5
aa64
a964
0a20
0a20
0a20
0a20
0a20
0a20
0a20
0a20
0a20
0a20
0a20
0a20
0a20
0a20
0a20
0a20
0a20
0a20
0a20
0a20
0a20
0a20
0a20
0a20
a960
aa60
49b1
65b5
65b1
4ab5
ab64
ac64
5b61
0224
0224
38e5
37e5
0224
0224
0224
0224
0224
0224
0224
0224
0224
0224
0224
0224
0224
0224
37e1
38e1
0224
0224
8061
ac60
ab60
4ab1
65b5
65b1
4ab5
0d24
ad64
0220
0220
0220
39e5
36e5
0224
0224
0224
0224
0224
0224
0224
7261
7561
7661
0224
6c61
6d61
0224
36e1
39e1
0224
0224
7e61
ad60
0d20
4ab1
65b5
65b1
4bb5
0d24
ad64
0220
0220
0224
3ae5
0220
2361
2561
2761
2961
0224
0224
0224
7361
7461
7365
0224
6f61
6e61
0224
0224
3ae1
0224
0220
7f61
ad60
0d20
4bb1
65b5
65b1
4ab5
0d24
ad64
0220
0220
0220
3ae5
0220
2461
2661
2861
2a61
0224
0224
0224
0224
0224
0224
0224
7061
7161
0224
0224
3ae1
0224
0224
5b65
ad60
0d20
4ab1
65b5
65b1
4ab5
0d24
ad64
0220
0220
0220
3ae5
0220
0220
0220
0220
0220
0224
0224
8961
8a61
0224
0224
0224
0224
0224
0224
0224
3ae1
0224
0224
0224
ad60
0d20
4ab1
65b5
7bb1
4ab5
b164
ae64
5a61
0224
0224
3ae5
7ae1
77e1
78e1
7de1
33e1
5b69
0224
8c61
8b61
0224
0224
33e5
31e5
2fe5
2ee5
2be5
3ae1
0224
0224
0224
ae60
b160
4ab1
65b5
65b1
4ab5
b064
af64
0b20
0b20
0b20
3bd5
7bc1
79c1
30c1
32c1
34c1
3561
0b20
0b20
0b20
0b20
3565
34c5
32c5
30c5
2dc5
2cc5
3bd1
0b20
0b20
0b20
af60
b060
4ab1
65b5
0000
0004
1000
0000
3b9a
0000
65b1
49b5
aa64
a964
0a20
0a20
0a20
0a20
0a20
0a20
0a20
0a24
0a24
0a24
0a24
0a24
0a24
0a24
0a24
0a24
0a24
0a24
0a24
0a24
0a24
0a24
0a20
0a20
a960
aa60
49b1
65b5
65b1
4ab5
ab64
ac64
5a69
38e5
37e5
0220
0220
0220
0220
0220
38e5
37e5
0220
0220
0220
0220
0220
0220
0220
0220
0220
0220
0220
8061
8061
8361
ac60
ab60
4ab1
65b5
65b1
4ab5
0d24
ad64
0220
39e5
36e5
6d65
6c65
0220
0220
0220
39e5
36e5
0220
0220
7261
7561
7261
7265
7265
7565
7265
7665
0220
7e61
7e61
8261
ad60
0d20
4ab1
65b5
65b1
4bb5
0d24
ad64
0224
3ae5
0220
6e65
6f65
0220
0220
0220
3ae5
0220
0220
0220
7361
7461
7461
7461
7461
7461
7461
7365
0220
7f61
7f61
8161
ad60
0d20
4bb1
65b5
65b1
4ab5
0d24
ad64
0220
3ae5
0220
7165
7065
0220
0220
0220
3ae5
0220
0220
0220
0220
0220
0220
0220
0220
0220
0220
0220
0220
5b65
0224
0224
ad60
0d20
4ab1
65b5
65b1
4ab5
0d24
ad64
0220
3ae5
5a69
0220
0220
0220
0220
0220
3ae5
0220
0220
0220
0220
0220
0220
0220
0220
0220
0220
0220
0220
0220
0224
0224
ad60
0d20
4ab1
65b5
7bb1
4ab5
b164
ae64
0224
3ae5
2be1
2ee1
2fe1
31e1
33e1
0220
3ae5
2be1
2ee1
2fe1
31e1
33e1
0220
0224
7ae1
77e1
78e1
7de1
33e1
0220
0224
0224
ae60
b160
4ab1
65b5
65b1
4ab5
b064
af64
0b20
3bd5
2cc1
2dc1
30c1
32c1
34c1
0b24
3bd5
2cc1
2dc1
30c1
32c1
34c1
3561
0b20
7bc1
79c1
30c1
32c1
34c1
3561
0b20
0b20
af60
b060
4ab1
65b5
0000
0004
1000
0000
3b9a
0000
65b1
49b5
6935
6735
2231
2131
2235
2231
2131
2235
2231
2131
2235
2731
2631
2531
2431
2535
2635
2735
1b35
1b31
2731
2631
2531
2431
2735
1b35
6731
6931
49b1
65b5
65b1
4ab5
6835
6635
1c31
6936
1c35
1c31
6936
1c35
1c31
6936
1c35
0f31
1331
1931
1531
1935
1335
0f35
1a35
1a31
0f31
1331
1931
1531
0f35
1a35
6631
6831
4ab1
65b5
65b1
4ab5
6a35
7135
1c31
693e
1c35
1c31
693e
1c35
1c31
693e
1c35
1031
1131
1231
1431
1235
1135
1035
2835
2831
1031
1131
1231
1431
1035
2835
7131
6a31
4ab1
65b5
65b1
4bb5
6b35
7135
1c31
7930
1c35
1c31
7930
1c35
1c31
4c32
1c35
0930
2931
1931
1431
1935
2935
0934
0934
0930
0930
2931
1931
1431
0934
0934
7131
6b31
4bb1
65b5
65b1
4ab5
6b35
7135
1c31
7930
1c35
1c31
4c36
1c35
1c31
7630
1c35
3c31
2a31
1931
1431
1935
2a35
3c35
3e35
3c35
3e35
2a31
1931
1431
3c35
3e35
7131
6b31
4ab1
65b5
65b1
4ab5
6e35
7135
1c31
4c32
1c35
1c31
7730
1c35
1c31
7730
1c35
3c31
2a31
1931
1431
1935
2a35
3c35
3e35
3c35
3e35
2a31
1931
1431
3c35
3e35
7131
6e31
4ab1
65b5
7bb1
4ab5
6f35
7135
1c31
893a
3635
1c31
893a
3635
1c31
893a
3635
3b31
2b31
3231
1431
3235
2b35
3b35
3b35
3b35
3b35
2b31
3231
1431
3b35
3b35
7131
6f31
4ab1
65b5
65b1
4ab5
7335
7235
3031
3131
3035
3031
3131
3035
3031
3131
3035
3f35
2f35
2f35
2f35
2f35
2f31
2f31
2f31
2f31
2f31
3f35
2f35
3f35
2f35
2f31
7231
7331
4ab1
65b5
0924
4024
1120
8048
3b10
0000
65b1
49b5
6935
6735
2435
2635
4736
4636
4836
4736
4636
2635
2431
2635
2635
2635
2635
2635
2635
2635
2435
2635
4632
4732
4832
4632
4732
2431
6731
6931
49b1
65b5
65b1
4ab5
6835
6635
1535
3a31
3a31
3a31
3a31
3a31
3a31
3a31
1531
3a31
3a31
3a31
3a31
3a31
3a31
3a31
1535
3a31
3a31
3a31
3a31
3a31
3a31
1531
6631
6831
4ab1
65b5
65b1
4ab5
6a35
7135
1435
3a31
3a31
3a31
3a31
3a31
3a31
3a31
1431
3a31
3a31
3a31
3a31
3a31
3a31
3a31
1435
3a31
3a31
3a31
3a31
3a31
3a31
1431
7131
6a31
4ab1
65b5
65b1
4bb5
6b35
7135
1435
3a31
3a31
3a31
3a31
3a31
3a31
3a31
1431
3a31
3a31
3a31
3a31
3a31
3a31
3a31
1435
3a31
3a31
3a31
3a31
3a31
3a31
1431
7131
6b31
4bb1
65b5
65b1
4ab5
6b35
7135
1435
3a31
3a31
3a31
3a31
3a31
3a31
3a31
1431
3a31
3a31
3a31
3a31
3a31
3a31
3a31
1435
3a31
3a31
3a31
3a31
3a31
3a31
1431
7131
6b31
4ab1
65b5
65b1
4ab5
6e35
7135
1435
3a31
3a31
3a31
3a31
3a31
3a31
3a31
1431
3a31
3a31
3a31
3a31
3a31
3a31
3a31
1435
3a31
3a31
3a31
3a31
3a31
3a31
1431
7131
6e31
4ab1
65b5
7bb1
4ab5
6f35
7135
1435
3a31
3a31
3a31
3a31
3a31
3a31
3a31
1431
3a31
3a31
3a31
3a31
3a31
3a31
3a31
1435
3a31
3a31
3a31
3a31
3a31
3a31
1431
7131
6f31
4ab1
65b5
65b1
4ab5
7335
7235
2f31
3f39
2f3d
3f3d
3f35
2f35
2f35
2f35
2f35
3f31
2f35
2f35
2f35
2f35
2f35
2f31
e630
e630
3f31
2f3d
3f3d
3f35
2f35
2f35
7231
7331
4ab1
65b5
0000
0004
1000
0000
3b10
0000
65b1
49b5
6935
6735
1b31
2731
2631
2531
2431
2535
2231
2131
2235
2335
2435
2535
2635
2735
1b35
2331
2331
2331
2331
2331
2331
8f32
2431
2331
6731
6931
49b1
65b5
65b1
4ab5
6835
6635
1335
0f31
1331
1931
1531
1935
3631
0a30
3635
1d35
1535
1935
1335
0f35
1a35
4631
4631
9432
9232
9332
9232
9132
1531
1631
6631
6831
4ab1
65b5
65b1
4ab5
6a35
7135
1035
1031
1131
1231
1431
1235
3631
2035
3635
1d35
1435
1235
1135
1035
2835
0934
9632
9532
9636
9a32
9b32
9b36
1431
1631
7131
6a31
4ab1
65b5
65b1
4bb5
6b35
7135
2935
0930
2931
1931
1431
1935
3631
1f35
1c35
1d35
1435
1935
2935
0934
0934
0934
9732
0934
9736
0934
0934
0934
1431
1631
7131
6b31
4bb1
65b5
65b1
4ab5
6b35
7135
2a35
3c31
2a31
1931
1431
1935
3631
0a30
3635
1d35
1435
1935
2a35
3c35
3e35
3e35
9936
9832
9932
0934
0934
0934
1431
1631
7131
6b31
4ab1
65b5
65b1
4ab5
6e35
7135
2a35
3c31
2a31
1931
1431
1935
3631
0a30
3635
1d35
1435
1935
2a35
3c35
3e35
3e35
0934
0934
0934
0934
0934
0934
1431
1631
7131
6e31
4ab1
65b5
7bb1
4ab5
6f35
7135
2b35
3b31
2b31
3231
1431
3235
3631
0a30
3635
1d35
1435
3235
2b35
3b31
3b31
3b31
3b31
3b31
3b31
3b31
3b31
3b31
1431
3731
7131
6f31
4ab1
65b5
65b1
4ab5
7335
7235
2f31
3f35
2f35
2f35
2f35
2f35
3031
3131
3035
2f35
2f35
2f35
2f35
2f35
3f31
3f35
2f35
2f35
2f35
2f35
2f35
2f35
2f35
2f35
7231
7331
4ab1
65b5
0845
0014
10a2
0028
3b10
0000
65b1
49b5
6935
6735
1b31
2731
2631
2531
2431
2335
2435
2535
2635
2735
1b35
2231
2131
2131
2131
2131
2131
2235
2335
2435
2535
2635
2735
1b35
6731
6931
49b1
65b5
65b1
4ab5
6835
6635
1a31
0f31
1331
1931
1531
0934
1535
1935
1335
0f35
1a35
1c31
0a30
3a31
3a31
3835
0a30
1c35
0934
1535
1935
1335
0f35
1a35
6631
6831
4ab1
65b5
65b1
4ab5
6a35
7135
2831
1031
1131
1231
1431
0934
1435
1235
1135
1035
2835
1c31
0a30
2031
3a31
2035
0a30
1c35
0934
1435
1235
1135
1035
2835
7131
6a31
4ab1
65b5
65b1
4bb5
6b35
7135
0930
0930
2931
1931
1431
0934
1435
1935
2935
0934
0934
1c31
0a30
1f31
3831
1f35
0a30
1c35
0934
1435
1935
2935
0934
0934
7131
6b31
4bb1
65b5
65b1
4ab5
6b35
7135
3e31
3c31
2a31
1931
1431
0934
1435
1935
2a35
3c35
3e35
1c31
0a30
3831
3a31
3a31
0a30
1c35
3e35
1435
1935
2a35
3c35
3e35
7131
6b31
4ab1
65b5
65b1
4ab5
6e35
7135
3e31
3c31
2a31
1931
1431
0934
1435
1935
2a35
3c35
3e35
1c31
0a30
893a
893a
893a
0a30
1c35
3e35
1435
1935
2a35
3c35
3e35
7131
6e31
4ab1
65b5
7bb1
4ab5
6f35
7135
3b31
3b31
2b31
3231
1431
3735
1435
3235
2b35
3b35
3b35
3631
0a30
0a30
0a30
0a30
0a30
3635
3b31
1435
3235
2b35
3b35
3b35
7131
6f31
4ab1
65b5
65b1
4ab5
7335
7235
3f35
2f31
2f31
2f31
2f31
3f35
2f35
3f31
2f31
2f31
3f31
3031
3131
3131
3131
3131
3131
3035
2c31
2d31
2e31
2f31
2f31
2f31
7231
7331
4ab1
65b5
0850
0284
10a1
0108
3b10
0000
6591
4995
6915
6715
4331
4331
4331
4331
4335
4335
4335
4335
4335
4335
4331
4335
4335
4335
4335
4335
4335
4335
4335
4335
4335
4335
4335
4335
6711
6911
4991
6595
6591
4a95
6815
2116
6616
6616
6616
6616
6616
6616
6616
6616
6616
6616
6616
6616
6616
6616
6616
6616
6616
6616
6616
6616
6616
6616
6616
6616
2112
6811
4a91
6595
6591
4a95
6a15
2316
6a12
6b12
6b12
6b12
6b12
6a16
7914
7914
6a12
6b12
6b12
6a16
6a12
6b12
6b12
6a16
6a12
6b12
6b12
6a16
6a12
6b12
6b12
6a16
2312
6a11
4a91
6595
6591
4b95
6b15
2316
6512
ab30
ac30
ad30
ae30
6516
7910
7910
6512
513d
513d
6516
6512
513d
513d
6516
6512
3a30
3f30
6516
6512
a630
a730
6516
2312
6b11
4b91
6595
6591
4a95
6b15
2316
6512
a330
a430
a530
513d
6516
7914
7914
6512
513d
513d
6516
6512
513d
513d
6516
6512
513d
7f34
6516
6512
7f30
513d
6516
2312
6b11
4a91
6595
6591
4a95
6e15
2316
1e12
1f12
6e12
6e12
1f16
1e16
7512
7914
1e12
1f12
1f16
1e16
1e12
1f12
1f16
1e16
1e12
1f12
1f16
1e16
1e12
1f12
1f16
1e16
2312
6e11
4a91
6595
7b91
4a95
6f15
2316
2416
2416
2416
2416
2416
2416
2412
2412
2416
2416
2416
2416
2416
2416
2416
2416
2416
2416
2416
2416
2416
2416
2416
2416
2312
6f11
4a91
6595
6591
4a95
7315
7215
2f35
3f31
e634
e634
e634
3f31
e634
e634
e634
e634
e634
e634
e630
e630
e630
e630
e630
3f3d
e630
e630
e630
e630
2f35
3f31
7211
7311
4a91
6595
0000
0004
1000
0000
3b3a
00da
14b1
14b1
6915
6715
4331
24b5
4331
24b5
4331
24b5
4331
24b5
4331
24b5
4331
24b5
4331
4331
4331
4331
4331
1b31
2731
2631
2531
4331
4331
4331
6711
6911
14b5
14b5
14b1
14b1
6815
6615
5032
14b5
5032
14b5
5032
14b5
5032
14b5
5032
14b5
5032
14b5
5032
5032
5032
3d32
3c32
1a31
0f31
1331
1931
2532
3d32
3c32
6611
6811
14b5
14b5
14b1
14b1
6a15
7115
693a
14b5
693a
14b5
693a
14b5
693a
14b5
693a
14b5
693a
14b5
693a
693a
693a
3532
3632
2831
1031
1131
1231
7830
3532
3632
7111
6a11
14b5
14b5
14b1
14b1
6b15
7115
7130
14b5
7130
14b5
7130
14b5
7130
14b5
7130
14b5
7130
14b5
7130
7130
7130
7130
7130
0930
3d31
2931
1931
7830
7130
7130
7111
6b11
14b5
14b5
14b1
14b1
6b15
7115
7130
14b5
7130
14b5
7130
14b5
7130
14b5
7130
14b5
7130
14b5
7130
7130
7130
7130
7130
0930
3c31
2a31
1931
7830
7130
7130
7111
6b11
14b5
14b5
14b1
14b1
6e15
7115
7130
14b5
7130
14b5
7130
14b5
7130
14b5
7130
14b5
7130
14b5
7130
7130
7130
7130
7130
0930
3b31
2b31
3231
7830
7130
7130
7111
6e11
14b5
14b5
14b1
14b1
6f15
7115
2432
14b5
2432
14b5
2432
14b5
2432
14b5
2432
14b5
2432
14b5
2432
2432
2432
2432
2432
8736
3f31
7c31
7c31
2636
2432
2432
7111
6f11
14b5
14b5
14b1
14b1
7315
7215
e630
14b5
e630
14b5
e630
14b5
e630
14b5
e630
14b5
e630
14b5
e630
e630
e630
e630
e630
e630
e630
e630
e630
1961
1a61
e630
7211
7311
14b5
14b5
0000
0404
1000
0040
3b3a
0000
4336
4436
4536
4336
4436
4536
4335
4335
4335
4532
4432
4332
4532
4432
4332
4335
3c36
3d36
2036
2536
2836
2836
2836
2836
2836
2836
2836
2836
2532
2032
3d32
3c32
3636
3536
7934
7830
7930
7930
7930
7930
7930
7930
7930
7930
7834
7930
3532
3632
7934
7934
7934
7830
7930
7930
7930
7930
7930
7930
7930
6e30
7834
7930
7930
7930
753a
7934
7934
7830
7930
5632
5532
5532
5532
5532
5532
5932
5c32
7930
3932
7930
7934
7934
7934
7830
7930
4b32
5132
5132
5132
5132
5232
5a32
5b32
7930
7930
7930
2436
2436
2436
2632
2732
5732
5332
5332
5332
5332
5432
5e32
5d32
2432
2432
2432
e634
2f31
e634
e634
e634
e630
e630
e630
e630
3f35
e630
e630
e630
e630
3f35
2f31
4736
4636
4836
4736
4636
4836
4335
4335
4335
4832
4632
4732
4832
4632
4732
4335
3c36
3d36
2036
2536
2836
2836
2836
2836
2836
2836
2836
2836
2532
2032
3d32
3c32
3636
3536
7934
7830
7730
7730
7730
7730
7730
7730
7730
7730
7834
7930
3532
3632
7934
7934
7934
7830
7730
7730
7730
7730
7730
7730
7730
6f30
7834
7930
7930
7930
753a
7934
7934
7830
7730
6032
7030
7030
7030
7030
7030
5832
5c32
7930
3932
7930
7934
7934
7934
7830
7730
6132
5132
5132
5132
5132
5232
5a32
5b32
7930
7930
7930
2436
2436
2436
2632
2732
6232
5332
5332
5332
5332
5432
5e32
5d32
2432
2432
2432
e634
2f31
e634
e634
e634
e630
e630
e630
e630
3f35
e630
e630
e630
e630
3f35
2f31
5f91
53b1
4eb1
50b1
0990
0990
0990
0990
0990
0990
0990
0990
0990
0990
0990
0990
0990
0990
0990
0990
0990
0990
0990
0990
0990
0990
0990
0990
0990
0990
0990
5f95
5e91
4f91
4d91
4c91
5291
5291
5291
5291
5291
b790
af90
c190
c290
c390
c490
5291
5291
bf90
c090
c190
c290
c390
c490
5291
5295
5295
5295
5295
4c95
4d95
4f95
5e95
5f81
53b1
4eb1
50b1
0980
0980
0980
0980
0980
0980
0980
0980
0980
0980
0980
0980
0980
0980
0980
0980
0980
0980
0980
0980
0980
0980
0980
0980
0980
0980
0980
5f85
5e81
4f81
4d81
4c81
5281
5281
5281
5281
5281
b790
af90
c190
c290
c390
c490
5281
5281
bf90
c090
c190
c290
c390
c490
5281
5285
5285
5285
5285
4c85
4d85
4f85
5e85
5fb1
53b1
4eb1
50b1
09b0
09b0
09b0
09b0
09b0
09b0
09b0
09b0
09b0
09b0
09b0
09b0
09b0
09b0
09b0
09b0
09b0
09b0
09b0
09b0
09b0
09b0
09b0
09b0
09b0
09b0
09b0
5fb5
5eb1
4fb1
4db1
4cb1
52b1
52b1
52b1
52b1
52b1
b790
af90
c190
c290
c390
c490
52b1
52b1
bf90
c090
c190
c290
c390
c490
52b1
52b5
52b5
52b5
52b5
4cb5
4db5
4fb5
5eb5
09b0
09b0
09b0
09b0
09b0
09b0
09b0
09b0
09b0
09b0
09b0
09b0
09b0
09b0
09b0
09b0
09b0
09b0
09b0
09b0
09b0
09b0
09b0
09b0
09b0
09b0
09b0
09b0
09b0
09b0
09b0
09b0
09b0
09b0
09b0
09b0
09b0
09b0
09b0
09b0
09b0
09b0
09b0
09b0
09b0
09b0
09b0
09b0
09b0
09b0
09b0
09b0
09b0
09b0
09b0
09b0
09b0
09b0
09b0
09b0
09b0
09b0
09b0
09b0
65b1
49b5
6935
6735
4331
4335
4336
4436
4536
4336
4436
4536
6731
6931
49b1
0934
0934
49b5
6935
6735
2631
4532
4432
4332
4532
4432
4332
4331
6731
6931
49b1
65b5
65b1
4ab5
6835
6635
6632
6632
6632
6632
6632
6632
6632
6632
2132
6831
4ab1
0934
0934
4ab5
6835
2136
2036
2032
2032
2032
2032
2032
2032
2032
2132
6831
4ab1
65b5
65b1
4ab5
6a35
7135
7530
7430
7430
7430
7430
7534
7934
7934
2332
6a31
4ab1
0934
0934
4ab5
6a35
2336
7134
a932
aa32
ab32
7130
7130
7130
7130
2332
6a31
4ab1
65b5
65b1
4bb5
6b35
7135
4a36
3a32
3a32
3a32
3a32
4a32
7934
7934
2332
6b31
4bb1
0934
0934
4bb5
6b35
2336
7134
a132
a232
a332
a432
a532
7134
7134
2332
6b31
4bb1
65b5
65b1
4ab5
6b35
7135
7538
e93c
e93c
e93c
e93c
753c
3736
7134
2332
6b31
4ab1
0934
0934
4ab5
6b35
2336
7134
3732
7134
7134
7134
7134
7134
7134
2332
6b31
4ab1
65b5
65b1
4ab5
6e35
7135
7934
7934
7934
7934
7934
7934
7934
7934
2332
6e31
4ab1
0934
0934
4ab5
6e35
2336
7134
7134
7134
7134
7134
7134
7134
7134
2332
6e31
4ab1
65b5
7bb1
4ab5
6f35
7135
2432
2432
2432
2432
2432
2432
2432
2432
2332
6f31
4ab1
0934
0934
4ab5
6f35
2336
2436
2436
2436
2436
2436
2436
2436
2436
2332
6f31
4ab1
65b5
65b1
4ab5
7335
7235
e634
e630
e630
e630
e630
e630
e630
e630
7231
7331
4ab1
0934
0934
4ab5
7335
7235
e630
e630
2f31
3f35
e630
e630
e630
2f31
7231
7331
4ab1
65b5
0000
0004
1000
0000
3b10
0000
65b1
49b5
6935
6735
2335
2335
2335
2335
2335
2335
2335
2335
6731
6931
49b1
0934
0934
49b5
6935
6735
2335
2335
2335
2335
2335
2335
2335
2335
6731
6931
49b1
65b5
65b1
4ab5
6835
2136
2012
2012
2012
2012
2012
2012
2016
2016
2132
6831
4ab1
0934
0934
4ab5
6835
2136
2012
2012
2012
2012
2012
2012
2012
2012
2132
6831
4ab1
65b5
65b1
4ab5
6a35
2336
6a12
6a16
6a12
6a16
6a12
6a16
7914
7914
2332
6a31
4ab1
0934
0934
4ab5
6a35
2336
7910
a912
aa12
ab12
7110
7612
7712
7a12
2332
6a31
4ab1
65b5
65b1
4bb5
6b35
2336
6512
6516
6512
6516
6512
6516
7914
7914
2332
6b31
4bb1
0934
0934
4bb5
6b35
2336
7910
a612
a712
a812
a512
7412
7d12
7b12
2332
6b31
4bb1
65b5
65b1
4ab5
6b35
2336
6512
6516
6512
6516
6512
6516
3716
7114
2332
6b31
4ab1
0934
0934
4ab5
6b35
2336
7110
3712
7910
7910
7910
7a1e
7912
7c12
2332
6b31
4ab1
65b5
65b1
4ab5
6e35
2336
1e12
1e16
1e12
1e16
1e12
1e16
7914
7914
2332
6e31
4ab1
0934
0934
4ab5
6e35
2336
7910
7910
7910
7910
7910
7910
7910
7910
2332
6e31
4ab1
65b5
7bb1
4ab5
6f35
2336
2412
2412
2412
2412
2412
2412
2416
2416
2332
6f31
4ab1
0934
0934
4ab5
6f35
2336
2412
2412
2412
2412
2412
2412
2412
2412
2332
6f31
4ab1
65b5
65b1
4ab5
7335
7235
2f31
3f35
2f31
2f35
2f31
3f35
2f31
2f35
7231
7331
4ab1
0934
0934
4ab5
7335
7235
e634
e634
e634
3f31
2f31
3f35
2f31
2f35
7231
7331
4ab1
65b5
0000
0004
1000
0000
3b10
0000
65b1
49b5
6935
6735
4331
4331
4331
4331
4331
4335
4335
4335
6731
6931
49b1
0934
0934
49b5
6935
6735
2335
2335
2335
2335
2335
2335
2335
2335
6731
6931
49b1
65b5
65b1
4ab5
6835
2136
0328
0a69
0a69
0a69
0a69
0328
0328
0328
2132
6831
4ab1
0934
0934
4ab5
6835
2136
e33a
243a
243a
243a
243a
243a
e33e
0328
2132
6831
4ab1
65b5
65b1
4ab5
6a35
2336
166d
1935
1335
0f35
1a35
1669
d212
0328
2332
6a31
4ab1
0934
0934
4ab5
6a35
2336
4d32
a932
aa32
ab32
7130
7130
4d36
0328
2332
6a31
4ab1
65b5
65b1
4bb5
6b35
2336
166d
1235
1135
1035
2835
1669
0328
0328
2332
6b31
4bb1
0934
0934
4bb5
6b35
2336
4d32
b232
b332
b432
b532
a532
4d36
0328
2332
6b31
4bb1
65b5
65b1
4ab5
6b35
2336
166d
1935
2a35
2a35
3e35
1669
3736
0328
2332
6b31
4ab1
0934
0934
4ab5
6b35
2336
4d32
3732
7130
7130
7130
7130
4d36
0328
2332
6b31
4ab1
65b5
65b1
4ab5
6e35
2336
0328
0a61
0a61
0a61
0a61
0328
0328
0328
2332
6e31
4ab1
0934
0934
4ab5
6e35
2336
e332
2432
2432
2432
2432
2432
e336
0328
2332
6e31
4ab1
65b5
7bb1
4ab5
6f35
2336
4771
fb74
4771
fb74
4771
fb74
4771
4771
2332
6f31
4ab1
0934
0934
4ab5
6f35
2336
4771
4771
4771
4771
4771
4771
4771
4771
2332
6f31
4ab1
65b5
65b1
4ab5
7335
7235
2f31
3f35
2f31
2f35
2f31
3f35
2f31
2f35
7231
7331
4ab1
0934
0934
4ab5
7335
7235
e634
e634
e634
3f31
2f31
3f35
2f31
2f35
7231
7331
4ab1
65b5
0400
0004
1040
0000
3b10
0000
65b1
49b5
6935
2315
2315
2315
2315
2315
2315
2315
2315
2315
6731
6931
49b1
0934
0934
49b5
6935
6735
2631
2315
2315
2315
2315
2315
2315
2e12
6731
6931
49b1
65b5
65b1
4ab5
6835
6635
0930
0930
2512
2012
5012
5012
5012
2012
2132
6831
4ab1
0934
0934
4ab5
6835
2136
2012
2012
2012
2012
2012
2012
2f12
2b12
2132
6831
4ab1
65b5
65b1
4ab5
6a35
7135
0930
0930
7810
7914
691a
691a
691a
7914
2332
6a31
4ab1
0934
0934
4ab5
6a35
2336
7910
a912
aa12
ab12
7914
7914
3312
3212
2332
6a31
4ab1
65b5
65b1
4bb5
6b35
7135
0930
0930
7810
7914
7914
7914
7914
7914
2332
6b31
4bb1
0934
0934
4bb5
6b35
2336
7910
bb12
ba12
b912
b812
a512
3012
3112
2332
6b31
4bb1
65b5
65b1
4ab5
6b35
7135
0934
0934
7810
7914
7914
7914
3716
7914
2332
6b31
4ab1
0934
0934
4ab5
6b35
2336
7910
3732
7910
7910
7910
7910
7910
7910
2332
6b31
4ab1
65b5
65b1
4ab5
6e35
7135
3b35
3b35
7810
7914
7914
7914
7914
7914
2332
6e31
4ab1
0934
0934
4ab5
6e35
2336
7914
7914
7914
7914
7914
7914
7914
7914
2332
6e31
4ab1
65b5
7bb1
4ab5
6f35
7135
3f35
2f35
2616
2412
2412
2412
2412
2412
2332
6f31
4ab1
0934
0934
4ab5
6f35
2336
2412
2412
2412
2412
2412
2412
2412
2412
2332
6f31
4ab1
65b5
65b1
4ab5
7335
7235
e634
e634
e634
3f31
e634
e614
e614
e614
7231
7331
4ab1
0934
0934
4ab5
7335
7235
e630
3f31
2f31
e630
e630
e630
e630
3f31
7231
7331
4ab1
65b5
0800
0004
1200
0000
3b10
0000
65b1
49b5
6935
6735
2535
2635
2735
1b35
2535
2535
2535
2635
6731
6931
49b1
0934
0934
49b5
6935
6735
2335
2335
2335
2335
2335
2335
2335
2335
6731
6931
49b1
65b5
65b1
4ab5
6835
6635
1935
1335
0f35
1a35
2532
3d32
3c32
2032
2132
6831
4ab1
0934
0934
4ab5
6835
2136
3d32
3c32
2032
2032
2032
3d32
3c32
2032
2132
6831
4ab1
65b5
65b1
4ab5
6a35
7135
1235
1135
1035
2835
7830
3532
3632
7934
2332
6a31
4ab1
0934
0934
4ab5
6a35
2336
3532
3632
a932
aa32
ab32
3532
3632
7130
2332
6a31
4ab1
65b5
65b1
4bb5
6b35
7135
1935
2a35
2a35
3e35
7830
7934
7934
7934
2332
6b31
4bb1
0934
0934
4bb5
6b35
2336
7130
7130
bc32
bd32
be32
bf32
c032
c132
2332
6b31
4bb1
65b5
65b1
4ab5
6b35
7135
1935
2a35
2a35
3e35
7830
7934
3716
7934
2332
6b31
4ab1
0934
0934
4ab5
6b35
2336
7130
3732
c232
c332
c432
c532
c632
7130
2332
6b31
4ab1
65b5
65b1
4ab5
6e35
7135
3235
2b35
2b35
3b35
7830
7934
7934
7934
2332
6e31
4ab1
0934
0934
4ab5
6e35
2336
7130
7130
7130
7130
7130
7130
7130
7130
2332
6e31
4ab1
65b5
7bb1
4ab5
6f35
7135
2f35
2f35
2f35
2f35
2636
2432
2432
2432
2332
6f31
4ab1
0934
0934
4ab5
6f35
2336
2432
2432
2432
2432
2432
2432
2432
2432
2332
6f31
4ab1
65b5
65b1
4ab5
7335
7235
3f35
e634
e634
e634
e634
e634
e634
e634
7231
7331
4ab1
0a20
0a20
4ab5
7335
7235
2f31
2f31
2f31
2f31
2f31
2f31
3f35
2f31
7231
7331
4ab1
65b5
0800
0004
1080
0000
3b10
0000
65b1
49b5
6935
6735
4331
4335
4336
4436
4536
4336
4436
4536
6731
6931
49b1
0934
0934
49b5
6935
6735
2631
4532
4432
4332
4532
4432
4332
4331
6731
6931
49b1
65b5
65b1
4ab5
6835
6635
c076
bf76
bf76
b676
e472
e572
e672
e772
2132
6831
4ab1
0934
0934
4ab5
6835
2136
2032
2032
2032
2032
2032
2032
2032
8332
6631
6831
4ab1
65b5
65b1
4ab5
6a35
7135
c176
ba72
bb72
b876
ed72
ec72
eb72
e872
2332
6a31
4ab1
0934
0934
4ab5
6a35
2336
e932
e832
e732
e632
f632
f732
f832
7432
7131
6a31
4ab1
65b5
65b1
4bb5
6b35
7135
c276
7672
7572
bd76
ee72
ef72
ea72
e972
2332
6b31
4bb1
0934
0934
4bb5
6b35
2336
d932
d832
d732
d632
a932
aa32
ea32
7432
7131
6b31
4bb1
65b5
65b1
4ab5
6b35
7135
c876
7d72
7e72
c376
e630
e630
e630
e630
2332
6b31
4ab1
0934
0934
4ab5
6b35
2336
7130
7130
7130
7130
7130
7130
7130
7a3e
7131
6b31
4ab1
65b5
65b1
4ab5
6e35
7135
c676
8672
8772
c476
e630
e630
e630
e630
2332
6e31
4ab1
0934
0934
4ab5
6e35
2336
7130
7130
7130
7130
7130
7130
7130
7130
7131
6e31
4ab1
65b5
7bb1
4ab5
6f35
7135
c776
3e72
3e72
c576
b970
b970
b970
b970
2332
6f31
4ab1
0934
0934
4ab5
6f35
2336
2432
2432
2432
2432
2432
2432
2432
2432
7131
6f31
4ab1
7bb5
65b1
4ab5
7335
7235
7c31
2c31
2d31
2e31
7c31
7c31
7c31
7c31
7231
7331
4ab1
0934
0934
4ab5
7335
7235
7c31
7c31
7c31
7c31
7c31
7c31
7c31
7c31
7231
7331
4ab1
65b5
0000
0004
1000
0000
3b10
0000
65b1
49b5
6935
6735
2331
2331
2331
1b31
2731
2631
2531
2431
6731
6931
49b1
0934
0934
49b5
6935
6735
2631
4532
4432
4332
4532
4432
4332
4331
6731
6931
49b1
65b5
65b1
4ab5
6835
6635
6636
6636
2536
1a31
0f31
1331
1931
1531
2132
6831
4ab1
0934
0934
4ab5
6835
2136
2032
2032
2032
2032
2032
2032
2032
6632
2132
6831
4ab1
65b5
65b1
4ab5
6a35
7135
6832
6832
7834
0934
1031
1131
1231
1431
2332
6a31
4ab1
0934
0934
4ab5
6a35
2336
e932
e832
e732
e632
f632
f732
f832
6836
2332
6a31
4ab1
65b5
65b1
4bb5
6b35
7135
7930
7930
7834
0934
0930
2931
1931
1431
2332
6b31
4bb1
0934
0934
4bb5
6b35
2336
e432
da32
d932
d832
d732
d632
7130
7934
2332
6b31
4bb1
65b5
65b1
4ab5
6b35
7135
7930
7930
7834
0930
3c31
2a31
1931
1431
2332
6b31
4ab1
0934
0934
4ab5
6b35
2336
a932
aa32
ea32
7130
7130
7130
7130
7130
2332
6b31
4ab1
65b5
65b1
4ab5
6e35
7135
7930
7930
7834
3b31
3b31
2b31
3231
1431
2332
6e31
4ab1
0934
0934
4ab5
6e35
2336
7130
7130
7130
7130
7130
7130
7130
7130
2332
6e31
4ab1
65b5
7bb1
4ab5
6f35
7135
2436
2436
2632
2f31
2f35
2f35
3f35
1431
2332
6f31
4ab1
0934
0934
4ab5
6f35
2336
2432
2432
2432
2432
2432
2432
2432
2432
2332
6f31
4ab1
65b5
65b1
4ab5
7335
7235
e630
e630
e630
e630
e630
e630
e630
3f31
7231
7331
4ab1
0a20
0a20
4ab5
7335
7235
7c31
7c31
7c31
7c31
7c31
7c31
7c31
7c31
7231
7331
4ab1
65b5
0100
0004
1010
0000
3b10
0000
6591
4995
6915
6715
2315
2315
2315
2315
2315
2315
2315
2315
6731
6931
49b1
0934
0934
49b5
6935
6735
2315
2315
2315
2315
2315
2315
2315
2315
6711
6911
4991
6595
6591
4a95
6815
2116
c056
bf56
bf56
b656
e472
e572
e672
e772
2132
6831
4ab1
0934
0934
4ab5
6835
2136
2012
2012
2012
2012
2012
2012
2012
2012
2112
6811
4a91
6595
6591
4a95
6a15
2316
c156
5111
5111
b856
ed72
ec72
eb72
e872
2332
6a31
4ab1
0934
0934
4ab5
6a35
2336
e912
e812
b910
b610
b810
7612
7712
7a12
2312
6a11
4a91
6595
6591
4b95
6b15
2316
c256
7652
7552
bd56
ee72
ef72
ea72
e972
2332
6b31
4bb1
0934
0934
4bb5
6b35
2336
d912
d812
d712
d612
d512
7412
7f12
7b12
2312
6b11
4b91
6595
6591
4a95
6b15
2316
c856
7d52
7e52
c356
0210
0210
0210
0210
2332
6b31
4ab1
0934
0934
4ab5
6b35
2336
d512
d512
d512
d512
d512
7412
8012
7b12
2312
6b11
4a91
6595
6591
4a95
6e15
2316
c656
8652
8752
c456
0210
0210
0210
0210
2332
6e31
4ab1
0934
0934
4ab5
6e35
2336
d512
d512
d512
d512
d512
7a1e
7912
7c12
2312
6e11
4a91
6595
7b91
4a95
6f15
2316
c756
3e52
3e52
c556
b950
b950
b950
b950
2332
6f31
4ab1
0934
0934
4ab5
6f35
2336
2412
2412
2412
2412
2412
2412
2412
2412
2312
6f11
4a91
6595
6591
4a95
7315
7215
2f11
3f15
2f11
2f15
2f11
3f15
2f11
2f15
7231
7331
4ab1
0934
0934
4ab5
7335
7235
e614
e614
e614
3f11
2f11
3f15
2f11
2f15
7211
7311
4a91
6595
0000
0004
1000
0000
3b3a
0000
9bb0
9bb0
6935
6735
4335
4335
4335
4335
4335
4335
4335
4335
6731
6931
49b1
7bb1
7bb1
49b5
6935
6735
4331
4331
4331
4331
4331
4331
4331
4331
6731
6931
9bb4
9bb4
c3f3
c3f7
6835
6635
e634
e634
c076
bf76
bf72
bf72
bf72
c072
2132
6831
4ab1
0934
0934
4ab5
6835
2136
c076
bf76
bf76
bf76
bf72
c072
e630
e630
6631
6831
c3f3
c3f7
c3f3
c3f7
6a35
7135
e634
e634
c176
5131
5135
bc76
5135
c172
2332
6a31
4ab1
0934
0934
4ab5
6a35
2336
c176
5131
bc72
5131
5135
c172
e630
e630
7131
6a31
c3f3
c3f7
c3f3
c3f7
6b35
7135
e634
e634
c276
5131
5139
5139
5135
c272
2332
6b31
4bb1
0934
0934
4bb5
6b35
2336
c276
5135
477a
487a
4b7a
c272
e630
e630
7131
6b31
c3f3
c3f7
c3f3
c3f7
6b35
7135
e634
e634
c276
5135
b976
5135
5135
c272
2332
6b31
4ab1
0934
0934
4ab5
6b35
2336
c276
bb7e
5139
477a
5135
c272
e630
e630
7131
6b31
c3f3
c3f7
c3f3
c3f7
6e35
7135
e634
e634
c276
bc72
5131
4772
5135
c272
2332
6e31
4ab1
0934
0934
4ab5
6e35
2336
c276
513d
b97e
513d
5135
c272
e630
e630
7131
6e31
c3f3
c3f7
c3f3
c3f7
6f35
7135
e634
e634
c07e
bf7e
bf7e
bf7e
bf7a
c07a
2332
6f31
4ab1
0934
0934
4ab5
6f35
2336
c07e
bf7e
bf7a
bf7a
bf7a
c07a
e630
e630
7131
6f31
c3f3
c3f7
c3f3
c3f7
7335
7235
2736
2736
2736
2736
2736
2736
2736
2736
7231
7331
4ab1
0934
0934
4ab5
7335
7235
2732
2732
2732
2732
2732
2732
2732
2732
7231
7331
c3f3
c3f7
0000
0004
1000
0000
3b10
0000
65b1
49b5
6935
6735
4331
4335
4336
4436
4536
4336
4436
4536
6731
6931
49b1
93b8
93bc
49b5
6935
6735
2631
4532
4432
4332
4532
4432
4332
4331
6731
6931
49b1
65b5
65b1
4ab5
6835
6635
982c
972c
9728
9828
982c
972c
9728
9828
2132
6831
4ab1
8ab0
8abc
4ab5
6835
2136
2032
2032
2032
2032
2032
2032
2032
2032
2132
6831
4ab1
65b5
65b1
4ab5
6a35
7135
9824
9724
9720
9820
9824
9724
9720
9820
2332
6a31
4ab1
8ab0
8abc
4ab5
6a35
2336
2b30
5d30
5c30
5b30
6a32
6a36
6a32
6a36
2332
6a31
4ab1
65b5
65b1
4bb5
6b35
7135
982c
972c
9728
9828
982c
972c
9728
9828
2332
6b31
4bb1
8ab0
8abc
4bb5
6b35
2336
7130
a932
aa32
ea32
6532
6536
6532
6536
2332
6b31
4bb1
65b5
65b1
4ab5
6b35
7135
9824
9724
9720
9820
9824
9724
9720
9820
2332
6b31
4ab1
8ab0
8abc
4ab5
6b35
2336
7130
7130
7130
7130
6532
6536
6532
6536
2332
6b31
4ab1
65b5
65b1
4ab5
6e35
7135
982c
972c
9728
9828
982c
972c
9728
9828
2332
6e31
4ab1
8ab0
8abc
4ab5
6e35
2336
7130
7130
7130
7130
1e32
1e36
1e32
1e36
2332
6e31
4ab1
65b5
7bb1
4ab5
6f35
7135
9824
9724
9720
9820
9824
9724
9720
9820
2332
6f31
4ab1
8ab0
8abc
4ab5
6f35
2336
2432
2432
2432
2432
2432
2432
2432
2432
2332
6f31
4ab1
65b5
65b1
4ab5
7335
7235
e634
e630
e630
e630
e630
e630
e630
e630
7231
7331
4ab1
93b0
93b4
4ab5
7335
7235
e630
e630
2f31
3f35
e630
e630
e630
2f31
7231
7331
4ab1
65b5
0000
0004
1000
0000
3b10
0000
65a1
4aa5
aa64
a964
0a20
0a20
0a20
0a20
0a20
0a20
0a20
0a20
0a20
0a20
0a20
0a20
0a20
0a20
0a20
0a20
0a20
0a20
0a20
0a20
0a20
0a20
0a20
0a20
a960
aa60
4aa1
65a5
65a1
4aa5
ab64
ac64
0220
c460
c560
c660
c664
d260
d260
d160
0220
0220
0220
7930
7930
7930
7930
7930
7930
6a32
6b36
6b36
6b36
6b36
6a36
4d36
ac60
ab60
4aa1
65a5
65a1
4aa5
0d24
ad64
0220
c860
c760
cb60
cb64
cd60
3c61
d060
0220
0220
0220
7930
a932
aa32
ab32
7930
7930
6532
5101
5101
5101
5101
6536
4d36
ad60
0d20
4aa1
65a5
65a1
4ba5
0d24
ad64
0220
c960
ca60
cc60
cc64
ca64
ce60
cf60
0224
0220
0224
7930
a132
a232
a332
a432
a532
6532
5101
5101
5101
5101
6536
4d36
ad60
0d20
4ba1
65a5
65a1
4aa5
0d24
ad64
0220
d760
da60
dd60
dd64
da64
e160
e260
0220
3736
0220
7930
7930
7930
7930
7930
753a
6532
5101
5101
5101
5101
6536
4d36
ad60
0d20
4aa1
65a5
65a1
4aa5
0d24
ad64
0220
d860
db60
dc60
dc64
db64
e060
e360
0220
0224
0220
7930
7930
7930
7930
7930
7930
1e32
1f32
6e36
6e36
1f36
1e36
4d36
ad60
0d20
4aa1
65a5
65a1
4aa5
b164
ae64
b960
d960
de60
df60
df64
de64
e560
e460
b960
b960
b960
2432
2432
2432
2432
2432
2432
2432
2432
2432
2432
2432
2432
e336
ae60
b160
4aa1
65a5
65a1
4aa5
b064
af64
0b20
0b20
e634
0b20
0b20
0b20
0b20
0b20
0b20
0b20
0b20
0b20
0b24
0b20
0b20
0b20
0b24
0b24
0b24
0b24
0b24
0b24
0b20
0b20
af60
b060
4aa1
65a5
0000
0004
1000
0000
3b9a
00ae
6591
4a95
aa74
a974
0a30
0a30
0a30
0a30
0a30
0a30
0a30
0a30
0a30
0a30
0a30
0a30
0a30
0a30
0a30
0a30
0a30
0a30
0a30
0a30
0a30
0a30
0a30
0a30
a970
aa70
4a91
6595
6591
4a95
ab74
ac74
0220
c460
c560
c660
c664
d260
d260
d160
0224
0224
0224
7910
7910
7910
7910
7910
7910
6a12
6b16
6b16
6b16
6b16
6a16
4d16
ac70
ab70
4a91
6595
6591
4a95
0d34
ad74
0220
c860
c760
cb60
cb64
cd60
d360
d060
0224
0224
0224
7910
a912
aa12
ab12
7910
7910
6512
5111
5111
5111
5111
6516
4d16
ad70
0d30
4a91
6595
6591
4b95
0d34
ad74
0220
c960
ca60
cc60
cc64
ca64
ce60
cf60
0224
0224
0224
7910
a612
a712
a812
a512
7910
6512
5111
5111
5111
5111
6516
4d16
ad70
0d30
4b91
6595
6591
4a95
0d34
ad74
0220
d760
da60
dd60
dd64
da64
e160
e260
0224
3736
0224
7910
7910
7910
7910
7910
751a
6512
5111
5111
5111
5111
6516
4d16
ad70
0d30
4a91
6595
6591
4a95
0d34
ad74
0220
d860
db60
dc60
dc64
db64
e060
e360
0224
0224
0224
7910
7910
7910
7910
7910
7910
1e12
1f12
6e16
6e16
1f16
1e16
4d16
ad70
0d30
4a91
6595
6591
4a95
b174
ae74
b960
d960
de60
df60
df64
de64
e560
e460
b960
b960
b960
2412
2412
2412
2412
2412
2412
2412
2412
2412
2412
2412
2412
e316
ae70
b170
4a91
6595
6591
4a95
b074
af74
0b30
0b30
0b30
0b30
0b30
0b30
0b30
0b30
0b30
0b30
0b30
0b30
0b34
0b30
0b30
0b30
0b34
0b34
0b34
0b34
0b34
0b34
0b30
0b30
af70
b070
4a91
6595
0000
0004
1000
0000
3b64
00ae
65b1
4ab5
aa54
a954
0a10
0a10
0a10
0a10
0a10
0a10
0a10
0a10
0a10
0a10
0a10
0a10
0a10
0a10
0a10
0a10
0a10
0a10
0a10
0a10
0a10
0a10
0a10
0a10
a950
aa50
4ab1
65b5
65b1
4ab5
ab54
ac54
0220
c460
c560
c660
c664
d260
d260
d160
0224
0224
0224
7930
7930
7930
7930
7930
7930
6a32
6b36
6b36
6b36
6b36
6a36
4d36
ac50
ab50
4ab1
65b5
65b1
4ab5
0d14
ad54
0220
c860
c760
cb60
cb64
cd60
d460
d060
0220
0220
0220
7930
a932
aa32
ab32
7930
7930
6532
5131
5131
5131
5131
6536
4d36
ad50
0d10
4ab1
65b5
65b1
4bb5
0d14
ad54
0220
c960
ca60
cc60
cc64
ca64
ce60
cf60
0224
0220
0224
7930
b232
b332
b432
b532
a532
6532
5131
5131
5131
5131
6536
4d36
ad50
0d10
4bb1
65b5
65b1
4ab5
0d14
ad54
0220
d760
da60
dd60
dd64
da64
e160
e260
0220
3736
0220
7930
7930
7930
7930
7930
753a
6532
5131
5131
5131
5131
6536
4d36
ad50
0d10
4ab1
65b5
65b1
4ab5
0d14
ad54
0220
d860
db60
dc60
dc64
db64
e060
e360
0220
0224
0220
7930
7930
7930
7930
7930
7930
1e32
1f32
6e36
6e36
1f36
1e36
4d36
ad50
0d10
4ab1
65b5
65b1
4ab5
b154
ae54
b960
d960
de60
df60
df64
de64
e560
e460
b960
b960
b960
2432
2432
2432
2432
2432
2432
2432
2432
2432
2432
2432
2432
e336
ae50
b150
4ab1
65b5
65b1
4ab5
b054
af54
0b10
0b10
0b10
0b10
0b10
0b10
0b10
0b10
0b10
0b10
0b10
0b10
0b14
0b10
0b10
0b10
0b14
0b14
0b14
0b14
0b14
0b14
0b10
0b10
af50
b050
4ab1
65b5
0000
0004
1000
0000
3bd0
00ae
65a1
4aa5
aa64
a964
0a20
0a20
0a20
0a20
0a20
0a20
0a20
0a20
0a20
0a20
0a20
0a20
0a20
0a20
0a20
0a20
0a20
0a20
0a20
0a20
0a20
0a20
0a20
0a20
a960
aa60
4aa1
65a5
65a1
4aa5
ab64
ac64
0220
c460
c560
c660
c664
d260
d260
d160
0224
0224
0224
7910
7910
7910
7910
7910
7910
6a12
6b16
6b16
6b16
6b16
6a16
4d16
ac60
ab60
4aa1
65a5
65a1
4aa5
0d24
ad64
0220
c860
c760
cb60
cb64
cd60
d560
d060
0224
0224
0224
7910
a912
aa12
ab12
7910
7910
6512
5111
5111
5111
5111
6516
4d16
ad60
0d20
4aa1
65a5
65a1
4ba5
0d24
ad64
0220
c960
ca60
cc60
cc64
ca64
ce60
cf60
0224
0224
0224
7910
bb12
ba12
b912
b812
a512
6512
5111
5111
5111
5111
6516
4d16
ad60
0d20
4ba1
65a5
65a1
4aa5
0d24
ad64
0220
d760
da60
dd60
dd64
da64
e160
e260
0224
3736
0224
7910
7910
7910
7910
7910
751a
6512
5111
5111
5111
5111
6516
4d16
ad60
0d20
4aa1
65a5
65a1
4aa5
0d24
ad64
0220
d860
db60
dc60
dc64
db64
e060
e360
6660
6c60
8663
7910
7910
7910
7910
7910
7910
1e12
1f12
6e16
6e16
1f16
1e16
4d16
ad60
0d20
4aa1
65a5
65a1
4aa5
b164
ae64
b960
d960
de60
df60
df64
de64
e560
e460
6760
6b60
6d60
2412
2412
2412
2412
2412
2412
2412
2412
2412
2412
2412
2412
e316
ae60
b160
4aa1
65a5
65a1
4aa5
b064
af64
0b20
0b20
0b20
0b20
0b20
0b20
0b20
6960
6860
6a60
6e60
0b20
0b20
0b20
0b20
0b20
0b20
0b20
0b20
0b20
0b20
0b20
e634
0b20
af60
b060
4aa1
65a5
0000
0004
1000
0000
3b9a
00ae
65b1
4ab5
aa64
a964
0a20
0a20
0a20
0a20
0a20
0a20
0a20
0a20
0a20
0a20
0a20
0a20
0a20
0a20
0a20
0a20
0a20
0a20
0a20
0a20
0a20
0a20
0a20
0a20
a960
aa60
4ab1
65b5
65b1
4ab5
ab64
ac64
0220
c460
c560
c660
c664
d260
d260
d160
0224
0224
0224
7930
7930
7930
7930
7930
7930
6a32
6b36
6b36
6b36
6b36
6a36
4d36
ac60
ab60
4ab1
65b5
65b1
4ab5
0d24
ad64
0220
c860
c760
cb60
cb64
cd60
d660
d060
0220
0224
0220
7930
a932
aa32
ab32
7930
7930
6532
5131
5131
5131
5131
6536
4d36
ad60
0d20
4ab1
65b5
65b1
4bb5
0d24
ad64
0220
c960
ca60
cc60
cc64
ca64
ce60
cf60
0224
0224
0224
bc32
bd32
be32
bf32
c032
c132
6532
5131
5131
5131
5131
6536
4d36
ad60
0d20
4bb1
65b5
65b1
4ab5
0d24
ad64
0220
d760
da60
dd60
dd64
da64
e160
e260
0220
3736
0220
c232
c332
c432
c532
c632
753a
6532
5131
5131
5131
5131
6536
4d36
ad60
0d20
4ab1
65b5
65b1
4ab5
0d24
ad64
0220
d860
db60
dc60
dc64
db64
e060
e360
0220
0224
0220
7930
7930
7930
7930
7930
7930
1e32
1f32
6e36
6e36
1f36
1e36
4d36
ad60
0d20
4ab1
65b5
65b1
4ab5
b164
ae64
b960
d960
de60
df60
df64
de64
e560
e460
b960
b960
b960
2432
2432
2432
2432
2432
2432
2432
2432
2432
2432
2432
2432
e336
ae60
b160
4ab1
65b5
65b1
4ab5
b064
af64
0b20
0b20
0b20
0b20
0b20
0b20
0b20
0b20
0b20
0b20
0b20
0b20
0b20
0b20
0b20
0b20
0b20
0b20
0b20
0b20
0b20
0b20
0b20
0b20
af60
b060
4ab1
65b5
0000
0004
1000
0000
3b9a
00ae
65b1
49b5
6935
4331
4331
4331
4411
4511
93b8
f8b8
f8b8
f8b8
f8b8
f8bc
f8bc
93bc
4515
4415
2631
2631
4532
4432
4332
4532
4432
4332
4331
4331
6731
6931
49b1
65b5
65b1
4ab5
6835
2136
7934
7934
4711
4811
8ab0
e7a3
f5a3
80a0
a3a0
a4a0
a5a0
8ab4
4815
4715
6a32
6b32
6b36
6b36
6b36
6a36
7934
7934
7934
7934
2132
6831
4ab1
65b5
65b1
4ab5
6a35
2336
7934
7934
4211
5111
8ab0
03b1
03b1
03b1
03b1
03b1
03b1
8ab4
5115
4215
6532
0900
0904
0904
0904
6536
7934
8961
8a61
7934
2332
6a31
4ab1
65b5
65b1
4bb5
6b35
2336
7934
7934
4211
5111
8ab0
03b1
03b1
03b1
03b1
03b1
03b1
8ab4
5115
4215
6532
0900
0904
0904
0904
6536
7934
8c61
8b61
7934
2332
6b31
4bb1
65b5
65b1
4ab5
6b35
2336
7934
7934
4211
5111
8ab0
03b1
03b1
03b1
03b1
03b1
03b1
8ab4
5115
4215
6532
0900
0904
0904
0904
6536
7934
7934
7934
7934
2332
6b31
4ab1
65b5
65b1
4ab5
6e35
2336
7934
7934
4211
5111
8ab0
03b1
03b1
03b1
03b1
03b1
03b1
8ab4
5115
4215
1e32
1f32
6e32
6e32
1f36
1e36
7532
7934
7934
7934
2332
6e31
4ab1
65b5
7bb1
4ab5
6f35
2336
2432
2432
4211
6411
8ab0
03b1
03b1
03b1
03b1
03b1
03b1
8ab4
6415
4215
2432
2432
2432
2432
2432
2432
2432
2432
2432
2432
2332
6f31
4ab1
65b5
65b1
4ab5
7335
7235
2f31
2f31
4011
4111
93b0
f8b0
f8b0
f8b0
f8b0
f8b0
f8b0
93b4
4115
4015
e630
e630
2f31
3f35
e630
e630
e630
e630
2f31
2f31
7231
7331
4ab1
65b5
0000
0004
1000
0000
3b10
00a8
65b1
49b5
6935
6735
2335
2335
2335
2335
2335
2335
2335
2335
2335
2335
2335
2335
2335
2335
2335
2335
2335
2335
2335
2335
2335
2335
2335
2335
6731
6931
49b1
65b5
65b1
4ab5
6835
2136
982c
9828
982c
9828
982c
9828
7e75
6a32
6b32
6b36
6b36
6b36
6a36
7934
7934
7934
7934
7e75
982c
9828
982c
9828
982c
9828
2132
6831
4ab1
65b5
65b1
4ab5
6a35
2336
9824
9820
9824
9820
9824
9820
7e75
6532
0900
0904
0904
0904
6536
7934
8961
8a61
7934
7e75
9824
9820
9824
9820
9824
9820
2332
6a31
4ab1
65b5
65b1
4bb5
6b35
2336
9828
982c
9828
982c
9828
982c
7e75
6532
0900
0904
0904
0904
6536
7934
8c61
8b61
7934
7e75
9828
982c
9828
982c
9828
982c
2332
6b31
4bb1
65b5
65b1
4ab5
6b35
2336
9820
9824
9820
9824
9820
9824
7e75
6532
0900
0904
0904
0904
6536
7934
7934
7934
7934
7e75
9820
9824
9820
9824
9820
9824
2332
6b31
4ab1
65b5
65b1
4ab5
6e35
2336
982c
9828
982c
9828
982c
9828
7e75
1e32
1f32
6e32
6e32
1f36
1e36
7532
7934
7934
7934
7e75
982c
9828
982c
9828
982c
9828
2332
6e31
4ab1
65b5
7bb1
4ab5
6f35
2336
9824
9820
9824
9820
9824
9820
7e75
2432
2432
2432
2432
2432
2432
2432
2432
2432
2432
7e75
9824
9820
9824
9820
9824
9820
2332
6f31
4ab1
65b5
65b1
4ab5
7335
7235
2f31
3f35
2f31
2f35
2f31
2f31
2f31
2f31
2f31
2f31
2f31
2f31
2f31
2f31
2f31
2f31
2f31
2f31
2f31
2f35
2f31
2f35
2f31
2f35
7231
7331
4ab1
65b5
0000
0004
1000
0000
3b10
009a
6591
4995
6915
6715
2335
2335
2335
2335
2335
2335
2335
2335
2335
2335
2335
2335
2335
2335
2335
2335
2335
2335
2335
2335
2335
2335
2335
2335
6711
6911
4991
6595
6591
4a95
6815
2116
7930
6936
6936
7930
6a32
6b32
6b32
6b32
6b36
6a36
7934
7934
7934
7934
9824
9824
9824
9824
9824
9824
9824
9824
9824
9824
2112
6811
4a91
6595
6591
4a95
6a15
2316
7930
693e
693e
7930
6532
0900
0900
0900
0904
6536
8865
8465
7934
7934
9824
511d
1823
1723
1623
1523
1423
1323
511d
9824
2312
6a11
4a91
6595
6591
4b95
6b15
2316
7930
6936
6936
7930
6532
0900
0900
0900
0904
6536
8765
8565
7934
7934
9824
511d
511d
511d
511d
511d
511d
511d
511d
9824
2312
6b11
4b91
6595
6591
4a95
6b15
2316
7930
693e
693e
7930
6532
0900
0900
0900
0904
6536
7934
7934
7934
7934
9824
511d
511d
511d
511d
511d
511d
511d
511d
9824
2312
6b11
4a91
6595
6591
4a95
6e15
2316
7930
7930
7934
7934
1e32
1f32
6e36
6e36
1f36
1e36
7532
7934
7934
7934
9824
9824
9824
9824
9824
9824
9824
9824
9824
9824
2312
6e11
4a91
6595
7b91
4a95
6f15
2316
2436
2436
2436
2436
2436
2436
2436
2436
2436
2436
2432
2432
2432
2432
2432
2432
2432
2432
2432
2432
2432
2432
2432
2432
2312
6f11
4a91
6595
6591
4a95
7315
7215
2f31
2f35
2f31
2f31
2f31
2f31
2f31
2f31
2f31
2f31
2f31
2f31
2f31
2f31
2f31
2f31
2f31
2f31
2f31
2f31
2f31
2f31
2f31
2f31
7211
7311
4a91
6595
0000
0004
1000
0000
3b3a
0094
65b1
49b5
6935
6735
2335
2335
2335
2335
2335
2335
2335
2335
2335
2335
2335
2335
2335
2335
2335
2335
2335
2335
2335
2335
2335
2335
2335
2335
6731
6931
49b1
65b5
65b1
4ab5
6835
6635
2032
5032
2032
5032
3c36
3d36
6632
6632
6632
6632
6632
6632
6632
6632
6632
6632
6632
6632
3d32
3c32
2f32
2b32
4e32
2032
2132
6831
4ab1
65b5
65b1
4ab5
6a35
7135
7930
693a
7930
693a
3636
3536
7930
7930
7930
7930
7930
7930
7930
7930
7930
7930
7930
7930
3532
3632
3332
3232
3332
7930
2332
6a31
4ab1
65b5
65b1
4bb5
6b35
7135
7930
7930
7930
7930
7930
7930
7930
7930
7930
7930
7930
7930
7930
7930
7930
7930
7930
7930
7930
7930
3032
3132
3032
3132
2332
6b31
4bb1
65b5
65b1
4ab5
6b35
7135
7930
7930
7930
7930
7930
7930
7930
7930
7930
7930
7930
7930
7930
7930
7930
7930
7930
7930
7930
7930
7930
7930
7930
7930
2332
6b31
4ab1
65b5
65b1
4ab5
6e35
7135
7930
7930
7930
7930
7930
7930
7930
7930
7930
7930
7930
7930
7930
7930
7930
7930
7930
7934
7930
7930
7930
7930
7930
7930
2332
6e31
4ab1
65b5
7bb1
4ab5
6f35
7135
2432
2432
2432
2432
2432
2432
2432
2432
2432
2432
2432
2432
2432
2432
2432
2432
2432
2432
2432
2432
2432
2432
2432
2432
2332
6f31
4ab1
65b5
65b1
4ab5
7335
7235
3f35
3f35
2f31
2f31
2f31
2f31
2f31
3f35
2f31
2f31
2f31
2f31
2f31
2f31
2f31
2f31
2f31
2f31
3f35
2f31
3f31
2f31
3f35
2f31
7231
7331
4ab1
65b5
0000
0004
1000
0000
3b10
0000
6591
4a95
aa64
a964
0a20
0a20
0a20
0a20
0a20
0a20
0a20
0a20
0a20
0a20
0a20
0a20
0a20
0a20
0a20
0a20
0a20
0a20
0a20
0a20
0a20
0a20
0a20
0a20
a960
aa60
4a91
6595
6591
4a95
ab64
ac64
5651
5655
0210
0210
5651
5655
0210
0210
5651
5655
0210
0210
0210
0210
5651
5655
0210
0210
5651
5655
0210
0210
5651
5655
ac60
ab60
4a91
6595
6591
4a95
0d24
ad64
5551
5555
0210
0210
5551
5555
0210
0210
5551
5555
0210
0210
0210
0210
5551
5555
0210
0210
5551
5555
0210
0210
5551
5555
ad60
0d20
4a91
6595
6591
4b95
0d24
ad64
5871
5871
5871
5871
5871
5871
5871
5871
5871
5871
5871
5871
5871
5871
5871
5871
5871
5871
5871
5871
5871
5871
5871
5871
ad60
0d20
4b91
6595
6591
4a95
0d24
ad64
5861
5861
5861
5861
5861
5861
5861
5861
5861
5861
5861
5861
5861
5861
5861
5861
5861
5861
5861
5861
5861
5861
5861
5861
ad60
0d20
4a91
6595
6591
4a95
0d24
ad64
5871
5871
5871
5871
5871
5871
5871
5871
5871
5871
5871
5871
5871
5871
5871
5871
5871
5871
5871
5871
5871
5871
5871
5871
ad60
0d20
4a91
6595
6591
4a95
b164
ae64
b970
b970
b970
b970
b970
b970
b970
b970
b970
b970
b970
b970
b970
b970
b970
b970
b970
b970
b970
b970
b970
b970
b970
b970
ae60
b160
4a91
6595
6591
4a95
b064
af64
3f11
e610
2f15
e610
e610
3f11
e610
2f15
e610
e610
3f1d
e610
3f11
e610
2f15
e610
e610
3f1d
e610
3f19
e614
e614
2f11
e614
af60
b060
4a91
6595
0000
0004
1000
0000
3b9a
0000
65b1
4ab5
aa74
a974
0a30
0a30
0a30
0a30
0a30
0a30
0a30
0a30
0a30
0a30
0a30
0a30
0a30
0a30
0a30
0a30
0a30
0a30
0a30
0a30
0a30
0a30
0a30
0a30
a970
aa70
4ab1
65b5
65b1
4ab5
ab74
ac74
5a79
0234
0234
0230
0230
0234
0234
0234
0234
0234
0234
0234
0234
0234
0234
0234
0234
0234
0234
0234
0234
0234
0234
0234
ac70
ab70
4ab1
65b5
65b1
4ab5
0d34
ad74
0234
6d75
6c75
6d55
6c55
0230
8a65
8965
0230
0230
0230
0230
0230
0230
0230
0230
8a65
8965
0230
0230
0230
5a71
0230
0230
ad70
0d30
4ab1
65b5
65b1
4bb5
0d34
ad74
0234
7175
7075
6e55
6f55
0230
8b65
8c65
0230
0230
0230
0230
0230
0230
0230
0230
8b65
8c65
0230
0230
0230
0230
0230
0230
ad70
0d30
4bb1
65b5
65b1
4ab5
0d34
ad74
5a71
0234
0234
7155
7055
0230
0230
0230
0230
0230
0230
0230
0230
0230
0230
0230
0230
0230
0230
0230
0230
0230
0230
0230
ad70
0d30
4ab1
65b5
65b1
4ab5
0d34
ad74
5a79
0234
0234
0234
0234
0234
0234
0234
0234
0234
0234
0234
0234
0234
0234
0234
0234
0234
0234
0234
0234
0234
0234
0234
ad70
0d30
4ab1
65b5
65b1
4ab5
b174
ae74
b970
b970
b970
b970
b970
b970
b970
b970
b970
b970
b970
b970
b970
b970
b970
b970
b970
b970
b970
b970
b970
b970
b970
b970
ae70
b170
4ab1
65b5
65b1
4ab5
b074
af74
0b30
0b30
0b30
0b30
0b30
0b30
0b30
0b30
0b30
0b30
0b30
0b30
0b30
0b30
0b30
0b30
0b30
0b30
0b30
0b30
0b30
0b30
0b30
0b30
af70
b070
4ab1
65b5
0000
0004
1000
0000
3b64
0000
65b1
49b5
6935
6735
2435
2435
2435
2435
2435
2435
2535
2635
2735
1b35
8f36
2635
2635
8f32
2431
2435
2435
2435
2435
2435
2435
2435
2435
2435
6731
6931
49b1
65b5
65b1
4ab5
6835
6635
1535
1535
1535
1535
1535
1535
1935
1335
0f35
1a35
9136
9332
9232
9132
1531
1535
1535
1535
1535
1535
1535
1535
1535
1535
6631
6831
4ab1
65b5
65b1
4ab5
6a35
7135
1435
1435
1435
1435
1435
1435
1235
1135
1035
0930
0934
9a32
9b32
9b36
1431
1435
1435
1435
1435
1435
1435
1435
1435
1435
7131
6a31
4ab1
65b5
65b1
4bb5
6b35
7135
1435
1435
1435
1435
1435
1435
1935
2935
0934
0930
0934
0934
0934
0934
1431
1435
1435
1435
1435
1435
1435
1435
1435
1435
7131
6b31
4bb1
65b5
65b1
4ab5
6b35
7135
1435
1435
1435
1435
1435
1435
1935
2a35
3c35
0934
0934
0934
0934
0934
1431
1435
1435
1435
1435
1435
1435
1435
1435
1435
7131
6b31
4ab1
65b5
65b1
4ab5
6e35
7135
1435
1435
1435
1435
1435
1435
3235
2b35
3b35
3b35
3b35
3b35
3b35
3b35
1431
1435
1435
1435
1435
1435
1435
1435
1435
1435
7131
6e31
4ab1
65b5
7bb1
4ab5
6f35
7135
1435
1435
1435
1435
1435
1435
3f31
2f31
2f31
2f35
2f35
2f35
2f35
2f35
1431
1435
1435
1435
1435
1435
1435
1435
1435
1435
7131
6f31
4ab1
65b5
65b1
4ab5
7335
7235
2f31
2f31
3f31
3f39
2f39
3f35
e634
e634
e634
e634
3f39
2f39
3f3d
e630
3f35
2f31
2f31
2f31
2f31
3f31
3f39
2f39
3f3d
3f31
7231
7331
4ab1
65b5
0020
0004
1000
2000
3b10
0000
65b1
49b5
6935
6735
f260
f260
f260
f260
f260
f260
f260
f260
f260
f260
f260
f260
f260
f260
f260
f260
f260
f260
f260
f260
f260
f260
f260
f260
6731
6931
49b1
65b5
65b1
4ab5
6835
6635
5861
5861
5861
5861
5861
5861
5861
5861
5861
5861
5861
5861
5861
5861
5861
5861
5861
5861
5861
5861
5861
5861
5861
5861
6631
6831
4ab1
65b5
65b1
4ab5
6a35
7135
0220
0220
7261
7261
7261
7561
7661
0224
0220
0220
0224
0224
2965
2765
2565
2365
7665
7565
7265
7265
7265
0220
0220
5b6d
7131
6a31
4ab1
65b5
65b1
79b5
6b35
7135
0220
0220
7261
7265
7261
7261
7561
0224
0224
0220
0224
0224
2a65
2865
2665
2465
7565
7265
7265
7261
7265
0224
6161
5f61
7131
6b31
4bb1
65b5
65b1
7ab5
6b35
7135
0220
0220
7261
7565
7265
7265
7661
5b61
0224
48e7
49e7
4ae7
4be7
4ee7
0224
0224
7665
7261
7261
7561
7265
0224
5c61
5e61
7131
6b31
4ab1
65b5
65b1
4ab5
6e35
7135
5a61
0220
7361
7461
7461
7461
7365
0220
0224
5be7
5ce7
5de7
4fe7
4de7
4ce7
0024
7361
7465
7465
7465
7365
6261
5d61
6061
7131
6e31
4ab1
65b5
65b1
4ab5
6f35
7135
b960
b960
b960
b960
b960
b960
b960
b964
b667
5ae7
5fe7
5ee7
50e7
51e7
52e7
b663
b964
b964
b964
b964
b964
b964
b964
b964
7131
6f31
4ab1
65b5
65b1
4ab5
7335
7235
0b20
0b20
0b20
0b20
0b20
0b20
0b20
0b24
0b24
59e7
58e7
57e7
55e7
54e7
53e7
56c7
0b24
0b24
0b24
0b24
0b24
0b24
0b24
0b24
7231
7331
4ab1
65b5
0000
0004
1000
0000
3b10
0000
65b1
49b5
6935
6735
4311
4311
4311
4311
4311
4311
4311
4311
4311
4311
4311
4311
4311
4311
4311
4311
4311
4311
4311
4311
4311
4311
4311
4311
6731
6931
49b1
65b5
65b1
4ab5
6835
6635
2016
2016
2016
2016
2016
2016
2016
2016
2016
2016
2016
2016
2016
2016
2016
2016
2016
2016
2016
2016
2016
2016
2016
2016
6631
6831
4ab1
65b5
65b1
4ab5
6a35
7135
7914
7914
7914
7914
7914
7914
7914
7914
7914
7914
6a12
6b12
6b12
6a16
7914
7914
7914
7914
7914
7914
7914
7914
7914
7914
7131
6a31
4ab1
65b5
65b1
4bb5
6b35
7135
7910
7910
7910
7910
7910
7910
7910
7910
7910
7910
6512
0934
0934
6516
7910
7910
7910
7910
7910
7910
7910
7910
7910
7910
7131
6b31
79b1
65b5
65b1
4ab5
6b35
7135
7910
7910
7910
7910
7910
7910
7910
7910
7910
7910
6512
0934
0934
6516
7910
7910
7910
7910
7910
7910
7910
7910
7910
7910
7131
6b31
7ab1
65b5
65b1
4ab5
6e35
7135
7910
7910
7910
7910
7910
7910
7910
7910
7910
7910
1e12
1f12
1f16
1e16
7910
7910
7910
7910
7910
7910
7910
7910
7910
7910
7131
6e31
4ab1
65b5
65b1
4ab5
6f35
7135
2412
2412
2412
2412
2412
2412
2412
2412
2412
2412
2412
2412
2412
2412
2412
2412
2412
2412
2412
2412
2412
2412
2412
2412
7131
6f31
4ab1
7bb5
65b1
4ab5
7335
7235
0b24
0b24
0b20
0b20
0b20
0b20
7c31
2c31
2d31
2e31
2f31
0b20
0b20
0b24
0b20
0b20
0b20
0b20
0b20
0b20
0b20
0b20
0b20
0b20
7231
7331
4ab1
65b5
0000
0004
1000
0000
3b10
00de
6591
4995
6915
6715
4331
2e36
4331
4331
4331
4331
4331
4335
4331
4331
4331
4331
4331
4335
4335
4335
4335
4335
4335
4335
4335
4335
2e32
4335
6711
6911
4991
6595
6591
4a95
6815
6615
2036
2b36
2f36
2036
2036
2036
2036
2536
9136
9236
9332
9236
2532
3d36
8332
8436
8436
8436
8336
3d32
3c32
2f32
2b32
2032
6611
6811
4a91
6595
6591
4a95
6a15
7115
7934
3236
3336
6a32
6b32
6b32
6a36
7830
3e35
3e35
9a32
9b32
7834
3536
7b36
7836
7836
7e36
7436
3532
3632
3332
3232
7930
7111
6a11
4a91
6595
6591
4b95
6b15
7115
7930
3136
3036
6532
0930
0930
6536
7830
0934
0934
0934
9c32
7834
7934
7b36
7f36
7836
8136
7436
7934
7934
7930
7930
7930
7111
6b11
4b91
6595
6591
4a95
6b15
7115
7930
7930
7930
6532
0930
0930
6536
7830
0934
0934
0934
0934
7830
7934
7b36
8036
8236
7836
7436
7934
7934
7930
7930
7930
7111
6b11
4a91
6595
6591
4a95
6e15
7115
7930
7930
7930
1e32
1f32
1f36
1e36
7830
3b35
3b35
3b35
3b35
7830
7934
7c36
7936
7936
7936
7a3a
7934
7934
7930
7930
7930
7111
6e11
4a91
6595
7b91
4a95
6f15
7115
2432
2432
2432
2432
2432
2432
2432
2632
2f35
2f35
2f35
2f35
2636
2436
2436
2436
2436
2436
2436
2436
2436
2432
2432
2432
7111
6f11
4a91
6595
6591
4a95
7315
7215
0b20
0b20
0b20
0b24
0b24
0b24
0b20
0b24
0b24
0b24
0b24
0b24
0b24
0b24
0b24
0b24
0b24
0b20
0b20
0b24
0b24
0b24
0b20
0b20
7211
7311
4a91
6595
0008
0004
1000
8000
3b3a
00d0
65b1
4ab5
aa74
a974
0a30
0a30
0a30
0a30
0a30
0a30
0a30
0a30
0a30
0a30
0a30
0a30
0a30
0a30
0a30
0a30
0a30
0a30
0a30
0a30
0a30
0a30
0a30
0a30
a970
aa70
4ab1
65b5
65b1
4ab5
ab74
ac74
5871
5871
5871
5871
5871
8a55
8955
7914
6a12
6b12
6b12
6b12
6b12
6a16
7914
8951
8a51
5871
5871
5871
5871
5871
5871
5871
ac70
ab70
4ab1
65b5
65b1
4ab5
0d34
ad74
0214
0214
0214
0214
0214
8b55
8c55
7914
6512
5115
5115
5115
5115
6516
7914
8c51
8b51
0234
0234
6c71
6d71
6c71
6d71
0230
ad70
0d30
4ab1
65b5
65b1
4bb5
0d34
ad74
0214
0214
0214
0214
0214
8a55
8955
7914
6512
5115
5115
5115
5115
6516
7914
8951
8a51
0230
0230
6f71
6e71
7071
7171
0230
ad70
0d30
4bb1
65b5
65b1
4ab5
0d34
ad74
0214
0214
0214
0214
0214
8b55
8c55
751e
6512
5115
5115
5115
5115
6516
7914
8c51
8b51
0234
0234
7071
7171
0230
0230
5a75
ad70
0d30
4ab1
65b5
65b1
4ab5
0d34
ad74
0214
0214
0214
0214
0210
8a55
8955
7914
1e12
1f12
6e12
6e12
1f16
1e16
7914
8951
8a51
0230
0230
0230
0230
0230
0230
5a7d
ad70
0d30
4ab1
65b5
65b1
4ab5
b174
ae74
b954
b954
b954
b954
b954
8b55
8c55
2416
2416
2416
2416
2416
2416
2416
2416
8c51
8b51
b974
b974
b974
b974
b974
b974
b974
ae70
b170
4ab1
65b5
65b1
4ab5
b074
af74
0b30
0b30
0b30
0b30
0b30
0b30
0b30
0b30
0b30
0b30
0b30
0b30
0b30
0b30
0b30
0b30
0b30
0b30
0b30
0b30
0b30
0b30
0b30
0b30
af70
b070
4ab1
65b5
0000
0004
1000
0000
3b64
009c
65b1
49b5
6935
6735
2335
2335
2335
2335
2335
2335
2335
2335
2335
2335
2335
2335
2335
2335
2335
2335
2335
2335
2335
2335
2335
2335
2335
2335
6731
6931
49b1
65b5
65b1
4ab5
6835
6635
982c
972c
9728
9828
982c
972c
9728
9828
ce32
cf32
cf32
cf32
cf32
cf32
cf32
ce36
982c
972c
9728
9828
982c
972c
9728
9828
2132
6831
4ab1
65b5
65b1
4ab5
6a35
7135
9824
9724
9720
9820
9824
9724
9720
9820
0a30
0620
5f22
5f22
5f22
5f22
0620
0a30
9824
9724
9720
9820
9824
9724
9720
9820
2332
6a31
4ab1
65b5
65b1
4bb5
6b35
7135
982c
972c
9728
9828
982c
972c
9728
9828
0a30
0620
9a20
9a20
9a20
9a20
0620
0a30
982c
972c
9728
9828
982c
972c
9728
9828
2332
6b31
4bb1
65b5
65b1
4ab5
6b35
7135
9824
9724
9720
9820
9824
9724
9720
9820
0a30
0620
9a20
9a20
9a20
9a20
0620
0a30
9824
9724
9720
9820
9824
9724
9720
9820
2332
6b31
4ab1
65b5
65b1
4ab5
6e35
7135
982c
972c
9728
9828
982c
972c
9728
9828
0a30
0620
0620
0620
0620
0620
0620
0a30
982c
972c
9728
9828
982c
972c
9728
9828
2332
6e31
4ab1
65b5
7bb1
4ab5
6f35
7135
9824
9724
9720
9820
9824
9724
9720
9820
8736
2736
2736
2736
2736
2736
2736
8732
9824
9724
9720
9820
9824
9724
9720
9820
2332
6f31
4ab1
65b5
65b1
4ab5
7335
7235
2736
2736
2736
2736
2736
2736
2736
2736
2f31
2f31
2f31
2f31
2f31
2f31
2f31
2f31
2736
2736
2736
2736
2736
2736
2736
2736
7231
7331
4ab1
65b5
0000
0004
1000
0000
3b10
0000
65b1
4ab5
aa74
a974
0a30
0a30
0a30
0a30
0a30
0a30
0a30
0a30
0a30
0a30
0a30
0a30
0a30
0a30
0a30
0a30
0a30
0a30
0a30
0a30
0a30
0a30
0a30
0a30
a970
aa70
4ab1
65b5
65b1
4ab5
ab74
ac74
4d32
6a32
6b32
6b32
6b32
6b32
6a36
7934
7934
7934
7934
7934
7934
4d36
0224
8061
8061
8061
8061
8061
8061
8061
8061
0224
ac70
ab70
4ab1
65b5
65b1
4ab5
0d34
ad74
4d32
6532
5135
5135
5135
5135
6536
e932
e832
e732
e632
e532
7934
4d36
0224
7e61
7e61
7e61
7e61
7e61
7e61
7e61
7e61
0224
ad70
0d30
4ab1
65b5
65b1
4bb5
0d34
ad74
4d32
6532
5135
5135
5135
5135
6536
e432
da32
d932
d832
d732
d632
4d36
0224
7f61
7f61
7f61
7f61
7f61
7f61
7f61
7f61
0224
ad70
0d30
4bb1
65b5
65b1
4ab5
0d34
ad74
4d32
6532
5135
5135
5135
5135
6536
753e
7934
7934
7934
7934
7934
4d36
0224
0224
0220
0224
0224
0224
0224
0224
0224
0224
ad70
0d30
4ab1
65b5
65b1
4ab5
0d34
ad74
4d32
1e32
1f32
6e32
6e32
1f36
1e36
7934
7934
7934
7934
7934
7934
4d36
0224
0224
0224
0224
0224
0224
0224
0224
0224
0224
ad70
0d30
4ab1
65b5
65b1
4ab5
b174
ae74
e332
2436
2436
2436
2436
2436
2436
2436
2436
2436
2436
2436
2436
e336
b964
b964
b964
b964
b964
b964
b964
b964
b964
b964
ae70
b170
4ab1
65b5
65b1
4ab5
b074
af74
0b30
0b30
0b30
0b30
0b30
0b30
0b30
0b30
0b30
0b30
0b30
0b30
0b34
0b30
0b30
0b30
0b34
0b34
0b34
0b34
0b34
0b34
0b30
0b30
af70
b070
4ab1
65b5
0000
0004
1000
0000
3b64
008e
65b1
4ab5
aa64
a964
0a20
0a20
0a20
0a20
0a20
0a20
0a20
0a20
0a20
0a20
0a20
0a20
0a20
0a20
0a20
0a20
0a20
0a20
0a20
0a20
0a20
0a20
0a20
0a20
a960
aa60
4ab1
65b5
65b1
4ab5
ab64
ac64
8365
8065
8365
8065
8065
8065
8365
8065
8065
0224
0224
8961
8a61
5a69
0224
8061
8061
8061
8061
8061
8061
8061
8061
8361
ac60
ab60
4ab1
65b5
65b1
4ab5
0d24
ad64
8265
7e65
8265
7e65
7f65
7f65
8165
7f65
7f65
0220
0220
8c61
8b61
0224
0224
7f61
7f61
7f61
7f61
7f61
7e61
7e61
7e61
8261
ad60
0d20
4ab1
65b5
65b1
4bb5
0d24
ad64
8165
7f65
8165
7f65
8065
8065
8065
8065
8065
0220
0220
0220
0220
0224
0224
8061
8061
8061
8061
8061
7f61
7f61
7f61
8161
ad60
0d20
4bb1
65b5
65b1
4ab5
0d24
ad64
5a61
0224
0224
8165
7f65
7f65
7f65
7f65
7f65
0220
0220
0220
0220
0220
0220
7f61
7f61
7f61
7f61
7f61
8161
0220
0220
0220
ad60
0d20
4ab1
65b5
65b1
4ab5
0d24
ad64
5861
5861
5861
5861
5861
5861
5861
5861
5861
5861
5861
5861
5861
5861
5861
5861
5861
5861
5861
5861
5861
5861
5861
5861
ad60
0d20
4ab1
65b5
65b1
4ab5
b164
ae64
b960
b960
b960
b960
b960
b960
b960
b960
b960
b960
b960
b960
b960
b960
b960
b960
b960
b960
b960
b960
b960
b960
b960
b960
ad60
b160
4ab1
65b5
65b1
4ab5
b064
af64
3f11
e610
2f15
e610
e610
3f1d
e610
3f19
e614
e614
2f11
e614
e610
2f15
e610
e610
3f1d
e610
e614
e614
e610
0b24
0b20
0b20
af60
b060
4ab1
65b5
0000
0004
1000
0000
3b9a
0000
65b1
4ab5
aa64
a964
0a20
0a20
0a20
0a20
0a20
0a20
0a20
0a20
0a20
0a20
0a20
0a20
0a20
0a20
0a20
0a20
0a20
0a20
0a20
0a20
0a20
0a20
0a20
0a20
a960
aa60
4ab1
65b5
65b1
4ab5
ab64
ac64
0220
5765
5765
5765
5765
8365
8065
8065
8365
8065
8065
0224
8061
8061
8361
8061
8061
8361
8061
8061
8361
8061
8061
8361
ac60
ab60
4ab1
65b5
65b1
4ab5
0d24
ad64
0220
0220
0220
0220
0224
8265
7e65
7e65
8265
7e65
7e65
0224
7e61
7e61
8261
7e61
7e61
8261
7e61
7e61
8261
7e61
7e61
8261
ad60
0d20
4ab1
65b5
65b1
4bb5
0d24
ad64
0220
7261
7561
7261
7265
8165
7f65
7f65
8165
7f65
7f65
0224
7f61
7f61
8161
7f61
7f61
8161
7f61
7f61
8161
7f61
7f61
8161
ad60
0d20
4bb1
65b5
65b1
4ab5
0d24
ad64
0220
7361
7461
7461
7365
0224
0224
0224
0224
0224
0224
0224
0220
0220
0220
0220
0220
0220
0220
0220
0220
0220
0220
0220
ad60
0d20
4ab1
65b5
65b1
4ab5
0d24
ad64
5861
5861
5861
5861
5861
5861
5861
5861
5861
5861
5861
5861
5861
5861
5861
5861
5861
5861
5861
5861
5861
5861
5861
5861
ad60
0d20
4ab1
65b5
65b1
4ab5
b164
ae64
b960
b960
b960
b960
b960
b960
b960
b960
b960
b960
b960
b960
b960
b960
b960
b960
b960
b960
b960
b960
b960
b960
b960
b960
ad60
b160
4ab1
65b5
65b1
4ab5
b064
af64
3f11
e610
2f15
e610
e610
3f1d
e610
3f19
e614
e614
2f11
e614
e610
2f15
e610
e610
3f1d
e610
e614
e614
e610
0b24
0b20
0b20
af60
b060
4ab1
65b5
0000
0004
1000
0000
3b9a
0000
6591
4995
6915
6715
4335
4331
4331
4331
1261
4331
4335
4331
1261
4331
4331
4331
1261
4331
4335
4331
1261
4331
4331
4335
1261
4331
4331
4335
6711
6911
4991
6595
6591
4a95
6815
6615
1669
f150
0530
166d
1361
0e65
0e61
166d
1361
0f61
0f65
166d
1361
0e65
0e61
166d
1361
0e65
0e61
166d
1361
0e65
0e61
166d
2112
6811
4a91
6595
6591
4a95
6a15
7115
1669
f050
0530
166d
0320
e634
e634
166d
0320
0d65
0c65
166d
0320
e634
e634
166d
0320
e634
e634
166d
0320
e634
e634
166d
2312
6a11
4a91
6595
6591
4b95
6b15
7115
1669
ef50
0530
166d
0320
2261
2265
166d
0320
2065
1c65
166d
0320
2261
2265
166d
0320
2261
2265
166d
0320
2261
2265
166d
2312
6b11
4b91
6595
6591
4a95
6b15
7115
1669
0530
3736
166d
0320
e634
e634
166d
0320
1f65
1b65
166d
0320
e634
e634
166d
0320
e634
e634
166d
0320
e634
e634
166d
2312
6b11
4a91
6595
6591
4a95
6e15
7115
1669
0530
2169
166d
0320
2169
2169
166d
0320
2169
2169
166d
0320
2169
2169
166d
0320
2169
2169
166d
0320
2169
2169
166d
2312
6e11
4a91
6595
7b91
4a95
6f15
7115
1669
0320
0320
166d
0320
0320
0320
166d
0320
0320
0320
166d
0320
0320
0320
166d
0320
0320
0320
166d
0320
0320
0320
166d
2312
6f11
4a91
6595
6591
4a95
7315
7215
3f11
e610
2f15
e610
e610
3f1d
e610
3f19
e614
e614
2f11
e614
e610
2f15
e610
e610
3f1d
e610
e614
e614
e610
e610
e610
e610
7211
7311
4a91
6595
0000
0004
1000
0000
3b3a
0000
65b1
49b5
6935
6735
4331
4335
4335
1265
4331
4335
4335
1265
4335
4331
4335
1265
4335
4335
4335
1265
4335
4331
4335
1265
4335
4335
4335
4331
6731
6931
49b1
65b5
65b1
4ab5
6835
6635
1669
0e65
0e61
1365
1669
0e65
0e61
1365
1669
0e65
0e61
1365
1669
0e65
0e61
1365
1669
0e65
0e61
1365
1669
0534
f154
166d
2132
6831
4ab1
65b5
65b1
4ab5
6a35
7135
1669
2261
2265
0324
1669
2261
2265
0324
1669
2261
2265
0324
1669
2261
2265
0324
1669
2261
2265
0324
1669
0534
f054
166d
2332
6a31
4ab1
65b5
65b1
4bb5
6b35
7135
1669
2261
2265
0324
1669
2261
2265
0324
1669
2261
2265
0324
1669
2261
2265
0324
1669
2261
2265
0324
1669
0534
ef54
166d
2332
6b31
4bb1
65b5
65b1
4ab5
6b35
7135
1669
e630
e630
0324
1669
e630
e630
0324
1669
e630
e630
0324
1669
e630
e630
0324
1669
e630
e630
0324
1669
3732
0534
166d
2332
6b31
4ab1
65b5
65b1
4ab5
6e35
7135
1669
e630
e630
0324
1669
e630
e630
0324
1669
e630
e630
0324
1669
e630
e630
0324
1669
e630
e630
0324
1669
216d
0534
166d
2332
6e31
4ab1
65b5
7bb1
4ab5
6f35
7135
1669
216d
216d
0324
1669
216d
216d
0324
1669
216d
216d
0324
1669
216d
216d
0324
1669
216d
216d
0324
1669
0324
0324
166d
2332
6f31
4ab1
65b5
65b1
4ab5
7335
7235
3f31
2f11
2f11
2f11
2f11
2f11
2f11
2f11
2f11
2f11
2f11
2f11
2f11
2f11
2f11
2f11
2f11
2f11
2f11
2f11
2f11
2f11
2f11
2f11
7231
7331
4ab1
65b5
0000
0004
1000
0000
3b10
0000
65b1
49b5
6935
6735
2435
2535
2635
2735
1b35
4331
4331
4331
2e36
4331
2e36
4331
2e36
4335
4335
4335
4331
4331
4331
4331
4331
4335
4331
4331
6731
6931
49b1
65b5
65b1
4ab5
6835
6635
1535
1935
1335
0f35
1a35
2532
2036
2036
2b36
2f36
2b36
2f36
2b36
2f36
2036
2536
4635
1a31
2532
2032
2032
2032
2032
2032
2132
6831
4ab1
65b5
65b1
4ab5
6a35
7135
1435
1235
1135
1035
2835
7834
7930
7934
3236
3336
3236
3336
3236
3336
7934
7830
0930
0930
7830
7530
7430
7430
7434
7534
2332
6a31
4ab1
65b5
65b1
4bb5
6b35
7135
1435
1935
2a35
2a35
3e35
7834
7930
7930
3136
3036
3136
3036
3136
3036
7934
7830
0930
0930
7830
4a36
3a32
3a32
3a32
4a32
2332
6b31
4bb1
65b5
65b1
4ab5
6b35
7135
1435
1935
2a35
2a35
3e35
7834
7930
7930
7930
6836
6836
6836
6836
6836
7934
7830
0934
0934
7830
7538
e93c
e93c
e938
753c
2332
6b31
4ab1
65b5
65b1
4ab5
6e35
7135
1435
3235
2b35
2b35
3b35
7834
7930
7930
7934
7930
7930
7934
7934
7934
7934
7830
3b35
3b35
7830
7934
7934
7934
7934
7934
2332
6e31
4ab1
65b5
7bb1
4ab5
6f35
7135
1435
3f35
3f35
e630
e634
2636
2436
2436
2436
2436
2436
2436
2436
2436
2436
2632
2f35
2f35
2636
2432
2432
2432
2432
2432
2332
6f31
4ab1
65b5
65b1
4ab5
7335
7235
3f31
e634
e634
e634
e630
e634
e630
e634
e634
e630
e634
e634
e634
e634
e634
e634
e634
e634
e634
e634
2f35
2e31
e630
e630
7231
7331
4ab1
65b5
0400
0804
1040
0200
3b10
0000
6591
4995
6915
6715
4331
4331
4335
4335
4335
4336
4436
4536
4336
4436
4536
4335
4335
4532
4432
4332
4532
4432
4332
4335
4335
4335
4335
4335
6711
6911
4991
6595
6591
4a95
6815
2116
3c16
3d16
2a16
2516
2812
2812
2812
2812
2812
2812
2812
2812
2812
2812
2812
2812
2812
2812
2812
2812
2512
2a12
3d12
3c12
2112
6811
4a91
6595
6591
4a95
6a15
2316
3616
3516
3516
7810
7910
7510
7410
7410
7414
7410
7414
7414
7414
7414
7414
7414
7414
7414
7514
7910
7814
3512
3512
3612
2312
6a11
4a91
6595
6591
4b95
6b15
2316
7914
7914
7914
7810
7910
ee10
3a12
3a12
3a12
3a12
3a12
3a12
3a12
3a12
3a12
3a12
3a12
3a12
4a12
7910
7814
7914
7914
7910
2312
6b11
4b91
6595
6591
4a95
6b15
2316
7914
7914
7914
7810
7914
ee10
3b12
3b12
3b12
3b12
3b12
3b12
3b12
3b12
3b12
3b12
3b12
3b12
4a12
7910
7814
7914
7914
7910
2312
6b11
4a91
6595
6591
4a95
6e15
2316
7914
7914
7914
7810
7610
ee10
3b12
3b12
3b12
3b12
3b12
3b12
3b12
3b12
3b12
3b12
3b12
3b12
4a12
7910
7814
7914
7914
7910
2312
6e11
4a91
6595
7b91
4a95
6f15
2316
2416
2416
2416
2612
2716
ec10
eb10
eb10
eb10
eb10
eb10
eb10
eb10
eb10
eb10
eb10
eb10
eb10
6c10
2712
2616
2412
2412
2412
2312
6f11
4a91
6595
6591
4a95
7315
7215
e634
e634
e634
e634
e634
e634
e634
e634
e634
e634
e634
e634
e634
e634
e634
e634
e634
e630
e630
e630
e630
e630
e630
e630
7211
7311
4a91
6595
0000
0004
1000
0000
3b3a
0000
6591
4995
6915
6715
1261
4331
4331
4331
4331
4331
4331
4331
4335
4335
4335
4335
4335
4335
4335
4335
4335
4335
4335
4335
4335
4335
4335
1261
6711
6911
4991
6595
6591
4a95
6815
2116
1361
0328
0328
0328
0a69
0a69
0a69
0a69
0a69
0a69
0328
0328
0328
0961
4635
1a31
0f31
1331
0965
0328
0328
0328
0328
1361
2112
6811
4a91
6595
6591
4a95
6a15
2316
0328
f170
0328
166d
1935
1335
0f35
1a35
3e35
1031
1669
1461
1461
1761
3e35
3e35
1031
1131
1765
1461
1461
0328
0328
0328
2312
6a11
4a91
6595
6591
4b95
6b15
2316
0328
ef70
0328
166d
1235
1135
1035
2835
3e35
2a31
1669
1561
1561
1761
3e35
3e35
2a31
2a31
1765
1561
1561
0328
0328
0328
2312
6b11
4b91
6595
6591
4a95
6b15
2316
0328
0328
0328
166d
1935
2a35
2a35
3e35
3e35
2a31
1669
0328
0328
1761
3e35
3e35
2a31
2a31
1765
0328
0328
0328
0328
0328
2312
6b11
4a91
6595
6591
4a95
6e15
2316
0328
0328
0328
0328
0a61
0a61
0a61
0a61
0a61
0a61
0328
0328
0328
1761
3b31
3b31
2b31
2b31
1765
0328
8461
8861
0328
0328
2312
6e11
4a91
6595
6591
4a95
6f15
2316
2161
2161
2161
2161
2161
2161
2161
2161
2161
2161
2161
2161
2161
1861
e634
e634
e630
e630
1865
2161
8561
8761
2161
2161
2312
6f11
4a91
6595
6591
4a95
7315
7215
e634
e634
e634
e634
e634
e634
e630
e630
e630
e630
e630
e630
e630
e630
e630
e630
e630
e630
e630
e630
8d61
8e61
8f61
e630
7211
7311
4a91
6595
0080
2004
1002
0200
3b3a
0000
65b1
49b5
6935
6735
4331
4331
4331
4331
4331
4331
4331
4331
4331
4331
4331
4331
4331
4331
4331
4331
4331
4331
4331
4331
4331
4331
4331
4331
6731
6931
49b1
65b5
65b1
4ab5
6835
6635
9765
9765
e066
da62
dc62
da62
dc62
da62
dc62
da62
e062
9761
9761
9761
9761
9761
9761
9761
9761
9761
9761
9761
9761
9761
6631
6831
4ab1
65b5
65b1
4ab5
6a35
7135
5569
556d
df62
db62
0934
db62
0934
db62
0934
db62
df66
5569
556d
9761
5b61
9761
6161
9e63
9f63
9f67
9f63
b063
af63
b463
7131
6a31
4ab1
65b5
65b1
4bb5
6b35
7135
5561
5565
df62
db62
0934
db62
0934
db62
0934
db62
df66
5561
5565
9761
9761
9761
5c61
9d63
a063
a067
a063
ad63
5c6d
b363
7131
6b31
4bb1
65b5
65b1
4ab5
6b35
7135
9765
9765
df62
db62
0934
db62
0934
db62
0934
db62
df66
9761
9761
9761
9761
9769
5c69
aa63
a863
a867
a863
5c6d
9761
9761
7131
6b31
4ab1
65b5
65b1
4ab5
6e35
7135
9765
9765
df62
db62
0934
db62
0934
db62
0934
db62
df66
0220
6c64
6664
9761
9761
5b61
7d63
7c63
7c67
a963
b16b
9761
9761
7131
6e31
4ab1
65b5
7bb1
4ab5
6f35
7135
b960
b960
dd66
2736
2736
2736
2736
2736
2736
2736
dd62
6d64
6b64
6764
6564
b960
b960
b960
b960
b960
b960
b960
b960
b960
7131
6f31
4ab1
65b5
65b1
4ab5
7335
7235
e630
e630
e634
e630
e630
e630
e630
e630
e630
e630
e630
6e64
6a64
6864
6964
e630
e630
e630
e630
e630
e630
e630
e630
e630
7231
7331
4ab1
65b5
00a8
0004
1054
0000
3b10
0000
79f6
72f2
aa74
a974
0a30
0a30
0a30
0a30
0a30
0a30
0a30
0a30
0a30
0a30
0a30
0a30
0a30
0a30
0a30
0a30
0a30
0a30
0a30
0a30
0a30
0a30
0a30
0a30
a970
aa70
72f6
79f2
79f6
78f2
ab74
ac74
5579
557d
5579
557d
e076
da72
dc72
da76
e072
5579
557d
5579
557d
5579
557d
e076
da72
dc76
da76
e072
5579
557d
5579
557d
ac70
ab70
78f6
79f2
79f6
7af2
0d34
ad74
5571
5575
5571
5575
df72
db72
0934
db76
df76
5571
5575
5571
5575
5571
5575
df72
db72
0930
db76
df76
5571
5575
5571
5575
ad70
0d30
7af6
79f2
79fe
72fa
0d34
ad74
5579
557d
5579
557d
df72
db72
0934
db76
df76
5579
557d
5579
557d
5579
557d
df72
db72
0930
db76
df76
5579
557d
5579
557d
ad70
0d30
72fe
79fa
79fe
7afa
0d34
ad74
5571
5575
5571
5575
df72
db72
0934
db76
df76
5571
5575
5571
5575
5571
5575
df72
db72
0930
db76
df76
5571
5575
5571
5575
ad70
0d30
7afe
79fa
79fe
78fa
0d34
ad74
9775
9775
9775
9775
df72
db72
0934
db76
df76
9775
9775
9775
9775
9775
9775
df72
db72
0930
db76
df76
9771
9771
9771
9771
ad70
0d30
78fe
79fa
79f6
78f2
b174
ae74
b970
b970
b970
b970
dd76
0b30
0b30
0b34
dd72
b970
b970
b970
b970
b970
b970
dd76
0b30
0b34
0b34
dd72
b974
b974
b974
b974
ae70
b170
78f6
79f2
79f6
7af2
b074
af74
0b30
0b30
0b30
0b30
0b30
0b30
0b30
0b34
0b34
0b30
0b30
0b30
0b30
0b30
0b30
0b30
0b30
0b34
0b34
0b34
0b34
0b34
0b34
0b34
af70
b070
7af6
79f2
0020
0404
1010
0200
3b64
0000
6591
4995
6915
6715
1261
1261
1261
24b5
4331
4331
4335
4331
24b5
4331
4331
4335
4331
24b1
4331
4331
4335
4331
24b1
4331
4331
4331
4331
4335
6711
6911
4991
6595
6591
4a95
6815
6615
1361
1361
1361
14b5
0320
0e65
0e61
0320
14b5
0320
0e65
0e61
0320
14b1
0320
0e65
0e61
0320
14b1
0320
0320
0320
0320
f150
2112
6811
4a91
6595
6591
4a95
6a15
7115
0320
0530
0530
14b5
0320
e634
e634
0320
14b5
0320
e634
e634
0320
14b1
0320
e634
e634
0320
14b1
0320
4671
4671
0320
f050
2312
6a11
4a91
6595
6591
4b95
6b15
7115
0320
0530
0530
14b5
0320
2261
2265
0320
14b5
0320
2261
2265
0320
14b1
0320
2261
2265
0320
14b1
0320
4671
4671
0320
ef50
2312
6b11
4b91
6595
6591
4a95
6b15
7115
0320
0530
0530
14b5
0320
e634
e634
0320
14b5
0320
e634
e634
0320
14b1
0320
e634
e634
0320
14b1
fa50
f954
f854
fa54
0320
2312
6b11
4a91
6595
6591
4a95
6e15
7115
0320
0530
0530
14b5
0320
2169
2169
0320
14b5
0320
2169
2169
0320
14b1
0320
2169
2169
0320
14b1
0320
4d51
4d55
4455
0320
2312
6e11
4a91
6595
7b91
4a95
6f15
7115
fb74
4e55
4e55
14b5
4e55
4e55
4e55
4e55
14b5
4e55
4e55
4e55
4e55
14b1
4e55
4e55
4e55
4e55
14b1
4e55
4e55
4755
4355
4e55
2312
6f11
4a91
6595
6591
4a95
7315
7215
3f11
e610
2f15
14b5
e610
3f19
e618
2f1d
14b5
e610
7c31
3f31
3f19
14b1
e610
e610
1961
1a61
14b1
e614
e610
e610
e610
e610
7211
7311
4a91
6595
0000
0004
1000
0000
3b3a
0000
65b1
49b5
6935
6735
2335
2335
2335
2335
2335
2335
4431
4531
93b8
f8b8
f8b8
f8b8
f8b8
f8bc
93bc
4535
4435
2335
2335
2335
2335
2335
2335
2331
6731
6931
49b1
65b5
65b1
4ab5
6835
2136
982c
9828
982c
9828
982c
9828
4731
4831
8ab0
e7b3
f5b3
80b0
5fb0
60b0
8ab4
4835
4735
982c
9828
982c
9828
982c
9828
982c
2132
6831
4ab1
65b5
65b1
4ab5
6a35
2336
9824
9820
9824
9820
9824
9820
4231
5131
8ab0
03b1
03b1
03b1
03b1
03b1
8ab4
5135
4235
9824
9820
9824
9820
9824
9820
9824
2332
6a31
4ab1
65b5
65b1
4bb5
6b35
2336
9828
982c
9828
982c
9828
982c
4231
5131
8ab0
03b1
03b1
03b1
03b1
03b1
8ab4
5135
4235
9828
982c
9828
982c
9828
982c
9828
2332
6b31
4bb1
65b5
65b1
4ab5
6b35
2336
9820
9824
9820
9824
9820
9824
4231
5131
8ab0
03b1
03b1
03b1
03b1
03b1
8ab4
5135
4235
9820
9824
9820
9824
9820
9824
9820
2332
6b31
4ab1
65b5
65b1
4ab5
6e35
2336
982c
9828
982c
9828
982c
9828
4231
5131
8ab0
03b1
03b1
03b1
03b1
03b1
8ab4
5135
4235
982c
9828
982c
9828
982c
9828
982c
2332
6e31
4ab1
65b5
7bb1
4ab5
6f35
2336
9824
9820
9824
9820
9824
9820
4231
6431
8ab0
03b1
03b1
03b1
03b1
03b1
8ab4
6435
4235
9824
9820
9824
9820
9824
9820
9824
2332
6f31
4ab1
65b5
65b1
4ab5
7335
7235
2f31
3f35
2f31
2f35
2f31
3f35
4031
4131
93b0
f8b0
f8b0
f8b0
f8b0
f8b0
93b4
4135
4035
2f31
3f35
2f31
2f35
2f31
3f35
2f31
7231
7331
4ab1
65b5
0000
0004
1000
0000
3b10
0000
65b1
49b5
6935
6735
4331
4331
4331
4331
4331
4331
4331
4335
4736
4636
4836
4736
4636
4836
4335
4335
4335
4832
4632
4732
4832
4632
4732
4335
6731
6931
49b1
65b5
65b1
4ab5
6835
2136
2036
2036
2036
6636
6636
6636
6636
6636
3c36
3d36
2036
2536
2836
2836
2836
2836
2836
2836
2836
2836
2532
2032
3d32
3c32
2132
6831
4ab1
65b5
65b1
4ab5
6a35
2336
7a36
7736
7636
6a32
6b32
6b32
6b32
6a36
3636
3536
7934
7830
7730
7730
7730
7730
7730
7730
7730
7730
7834
7930
3532
3632
2332
6a31
4ab1
65b5
65b1
4bb5
6b35
2336
7b36
7d36
7436
6532
0930
0930
0930
6536
7934
7934
7934
7830
7730
7730
7730
7730
7730
7730
7730
6f30
7834
7930
7930
7930
2332
6b31
4bb1
65b5
65b1
4ab5
6b35
2336
7c36
7936
7a3a
6532
0930
0930
0930
6536
753a
7934
7934
7830
7730
6032
7030
7030
7030
7030
7030
5832
5c32
7930
7930
7930
2332
6b31
4ab1
65b5
65b1
4ab5
6e35
2336
7930
7930
7930
1e32
1f32
6e32
1f36
1e36
7934
7934
7934
7830
7730
6132
5132
5132
5132
5132
5232
5a32
5b32
7930
7930
7930
2332
6e31
4ab1
65b5
7bb1
4ab5
6f35
2336
2436
2436
2436
2436
2436
2436
2436
2436
2436
2436
2436
2632
2732
6232
5332
5332
5332
5332
5432
5e32
5d32
2432
2432
2432
2332
6f31
4ab1
65b5
65b1
4ab5
7335
7235
3f35
2f31
e634
e634
e634
e634
3f39
e634
e634
2f31
e634
e634
e634
e630
e630
e630
e630
3f35
e630
e630
e630
e630
3f35
2f31
7231
7331
4ab1
65b5
0000
0004
1000
0000
3b10
00d0
65b1
49b5
6935
6735
2435
2535
f260
f260
f260
f260
4336
4436
4536
4336
4436
f260
f260
4432
4332
4532
4432
4332
f260
f260
f260
f260
f260
f260
6731
6931
49b1
65b5
65b1
4ab5
6835
6635
1535
4769
4769
4769
4769
4769
4769
2516
2812
2812
2812
2812
2812
2812
2812
2812
2512
4769
4769
4769
4769
4769
4769
4769
6631
6831
4ab1
65b5
65b1
4ab5
6a35
7135
1435
0524
f660
f664
926d
d222
0520
7810
7714
7714
7714
7714
7714
7714
7714
7714
7814
0520
e660
e860
e660
0520
f160
0520
7131
6a31
4ab1
65b5
65b1
4bb5
6b35
7135
1435
0524
f560
f564
0520
0520
0520
7810
7714
6f14
6f14
7714
6f14
7714
7714
7714
7814
0520
e760
e960
e760
0520
f060
0520
7131
6b31
4bb1
65b5
65b1
4ab5
6b35
7135
1435
0061
0761
0765
0065
3716
0520
5c16
7014
5816
5816
7014
5816
7014
6016
7714
7814
0520
ec60
ed60
ed64
0520
ef60
0520
7131
6b31
4ab1
65b5
65b1
4ab5
6e35
7135
1435
ff60
0265
0265
ff64
0524
0520
5b16
5a16
5116
5116
5116
5116
5116
6116
7714
7814
0520
0520
0520
0520
0520
0520
0520
7131
6e31
4ab1
65b5
7bb1
4ab5
6f35
7135
1435
0461
4765
4765
0465
4761
4761
5d16
5e16
5316
5316
5316
5316
5316
6216
2716
2616
4761
4761
4761
4761
4761
4761
4761
7131
6f31
4ab1
65b5
65b1
4ab5
7335
7235
3f31
0561
e634
e634
0565
e630
e630
1965
e614
e634
e634
e614
e614
e614
e614
e614
e614
3f11
e614
e610
e610
e634
e634
3f11
7231
7331
4ab1
65b5
0000
0004
1000
0000
3b10
0000
65b1
49b5
6935
6735
f260
f260
f260
f260
f260
f260
f260
f260
f260
f260
f260
f260
f260
f260
f260
f260
f260
f260
f260
f260
f260
f260
f260
f260
6731
6931
49b1
65b5
65b1
4ab5
6835
6635
0520
f164
f164
f164
0524
f164
0520
f360
f460
f460
f460
f460
f460
f460
f460
f460
f460
f364
0524
6322
d122
d126
6326
0520
6631
6831
4ab1
65b5
65b1
4ab5
6a35
7135
0520
f064
f064
f064
0524
f064
0520
fc60
0520
0520
0520
0520
0520
0520
0520
4f65
0520
fc64
0520
6422
0400
0400
6426
0520
7131
6a31
4ab1
65b5
65b1
4bb5
6b35
7135
0520
ef64
ef64
ef64
0524
ef64
0520
fc60
0520
0520
0520
0520
0520
d222
5165
5065
0524
fc64
0520
632a
d12a
d12e
632e
0520
7131
6b31
4bb1
65b5
65b1
4ab5
6b35
7135
0520
0520
0520
0520
0520
0520
0520
fc60
0520
0520
0520
0520
0061
0161
0161
5465
0065
fc64
0520
fa60
f864
f864
fa64
0520
7131
6b31
4ab1
65b5
65b1
4ab5
6e35
7135
0520
0520
0520
0520
0520
0520
0520
fc60
0520
0520
0520
0520
ff60
0261
0261
0265
ff64
fc64
0520
9161
4d61
4d65
9161
0520
7131
6e31
4ab1
65b5
7bb1
4ab5
6f35
7135
4761
fb64
4761
4761
4761
4761
4761
fd60
0361
0361
0361
0361
fe60
0361
0361
0365
fe64
fd64
4761
4761
4761
4761
4761
4761
7131
6f31
4ab1
65b5
65b1
4ab5
7335
7235
0b20
e634
e634
e634
e634
e634
e634
e634
e634
e634
e634
e634
4261
e634
e634
e630
1a6d
e630
e634
e634
e634
e634
e634
e634
7231
7331
4ab1
65b5
0000
0004
1000
0000
3b10
0000
65b1
49b5
6935
6735
f260
f260
f260
4335
4336
4436
4536
4336
4436
4536
f260
f260
f260
4532
4432
4332
4532
4432
4332
4331
f264
f260
f260
f260
6731
6931
49b1
65b5
65b1
4ab5
6835
6635
0520
e660
e860
e660
e660
e860
ea60
f164
ea60
ea60
ea60
ea60
ea60
e660
e660
e664
e864
e664
e664
e664
e860
ea60
f160
ea60
6631
6831
4ab1
65b5
65b1
4ab5
6a35
7135
0520
e760
e960
e760
e760
e960
eb60
f064
0520
4661
4561
d222
0520
e760
e760
e764
e964
e764
e764
e764
e960
eb60
f060
0520
7131
6a31
4ab1
65b5
65b1
4bb5
6b35
7135
0520
ec60
ed60
ed64
ec60
ed60
ee60
ef64
0520
4661
4561
926d
0520
ec60
ec60
ed60
ed64
ec64
ec64
ec64
ed60
ee60
ef60
0520
7131
6b31
4bb1
65b5
65b1
4ab5
6b35
7135
0520
0520
0520
0520
0520
0520
0520
0520
0520
0520
4469
0520
0520
0520
0061
0161
0165
0065
0524
0524
0524
0520
0520
0520
7131
6b31
4ab1
65b5
65b1
4ab5
6e35
7135
0520
0520
0520
0520
0520
0520
0520
0520
0520
0520
0520
4465
0520
0520
ff60
0261
0265
ff64
0524
0524
0524
0520
0520
0520
7131
6e31
4ab1
65b5
7bb1
4ab5
6f35
7135
4761
4761
4761
fb64
4761
4761
4761
4761
4761
4761
4761
4365
4761
4761
0461
4761
4765
0465
4761
4761
fb60
4761
4761
4761
7131
6f31
4ab1
65b5
65b1
4ab5
7335
7235
0b20
e634
e634
e634
e634
e634
e634
e634
e634
e634
e634
e634
e634
e634
0561
e630
e634
0565
e630
e630
e630
e634
e634
e634
7231
7331
4ab1
65b5
0000
0004
1000
0000
3b10
0000
6591
4995
6915
6715
f264
f264
f264
f260
4335
4336
4436
4536
4336
4436
4536
f260
f260
f260
4532
4432
4332
4532
4432
4332
4331
f264
f264
f264
6711
6911
4991
6595
6591
4a95
6815
6615
ea64
f164
ea64
e864
e660
e660
e660
e860
e660
e664
e664
0524
0524
0524
0524
0524
0524
0524
0524
0524
0524
0524
0524
0524
6611
6811
4a91
6595
6591
4a95
6a15
7115
0524
f064
eb64
e964
e760
e760
e760
e960
e760
e764
e764
0524
d226
4641
4541
0524
d226
4565
4665
0524
d226
4565
4665
0524
7111
6a11
4a91
6595
6591
4b95
6b15
7115
0524
ef64
ee64
ed64
ec60
ec60
ec60
ed60
ed64
ec64
ec64
0524
9261
4565
4665
0524
9241
4545
4645
0524
9261
4669
4569
0524
7111
6b11
4b91
6595
6591
4a95
6b15
7115
0520
0520
0061
0161
0161
0161
0161
0161
0165
0065
0524
0524
0524
446d
0524
0524
0524
446d
0524
0524
0524
446d
0524
0524
7111
6b11
4a91
6595
6591
4a95
6e15
7115
0520
0520
ff60
0261
0261
0261
0261
0261
0265
ff64
0524
0524
4461
0524
0524
0524
4461
0524
0524
0524
4461
0524
0524
0524
7111
6e11
4a91
6595
6591
4a95
6f15
7115
fb64
4761
0461
4761
fb64
4761
4761
4761
fb64
0465
4765
4765
4361
4765
4765
4765
4361
4765
4765
4765
4361
4765
4765
4765
7111
6f11
4a91
6595
6591
4a95
7315
7215
e634
e634
0561
e630
e630
e630
e630
e630
e634
0565
e630
e630
e630
e630
e630
e630
e630
e630
e630
e630
e630
e630
e630
0b24
7211
7311
4a91
6595
0000
0004
1000
0000
3b3a
0000
6591
4995
6915
6715
4331
4331
4331
4331
4331
4331
4331
4331
4331
4331
4331
4331
4331
4331
4331
4331
4331
4331
4331
4331
4331
4331
4331
4331
6711
6911
4991
6595
6591
4a95
6815
6615
6636
6636
6636
6636
6636
6636
6636
6636
6636
6636
6636
6636
6632
6632
6632
6632
6632
6632
6632
6632
6632
6632
6632
6632
6611
6811
4a91
6595
6591
4a95
6a15
7115
7934
7530
7430
7430
7430
7430
7430
7430
7430
7430
7430
7430
7434
7534
6a32
6b36
6b32
6a36
7530
7430
7430
7434
7534
7934
7111
6a11
4a91
6595
6591
4b95
6b15
7115
7930
4a36
3a32
3a32
3a32
3a32
3a32
3a32
3a32
3a32
3a32
3a32
3a32
4a32
6532
0930
0934
6536
4a36
3a32
3a32
3a32
4a32
7930
7111
6b11
4b91
6595
6591
4a95
6b15
7115
7930
7538
e93c
e93c
e93c
e93c
e93c
e93c
e93c
e93c
e93c
e93c
e938
753c
6532
0930
0934
6536
7538
e93c
e93c
e938
753c
7930
7111
6b11
4a91
6595
6591
4a95
6e15
7115
7930
7930
7930
7930
7930
7930
7930
7930
7930
7930
7930
7930
7930
7930
1e32
1f32
1f36
1e36
7930
7930
7930
7930
7930
7930
7111
6e11
4a91
6595
7b91
4a95
6f15
7115
2432
2432
2432
2432
2432
2432
2432
2432
2432
2432
2432
2432
2432
2432
2436
2436
2432
2432
2432
2432
2432
2432
2432
2432
7111
6f11
4a91
6595
6591
4a95
7315
7215
0b24
0b24
0b20
0b20
0b20
0b20
0b20
0b20
0b20
0b20
0b20
0b20
0b20
0b20
0b20
0b20
0b20
0b20
0b20
0b20
0b20
0b20
0b20
0b20
7211
7311
4a91
6595
0000
0004
1000
0000
3b3a
00e6
6591
4995
6915
6715
2231
2131
2235
2231
2131
2235
2231
2131
2235
2435
2535
2635
2735
1b35
4335
4335
4335
4335
4335
4335
4335
4335
4335
4335
6711
6911
4991
6595
6591
4a95
6815
6615
1c31
6836
1c35
1c31
6836
1c35
1c31
6836
1c35
1535
1935
1335
0f35
1a35
1a31
0f31
1331
f364
5361
5361
5361
5361
5361
5361
6611
6811
4a91
6595
6591
4a95
6a15
7115
1c31
6836
1c35
1c31
6836
1c35
1c31
6836
1c35
1435
1235
1135
1035
2835
3e35
1031
1131
fc60
5361
9261
5125
5125
9261
5361
7111
6a11
4a91
6595
6591
4b95
6b15
7115
1c31
6836
1c35
1c31
6836
1c35
1c31
6836
1c35
1435
1935
2935
0934
0934
3e35
2a31
2a31
fc60
5361
9261
5125
5125
9261
5361
7111
6b11
4b91
6595
6591
4a95
6b15
7115
1c31
6836
1c35
1c31
6836
1c35
1c31
6732
1c35
1435
1935
2a35
3c35
3e35
3e35
2a31
2a31
fc60
5361
fa60
f964
f864
fa64
5361
7111
6b11
4a91
6595
6591
4a95
6e15
7115
1c31
6836
1c35
1c31
6836
1c35
1c31
6732
1c35
1435
1935
3b31
3b31
3b31
3b31
2b31
2b31
fc60
5361
5361
4d61
4d65
4465
5361
7111
6e11
4a91
6595
7b91
4a95
6f15
7115
1c31
6732
3635
1c31
6732
3635
1c31
6732
3635
1435
3f35
2f31
2f31
2f31
e634
e630
e630
fd64
4e65
4e65
4e65
4e65
4365
4e65
7111
6f11
4a91
6595
6591
4a95
7315
7215
3031
3131
3035
3031
3131
3035
3031
3131
3035
2f35
e638
e638
e638
e638
e638
e638
1969
e63c
2f35
2f35
2f35
2f35
3f31
2f35
7211
7311
4a91
6595
0926
0004
1924
0400
3b3a
00b0
6591
4995
6915
6715
2731
2631
2531
2431
2535
2231
2135
2235
8f36
2335
2335
7ef5
3ff3
40f3
47f3
47f7
40f7
3ff7
7ef5
2435
2535
2635
2735
4331
6711
6911
4991
6595
6591
4a95
6815
6615
0f31
1331
1931
1531
1935
3631
0a34
3635
9136
9436
4635
7ef5
3ef3
41f3
46f3
46f7
41f7
3ef7
7ef5
1535
1935
1335
0f35
1a35
6611
6811
4a91
6595
6591
4a95
6a15
7115
1031
1131
1231
1431
1235
3631
2031
3635
9632
9536
9636
7ef5
3df3
42f3
45f3
45f7
42f7
3df7
7ef5
1435
1235
1135
1035
3e31
7111
6a11
4a91
6595
6591
4b95
6b15
7115
0930
2931
1931
1431
1935
1c31
1f31
3635
9732
4661
9736
7ef5
3cf3
43f3
44f3
44f7
43f7
3cf7
7ef5
1435
1935
2a35
3c35
3e31
7111
6b11
4b91
6595
6591
4a95
6b15
7115
3c31
2a31
1931
1431
1935
3631
3a31
3635
9732
3831
9736
7ef5
63f3
64f3
6bf3
6bf7
64f7
63f7
7ef5
1435
1935
2a35
3c35
3e31
7111
6b11
4a91
6595
6591
4a95
6e15
7115
3c31
2a31
1931
1431
1935
3631
3a31
3635
9936
9836
9932
7ef5
62f3
65f3
6af3
6af7
65f7
62f7
7ef5
1435
1935
2a35
3c35
3e31
7111
6e11
4a91
6595
7b91
4a95
6f15
7115
3b31
2b31
3231
1431
3235
3631
0a34
3635
3b31
3b31
3b31
7ef5
61f3
66f3
69f3
69f7
66f7
61f7
7ef5
1435
3235
2b35
3b31
3b35
7111
6f11
4a91
6595
6591
4a95
7315
7215
e634
e634
e634
e634
e634
3031
3135
3035
e630
e610
e614
7ef5
60f3
67f3
68f3
68f7
67f7
60f7
7ef5
196d
e63c
e634
e634
e63c
7211
7311
4a91
6595
0888
0084
1140
0008
3b3a
0000
65b1
49b5
6935
6735
4331
4736
4836
4736
4636
4836
4331
4331
4331
4331
4331
4331
4331
4331
4331
4331
4331
4331
4331
4331
4331
4331
4331
4335
6731
6931
49b1
65b5
65b1
4ab5
6835
2136
6632
6632
2536
2832
2832
2832
2832
2832
2832
2832
2832
2832
2832
2832
2536
1165
2a31
2a31
2a31
1165
2532
6632
5032
6632
2132
6831
4ab1
65b5
65b1
4ab5
6a35
2336
7934
7934
7830
7734
7734
7734
7734
7734
7734
7734
7734
7734
7734
7734
7830
3e31
2a31
2a31
2a31
3e31
7834
7934
693a
7934
2332
6a31
4ab1
65b5
65b1
4bb5
6b35
2336
6732
6732
7830
7734
7734
6f34
6f34
6f34
7734
7734
7734
7734
7734
7734
7830
3e31
2a31
2a31
2a31
3e31
7834
6732
6732
6732
2332
6b31
4bb1
65b5
65b1
4ab5
6b35
2336
7934
7934
5c36
7034
7034
5836
5836
5836
7034
7034
7034
7034
7034
6036
7830
3b31
2b31
2b31
2b31
3b31
7834
7934
7934
7934
2332
6b31
4ab1
65b5
65b1
4ab5
6e35
2336
7934
7934
5b36
5136
5136
5136
5136
5a36
5136
5136
5136
5236
5136
6136
2632
e630
c836
c936
ca36
cb36
7834
7934
7934
7934
2332
6e31
4ab1
65b5
7bb1
4ab5
6f35
2336
2436
2436
5d36
5e36
5336
5336
5336
5336
5336
5336
5336
5436
5336
6236
e630
e630
e630
e630
e630
3f31
2636
2432
2432
2432
2332
6f31
4ab1
65b5
65b1
4ab5
7335
7235
2f35
3f31
e634
e634
e634
3f31
e634
e634
e634
e634
e634
e634
e634
e634
e630
e630
e630
3f3d
e630
e630
e630
e630
2f35
3f31
7231
7331
4ab1
65b5
0000
1004
1000
0080
3b10
0000
6591
4995
6915
6715
4331
4331
4335
4315
4315
4315
4315
4315
4315
4315
4315
4315
4315
4315
4315
4315
4315
4315
4315
4315
4315
4315
4311
4311
6711
6911
4991
6595
6591
4a95
6815
6615
1165
1165
1161
2512
2816
2816
2816
2816
2816
2512
6616
6616
6616
6616
6616
6616
6616
6616
2516
cf32
cf32
2512
6612
6612
6611
6811
4a91
6595
6591
4a95
6a15
7115
3e31
3e31
3e35
7814
7710
7710
7710
7710
7710
7814
7910
6a12
6b12
6b12
6b12
6b12
6a16
7910
7810
982c
9828
7814
7914
7914
7111
6a11
4a91
6595
6591
4b95
6b15
7115
3e31
3e31
3e35
7814
7710
7710
7710
7710
7710
7814
6716
6512
6131
6231
8c30
6c32
6516
6716
7810
9824
9820
7814
7910
7914
7111
6b11
4b91
6595
6591
4a95
6b15
7115
3b31
3b31
3b35
7814
6012
7010
7010
7010
7010
5c12
7910
6512
513d
8c30
8b30
513d
6516
7910
7810
982c
9828
7814
7914
7914
7111
6b11
4a91
6595
6591
4a95
6e15
7115
5a71
0234
e634
2616
6112
5112
5212
5112
5112
5b12
7910
1e12
1f12
6e12
6e12
1f16
1e16
7910
7810
9824
9820
7814
7914
7914
7111
6e11
4a91
6595
6591
4a95
6f15
7115
ca36
cb36
e634
e614
6212
5312
5412
5312
5e12
5d12
2412
2416
2416
2416
2416
2412
2416
2416
2612
3f15
e614
2616
2412
2412
7111
6f11
4a91
7b95
6591
4a95
7315
7215
e630
3f31
e630
e630
e630
e630
e630
e630
e630
e630
e630
e630
e630
e630
e630
e634
e630
e630
e630
e630
e630
e630
7c35
7c35
7211
7311
4a91
6595
0800
0004
1100
0000
3b3a
0000
79f6
72f2
7476
7376
6c76
5135
5135
5135
5135
5135
5135
5135
5135
5135
5135
513d
513d
513d
5135
bc76
5135
5135
5135
bb76
ba76
5131
5131
6c72
7372
7472
72f6
79f2
79f6
78f2
ab74
ac74
6d76
7076
5131
4372
5135
5135
b976
5135
5135
5135
5135
513d
513d
bb7e
5135
5135
5135
5135
5135
5135
4b76
5131
7072
6d72
ac70
ab70
78f6
79f2
79f6
7af2
0d34
ad74
7176
6e76
5131
5131
5131
bc72
5131
4772
5131
5131
5131
5131
3a72
3b72
5131
5131
5131
5131
5131
5131
5131
5131
6e72
7172
ad70
0d30
7af6
79f2
79fe
72fa
0d34
ad74
7276
6f76
5131
5131
5131
5131
7672
7572
5131
5131
5131
7672
3872
3972
5131
5131
5131
5131
7672
7572
5131
5131
6f72
7272
ad70
0d30
72fe
79fa
79fe
7afa
0d34
ad74
7876
7776
b476
b376
ae76
ab76
7d72
7e72
9e72
8072
a472
a372
a272
a172
a072
9f72
9e72
8076
7d72
7e72
9e72
8072
8872
7872
ad70
0d30
7afe
79fa
79fe
78fa
0d34
ad74
7a76
7976
0b30
af72
b072
b272
a776
a77e
0b3c
0b38
0b30
a572
0b34
aa76
a976
0b30
0b30
0b30
8672
8772
8272
8372
8972
7a72
ad70
0d30
78fe
79fa
79f6
78f2
b174
ae74
7c76
7b76
0b30
0b30
0b30
0b30
8572
8472
8172
0b30
8172
0b30
0b30
0b34
0b30
0b30
0b30
0b30
8572
8472
8172
0b30
7b72
7c72
ae70
b170
78f6
79f2
79f6
7af2
b074
af74
0b30
0b34
0b30
0b30
0b30
0b30
0b30
0b30
0b30
0b30
0b30
0b30
0b34
0b30
0b30
0b30
0b30
0b30
0b30
0b30
0b30
0b30
0b30
0b34
af70
b070
7af6
79f2
0000
0004
1000
0000
3c84
0000
79f6
72f2
7476
7376
6c76
5135
5131
bc72
5131
5131
5131
bc72
b972
ba72
bb72
5131
5131
5131
bc72
5131
5131
5131
5131
5131
4772
5131
5131
6c72
7372
7472
72f6
79f2
79f6
78f2
ab74
ac74
6d76
7076
5131
5131
5131
5131
5131
4772
4872
4b72
5131
5131
5131
5131
5131
7672
3972
b972
5131
bb72
5131
5131
7072
6d72
ac70
ab70
78f6
79f2
79f6
7af2
0d34
ad74
7176
6e76
5131
5131
5131
bc72
5131
5131
5131
5131
5131
5131
5131
b772
3a72
7d72
a172
7f76
7676
5131
5131
5131
6e72
7172
ad70
0d30
7af6
79f2
79fe
72fa
0d34
ad74
7276
6f76
5131
5131
5131
7672
7572
5131
5131
5131
5131
5131
5131
7672
3872
0b30
0b30
a872
7e72
a172
b376
5131
6f72
7272
ad70
0d30
72fe
79fa
79fe
7afa
0d34
ad74
7876
7776
a072
9f72
9e72
7d72
7e72
9e72
a472
8076
8072
a472
a472
a372
0b30
a572
a872
a672
0b30
0b30
8276
ab76
8872
7872
ad70
0d30
7afe
79fa
79fe
78fa
0d34
ad74
7a76
7976
8672
8572
0b30
0b30
8672
8772
8272
8372
0b30
a572
a872
a672
0b30
0b34
a776
0b34
0b30
0b30
0b30
8a72
8972
7a72
ad70
0d30
78fe
79fa
79f6
78f2
b174
ae74
7c76
7b76
0b30
0b30
0b30
0b30
8572
8472
8172
0b30
0b30
0b34
a776
0b34
0b30
0b30
0b30
0b30
0b30
0b30
a772
0b30
7b72
7c72
ae70
b170
78f6
79f2
79f6
7af2
b074
af74
0b30
0b34
0b30
0b30
0b30
0b30
0b30
0b30
0b30
0b30
0b30
0b30
0b34
0b30
0b30
0b30
0b30
0b30
0b30
0b30
0b30
0b30
0b30
0b34
af70
b070
7af6
79f2
0000
0004
1000
0000
3c84
0000
79f6
72f2
7476
7376
6c76
5135
5131
bc72
b972
5131
bb72
bc72
5131
5131
5131
5131
5139
5139
5139
5139
5139
5139
5139
5139
5139
5131
5131
6c72
7372
7472
72f6
79f2
79f6
78f2
ab74
ac74
6d76
7076
5131
4772
4872
4b72
5131
4772
5131
5131
5131
5131
5139
5139
bc7a
b97a
5139
bb7a
5139
5131
5131
5131
7072
6d72
ac70
ab70
78f6
79f2
79f6
7af2
0d34
ad74
7176
6e76
5131
5131
5131
5131
5131
5131
5131
5131
5131
5131
bc7a
5139
5139
5139
5139
5139
477a
5131
5131
5131
6e72
7172
ad70
0d30
7af6
79f2
79fe
72fa
0d34
ad74
7276
6f76
5135
5135
5135
5135
5135
5135
5135
5135
5135
5135
5135
5135
5135
5135
5135
5135
5135
5135
5135
5131
6f72
7272
ad70
0d30
72fe
79fa
79fe
7afa
0d34
ad74
7876
7776
b472
b572
8076
8072
b576
b476
b376
b176
ae76
7f72
8072
b576
b476
b376
b176
ae76
ad76
9f76
ac76
ab76
8872
7872
ad70
0d30
7afe
79fa
79fe
78fa
0d34
ad74
7a76
7976
8672
8572
0b30
0b30
0b34
0b34
b276
b076
af76
a572
a872
0b34
0b34
b276
b076
af76
0b34
0b34
aa76
a976
8972
7a72
ad70
0d30
78fe
79fa
79f6
78f2
b174
ae74
7c76
7b76
0b30
0b30
0b30
0b30
0b34
0b34
0b34
0b34
0b30
a772
0b30
0b34
0b34
0b34
0b34
8576
0b30
0b30
a772
0b30
7b72
7c72
ae70
b170
78f6
79f2
79f6
7af2
b074
af74
0b30
0b34
0b30
0b30
0b30
0b30
0b30
0b30
0b30
0b30
0b30
0b30
0b34
0b30
0b30
0b30
0b30
0b30
0b30
0b30
0b30
0b30
0b30
0b34
af70
b070
7af6
79f2
0000
0004
1000
0000
3c84
0000
79f6
72f2
7476
7376
f246
bb43
ba43
f242
f542
fa42
0043
ff42
7976
7976
7976
6c76
5135
5131
bc72
5131
5131
5131
5131
5131
4772
5131
5131
6c72
7372
7472
72f6
79f2
79f6
78f2
ab74
ac74
6d76
bc43
0743
f642
f942
fb42
fe42
6972
6b72
7976
6672
7976
7076
5131
5131
5131
bc72
b972
5131
bb72
5131
5131
7072
6d72
ac70
ab70
78f6
79f2
79f6
7af2
0d34
ad74
7176
bd43
0643
f742
f842
fc42
fd42
6a72
6872
797e
6872
687a
6e76
5131
5131
5131
5131
5131
5131
5131
5131
5131
6e72
7172
ad70
0d30
7af6
79f2
79fe
72fa
0d34
ad74
7276
0843
0f43
1043
1743
1843
1f43
2043
6672
6872
6972
6672
6f76
5131
5131
5131
5131
5131
5131
5131
7672
7572
6f72
7272
ad70
0d30
72fe
79fa
79fe
7afa
0d34
ad74
7876
0943
0e43
1143
1643
1943
1e43
2143
2643
5e72
5f72
6872
7776
ab72
ac72
ad72
ae72
b172
b372
b472
7d72
7e72
8872
7872
ad70
0d30
7afe
79fa
79fe
78fa
0d34
ad74
7a76
0a43
0d43
1243
1543
1a43
1d43
2243
2643
797e
6172
8c72
8b72
a972
aa72
0b30
af72
b072
b272
0b30
0b30
8a72
8972
7a72
ad70
0d30
78fe
79fa
79f6
78f2
b174
ae74
7c76
0b43
0c43
1343
1443
1b43
1c43
2343
6872
6872
8c72
8b72
8a72
0b30
0b30
0b30
0b30
0b30
0b30
0b30
a772
0b30
7b72
7c72
ae70
b170
78f6
79f2
79f6
7af2
b074
af74
0b30
0b30
af72
b072
b272
0b30
8a72
8a76
0b30
7b72
8d72
8a72
0b30
0b34
0b30
0b30
0b30
0b30
0b30
0b30
0b30
0b30
0b30
0b34
af70
b070
7af6
79f2
0000
0004
1000
0000
3c84
0000
79f6
72f2
7476
7376
6c76
5135
5135
4776
5135
5135
5135
5135
5139
1a31
0f31
1331
1931
1935
1335
0f35
1a35
5135
5135
5135
5135
5135
5131
6c72
7372
7472
72f6
79f2
79f6
78f2
ab74
ac74
6d76
7076
5135
5135
bb76
5135
b976
bc76
bb7a
2831
1031
1131
1231
1235
1135
1035
2835
5135
5135
5135
5135
5135
7072
6d72
ac70
ab70
78f6
79f2
79f6
7af2
0d34
ad74
7176
6e76
5135
5135
5135
5135
5135
5135
5139
477a
5139
0a30
0a30
0a30
0a30
5135
5135
5135
5101
5101
5101
5101
6e72
7172
ad70
0d30
7af6
79f2
79fe
72fa
0d34
ad74
7276
6f76
7576
7676
5135
5135
5135
5135
5135
5135
5135
0a30
3a31
3a31
0a30
5135
5135
5135
5131
5131
5131
5131
6f72
7272
ad70
0d30
72fe
79fa
79fe
7afa
0d34
ad74
7876
8876
7e76
7d76
b476
b376
b176
ae76
ad76
ac76
ab76
0a30
7b31
7b35
0a30
b376
b176
ae76
b376
b176
b176
b372
8872
7872
ad70
0d30
7afe
79fa
79fe
78fa
0d34
ad74
7a76
8976
8a76
0b34
0b34
b276
b076
af76
0b34
aa76
a976
0a30
3a31
3a31
0a30
b276
b076
af76
b276
b076
b076
b272
8972
7a72
ad70
0d30
78fe
79fa
79f6
78f2
b174
ae74
7c76
7b76
0b34
a776
0b34
0b34
0b34
0b34
0b34
0b34
b276
0a30
0a30
0a30
0a30
8a76
0b34
0b34
0b34
0b34
0b34
0b30
7b72
7c72
ae70
b170
78f6
79f2
79f6
7af2
b074
af74
0b30
0b34
0b34
0b34
0b34
0b34
0b34
0b34
0b34
0b34
0b34
8a72
b276
8a72
8a76
0b34
0b34
0b34
0b34
0b34
0b34
0b30
0b30
0b34
af70
b070
7af6
79f2
0000
1004
1001
0000
3c84
0000
79f6
72f2
aa54
a954
0a14
0a14
0a10
0a10
0a10
0a14
0a14
0a10
0a10
0a10
0a14
0a14
0a10
0a10
0a14
0a14
0a14
0a10
0a10
0a14
0a14
0a14
0a10
0a10
a950
aa50
72f6
79f2
79f6
78f2
ab54
ac54
c076
bf76
be76
bf72
b676
c076
bf76
be76
bf72
b676
c076
bf72
bf72
c072
b672
bf76
be72
bf72
c072
b672
bf76
be72
bf72
c072
ac50
ab50
78f6
79f2
79f6
7af2
0d14
ad54
c176
ba72
bb72
4772
b876
c176
5135
5135
5135
b876
c176
513d
513d
c172
b872
477e
5139
5139
c172
b872
5131
5131
ba76
c172
ad50
0d10
7af6
79f2
79fe
72fa
0d14
ad54
c276
5135
5135
5135
bd76
c276
7672
7572
5131
bd76
c276
bb7a
b772
c272
bd72
5139
5139
ba7e
c272
bd72
5131
bb76
5131
c272
ad50
0d10
72fe
79fa
79fe
7afa
0d14
ad54
c876
b472
ab72
9e72
c376
c876
7d72
7e72
9e72
c376
c876
9e76
ab76
c872
c372
ae72
b172
b372
c872
c372
b472
ab72
9e72
c872
ad50
0d10
7afe
79fa
79fe
78fa
0d14
ad54
c676
0b30
a972
aa72
c476
c676
8672
8772
8272
c476
c676
0b30
b272
c672
c472
af72
b072
b272
c672
c472
b276
b276
0b34
c672
ad50
0d10
78fe
79fa
79f6
78f2
b154
ae54
c776
3e72
3e72
3e72
c576
c776
3e72
3e72
3e72
c576
c776
3e72
3e72
c772
c572
3e76
3e76
3e76
c772
c572
3e76
3e76
3e76
c772
ae50
b150
78f6
79f2
79f6
7af2
b054
af54
0b14
0b14
0b14
0b14
0b14
0b14
0b14
0b14
d057
0b14
0b14
0b14
0b14
0b14
0b14
0b14
0b14
0b14
d057
d157
d05f
d15f
d15f
0b10
af50
b050
7af6
79f2
0000
0004
1000
0000
3bd0
0000
79f6
72f2
aa54
a954
0a10
0a10
0a10
0a10
0a10
0a10
0a10
0a10
0a10
0a10
0a10
0a10
0a10
0a10
0a10
0a10
0a10
0a10
0a10
0a10
0a10
0a10
0a10
0a10
a950
aa50
72f6
79f2
79f6
78f2
ab54
ac54
c076
bf76
bf76
bf76
bf76
be76
bf72
bf72
bf72
bf72
b676
3641
3645
b672
bf76
bf76
bf76
bf76
be76
bf72
bf72
bf72
bf72
c072
ac50
ab50
78f6
79f2
79f6
7af2
0d14
ad54
c176
5131
bc72
5131
5131
5131
5131
5131
ba72
5135
b876
0230
3f31
b872
5135
5131
bb72
5131
5131
5131
5131
5131
5131
c172
ad50
0d10
7af6
79f2
79fe
72fa
0d14
ad54
c276
5131
5131
7672
7572
5131
4772
5135
5135
5135
bd76
0230
0230
bd72
5135
5131
5131
5131
5131
5131
5131
5131
5131
c272
ad50
0d10
72fe
79fa
79fe
7afa
0d14
ad54
c876
b576
8072
7d72
7e72
9e72
b476
b376
ae76
ab76
c376
0230
0230
c372
ab72
ac72
9f72
ad72
ae72
b172
b372
b472
b572
c872
ad50
0d10
7afe
79fa
79fe
78fa
0d14
ad54
c676
0b34
0b30
8672
8772
8272
0b30
af72
b072
b272
c476
0230
0230
c472
a972
aa72
0b30
0b30
af72
b072
b272
0b30
0b30
c672
ad50
0d10
78fe
79fa
79f6
78f2
b154
ae54
c776
3e72
3e72
3e72
3e72
3e72
3e72
3e72
3e72
3e72
c576
b970
b970
c572
3e76
3e76
3e76
3e76
3e76
3e76
3e76
3e76
3e76
c772
ad50
b150
78f6
79f2
79f6
7af2
b054
af54
0b10
0b10
0b10
0b10
0b10
0b10
0b10
0b10
0b10
0b10
0b10
0b10
0b10
0b10
0b10
0b10
0b14
0b14
0b14
0b14
0b14
0b14
0b10
0b10
af50
b050
7af6
79f2
0000
0004
1000
0000
3bd0
0000
79f6
72f2
aa74
a974
0a30
0a30
0a30
0a30
0a30
0a30
0a30
0a30
0a30
0a30
0a30
0a30
0a30
0a30
0a30
0a30
0a30
0a30
0a30
0a30
0a30
0a30
0a30
0a30
a970
aa70
72f6
79f2
79f6
78f2
ab74
ac74
c056
bf56
bf56
bf56
bf56
be56
bf52
bf52
bf52
bf52
b656
0210
0210
b652
bf56
bf56
bf56
bf56
be56
bf52
bf52
bf52
bf52
c052
ac70
ab70
78f6
79f2
79f6
7af2
0d34
ad74
c156
5111
bc52
5111
5111
5111
5111
5111
ba52
5115
b856
0210
0210
b852
5115
5111
bb52
5111
5111
5111
5111
5111
5111
c152
ad70
0d30
7af6
79f2
79fe
72fa
0d34
ad74
c256
5111
5111
7652
7552
5111
4752
5115
5115
5115
bd56
0210
0210
bd52
5115
5111
5111
5111
5111
5111
5111
5111
5111
c252
ad70
0d30
72fe
79fa
79fe
7afa
0d34
ad74
c856
b556
8052
7d52
7e52
9e52
b456
b356
ae56
ab56
c356
0210
0210
c352
ab52
ac52
9f52
ad52
ae52
b152
b352
b452
b552
c852
ad70
0d30
7afe
79fa
79fe
78fa
0d34
ad74
c656
0b14
0b10
8652
8752
8252
0b10
af52
b052
b252
c456
0210
0210
c452
a952
aa52
0b10
0b10
af52
b052
b252
0b10
0b10
c652
ad70
0d30
78fe
79fa
79f6
78f2
b174
ae74
c756
3e52
3e52
3e52
3e52
3e52
3e52
3e52
3e52
3e52
c556
b950
b950
c552
3e56
3e56
3e56
3e56
3e56
3e56
3e56
3e56
3e56
c752
ad70
b170
78f6
79f2
79f6
7af2
b074
af74
0b30
0b30
0b30
0b30
0b30
0b30
0b30
0b30
0b30
0b30
0b30
0b30
0b30
0b30
0b30
0b30
0b34
0b34
0b34
0b34
0b34
0b34
0b30
0b30
af70
b070
7af6
79f2
0000
0004
1000
0000
3b64
0000
79d6
72d2
7456
7356
6c56
5115
5135
bc72
5135
d263
d663
d667
d267
ba7a
bb7a
477a
487a
4b7a
5139
5135
5111
bc52
b952
ba52
bb52
5111
5111
6c52
7352
7452
72d6
79d2
79d6
78d2
ab54
ac54
6d56
7056
bc72
5135
5135
d763
d863
d867
d767
5135
5135
5135
5135
5135
5135
5135
5111
4752
4852
4b52
5111
5111
7052
6d52
ac50
ab50
78d6
79d2
79d6
7ad2
0d14
ad54
7156
6e56
0038
562b
542b
3a23
ff63
ff67
3a27
542f
562f
003c
003c
ec6f
eb6f
ea6f
5111
5111
5111
5111
5111
5111
6e52
7152
ad50
0d10
7ad6
79d2
79de
72da
0d14
ad54
7256
6f56
522b
532b
fb63
f863
f863
f867
f867
fb67
532f
522f
ef6f
ed6f
ee6f
e96f
5111
7652
7552
5111
5111
5111
6f52
7252
ad50
0d10
72de
79da
79de
7ada
0d14
ad54
7856
8976
ed23
eb27
e923
ea23
ed27
8c52
ed23
ea27
ea23
e923
ea23
ea27
ea23
eb23
8052
7d52
7e52
9e52
8052
a452
8852
7852
ad50
0d10
7ade
79da
79de
78da
0d14
ad54
7a56
9652
7b56
8a56
ec13
ef13
f013
f017
f017
6856
8b56
8c56
ee13
ec13
ef13
f013
8556
8652
8752
8252
8352
0b10
8952
7a52
ad50
0d10
78de
79da
79d6
78d2
b154
ae54
7c56
7b56
0b10
a552
a852
a652
a756
0b14
0b14
8a56
8a56
8d56
b256
b056
af56
0b14
0b10
8552
8452
8152
0b10
0b10
7b52
7c52
ae50
b150
78d6
79d2
79d6
7ad2
b054
af54
0b10
0b14
0b10
0b14
0b10
0b14
0b10
0b10
0b10
0b10
0b14
0b14
0b14
0b14
0b14
0b14
0b14
0b14
0b14
0b14
0b14
0b10
0b10
0b14
af50
b050
7ad6
79d2
0000
0004
1000
0000
3cba
0000
79d6
72d2
7456
7356
6c56
5115
511d
511d
511d
511d
ba5e
b95e
bc5e
511d
bc72
5131
5131
5131
bc72
5131
5131
5131
5131
5131
4772
5131
5111
6c52
7352
7452
72d6
79d2
79d6
78d2
ab54
ac54
6d56
7056
511d
511d
4b5e
485e
475e
511d
5131
5131
5131
5131
5131
5131
5131
ea6b
eb6b
ec6b
ec6f
eb6f
ea6f
5131
7052
6d52
ac50
ab50
78d6
79d2
79d6
7ad2
0d14
ad54
7156
6e56
511d
bb5e
ba5e
b95e
bc5e
511d
3a52
3b52
d363
d463
d467
d367
5131
e96b
ee6b
ed6b
ed6f
ee6f
e96f
5131
6e52
7152
ad50
0d10
7ad6
79d2
79de
72da
0d14
ad54
7256
6f56
7652
7552
5111
5111
5111
7652
3852
3952
fe67
fe63
fe67
fe63
9776
eb27
ea27
ea23
ea27
e927
552b
9772
6f52
7252
ad50
0d10
72de
79da
79de
7ada
0d14
ad54
7856
8b52
7d52
7e52
9e52
8052
a452
a352
a252
a152
eb27
ea27
ea23
ea27
8c52
8b52
8b56
8952
8b56
8b56
8c56
8c56
8852
7852
ad50
0d10
7ade
79da
79de
78da
0d14
ad54
7a56
9652
8652
8752
8252
8352
0b10
a552
a852
825a
f017
ef17
8a52
8d56
8d52
8a52
af52
8a52
af52
8a56
8d56
8a52
8952
7a52
ad50
0d10
78de
79da
79d6
78d2
b154
ae54
7c56
7b56
8552
8452
8152
0b10
0b10
0b14
a756
0b14
0b10
0b10
0b10
0b10
0b10
0b10
0b10
0b10
0b10
0b10
a752
0b10
7b52
7c52
ae50
b150
78d6
79d2
79d6
7ad2
b054
af54
0b10
0b14
0b10
0b10
0b10
0b10
0b10
0b10
0b14
0b10
0b10
0b10
0b10
0b14
0b10
0b10
0b10
0b10
0b10
0b10
0b10
0b10
0b10
0b14
af50
b050
7ad6
79d2
0000
0004
1000
0000
3cba
0000
7ef1
7ef1
7456
7356
7e71
5a2f
592f
582f
572f
542f
562f
003c
003c
003c
0038
0038
0038
0038
0038
0038
003c
562b
542b
572b
582b
592b
5a2b
7e75
7352
7452
7ef5
7ef5
7ef1
7ef1
ab54
ac54
7e71
0c24
0c24
0c24
5c2f
552f
532f
522f
bc5a
b95a
ba5a
bb5a
5119
511d
3a52
3b52
522b
532b
552b
5c2b
0c20
0c20
0c20
7e75
ac50
ab50
7ef5
7ef5
7ef1
7ef1
0d14
ad54
7e71
0c24
0c24
5c2f
5e2f
0c24
502f
7e71
5115
5115
5115
7556
7656
7652
3852
3952
7e75
502b
0c20
5e2b
5c2b
0c20
0c20
7e75
ad50
0d10
7ef5
7ef5
7ef1
7ef1
0d14
ad54
7e71
0c24
5d2f
5e2f
0c24
502f
d963
7e71
a456
8056
9e56
7e56
7d56
a352
a252
a152
7e75
d967
502b
0c20
5e2b
5d2b
0c20
7e75
ad50
0d10
7ef5
7ef5
7ef1
7ef1
0d14
ad54
7e71
5d2f
5e2f
0c24
5d2f
da67
da63
7e71
0b14
0b14
0b14
0b14
0b14
0b10
a852
825a
7e75
da67
da63
5d2b
0c20
5e2b
5d2b
7e75
ad50
0d10
7ef5
7ef5
7ef1
7ef1
0d14
ad54
7e71
0c24
0c24
5d2f
5e2f
fc67
fc63
7e71
0b14
0b14
8156
8456
8556
0b14
a756
0b14
7e75
fc67
fc63
5e2b
5d2b
0c20
0c20
7e75
ad50
0d10
7ef5
7ef5
7ef1
7ef1
b154
ae54
7e71
a652
a756
0b14
0b14
8a56
8a56
0b14
0b14
0b14
0b14
0b14
0b14
0b10
0b14
0b10
a652
a756
8a56
0b14
8a56
8a52
8a56
7e75
ae50
b150
7ef5
7ef5
7ef1
7ef1
b054
af54
0b10
0b14
0b10
0b14
0b10
0b10
0b10
0b10
0b10
0b10
0b10
0b10
0b10
0b10
0b10
0b10
0b10
0b10
0b10
0b10
0b10
0b10
0b14
0b14
af50
b050
7ef5
7ef5
0408
0004
1000
0810
3cba
0000
79d6
72d2
7456
7356
6c56
5115
5115
5115
5111
5111
bc52
5115
5115
bc56
5131
6c72
7972
7972
7972
687e
687e
7972
7972
687e
797e
6872
797e
6872
7352
7452
72d6
79d2
79d6
78d2
ab54
ac54
6d56
7056
bc52
b952
ba52
bb52
5111
5115
5115
5115
7072
7972
6676
7972
6b76
6976
6676
7972
6b76
5e7e
6876
6a76
687e
6d52
ac50
ab50
78d6
79d2
79d6
7ad2
0d14
ad54
7156
6e56
4752
4852
4b52
5111
5111
bc56
5115
5115
6e72
687e
6876
797a
6876
6a76
6876
797a
6876
687e
6676
7972
5e7e
7152
ad50
0d10
7ad6
79d2
79de
72da
0d14
ad54
7256
6f56
5115
5115
5111
7652
7552
5115
5115
5115
6f72
6676
6976
6876
6676
7972
5f76
5e76
687e
7972
687e
6876
687e
7252
ad50
0d10
72de
79da
79de
7ada
0d14
ad54
7856
7756
8056
7f56
8052
7d52
7e52
ae52
b152
b352
7752
6856
5f76
5e76
6876
797a
6876
4bc3
4ac3
49c3
48c3
5e76
7972
7852
ad50
0d10
7ade
79da
79de
78da
0d14
ad54
7a56
7956
0b14
0b14
0b10
8652
8752
af52
b052
b252
8b56
8c56
6176
6876
5f76
4cc3
4dc3
4fc3
5dc3
5cc3
5bc3
797e
6872
7a52
ad50
0d10
78de
79da
79d6
78d2
b154
ae54
7c56
7b56
0b10
0b14
0b14
8552
8452
0b14
0b14
0b14
8a56
8b56
8c76
8c76
8b5e
52c3
51c3
50c3
5ec3
5fc3
5ac3
8c76
797a
7a52
ae50
b150
78d6
79d2
79d6
7ad2
b054
af54
0b10
0b14
0b10
0b10
0b10
0b10
0b10
0b14
0b14
0b14
0b14
8a56
8d56
7b56
56c3
53c3
54c3
55c3
57c3
58d3
7d52
0b14
0b14
0b14
af50
b050
7ad6
79d2
0000
0004
1000
0000
3cba
0000
79d6
72d2
7456
7356
6c56
5115
5111
bc52
5111
5111
5111
bc52
b952
ba52
bb52
5111
5111
5111
bc52
5111
5111
5111
5111
5111
4752
5111
5111
6c52
7352
7452
72d6
79d2
79d6
78d2
ab54
ac54
6d56
7056
5111
5111
5111
5111
5111
4752
4852
4b52
5111
5111
5111
5111
5111
5111
bc52
b952
5111
bb52
5111
5111
7052
6d52
ac50
ab50
78d6
79d2
79d6
7ad2
0d14
ad54
7156
6e56
5111
5111
5111
bc52
5111
5111
5111
5111
5111
5111
3a52
3b52
5111
5111
5111
5111
9a52
9952
9852
9752
6e52
7152
ad50
0d10
7ad6
79d2
79de
72da
0d14
ad54
7256
6f56
7652
7552
5111
5111
7652
7552
5111
5111
5111
7652
3852
3952
5111
5111
5111
5111
9b52
9c52
9d52
9652
6f52
7252
ad50
0d10
72de
79da
79de
7ada
0d14
ad54
7856
7756
7d52
7e52
7f52
8052
7d52
7e52
9e52
8052
a452
a352
a252
a152
a052
9f52
9e52
8056
8f52
8e52
8c52
8b52
8852
7852
ad50
0d10
7ade
79da
79de
78da
0d14
ad54
7a56
7956
8652
8552
0b10
0b10
8652
8752
8252
8352
0b10
a552
a852
a652
0b10
0b10
0b10
0b10
0b10
9052
8d52
8a52
8952
7a52
ad50
0d10
78de
79da
79d6
78d2
b154
ae54
7c56
7b56
0b10
0b10
0b10
0b10
8552
8452
8152
0b10
0b10
0b14
a756
0b14
0b10
0b10
0b10
0b10
0b10
0b10
a752
0b10
7b52
7c52
ae50
b150
78d6
79d2
79d6
7ad2
b054
af54
0b10
0b14
0b10
0b10
0b10
0b10
0b10
0b10
0b10
0b10
0b10
0b10
0b14
0b10
0b10
0b10
0b10
0b10
0b10
0b10
0b10
0b10
0b10
0b14
af50
b050
7ad6
79d2
0000
0004
1000
0000
3cba
0000
0000
0000
0000
0000
0000
0000
0000
0000
0000
0000
0000
0000
0000
0000
0000
0000
0000
0000
0000
0000
0000
0000
0000
0000
0000
0000
0000
0000
0000
0000
0000
0000
0000
0000
0000
0000
0000
0000
0000
0000
0000
0000
0000
0000
0000
0000
0000
0000
0000
0000
0000
0000
0000
0000
0000
0000
0000
0000
0000
0000
0000
0000
0000
0000
0000
0000
0000
0000
0000
0000
0000
0000
0000
0000
0000
0000
0000
0000
0000
0000
0000
0000
0000
0000
0000
0000
0000
0000
0000
0000
0000
0000
0000
0000
0000
0000
0000
0000
0000
0000
0000
0000
0000
0000
0000
0000
0000
0000
0000
0000
0000
0000
0000
0000
0000
0000
0000
0000
0000
0000
0000
0000
0000
0000
0000
0000
0000
0000
0000
0000
0000
0000
0000
0000
0000
0000
0000
0000
0000
0000
0000
0000
0000
0000
0000
0000
0000
0000
0000
0000
0000
0000
0000
0000
0000
0000
0000
0000
0000
0000
0000
0000
0000
0000
0000
0000
0000
0000
0000
0000
0000
0000
0000
0000
0000
0000
0000
0000
0000
0000
0000
0000
0000
0000
0000
0000
0000
0000
0000
0000
0000
0000
0000
0000
0000
0000
0000
0000
0000
0000
0000
0000
0000
0000
0000
0000
0000
0000
0000
0000
0000
0000
0000
0000
0000
0000
0000
0000
0000
0000
0000
0000
0000
0000
0000
0000
0000
0000
0000
0000
0000
0000
0000
0000
0000
0000
0000
0000
0000
0000
0000
0000
0000
0000
0000
0000
0000
0000
0000
0000
0000
0000
0000
0000
0000
0000
0000
0000
0000
0000
0000
0000
0000
0000
0000
0000
0000
0000
0000
0000
0000
0000
0000
0000
0000
0000
0000
0000
0000
0000
0000
0000
0000
0000
0000
0000
0000
0000
0000
0000
0000
0000
0000
0000
0000
0000
0000
0000
0000
0000
0000
0000
0000
0000
0000
0000
0000
0000
0000
0000
0000
0000
0000
0000
0000
0000
0000
0000
0000
0000
0000
0000
0000
0000
0000
0000
0000
0000
0000
0000
0000
0000
0000
0000
0000
0000
0000
0000
0000
0000
0000
0000
0000
0000
0000
0000
0000
0000
0000
0000
0000
0000
0000
0000
0000
0000
0000
0000
0000
0000
0000
0000
0000
0000
0000
0000
0000
0000
0000
0000
0000
0000
0000
0000
0000
0000
0000
0000
0000
0000
0000
0000
0000
0000
0000
0000
0000
0000
0000
0000
0000
0000
0000
0000
0000
0000
0000
0000
0000
0000
0000
0000
0000
0000
0000
0000
0000
0000
0000
0000
0000
0000
0000
0000
0000
0000
0000
0000
0000
0000
0000
0000
0000
0000
0000
0000
0000
0000
0000
0000
0000
0000
0000
0000
0000
0000
0000
0000
0000
0000
0000
0000
0000
0000
0000
0000
0000
0000
0000
0000
0000
0000
0000
0000
0000
0000
0000
0000
0000
0000
0000
0000
0000
0000
0000
0000
0000
0000
0000
0000
0000
0000
0000
0000
0000
0000
0000
0000
0000
0000
0000
0000
0000
0000
0000
0000
0000
0000
0000
0000
0000
0000
0000
0000
0000
0000
0000
0000
0000
0000
0000
0000
0000
0000
0000
0000
0000
0000
0000
0000
0000
0000
0000
0000
0000
0000
0000
0000
0000
0000
0000
0000
0000
0000
0000
0000
0000
0000
0000
0000
0000
0000
0000
0000
0000
0000
0000
0000
0000
0000
0000
0000
0000
0000
0000
0000
0000
0000
0000
0000
0000
0000
0000
0000
0000
0000
0000
0000
0000
0000
0000
0000
0000
0000
0000
0000
0000
0000
0000
0000
0000
0000
0000
0000
0000
0000
0000
0000
0000
0000
0000
0000
0000
0000
0000
0000
0000
0000
0000
0000
0000
0000
0000
0000
0000
0000
0000
0000
0000
0000
0000
0000
0000
0000
0000
0000
0000
0000
0000
0000
0000
0000
0000
0000
0000
0000
0000
0000
0000
0000
0000
0000
0000
0000
0000
0000
0000
0000
0000
0000
0000
0000
0000
0000
0000
0000
0000
0000
0000
0000
0000
0000
0000
0000
0000
0000
0000
0000
0000
0000
0000
0000
0000
0000
0000
0000
0000
0000
0000
0000
0000
0000
0000
0000
0000
0000
0000
0000
0000
0000
0000
0000
0000
0000
0000
0000
0000
0000
0000
0000
0000
0000
0000
0000
0000
0000
0000
0000
0000
0000
0000
0000
0000
0000
0000
0000
0000
0000
0000
0000
0000
0000
0000
0000
0000
0000
0000
0000
0000
0000
0000
0000
0000
0000
0000
0000
0000
0000
0000
0000
0000
0000
0000
0000
0000
0000
0000
0000
0000
0000
0000
0000
0000
0000
0000
0000
0000
0000
0000
0000
0000
0000
0000
0000
0000
0000
0000
0000
0000
0000
0000
0000
0000
0000
0000
0000
0000
0000
0000
0000
0000
0000
0000
0000
0000
0000
0000
0000
0000
0000
0000
0000
0000
0000
0000
0000
0000
0000
0000
0000
0000
0000
0000
0000
0000
0000
0000
0000
0000
0000
0000
0000
0000
0000
0000
0000
0000
0000
0000
0000
0000
0000
0000
0000
0000
0000
0000
0000
0000
0000
0000
0000
0000
0000
0000
0000
0000
0000
0000
0000
0000
0000
0000
0000
0000
0000
0000
0000
0000
0000
0000
0000
0000
0000
0000
0000
0000
0000
0000
0000
0000
0000
0000
0000
0000
0000
0000
0000
0000
0000
0000
0000
0000
0000
0000
0000
0000
0000
0000
0000
0000
0000
0000
0000
0000
0000
0000
0000
0000
0000
0000
0000
0000
0000
0000
0000
0000
0000
0000
0000
0000
0000
0000
0000
0000
0000
0000
0000
0000
0000
0000
0000
0000
0000
0000
0000
0000
0000
0000
0000
0000
0000
0000
0000
0000
0000
0000
0000
0000
0000
0000
0000
0000
0000
0000
0000
0000
0000
0000
0000
0000
0000
0000
0000
0000
0000
0000
0000
0000
0000
0000
0000
0000
0000
0000
0000
0000
0000
0000
0000
0000
0000
0000
0000
0000
0000
0000
0000
0000
0000
0000
0000
0000
0000
0000
0000
0000
0000
0000
0000
0000
0000
0000
0000
0000
0000
0000
0000
0000
0000
0000
0000
0000
0000
0000
0000
0000
0000
0000
0000
0000
0000
0000
0000
0000
0000
0000
0000
0000
0000
0000
0000
0000
0000
0000
0000
0000
0000
0000
0000
0000
0000
0000
0000
0000
0000
0000
0000
0000
0000
0000
0000
0000
0000
0000
0000
0000
0000
0000
0000
0000
0000
0000
0000
0000
0000
0000
0000
0000
0000
0000
0000
0000
0000
0000
0000
0000
0000
0000
0000
0000
0000
0000
0000
0000
0000
0000
0000
0000
0000
0000
0000
0000
0000
0000
0000
0000
0000
0000
0000
0000
0000
0000
0000
0000
0000
0000
0000
0000
0000
0000
0000
0000
0000
0000
0000
0000
0000
0000
0000
0000
0000
0000
0000
0000
0000
0000
0000
0000
0000
0000
0000
0000
0000
0000
0000
0000
0000
0000
0000
0000
0000
0000
0000
0000
0000
0000
0000
0000
0000
0000
0000
0000
0000
0000
0000
0000
0000
0000
0000
0000
0000
0000
0000
0000
0000
0000
0000
0000
0000
0000
0000
0000
0000
0000
0000
0000
0000
0000
0000
0000
0000
0000
0000
0000
0000
0000
0000
0000
0000
0000
0000
0000
0000
0000
0000
0000
0000
0000
0000
0000
0000
0000
0000
0000
0000
0000
0000
0000
0000
0000
0000
0000
0000
0000
0000
0000
0000
0000
0000
0000
0000
0000
0000
0000
0000
0000
0000
0000
0000
0000
0000
0000
0000
0000
0000
0000
0000
0000
0000
0000
0000
0000
0000
0000
0000
0000
0000
0000
0000
0000
0000
0000
0000
0000
0000
0000
0000
0000
0000
0000
0000
0000
0000
0000
0000
0000
0000
0000
0000
0000
0000
0000
0000
0000
0000
0000
0000
0000
0000
0000
0000
0000
0000
0000
0000
0000
0000
0000
0000
0000
0000
0000
0000
0000
0000
0000
0000
0000
0000
0000
0000
0000
0000
0000
0000
0000
0000
0000
0000
0000
0000
0000
0000
0000
0000
0000
0000
0000
0000
0000
0000
0000
0000
0000
0000
0000
0000
0000
0000
0000
0000
0000
0000
0000
0000
0000
0000
0000
0000
0000
0000
0000
0000
0000
0000
0000
0000
0000
0000
0000
0000
0000
0000
0000
0000
0000
0000
0000
0000
0000
0000
0000
0000
0000
0000
0000
0000
0000
0000
0000
0000
0000
0000
0000
0000
0000
0000
0000
0000
0000
0000
0000
0000
0000
0000
0000
0000
0000
0000
0000
0000
0000
0000
0000
0000
0000
0000
0000
0000
0000
0000
0000
0000
0000
0000
0000
0000
0000
0000
0000
0000
0000
0000
0000
0000
0000
0000
0000
0000
0000
0000
0000
0000
0000
0000
0000
0000
0000
0000
0000
0000
0000
0000
0000
0000
0000
0000
0000
0000
0000
0000
0000
0000
0000
0000
0000
0000
0000
0000
0000
0000
0000
0000
0000
0000
0000
0000
0000
0000
0000
0000
0000
0000
0000
0000
0000
0000
0000
0000
0000
0000
0000
0000
0000
0000
0000
0000
0000
0000
0000
0000
0000
0000
0000
0000
0000
0000
0000
0000
0000
0000
0000
0000
0000
0000
0000
0000
0000
0000
0000
0000
0000
0000
0000
0000
0000
0000
0000
0000
0000
0000
0000
0000
0000
0000
0000
0000
0000
0000
0000
0000
0000
0000
0000
0000
0000
0000
0000
0000
0000
0000
0000
0000
0000
0000
0000
0000
0000
0000
0000
0000
0000
0000
0000
0000
0000
0000
0000
0000
0000
0000
0000
0000
0000
0000
0000
0000
0000
0000
0000
0000
0000
0000
0000
0000
0000
0000
0000
0000
0000
0000
0000
0000
0000
0000
0000
0000
0000
0000
0000
0000
0000
0000
0000
0000
0000
0000
0000
0000
0000
0000
0000
0000
0000
0000
0000
0000
0000
0000
0000
0000
0000
0000
0000
0000
0000
0000
0000
0000
0000
0000
0000
0000
0000
0000
0000
0000
0000
0000
0000
0000
0000
0000
0000
0000
0000
0000
0000
0000
0000
0000
0000
0000
0000
0000
0000
0000
0000
0000
0000
0000
0000
0000
0000
0000
0000
0000
0000
0000
0000
0000
0000
0000
0000
0000
0000
0000
0000
0000
0000
0000
0000
0000
0000
0000
0000
0000
0000
0000
0000
0000
0000
0000
0000
0000
0000
0000
0000
0000
0000
0000
0000
0000
0000
0000
0000
0000
0000
0000
0000
0000
0000
0000
0000
0000
0000
0000
0000
0000
0000
0000
0000
0000
0000
0000
0000
0000
0000
0000
0000
0000
0000
0000
0000
0000
0000
0000
0000
0000
0000
0000
0000
0000
0000
0000
0000
0000
0000
0000
0000
0000
0000
0000
0000
0000
0000
0000
0000
0000
0000
0000
0000
0000
0000
0000
0000
0000
0000
0000
0000
0000
0000
0000
0000
0000
0000
0000
0000
0000
0000
0000
0000
0000
0000
0000
0000
0000
0000
0000
0000
0000
0000
0000
0000
0000
0000
0000
0000
0000
0000
0000
0000
0000
0000
0000
0000
0000
0000
0000
0000
0000
0000
0000
0000
0000
0000
0000
0000
0000
0000
0000
0000
0000
0000
0000
0000
0000
0000
0000
0000
0000
0000
0000
0000
0000
0000
0000
0000
0000
0000
0000
0000
0000
0000
0000
0000
0000
0000
0000
0000
0000
0000
0000
0000
0000
0000
0000
0000
0000
0000
0000
0000
0000
0000
0000
0000
0000
0000
0000
0000
0000
0000
0000
0000
0000
0000
0000
0000
0000
0000
0000
0000
0000
0000
0000
0000
0000
0000
0000
0000
0000
0000
0000
0000
0000
0000
0000
0000
0000
0000
0000
0000
0000
0000
0000
0000
0000
0000
0000
0000
0000
0000
0000
0000
0000
0000
0000
0000
0000
0000
0000
0000
0000
0000
0000
0000
0000
0000
0000
0000
0000
0000
0000
0000
0000
0000
0000
0000
0000
0000
0000
0000
0000
0000
0000
0000
0000
0000
0000
0000
0000
0000
0000
0000
0000
0000
0000
0000
0000
0000
0000
0000
0000
0000
0000
0000
0000
0000
0000
0000
0000
0000
0000
0000
0000
0000
0000
0000
0000
0000
0000
0000
0000
0000
0000
0000
0000
0000
0000
0000
0000
0000
0000
0000
0000
0000
0000
0000
0000
0000
0000
0000
0000
0000
0000
0000
0000
0000
0000
0000
0000
0000
0000
0000
0000
0000
0000
0000
0000
0000
0000
0000
0000
0000
0000
0000
0000
0000
0000
0000
0000
0000
0000
0000
0000
0000
0000
0000
0000
0000
0000
0000
0000
0000
0000
0000
0000
0000
0000
0000
0000
0000
0000
0000
0000
0000
0000
0000
0000
0000
0000
0000
0000
0000
0000
0000
0000
0000
0000
0000
0000
0000
0000
0000
0000
0000
0000
0000
0000
0000
0000
0000
0000
0000
0000
0000
0000
0000
0000
0000
0000
0000
0000
0000
0000
0000
0000
0000
0000
0000
0000
0000
0000
0000
0000
0000
0000
0000
0000
0000
0000
0000
0000
0000
0000
0000
0000
0000
0000
0000
0000
0000
0000
0000
0000
0000
0000
0000
0000
0000
0000
0000
0000
0000
0000
0000
0000
0000
0000
0000
0000
0000
0000
0000
0000
0000
0000
0000
0000
0000
0000
0000
0000
0000
0000
0000
0000
0000
0000
0000
0000
0000
0000
0000
0000
0000
0000
0000
0000
0000
0000
0000
0000
0000
0000
0000
0000
0000
0000
0000
0000
0000
0000
0000
0000
0000
0000
0000
0000
0000
0000
0000
0000
0000
0000
0000
0000
0000
0000
0000
0000
0000
0000
0000
0000
0000
0000
0000
0000
0000
0000
0000
0000
0000
0000
0000
0000
0000
0000
0000
0000
0000
0000
0000
0000
0000
0000
0000
0000
0000
0000
0000
0000
0000
0000
0000
0000
0000
0000
0000
0000
0000
0000
0000
0000
0000
0000
0000
0000
0000
0000
0000
0000
0000
0000
0000
0000
0000
0000
0000
0000
0000
0000
0000
0000
0000
0000
0000
0000
0000
0000
0000
0000
0000
0000
0000
0000
0000
0000
0000
0000
0000
0000
0000
0000
0000
0000
0000
0000
0000
0000
0000
0000
0000
0000
0000
0000
0000
0000
0000
0000
0000
0000
0000
0000
0000
0000
0000
0000
0000
0000
0000
0000
0000
0000
0000
0000
0000
0000
0000
0000
0000
0000
0000
0000
0000
0000
0000
0000
0000
0000
0000
0000
0000
0000
0000
0000
0000
0000
0000
0000
0000
0000
0000
0000
0000
0000
0000
0000
0000
0000
0000
0000
0000
0000
0000
0000
0000
0000
0000
0000
0000
0000
0000
0000
0000
0000
0000
0000
0000
0000
0000
0000
0000
0000
0000
0000
0000
0000
0000
0000
0000
0000
0000
0000
0000
0000
0000
0000
0000
0000
0000
0000
0000
0000
0000
0000
0000
0000
0000
0000
0000
0000
0000
0000
0000
0000
0000
0000
0000
0000
0000
0000
0000
0000
0000
0000
0000
0000
0000
0000
0000
0000
0000
0000
0000
0000
0000
0000
0000
0000
0000
0000
0000
0000
0000
0000
0000
0000
0000
0000
0000
0000
0000
0000
0000
0000
0000
0000
0000
0000
0000
0000
0000
0000
0000
0000
0000
0000
0000
0000
0000
0000
0000
0000
0000
0000
0000
0000
0000
0000
0000
0000
0000
0000
0000
0000
0000
0000
0000
0000
0000
0000
0000
0000
0000
0000
0000
0000
0000
0000
0000
0000
0000
0000
0000
0000
0000
0000
0000
0000
0000
0000
0000
0000
0000
0000
0000
0000
0000
0000
0000
0000
0000
0000
0000
0000
0000
0000
0000
0000
0000
0000
0000
0000
0000
0000
0000
0000
0000
0000
0000
0000
0000
0000
0000
0000
0000
0000
0000
0000
0000
0000
0000
0000
0000
0000
0000
0000
0000
0000
0000
0000
0000
0000
0000
0000
0000
0000
0000
0000
0000
0000
0000
0000
0000
0000
0000
0000
0000
0000
0000
0000
0000
0000
0000
0000
0000
0000
0000
0000
0000
0000
0000
0000
0000
0000
0000
0000
0000
0000
0000
0000
0000
0000
0000
0000
0000
0000
0000
0000
0000
0000
0000
0000
0000
0000
0000
0000
0000
0000
0000
0000
0000
0000
0000
0000
0000
0000
0000
0000
0000
0000
0000
0000
0000
0000
0000
0000
0000
0000
0000
0000
0000
0000
0000
0000
0000
0000
0000
0000
0000
0000
0000
0000
0000
0000
0000
0000
0000
0000
0000
0000
0000
0000
0000
0000
0000
0000
0000
0000
0000
0000
0000
0000
0000
0000
0000
0000
0000
0000
0000
0000
0000
0000
0000
0000
0000
0000
0000
0000
0000
0000
0000
0000
0000
0000
0000
0000
0000
0000
0000
0000
0000
0000
0000
0000
0000
0000
0000
0000
0000
0000
0000
0000
0000
0000
0000
0000
0000
0000
0000
0000
0000
0000
0000
0000
0000
0000
0000
0000
0000
0000
0000
0000
0000
0000
0000
0000
0000
0000
0000
0000
0000
0000
0000
0000
0000
0000
0000
0000
0000
0000
0000
0000
0000
0000
0000
0000
0000
0000
0000
0000
0000
0000
0000
0000
0000
0000
0000
0000
0000
0000
0000
0000
0000
0000
0000
0000
0000
0000
0000
0000
0000
0000
0000
0000
0000
0000
0000
0000
0000
0000
0000
0000
0000
0000
0000
0000
0000
0000
0000
0000
0000
0000
0000
0000
0000
0000
0000
0000
0000
0000
0000
0000
0000
0000
0000
0000
0000
0000
0000
0000
0000
0000
0000
0000
0000
0000
0000
0000
0000
0000
0000
0000
0000
0000
0000
0000
0000
0000
0000
0000
0000
0000
0000
0000
0000
0000
0000
0000
0000
0000
0000
0000
0000
0000
0000
0000
0000
0000
0000
0000
0000
0000
0000
0000
0000
0000
0000
0000
0000
0000
0000
0000
0000
0000
0000
0000
0000
0000
0000
0000
0000
0000
0000
0000
0000
0000
0000
0000
0000
0000
0000
0000
0000
0000
0000
0000
0000
0000
0000
0000
0000
0000
0000
0000
0000
0000
0000
0000
0000
0000
0000
0000
0000
0000
0000
0000
0000
0000
0000
0000
0000
0000
0000
0000
0000
0000
0000
0000
0000
0000
0000
0000
0000
0000
0000
0000
0000
0000
0000
0000
0000
0000
0000
0000
0000
0000
0000
0000
0000
0000
0000
0000
0000
0000
0000
0000
0000
0000
0000
0000
0000
0000
0000
0000
0000
0000
0000
0000
0000
0000
0000
0000
0000
0000
0000
0000
0000
0000
0000
0000
0000
0000
0000
0000
0000
0000
0000
0000
0000
0000
0000
0000
0000
0000
0000
0000
0000
0000
0000
0000
0000
0000
0000
0000
0000
0000
0000
0000
0000
0000
0000
0000
0000
0000
0000
0000
0000
0000
0000
0000
0000
0000
0000
0000
0000
0000
0000
0000
0000
0000
0000
0000
0000
0000
0000
0000
0000
0000
0000
0000
0000
0000
0000
0000
0000
0000
0000
0000
0000
0000
0000
0000
0000
0000
0000
0000
0000
0000
0000
0000
0000
0000
0000
0000
0000
0000
0000
0000
0000
0000
0000
0000
0000
0000
0000
0000
0000
0000
0000
0000
0000
0000
0000
0000
0000
0000
0000
0000
0000
0000
0000
0000
0000
0000
0000
0000
0000
0000
0000
0000
0000
0000
0000
0000
0000
0000
0000
0000
0000
0000
0000
0000
0000
0000
0000
0000
0000
0000
0000
0000
0000
0000
0000
0000
0000
0000
0000
0000
0000
0000
0000
0000
0000
0000
0000
0000
0000
0000
0000
0000
0000
0000
0000
0000
0000
0000
0000
0000
0000
0000
0000
0000
0000
0000
0000
0000
0000
0000
0000
0000
0000
0000
0000
0000
0000
0000
0000
0000
0000
0000
0000
0000
0000
0000
0000
0000
0000
0000
0000
0000
0000
0000
0000
0000
0000
0000
0000
0000
0000
0000
0000
0000
0000
0000
0000
0000
0000
0000
0000
0000
0000
0000
0000
0000
0000
0000
0000
0000
0000
0000
0000
0000
0000
0000
0000
0000
0000
0000
0000
0000
0000
0000
0000
0000
0000
0000
0000
0000
0000
0000
0000
0000
0000
0000
0000
0000
0000
0000
0000
0000
0000
0000
0000
0000
0000
0000
0000
0000
0000
0000
0000
0000
0000
0000
0000
0000
0000
0000
0000
0000
0000
0000
0000
0000
0000
0000
0000
0000
0000
0000
0000
0000
0000
0000
0000
0000
0000
0000
0000
0000
0000
0000
0000
0000
0000
0000
0000
0000
0000
0000
0000
0000
0000
0000
0000
0000
0000
0000
0000
0000
0000
0000
0000
0000
0000
0000
0000
0000
0000
0000
0000
0000
0000
0000
0000
0000
0000
0000
0000
0000
0000
0000
0000
0000
0000
0000
0000
0000
0000
0000
0000
0000
0000
0000
0000
0000
0000
0000
0000
0000
0000
0000
0000
0000
0000
0000
0000
0000
0000
0000
0000
0000
0000
0000
0000
0000
0000
0000
0000
0000
0000
0000
0000
0000
0000
0000
0000
0000
0000
0000
0000
0000
0000
0000
0000
0000
0000
0000
0000
0000
0000
0000
0000
0000
0000
0000
0000
0000
0000
0000
0000
0000
0000
0000
0000
0000
0000
0000
0000
0000
0000
0000
0000
0000
0000
0000
0000
0000
0000
0000
0000
0000
0000
0000
0000
0000
0000
0000
0000
0000
0000
0000
0000
0000
0000
0000
0000
0000
0000
0000
0000
0000
0000
0000
0000
0000
0000
0000
0000
0000
0000
0000
0000
0000
0000
0000
0000
0000
0000
0000
0000
0000
0000
0000
0000
0000
0000
0000
0000
0000
0000
0000
0000
0000
0000
0000
0000
0000
0000
0000
0000
0000
0000
0000
0000
0000
0000
0000
0000
0000
0000
0000
0000
0000
0000
0000
0000
0000
0000
0000
0000
0000
0000
0000
0000
0000
0000
0000
0000
0000
0000
0000
0000
0000
0000
0000
0000
0000
0000
0000
0000
0000
0000
0000
0000
0000
0000
0000
0000
0000
0000
0000
0000
0000
0000
0000
0000
0000
0000
0000
0000
0000
0000
0000
0000
0000
0000
0000
0000
0000
0000
0000
0000
0000
0000
0000
0000
0000
0000
0000
0000
0000
0000
0000
0000
0000
0000
0000
0000
0000
0000
0000
0000
0000
0000
0000
0000
0000
0000
0000
0000
0000
0000
0000
0000
0000
0000
0000
0000
0000
0000
0000
0000
0000
0000
0000
0000
0000
0000
0000
0000
0000
0000
0000
0000
0000
0000
0000
0000
0000
0000
0000
0000
0000
0000
0000
0000
0000
0000
0000
0000
0000
0000
0000
0000
0000
0000
0000
0000
0000
0000
0000
0000
0000
0000
0000
0000
0000
0000
0000
0000
0000
0000
0000
0000
0000
0000
0000
0000
0000
0000
0000
0000
0000
0000
0000
0000
0000
0000
0000
0000
0000
0000
0000
0000
0000
0000
0000
0000
0000
0000
0000
0000
0000
0000
0000
0000
0000
0000
0000
0000
0000
0000
0000
0000
0000
0000
0000
0000
0000
0000
0000
0000
0000
0000
0000
0000
0000
0000
0000
0000
0000
0000
0000
0000
0000
0000
0000
0000
0000
0000
0000
0000
0000
0000
0000
0000
0000
0000
0000
0000
0000
0000
0000
0000
0000
0000
0000
0000
0000
0000
0000
0000
0000
0000
0000
0000
0000
0000
0000
0000
0000
0000
0000
0000
0000
0000
0000
0000
0000
0000
0000
0000
0000
0000
0000
0000
0000
0000
0000
0000
0000
0000
0000
0000
0000
0000
0000
0000
0000
0000
0000
0000
0000
0000
0000
0000
0000
0000
0000
0000
0000
0000
0000
0000
0000
0000
0000
0000
0000
0000
0000
0000
0000
0000
0000
0000
0000
0000
0000
0000
0000
0000
0000
0000
0000
0000
0000
0000
0000
0000
0000
0000
0000
0000
0000
0000
0000
0000
0000
0000
0000
0000
0000
0000
0000
0000
0000
0000
0000
0000
0000
0000
0000
0000
0000
0000
0000
0000
0000
0000
0000
0000
0000
0000
0000
0000
0000
0000
0000
0000
0000
0000
0000
0000
0000
0000
0000
0000
0000
0000
0000
0000
0000
0000
0000
0000
0000
0000
0000
0000
0000
0000
0000
0000
0000
0000
0000
0000
0000
0000
0000
0000
0000
0000
0000
0000
0000
0000
0000
0000
0000
0000
0000
0000
0000
0000
0000
0000
0000
0000
0000
0000
0000
0000
0000
0000
0000
0000
0000
0000
0000
0000
0000
0000
0000
0000
0000
0000
0000
0000
0000
0000
0000
0000
0000
0000
0000
0000
0000
0000
0000
0000
0000
0000
0000
0000
0000
0000
0000
0000
0000
0000
0000
0000
0000
0000
0000
0000
0000
0000
0000
0000
0000
0000
0000
0000
0000
0000
0000
0000
0000
0000
0000
0000
0000
0000
0000
0000
0000
0000
0000
0000
0000
0000
0000
0000
0000
0000
0000
0000
0000
0000
0000
0000
0000
0000
0000
0000
0000
0000
0000
0000
0000
0000
0000
0000
0000
0000
0000
0000
0000
0000
0000
0000
0000
0000
0000
0000
0000
0000
0000
0000
0000
0000
0000
0000
0000
0000
0000
0000
0000
0000
0000
0000
0000
0000
0000
0000
0000
0000
0000
0000
0000
0000
0000
0000
0000
0000
0000
0000
0000
0000
0000
0000
0000
0000
0000
0000
0000
0000
0000
0000
0000
0000
0000
0000
0000
0000
0000
0000
0000
0000
0000
0000
0000
0000
0000
0000
0000
0000
0000
0000
0000
0000
0000
0000
0000
0000
0000
0000
0000
0000
0000
0000
0000
0000
0000
0000
0000
0000
0000
0000
0000
0000
0000
0000
0000
0000
0000
0000
0000
0000
0000
0000
0000
0000
0000
0000
0000
0000
0000
0000
0000
0000
0000
0000
0000
0000
0000
0000
0000
0000
0000
0000
0000
0000
0000
0000
0000
0000
0000
0000
0000
0000
0000
0000
0000
0000
0000
0000
0000
0000
0000
0000
0000
0000
0000
0000
0000
0000
0000
0000
0000
0000
0000
0000
0000
0000
0000
0000
0000
0000
0000
0000
0000
0000
0000
0000
0000
0000
0000
0000
0000
0000
0000
0000
0000
0000
0000
0000
0000
0000
0000
0000
0000
0000
0000
0000
0000
0000
0000
0000
0000
0000
0000
0000
0000
0000
0000
0000
0000
0000
0000
0000
0000
0000
0000
0000
0000
0000
0000
0000
0000
0000
0000
0000
0000
0000
0000
0000
0000
0000
0000
0000
0000
0000
0000
0000
0000
0000
0000
0000
0000
0000
0000
0000
0000
0000
0000
0000
0000
0000
0000
0000
0000
0000
0000
0000
0000
0000
0000
0000
0000
0000
0000
0000
0000
0000
0000
0000
0000
0000
0000
0000
0000
0000
0000
0000
0000
0000
0000
0000
0000
0000
0000
0000
0000
0000
0000
0000
0000
0000
0000
0000
0000
0000
0000
0000
0000
0000
0000
0000
0000
0000
0000
0000
0000
0000
0000
0000
0000
0000
0000
0000
0000
0000
0000
0000
0000
0000
0000
0000
0000
0000
0000
0000
0000
0000
0000
0000
0000
0000
0000
0000
0000
0000
0000
0000
0000
0000
0000
0000
0000
0000
0000
0000
0000
0000
0000
0000
0000
0000
0000
0000
0000
0000
0000
0000
0000
0000
0000
0000
0000
0000
0000
0000
0000
0000
0000
0000
0000
0000
0000
0000
0000
0000
0000
0000
0000
0000
0000
0000
0000
0000
0000
0000
0000
0000
0000
0000
0000
0000
0000
0000
0000
0000
0000
0000
0000
0000
0000
0000
0000
0000
0000
0000
0000
0000
0000
0000
0000
0000
0000
0000
0000
0000
0000
0000
0000
0000
0000
0000
0000
0000
0000
0000
0000
0000
0000
0000
0000
0000
0000
0000
0000
0000
0000
0000
0000
0000
0000
0000
0000
0000
0000
0000
0000
0000
0000
0000
0000
0000
0000
0000
0000
0000
0000
0000
0000
0000
0000
0000
0000
0000
0000
0000
0000
0000
0000
0000
0000
0000
0000
0000
0000
0000
0000
0000
0000
0000
0000
0000
0000
0000
0000
0000
0000
0000
0000
0000
0000
0000
0000
0000
0000
0000
0000
0000
0000
0000
0000
0000
0000
0000
0000
0000
0000
0000
0000
0000
0000
0000
0000
0000
0000
0000
0000
0000
0000
0000
0000
0000
0000
0000
0000
0000
0000
0000
0000
0000
0000
0000
0000
0000
0000
0000
0000
0000
0000
0000
0000
0000
0000
0000
0000
0000
0000
0000
0000
0000
0000
0000
0000
0000
0000
0000
0000
0000
0000
0000
0000
0000
0000
0000
0000
0000
0000
0000
0000
0000
0000
0000
0000
0000
0000
0000
0000
0000
0000
0000
0000
0000
0000
0000
0000
0000
0000
0000
0000
0000
0000
0000
0000
0000
0000
0000
0000
0000
0000
0000
0000
0000
0000
0000
0000
0000
0000
0000
0000
0000
0000
0000
0000
0000
0000
0000
0000
0000
0000
0000
0000
0000
0000
0000
0000
0000
0000
0000
0000
0000
0000
0000
0000
0000
0000
0000
0000
0000
0000
0000
0000
0000
0000
0000
0000
0000
0000
0000
0000
0000
0000
0000
0000
0000
0000
0000
0000
0000
0000
0000
0000
0000
0000
0000
0000
0000
0000
0000
0000
0000
0000
0000
0000
0000
0000
0000
0000
0000
0000
0000
0000
0000
0000
0000
0000
0000
0000
0000
0000
0000
0000
0000
0000
0000
0000
0000
0000
0000
0000
0000
0000
0000
0000
0000
0000
0000
0000
0000
0000
0000
0000
0000
0000
0000
0000
0000
0000
0000
0000
0000
0000
0000
0000
0000
0000
0000
0000
0000
0000
0000
0000
0000
0000
0000
0000
0000
0000
0000
0000
0000
0000
0000
0000
0000
0000
0000
0000
0000
0000
0000
0000
0000
0000
0000
0000
0000
0000
0000
0000
0000
0000
0000
0000
0000
0000
0000
0000
0000
0000
0000
0000
0000
0000
0000
0000
0000
0000
0000
0000
0000
0000
0000
0000
0000
0000
0000
0000
0000
0000
0000
0000
0000
0000
0000
0000
0000
0000
0000
0000
0000
0000
0000
0000
0000
0000
0000
0000
0000
0000
0000
0000
0000
0000
0000
0000
0000
0000
0000
0000
0000
0000
0000
0000
0000
0000
0000
0000
0000
0000
0000
0000
0000
0000
0000
0000
0000
0000
0000
0000
0000
0000
0000
0000
0000
0000
0000
0000
0000
0000
0000
0000
0000
0000
0000
0000
0000
0000
0000
0000
0000
0000
0000
0000
0000
0000
0000
0000
0000
0000
0000
0000
0000
0000
0000
0000
0000
0000
0000
0000
0000
0000
0000
0000
0000
0000
0000
0000
0000
0000
0000
0000
0000
0000
0000
0000
0000
0000
0000
0000
0000
0000
0000
0000
0000
0000
0000
0000
0000
0000
0000
0000
0000
0000
0000
0000
0000
0000
0000
0000
0000
0000
0000
0000
0000
0000
0000
0000
0000
0000
0000
0000
0000
0000
0000
0000
0000
0000
0000
0000
0000
0000
0000
0000
0000
0000
0000
0000
0000
0000
0000
0000
0000
0000
0000
0000
0000
0000
0000
0000
0000
0000
0000
0000
0000
0000
0000
0000
0000
0000
0000
0000
0000
0000
0000
0000
0000
0000
0000
0000
0000
0000
0000
0000
0000
0000
0000
0000
0000
0000
0000
0000
0000
0000
0000
0000
0000
0000
0000
0000
0000
0000
0000
0000
0000
0000
0000
0000
0000
0000
0000
0000
0000
0000
0000
0000
0000
0000
0000
0000
0000
0000
0000
0000
0000
0000
0000
0000
0000
0000
0000
0000
0000
0000
0000
0000
0000
0000
0000
0000
0000
0000
0000
0000
0000
0000
0000
0000
0000
0000
0000
0000
0000
0000
0000
0000
0000
0000
0000
0000
0000
0000
0000
0000
0000
0000
0000
0000
0000
0000
0000
0000
0000
0000
0000
0000
0000
0000
0000
0000
0000
0000
0000
0000
0000
0000
0000
0000
0000
0000
0000
0000
0000
0000
0000
0000
0000
0000
0000
0000
0000
0000
0000
0000
0000
0000
0000
0000
0000
0000
0000
0000
0000
0000
0000
0000
0000
0000
0000
0000
0000
0000
0000
0000
0000
0000
0000
0000
0000
0000
0000
0000
0000
0000
0000
0000
0000
0000
0000
0000
0000
0000
0000
0000
0000
0000
0000
0000
0000
0000
0000
0000
0000
0000
0000
0000
0000
0000
0000
0000
0000
0000
0000
0000
0000
0000
0000
0000
0000
0000
0000
0000
0000
0000
0000
0000
0000
0000
0000
0000
0000
0000
0000
0000
0000
0000
0000
0000
0000
0000
0000
0000
0000
0000
0000
0000
0000
0000
0000
0000
0000
0000
0000
0000
0000
0000
0000
0000
0000
0000
0000
0000
0000
0000
0000
0000
0000
0000
0000
0000
0000
0000
0000
0000
0000
0000
0000
0000
0000
0000
0000
0000
0000
0000
0000
0000
0000
0000
0000
0000
0000
0000
0000
0000
0000
0000
0000
0000
0000
0000
0000
0000
0000
0000
0000
0000
0000
0000
0000
0000
0000
0000
0000
0000
0000
0000
0000
0000
0000
0000
0000
0000
0000
0000
0000
0000
0000
0000
0000
0000
0000
0000
0000
0000
0000
0000
0000
0000
0000
0000
0000
0000
0000
0000
0000
0000
0000
0000
0000
0000
0000
0000
0000
0000
0000
0000
0000
0000
0000
0000
0000
0000
0000
0000
0000
0000
0000
0000
0000
0000
0000
0000
0000
0000
0000
0000
0000
0000
0000
0000
0000
0000
0000
0000
0000
0000
0000
0000
0000
0000
0000
0000
0000
0000
0000
0000
0000
0000
0000
0000
0000
0000
0000
0000
0000
0000
0000
0000
0000
0000
0000
0000
0000
0000
0000
0000
0000
0000
0000
0000
0000
0000
0000
0000
0000
0000
0000
0000
0000
0000
0000
0000
0000
0000
0000
0000
0000
0000
0000
0000
0000
0000
0000
0000
0000
0000
0000
0000
0000
0000
0000
0000
0000
0000
0000
0000
0000
0000
0000
0000
0000
0000
0000
0000
0000
0000
0000
0000
0000
0000
0000
0000
0000
0000
0000
0000
0000
0000
0000
0000
0000
0000
0000
0000
0000
0000
0000
0000
0000
0000
0000
0000
0000
0000
0000
0000
0000
0000
0000
0000
0000
0000
0000
0000
0000
0000
0000
0000
0000
0000
0000
0000
0000
0000
0000
0000
0000
0000
0000
0000
0000
0000
0000
0000
0000
0000
0000
0000
0000
0000
0000
0000
0000
0000
0000
0000
0000
0000
0000
0000
0000
0000
0000
0000
0000
0000
0000
0000
0000
0000
0000
0000
0000
0000
0000
0000
0000
0000
0000
0000
0000
0000
0000
0000
0000
0000
0000
0000
0000
0000
0000
0000
0000
0000
0000
0000
0000
0000
0000
0000
0000
0000
0000
0000
0000
0000
0000
0000
0000
0000
0000
0000
0000
0000
0000
0000
0000
0000
0000
0000
0000
0000
0000
0000
0000
0000
0000
0000
0000
0000
0000
0000
0000
0000
0000
0000
0000
0000
0000
0000
0000
0000
0000
0000
0000
0000
0000
0000
0000
0000
0000
0000
0000
0000
0000
0000
0000
0000
0000
0000
0000
0000
0000
0000
0000
0000
0000
0000
0000
0000
0000
0000
0000
0000
0000
0000
0000
0000
0000
0000
0000
0000
0000
0000
0000
0000
0000
0000
0000
0000
0000
0000
0000
0000
0000
0000
0000
0000
0000
0000
0000
0000
0000
0000
0000
0000
0000
0000
0000
0000
0000
0000
0000
0000
0000
0000
0000
0000
0000
0000
0000
0000
0000
0000
0000
0000
0000
0000
0000
0000
0000
0000
0000
0000
0000
0000
0000
0000
0000
0000
0000
0000
0000
0000
0000
0000
0000
0000
0000
0000
0000
0000
0000
0000
0000
0000
0000
0000
0000
0000
0000
0000
0000
0000
0000
0000
0000
0000
0000
0000
0000
0000
0000
0000
0000
0000
0000
0000
0000
0000
0000
0000
0000
0000
0000
0000
0000
0000
0000
0000
0000
0000
0000
0000
0000
0000
0000
0000
0000
0000
0000
0000
0000
0000
0000
0000
0000
0000
0000
0000
0000
0000
0000
0000
0000
0000
0000
0000
0000
0000
0000
0000
0000
0000
0000
0000
0000
0000
0000
0000
0000
0000
0000
0000
0000
0000
0000
0000
0000
0000
0000
0000
0000
0000
0000
0000
0000
0000
0000
0000
0000
0000
0000
0000
0000
0000
0000
0000
0000
0000
0000
0000
0000
0000
0000
0000
0000
0000
0000
0000
0000
0000
0000
0000
0000
0000
0000
0000
0000
0000
0000
0000
0000
0000
0000
0000
0000
0000
0000
0000
0000
0000
0000
0000
0000
0000
0000
0000
0000
0000
0000
0000
0000
0000
0000
0000
0000
0000
0000
0000
0000
0000
0000
0000
0000
0000
0000
0000
0000
0000
0000
0000
0000
0000
0000
0000
0000
0000
0000
0000
0000
0000
0000
0000
0000
0000
0000
0000
0000
0000
0000
0000
0000
0000
0000
0000
0000
0000
0000
0000
0000
0000
0000
0000
0000
0000
0000
0000
0000
0000
0000
0000
0000
0000
0000
0000
0000
0000
0000
0000
0000
0000
0000
0000
0000
0000
0000
0000
0000
0000
0000
0000
0000
0000
0000
0000
0000
0000
0000
0000
0000
0000
0000
0000
0000
0000
0000
0000
0000
0000
0000
0000
0000
0000
0000
0000
0000
0000
0000
0000
0000
0000
0000
0000
0000
0000
0000
0000
0000
0000
0000
0000
0000
0000
0000
0000
0000
0000
0000
0000
0000
0000
0000
0000
0000
0000
0000
0000
0000
0000
0000
0000
0000
0000
0000
0000
0000
0000
0000
0000
0000
0000
0000
0000
0000
0000
0000
0000
0000
0000
0000
0000
0000
0000
0000
0000
0000
0000
0000
0000
0000
0000
0000
0000
0000
0000
0000
0000
0000
0000
0000
0000
0000
0000
0000
0000
0000
0000
0000
0000
0000
0000
0000
0000
0000
0000
0000
0000
0000
0000
0000
0000
0000
0000
0000
0000
0000
0000
0000
0000
0000
0000
0000
0000
0000
0000
0000
0000
0000
0000
0000
0000
0000
0000
0000
0000
0000
0000
0000
0000
0000
0000
0000
0000
0000
0000
0000
0000
0000
0000
0000
0000
0000
0000
0000
0000
0000
0000
0000
0000
0000
0000
0000
0000
0000
0000
0000
0000
0000
0000
0000
0000
0000
0000
0000
0000
0000
0000
0000
0000
0000
0000
0000
0000
0000
0000
0000
0000
0000
0000
0000
0000
0000
0000
0000
0000
0000
0000
0000
0000
0000
0000
0000
0000
0000
0000
0000
0000
0000
0000
0000
0000
0000
0000
0000
0000
0000
0000
0000
0000
0000
0000
0000
0000
0000
0000
0000
0000
0000
0000
0000
0000
0000
0000
0000
0000
0000
0000
0000
0000
0000
0000
0000
0000
0000
0000
0000
0000
0000
0000
0000
0000
0000
0000
0000
0000
0000
0000
0000
0000
0000
0000
0000
0000
0000
0000
0000
0000
0000
0000
0000
0000
0000
0000
0000
0000
0000
0000
0000
0000
0000
0000
0000
0000
0000
0000
0000
0000
0000
0000
0000
0000
0000
0000
0000
0000
0000
0000
0000
0000
0000
0000
0000
0000
0000
0000
0000
0000
0000
0000
0000
0000
0000
0000
0000
0000
0000
0000
0000
0000
0000
0000
0000
0000
0000
0000
0000
0000
0000
0000
0000
0000
0000
0000
0000
0000
0000
0000
0000
0000
0000
0000
0000
0000
0000
0000
0000
0000
0000
0000
0000
0000
0000
0000
0000
0000
0000
0000
0000
0000
0000
0000
0000
0000
0000
0000
0000
0000
0000
0000
0000
0000
0000
0000
0000
0000
0000
0000
0000
0000
0000
0000
0000
0000
0000
0000
0000
0000
0000
0000
0000
0000
0000
0000
0000
0000
0000
0000
0000
0000
0000
0000
0000
0000
0000
0000
0000
0000
0000
0000
0000
0000
0000
0000
0000
0000
0000
0000
0000
0000
0000
0000
0000
0000
0000
0000
0000
0000
0000
0000
0000
0000
0000
0000
0000
0000
0000
0000
0000
0000
0000
0000
0000
0000
0000
0000
0000
0000
0000
0000
0000
0000
0000
0000
0000
0000
0000
0000
0000
0000
0000
0000
0000
0000
0000
0000
0000
0000
0000
0000
0000
0000
0000
0000
0000
0000
0000
0000
0000
0000
0000
0000
0000
0000
0000
0000
0000
0000
0000
0000
0000
0000
0000
0000
0000
0000
0000
0000
0000
0000
0000
0000
0000
0000
0000
0000
0000
0000
0000
0000
0000
0000
0000
0000
0000
0000
0000
0000
0000
0000
0000
0000
0000
0000
0000
0000
0000
0000
0000
0000
0000
0000
0000
0000
0000
0000
0000
0000
0000
0000
0000
0000
0000
0000
0000
0000
0000
0000
0000
0000
0000
0000
0000
0000
0000
0000
0000
0000
0000
0000
0000
0000
0000
0000
0000
0000
0000
0000
0000
0000
0000
0000
0000
0000
0000
0000
0000
0000
0000
0000
0000
0000
0000
0000
0000
0000
0000
0000
0000
0000
0000
0000
0000
0000
0000
0000
0000
0000
0000
0000
0000
0000
0000
0000
0000
0000
0000
0000
0000
0000
0000
0000
0000
0000
0000
0000
0000
0000
0000
0000
0000
0000
0000
0000
0000
0000
0000
0000
0000
0000
0000
0000
0000
0000
0000
0000
0000
0000
0000
0000
0000
0000
0000
0000
0000
0000
0000
0000
0000
0000
0000
0000
0000
0000
0000
0000
0000
0000
0000
0000
0000
0000
0000
0000
0000
0000
0000
0000
0000
0000
0000
0000
0000
0000
0000
0000
0000
0000
0000
0000
0000
0000
0000
0000
0000
0000
0000
0000
0000
0000
0000
0000
0000
0000
0000
0000
0000
0000
0000
0000
0000
0000
0000
0000
0000
0000
0000
0000
0000
0000
0000
0000
0000
0000
0000
0000
0000
0000
0000
0000
0000
0000
0000
0000
0000
0000
0000
0000
0000
0000
0000
0000
0000
0000
0000
0000
0000
0000
0000
0000
0000
0000
0000
0000
0000
0000
0000
0000
0000
0000
0000
0000
0000
0000
0000
0000
0000
0000
0000
0000
0000
0000
0000
0000
0000
0000
0000
0000
0000
0000
0000
0000
0000
0000
0000
0000
0000
0000
0000
0000
0000
0000
0000
0000
0000
0000
0000
0000
0000
0000
0000
0000
0000
0000
0000
0000
0000
0000
0000
0000
0000
0000
0000
0000
0000
0000
0000
0000
0000
0000
0000
0000
0000
0000
0000
0000
0000
0000
0000
0000
0000
0000
0000
0000
0000
0000
0000
0000
0000
0000
0000
0000
0000
0000
0000
0000
0000
0000
0000
0000
0000
0000
0000
0000
0000
0000
0000
0000
0000
0000
0000
0000
0000
0000
0000
0000
0000
0000
0000
0000
0000
0000
0000
0000
0000
0000
0000
0000
0000
0000
0000
0000
0000
0000
0000
0000
0000
0000
0000
0000
0000
0000
0000
0000
0000
0000
0000
0000
0000
0000
0000
0000
0000
0000
0000
0000
0000
0000
0000
0000
0000
0000
0000
0000
0000
0000
0000
0000
0000
0000
0000
0000
0000
0000
0000
0000
0000
0000
0000
0000
0000
0000
0000
0000
0000
0000
0000
0000
0000
0000
0000
0000
0000
0000
0000
0000
0000
0000
0000
0000
0000
0000
0000
0000
0000
0000
0000
0000
0000
0000
0000
0000
0000
0000
0000
0000
0000
0000
0000
0000
0000
0000
0000
0000
0000
0000
0000
0000
0000
0000
0000
0000
0000
0000
0000
0000
0000
0000
0000
0000
0000
0000
0000
0000
0000
0000
0000
0000
0000
0000
0000
0000
0000
0000
0000
0000
0000
0000
0000
0000
0000
0000
0000
0000
0000
0000
0000
0000
0000
0000
0000
0000
0000
0000
0000
0000
0000
0000
0000
0000
0000
0000
0000
0000
0000
0000
0000
0000
0000
0000
0000
0000
0000
0000
0000
0000
0000
0000
0000
0000
0000
0000
0000
0000
0000
0000
0000
0000
0000
0000
0000
0000
0000
0000
0000
0000
0000
0000
0000
0000
0000
0000
0000
0000
0000
0000
0000
0000
0000
0000
0000
0000
0000
0000
0000
0000
0000
0000
0000
0000
0000
0000
0000
0000
0000
0000
0000
0000
0000
0000
0000
0000
0000
0000
0000
0000
0000
0000
0000
0000
0000
0000
0000
0000
0000
0000
0000
0000
0000
0000
0000
0000
0000
0000
0000
0000
0000
0000
0000
0000
0000
0000
0000
0000
0000
0000
0000
0000
0000
0000
0000
0000
0000
0000
0000
0000
0000
0000
0000
0000
0000
0000
0000
0000
0000
0000
0000
0000
0000
0000
0000
0000
0000
0000
0000
0000
0000
0000
0000
0000
0000
0000
0000
0000
0000
0000
0000
0000
0000
0000
0000
0000
0000
0000
0000
0000
0000
0000
0000
0000
0000
0000
0000
0000
0000
0000
0000
0000
0000
0000
0000
0000
0000
0000
0000
0000
0000
0000
0000
0000
0000
0000
0000
0000
0000
0000
0000
0000
0000
0000
0000
0000
0000
0000
0000
0000
0000
0000
0000
0000
0000
0000
0000
0000
0000
0000
0000
0000
0000
0000
0000
0000
0000
0000
0000
0000
0000
0000
0000
0000
0000
0000
0000
0000
0000
0000
0000
0000
0000
0000
0000
0000
0000
0000
0000
0000
0000
0000
0000
0000
0000
0000
0000
0000
0000
0000
0000
0000
0000
0000
0000
0000
0000
0000
0000
0000
0000
0000
0000
0000
0000
0000
0000
0000
0000
0000
0000
0000
0000
0000
0000
0000
0000
0000
0000
0000
0000
0000
0000
0000
0000
0000
0000
0000
0000
0000
0000
0000
0000
0000
0000
0000
0000
0000
0000
0000
0000
0000
0000
0000
0000
0000
0000
0000
0000
0000
0000
0000
0000
0000
0000
0000
0000
0000
0000
0000
0000
0000
0000
0000
0000
0000
0000
0000
0000
0000
0000
0000
0000
0000
0000
0000
0000
0000
0000
0000
0000
0000
0000
0000
0000
0000
0000
0000
0000
0000
0000
0000
0000
0000
0000
0000
0000
0000
0000
0000
0000
0000
0000
0000
0000
0000
0000
0000
0000
0000
0000
0000
0000
0000
0000
0000
0000
0000
0000
0000
0000
0000
0000
0000
0000
0000
0000
0000
0000
0000
0000
0000
0000
0000
0000
0000
0000
0000
0000
0000
0000
0000
0000
0000
0000
0000
0000
0000
0000
0000
0000
0000
0000
0000
0000
0000
0000
0000
0000
0000
0000
0000
0000
0000
0000
0000
0000
0000
0000
0000
0000
0000
0000
0000
0000
0000
0000
0000
0000
0000
0000
0000
0000
0000
0000
0000
0000
0000
0000
0000
0000
0000
0000
0000
0000
0000
0000
0000
0000
0000
0000
0000
0000
0000
0000
0000
0000
0000
0000
0000
0000
0000
0000
0000
0000
0000
0000
0000
0000
0000
0000
0000
0000
0000
0000
0000
0000
0000
0000
0000
0000
0000
0000
0000
0000
0000
0000
0000
0000
0000
0000
0000
0000
0000
0000
0000
0000
0000
0000
0000
0000
0000
0000
0000
0000
0000
0000
0000
0000
0000
0000
0000
0000
0000
0000
0000
0000
0000
0000
0000
0000
0000
0000
0000
0000
0000
0000
0000
0000
0000
0000
0000
0000
0000
0000
0000
0000
0000
0000
0000
0000
0000
0000
0000
0000
0000
0000
0000
0000
0000
0000
0000
0000
0000
0000
0000
0000
0000
0000
0000
0000
0000
0000
0000
0000
0000
0000
0000
0000
0000
0000
0000
0000
0000
0000
0000
0000
0000
0000
0000
0000
0000
0000
0000
0000
0000
0000
0000
0000
0000
0000
0000
0000
0000
0000
0000
0000
0000
0000
0000
0000
0000
0000
0000
0000
0000
0000
0000
0000
0000
0000
0000
0000
0000
0000
0000
0000
0000
0000
0000
0000
0000
0000
0000
0000
0000
0000
0000
0000
0000
0000
0000
0000
0000
0000
0000
0000
0000
0000
0000
0000
0000
0000
0000
0000
0000
0000
0000
0000
0000
0000
0000
0000
0000
0000
0000
0000
0000
0000
0000
0000
0000
0000
0000
0000
0000
0000
0000
0000
0000
0000
0000
0000
0000
0000
0000
0000
0000
0000
0000
0000
0000
0000
0000
0000
0000
0000
0000
0000
0000
0000
0000
0000
0000
0000
0000
0000
0000
0000
0000
0000
0000
0000
0000
0000
0000
0000
0000
0000
0000
0000
0000
0000
0000
0000
0000
0000
0000
0000
0000
0000
0000
0000
0000
0000
0000
0000
0000
0000
0000
0000
0000
0000
0000
0000
0000
0000
0000
0000
0000
0000
0000
0000
0000
0000
0000
0000
0000
0000
0000
0000
0000
0000
0000
0000
0000
0000
0000
0000
0000
0000
0000
0000
0000
0000
0000
0000
0000
0000
0000
0000
0000
0000
0000
0000
0000
0000
0000
0000
0000
0000
0000
0000
0000
0000
0000
0000
0000
0000
0000
0000
0000
0000
0000
0000
0000
0000
0000
0000
0000
0000
0000
0000
0000
0000
0000
0000
0000
0000
0000
0000
0000
0000
0000
0000
0000
0000
0000
0000
0000
0000
0000
0000
0000
0000
0000
0000
0000
0000
0000
0000
0000
0000
0000
0000
0000
0000
0000
0000
0000
0000
0000
0000
0000
0000
0000
0000
0000
0000
0000
0000
0000
0000
0000
0000
0000
0000
0000
0000
0000
0000
0000
0000
0000
0000
0000
0000
0000
0000
0000
0000
0000
0000
0000
0000
0000
0000
0000
0000
0000
0000
0000
0000
0000
0000
0000
0000
0000
0000
0000
0000
0000
0000
0000
0000
0000
0000
0000
0000
0000
0000
0000
0000
0000
0000
0000
0000
0000
0000
0000
0000
0000
0000
0000
0000
0000
0000
0000
0000
0000
0000
0000
0000
0000
0000
0000
0000
0000
0000
0000
0000
0000
0000
0000
0000
0000
0000
0000
0000
0000
0000
0000
0000
0000
0000
0000
0000
0000
0000
0000
0000
0000
0000
0000
0000
0000
0000
0000
0000
0000
0000
0000
0000
0000
0000
0000
0000
0000
0000
0000
0000
0000
0000
0000
0000
0000
0000
0000
0000
0000
0000
0000
0000
0000
0000
0000
0000
0000
0000
0000
0000
0000
0000
0000
0000
0000
0000
0000
0000
0000
0000
0000
0000
0000
0000
0000
0000
0000
0000
0000
0000
0000
0000
0000
0000
0000
0000
0000
0000
0000
0000
0000
0000
0000
0000
0000
0000
0000
0000
0000
0000
0000
0000
0000
0000
0000
0000
0000
0000
0000
0000
0000
0000
0000
0000
0000
0000
0000
0000
0000
0000
0000
0000
0000
0000
0000
0000
0000
0000
0000
0000
0000
0000
0000
0000
0000
0000
0000
0000
0000
0000
0000
0000
0000
0000
0000
0000
0000
0000
0000
0000
0000
0000
0000
0000
0000
0000
0000
0000
0000
0000
0000
0000
0000
0000
0000
0000
0000
0000
0000
0000
0000
0000
0000
0000
0000
0000
0000
0000
0000
0000
0000
0000
0000
0000
0000
0000
0000
0000
0000
0000
0000
0000
0000
0000
0000
0000
0000
0000
0000
0000
0000
0000
0000
0000
0000
0000
0000
0000
0000
0000
0000
0000
0000
0000
0000
0000
0000
0000
0000
0000
0000
0000
0000
0000
0000
0000
0000
0000
0000
0000
0000
0000
0000
0000
0000
0000
0000
0000
0000
0000
0000
0000
0000
0000
0000
0000
0000
0000
0000
0000
0000
0000
0000
0000
0000
0000
0000
0000
0000
0000
0000
0000
0000
0000
0000
0000
0000
0000
0000
0000
0000
0000
0000
0000
0000
0000
0000
0000
0000
0000
0000
0000
0000
0000
0000
0000
0000
0000
0000
0000
0000
0000
0000
0000
0000
0000
0000
0000
0000
0000
0000
0000
0000
0000
0000
0000
0000
0000
0000
0000
0000
0000
0000
0000
0000
0000
0000
0000
0000
0000
0000
0000
0000
0000
0000
0000
0000
0000
0000
0000
0000
0000
0000
0000
0000
0000
0000
0000
0000
0000
0000
0000
0000
0000
0000
0000
0000
0000
0000
0000
0000
0000
0000
0000
0000
0000
0000
0000
0000
0000
0000
0000
0000
0000
0000
0000
0000
0000
0000
0000
0000
0000
0000
0000
0000
0000
0000
0000
0000
0000
0000
0000
0000
0000
0000
0000
0000
0000
0000
0000
0000
0000
0000
0000
0000
0000
0000
0000
0000
0000
0000
0000
0000
0000
0000
0000
0000
0000
0000
0000
0000
0000
0000
0000
0000
0000
0000
0000
0000
0000
0000
0000
0000
0000
0000
0000
0000
0000
0000
0000
0000
0000
0000
0000
0000
0000
0000
0000
0000
0000
0000
0000
0000
0000
0000
0000
0000
0000
0000
0000
0000
0000
0000
0000
0000
0000
0000
0000
0000
0000
0000
0000
0000
0000
0000
0000
0000
0000
0000
0000
0000
0000
0000
0000
0000
0000
0000
0000
0000
0000
0000
0000
0000
0000
0000
0000
0000
0000
0000
0000
0000
0000
0000
0000
0000
0000
0000
0000
0000
0000
0000
0000
0000
0000
0000
0000
0000
0000
0000
0000
0000
0000
0000
0000
0000
0000
0000
0000
0000
0000
0000
0000
0000
0000
0000
0000
0000
0000
0000
0000
0000
0000
0000
0000
0000
0000
0000
0000
0000
0000
0000
0000
0000
0000
0000
0000
0000
0000
0000
0000
0000
0000
0000
0000
0000
0000
0000
0000
0000
0000
0000
0000
0000
0000
0000
0000
0000
0000
0000
0000
0000
0000
0000
0000
0000
0000
0000
0000
0000
0000
0000
0000
0000
0000
0000
0000
0000
0000
0000
0000
0000
0000
0000
0000
0000
0000
0000
0000
0000
0000
0000
0000
0000
0000
0000
0000
0000
0000
0000
0000
0000
0000
0000
0000
0000
0000
0000
0000
0000
0000
0000
0000
0000
0000
0000
0000
0000
0000
0000
0000
0000
0000
0000
0000
0000
0000
0000
0000
0000
0000
0000
0000
0000
0000
0000
0000
0000
0000
0000
0000
0000
0000
0000
0000
0000
0000
0000
0000
0000
0000
0000
0000
0000
0000
0000
0000
0000
0000
0000
0000
0000
0000
0000
0000
0000
0000
0000
0000
0000
0000
0000
0000
0000
0000
0000
0000
0000
0000
0000
0000
0000
0000
0000
0000
0000
0000
0000
0000
0000
0000
0000
0000
0000
0000
0000
0000
0000
0000
0000
0000
0000
0000
0000
0000
0000
0000
0000
0000
0000
0000
0000
0000
0000
0000
0000
0000
0000
0000
0000
0000
0000
0000
0000
0000
0000
0000
0000
0000
0000
0000
0000
0000
0000
0000
0000
0000
0000
0000
0000
0000
0000
0000
0000
0000
0000
0000
0000
0000
0000
0000
0000
0000
0000
0000
0000
0000
0000
0000
0000
0000
0000
0000
0000
0000
0000
0000
0000
0000
0000
0000
0000
0000
0000
0000
0000
0000
0000
0000
0000
0000
0000
0000
0000
0000
0000
0000
0000
0000
0000
0000
0000
0000
0000
0000
0000
0000
0000
0000
0000
0000
0000
0000
0000
0000
0000
0000
0000
0000
0000
0000
0000
0000
0000
0000
0000
0000
0000
0000
0000
0000
0000
0000
0000
0000
0000
0000
0000
0000
0000
0000
0000
0000
0000
0000
0000
0000
0000
0000
0000
0000
0000
0000
0000
0000
0000
0000
0000
0000
0000
0000
0000
0000
0000
0000
0000
0000
0000
0000
0000
0000
0000
0000
0000
0000
0000
0000
0000
0000
0000
0000
0000
0000
0000
0000
0000
0000
0000
0000
0000
0000
0000
0000
0000
0000
0000
0000
0000
0000
0000
0000
0000
0000
0000
0000
0000
0000
0000
0000
0000
0000
0000
0000
0000
0000
0000
0000
0000
0000
0000
0000
0000
0000
0000
0000
0000
0000
0000
0000
0000
0000
0000
0000
0000
0000
0000
0000
0000
0000
0000
0000
0000
0000
0000
0000
0000
0000
0000
0000
0000
0000
0000
0000
0000
0000
0000
0000
0000
0000
0000
0000
0000
0000
0000
0000
0000
0000
0000
0000
0000
0000
0000
0000
0000
0000
0000
0000
0000
0000
0000
0000
0000
0000
0000
0000
0000
0000
0000
0000
0000
0000
0000
0000
0000
0000
0000
0000
0000
0000
0000
0000
0000
0000
0000
0000
0000
0000
0000
0000
0000
0000
0000
0000
0000
0000
0000
0000
0000
0000
0000
0000
0000
0000
0000
0000
0000
0000
0000
0000
0000
0000
0000
0000
0000
0000
0000
0000
0000
0000
0000
0000
0000
0000
0000
0000
0000
0000
0000
0000
0000
0000
0000
0000
0000
0000
0000
0000
0000
0000
0000
0000
0000
0000
0000
0000
0000
0000
0000
0000
0000
0000
0000
0000
0000
0000
0000
0000
0000
0000
0000
0000
0000
0000
0000
0000
0000
0000
0000
0000
0000
0000
0000
0000
0000
0000
0000
0000
0000
0000
0000
0000
0000
0000
0000
0000
0000
0000
0000
0000
0000
0000
0000
0000
0000
0000
0000
0000
0000
0000
0000
0000
0000
0000
0000
0000
0000
0000
0000
0000
0000
0000
0000
0000
0000
0000
0000
0000
0000
0000
0000
0000
0000
0000
0000
0000
0000
0000
0000
0000
0000
0000
0000
0000
0000
0000
0000
0000
0000
0000
0000
0000
0000
0000
0000
0000
0000
0000
0000
0000
0000
0000
0000
0000
0000
0000
0000
0000
0000
0000
0000
0000
0000
0000
0000
0000
0000
0000
0000
0000
0000
0000
0000
0000
0000
0000
0000
0000
0000
0000
0000
0000
0000
0000
0000
0000
0000
0000
0000
0000
0000
0000
0000
0000
0000
0000
0000
0000
0000
0000
0000
0000
0000
0000
0000
0000
0000
0000
0000
0000
0000
0000
0000
0000
0000
0000
0000
0000
0000
0000
0000
0000
0000
0000
0000
0000
0000
0000
0000
0000
0000
0000
0000
0000
0000
0000
0000
0000
0000
0000
0000
0000
0000
0000
0000
0000
0000
0000
0000
0000
0000
0000
0000
0000
0000
0000
0000
0000
0000
0000
0000
0000
0000
0000
0000
0000
0000
0000
0000
0000
0000
0000
0000
0000
0000
0000
0000
0000
0000
0000
0000
0000
0000
0000
0000
0000
0000
0000
0000
0000
0000
0000
0000
0000
0000
0000
0000
0000
0000
0000
0000
0000
0000
0000
0000
0000
0000
0000
0000
0000
0000
0000
0000
0000
0000
0000
0000
0000
0000
0000
0000
0000
0000
0000
0000
0000
0000
0000
0000
0000
0000
0000
0000
0000
0000
0000
0000
0000
0000
0000
0000
0000
0000
0000
0000
0000
0000
0000
0000
0000
0000
0000
0000
0000
0000
0000
0000
0000
0000
0000
0000
0000
0000
0000
0000
0000
0000
0000
0000
0000
0000
0000
0000
0000
0000
0000
0000
0000
0000
0000
0000
0000
0000
0000
0000
0000
0000
0000
0000
0000
0000
0000
0000
0000
0000
0000
0000
0000
0000
0000
0000
0000
0000
0000
0000
0000
0000
0000
0000
0000
0000
0000
0000
0000
0000
0000
0000
0000
0000
0000
0000
0000
0000
0000
0000
0000
0000
0000
0000
0000
0000
0000
0000
0000
0000
0000
0000
0000
0000
0000
0000
0000
0000
0000
0000
0000
0000
0000
0000
0000
0000
0000
0000
0000
0000
0000
0000
0000
0000
0000
0000
0000
0000
0000
0000
0000
0000
0000
0000
0000
0000
0000
0000
0000
0000
0000
0000
0000
0000
0000
0000
0000
0000
0000
0000
0000
0000
0000
0000
0000
0000
0000
0000
0000
0000
0000
0000
0000
0000
0000
0000
0000
0000
0000
0000
0000
0000
0000
0000
0000
0000
0000
0000
0000
0000
0000
0000
0000
0000
0000
0000
0000
0000
0000
0000
0000
0000
0000
0000
0000
0000
0000
0000
0000
0000
0000
0000
0000
0000
0000
0000
0000
0000
0000
0000
0000
0000
0000
0000
0000
0000
0000
0000
0000
0000
0000
0000
0000
0000
0000
0000
0000
0000
0000
0000
0000
0000
0000
0000
0000
0000
0000
0000
0000
0000
0000
0000
0000
0000
0000
0000
0000
0000
0000
0000
0000
0000
0000
0000
0000
0000
0000
0000
0000
0000
0000
0000
0000
0000
0000
0000
0000
0000
0000
0000
0000
0000
0000
0000
0000
0000
0000
0000
0000
0000
0000
0000
0000
0000
0000
0000
0000
0000
0000
0000
0000
0000
0000
0000
0000
0000
0000
0000
0000
0000
0000
0000
0000
0000
0000
0000
0000
0000
0000
0000
0000
0000
0000
0000
0000
0000
0000
0000
0000
0000
0000
0000
0000
0000
0000
0000
0000
0000
0000
0000
0000
0000
0000
0000
0000
0000
0000
0000
0000
0000
0000
0000
0000
0000
0000
0000
0000
0000
0000
0000
0000
0000
0000
0000
0000
0000
0000
0000
0000
0000
0000
0000
0000
0000
0000
0000
0000
0000
0000
0000
0000
0000
0000
0000
0000
0000
0000
0000
0000
0000
0000
0000
0000
0000
0000
0000
0000
0000
0000
0000
0000
0000
0000
0000
0000
0000
0000
0000
0000
0000
0000
0000
0000
0000
0000
0000
0000
0000
0000
0000
0000
0000
0000
0000
0000
0000
0000
0000
0000
0000
0000
0000
0000
0000
0000
0000
0000
0000
0000
0000
0000
0000
0000
0000
0000
0000
0000
0000
0000
0000
0000
0000
0000
0000
0000
0000
0000
0000
0000
0000
0000
0000
0000
0000
0000
0000
0000
0000
0000
0000
0000
0000
0000
0000
0000
0000
0000
0000
0000
0000
0000
0000
0000
0000
0000
0000
0000
0000
0000
0000
0000
0000
0000
0000
0000
0000
0000
0000
0000
0000
0000
0000
0000
0000
0000
0000
0000
0000
0000
0000
0000
0000
0000
0000
0000
0000
0000
0000
0000
0000
0000
0000
0000
0000
0000
0000
0000
0000
0000
0000
0000
0000
0000
0000
0000
0000
0000
0000
0000
0000
0000
0000
0000
0000
0000
0000
0000
0000
0000
0000
0000
0000
0000
0000
0000
0000
0000
0000
0000
0000
0000
0000
0000
0000
0000
0000
0000
0000
0000
0000
0000
0000
0000
0000
0000
0000
0000
0000
0000
0000
0000
0000
0000
0000
0000
0000
0000
0000
0000
0000
0000
0000
0000
0000
0000
0000
0000
0000
0000
0000
0000
0000
0000
0000
0000
0000
0000
0000
0000
0000
0000
0000
0000
0000
0000
0000
0000
0000
0000
0000
0000
0000
0000
0000
0000
0000
0000
0000
0000
0000
0000
0000
0000
0000
0000
0000
0000
0000
0000
0000
0000
0000
0000
0000
0000
0000
0000
0000
0000
0000
0000
0000
0000
0000
0000
0000
0000
0000
0000
0000
0000
0000
0000
0000
0000
0000
0000
0000
0000
0000
0000
0000
0000
0000
0000
0000
0000
0000
0000
0000
0000
0000
0000
0000
0000
0000
0000
0000
0000
0000
0000
0000
0000
0000
0000
0000
0000
0000
0000
0000
0000
0000
0000
0000
0000
0000
0000
0000
0000
0000
0000
0000
0000
0000
0000
0000
0000
0000
0000
0000
0000
0000
0000
0000
0000
0000
0000
0000
0000
0000
0000
0000
0000
0000
0000
0000
0000
0000
0000
0000
0000
0000
0000
0000
0000
0000
0000
0000
0000
0000
0000
0000
0000
0000
0000
0000
0000
0000
0000
0000
0000
0000
0000
0000
0000
0000
0000
0000
0000
0000
0000
0000
0000
0000
0000
0000
0000
0000
0000
0000
0000
0000
0000
0000
0000
0000
0000
0000
0000
0000
0000
0000
0000
0000
0000
0000
0000
0000
0000
0000
0000
0000
0000
0000
0000
0000
0000
0000
0000
0000
0000
0000
0000
0000
0000
0000
0000
0000
0000
0000
0000
0000
0000
0000
0000
0000
0000
0000
0000
0000
0000
0000
0000
0000
0000
0000
0000
0000
0000
0000
0000
0000
0000
0000
0000
0000
0000
0000
0000
0000
0000
0000
0000
0000
0000
0000
0000
0000
0000
0000
0000
0000
0000
0000
0000
0000
0000
0000
0000
0000
0000
0000
0000
0000
0000
0000
0000
0000
0000
0000
0000
0000
0000
0000
0000
0000
0000
0000
0000
0000
0000
0000
0000
0000
0000
0000
0000
0000
0000
0000
0000
0000
0000
0000
0000
0000
0000
0000
0000
0000
0000
0000
0000
0000
0000
0000
0000
0000
0000
0000
0000
0000
0000
0000
0000
0000
0000
0000
0000
0000
0000
0000
0000
0000
0000
0000
0000
0000
0000
0000
0000
0000
0000
0000
0000
0000
0000
0000
0000
0000
0000
0000
0000
0000
0000
0000
0000
0000
0000
0000
0000
0000
0000
0000
0000
0000
0000
0000
0000
0000
0000
0000
0000
0000
0000
0000
0000
0000
0000
0000
0000
0000
0000
0000
0000
0000
0000
0000
0000
0000
0000
0000
0000
0000
0000
0000
0000
0000
0000
0000
0000
0000
0000
0000
0000
0000
0000
0000
0000
0000
0000
0000
0000
0000
0000
0000
0000
0000
0000
0000
0000
0000
0000
0000
0000
0000
0000
0000
0000
0000
0000
0000
0000
0000
0000
0000
0000
0000
0000
0000
0000
0000
0000
0000
0000
0000
0000
0000
0000
0000
0000
0000
0000
0000
0000
0000
0000
0000
0000
0000
0000
0000
0000
0000
0000
0000
0000
0000
0000
0000
0000
0000
0000
0000
0000
0000
0000
0000
0000
0000
0000
0000
0000
0000
0000
0000
0000
0000
0000
0000
0000
0000
0000
0000
0000
0000
0000
0000
0000
0000
0000
0000
0000
0000
0000
0000
0000
0000
0000
0000
0000
0000
0000
0000
0000
0000
0000
0000
0000
0000
0000
0000
0000
0000
0000
0000
0000
0000
0000
0000
0000
0000
0000
0000
0000
0000
0000
0000
0000
0000
0000
0000
0000
0000
0000
0000
0000
0000
0000
0000
0000
0000
0000
0000
0000
0000
0000
0000
0000
0000
0000
0000
0000
0000
0000
0000
0000
0000
0000
0000
0000
0000
0000
0000
0000
0000
0000
0000
0000
0000
0000
0000
0000
0000
0000
0000
0000
0000
0000
0000
0000
0000
0000
0000
0000
0000
0000
0000
0000
0000
0000
0000
0000
0000
0000
0000
0000
0000
0000
0000
0000
0000
0000
0000
0000
0000
0000
0000
0000
0000
0000
0000
0000
0000
0000
0000
0000
0000
0000
0000
0000
0000
0000
0000
0000
0000
0000
0000
0000
0000
0000
0000
0000
0000
0000
0000
0000
0000
0000
0000
0000
0000
0000
0000
0000
0000
0000
0000
0000
0000
0000
0000
0000
0000
0000
0000
0000
0000
0000
0000
0000
0000
0000
0000
0000
0000
0000
0000
0000
0000
0000
0000
0000
0000
0000
0000
0000
0000
0000
0000
0000
0000
0000
0000
0000
0000
0000
0000
0000
0000
0000
0000
0000
0000
0000
0000
0000
0000
0000
0000
0000
0000
0000
0000
0000
0000
0000
0000
0000
0000
0000
0000
0000
0000
0000
0000
0000
0000
0000
0000
0000
0000
0000
0000
0000
0000
0000
0000
0000
0000
0000
0000
0000
0000
0000
0000
0000
0000
0000
0000
0000
0000
0000
0000
0000
0000
0000
0000
0000
0000
0000
0000
0000
0000
0000
0000
0000
0000
0000
0000
0000
0000
0000
0000
0000
0000
0000
0000
0000
0000
0000
0000
0000
0000
0000
0000
0000
0000
0000
0000
0000
0000
0000
0000
0000
0000
0000
0000
0000
0000
0000
0000
0000
0000
0000
0000
0000
0000
0000
0000
0000
0000
0000
0000
0000
0000
0000
0000
0000
0000
0000
0000
0000
0000
0000
0000
0000
0000
0000
0000
0000
0000
0000
0000
0000
0000
0000
0000
0000
0000
0000
0000
0000
0000
0000
0000
0000
0000
0000
0000
0000
0000
0000
0000
0000
0000
0000
0000
0000
0000
0000
0000
0000
0000
0000
0000
0000
0000
0000
0000
0000
0000
0000
0000
0000
0000
0000
0000
0000
0000
0000
0000
0000
0000
0000
0000
0000
0000
0000
0000
0000
0000
0000
0000
0000
0000
0000
0000
0000
0000
0000
0000
0000
0000
0000
0000
0000
0000
0000
0000
0000
0000
0000
0000
0000
0000
0000
0000
0000
0000
0000
0000
0000
0000
0000
0000
0000
0000
0000
0000
0000
0000
0000
0000
0000
0000
0000
0000
0000
0000
0000
0000
0000
0000
0000
0000
0000
0000
0000
0000
0000
0000
0000
0000
0000
0000
0000
0000
0000
0000
0000
0000
0000
0000
0000
0000
0000
0000
0000
0000
0000
0000
0000
0000
0000
0000
0000
0000
0000
0000
0000
0000
0000
0000
0000
0000
0000
0000
0000
0000
0000
0000
0000
0000
0000
0000
0000
0000
0000
0000
0000
0000
0000
0000
0000
0000
0000
0000
0000
0000
0000
0000
0000
0000
0000
0000
0000
0000
0000
0000
0000
0000
0000
0000
0000
0000
0000
0000
0000
0000
0000
0000
0000
0000
0000
0000
0000
0000
0000
0000
0000
0000
0000
0000
0000
0000
0000
0000
0000
0000
0000
0000
0000
0000
0000
0000
0000
0000
0000
0000
0000
0000
0000
0000
0000
0000
0000
0000
0000
0000
0000
0000
0000
0000
0000
0000
0000
0000
0000
0000
0000
0000
0000
0000
0000
0000
0000
0000
0000
0000
0000
0000
0000
0000
0000
0000
0000
0000
0000
0000
0000
0000
0000
0000
0000
0000
0000
0000
0000
0000
0000
0000
0000
0000
0000
0000
0000
0000
0000
0000
0000
0000
0000
0000
0000
0000
0000
0000
0000
0000
0000
0000
0000
0000
0000
0000
0000
0000
0000
0000
0000
0000
0000
0000
0000
0000
0000
0000
0000
0000
0000
0000
0000
0000
0000
0000
0000
0000
0000
0000
0000
0000
0000
0000
0000
0000
0000
0000
0000
0000
0000
0000
0000
0000
0000
0000
0000
0000
0000
0000
0000
0000
0000
0000
0000
0000
0000
0000
0000
0000
0000
0000
0000
0000
0000
0000
0000
0000
0000
0000
0000
0000
0000
0000
0000
0000
0000
0000
0000
0000
0000
0000
0000
0000
0000
0000
0000
0000
0000
0000
0000
0000
0000
0000
0000
0000
0000
0000
0000
0000
0000
0000
0000
0000
0000
0000
0000
0000
0000
0000
0000
0000
0000
0000
0000
0000
0000
0000
0000
0000
0000
0000
0000
0000
0000
0000
0000
0000
0000
0000
0000
0000
0000
0000
0000
0000
0000
0000
0000
0000
0000
0000
0000
0000
0000
0000
0000
0000
0000
0000
0000
0000
0000
0000
0000
0000
0000
0000
0000
0000
0000
0000
0000
0000
0000
0000
0000
0000
0000
0000
0000
0000
0000
0000
0000
0000
0000
0000
0000
0000
0000
0000
0000
0000
0000
0000
0000
0000
0000
0000
0000
0000
0000
0000
0000
0000
0000
0000
0000
0000
0000
0000
0000
0000
0000
0000
0000
0000
0000
0000
0000
0000
0000
0000
0000
0000
0000
0000
0000
0000
0000
0000
0000
0000
0000
0000
0000
0000
0000
0000
0000
0000
0000
0000
0000
0000
0000
0000
0000
0000
0000
0000
0000
0000
0000
0000
0000
0000
0000
0000
0000
0000
0000
0000
0000
0000
0000
0000
0000
0000
0000
0000
0000
0000
0000
0000
0000
0000
0000
0000
0000
0000
0000
0000
0000
0000
0000
0000
0000
0000
0000
0000
0000
0000
0000
0000
0000
0000
0000
0000
0000
0000
0000
0000
0000
0000
0000
0000
0000
0000
0000
0000
0000
0000
0000
0000
0000
0000
0000
0000
0000
0000
0000
0000
0000
0000
0000
0000
0000
0000
0000
0000
0000
0000
0000
0000
0000
0000
0000
0000
0000
0000
0000
0000
0000
0000
0000
0000
0000
0000
0000
0000
0000
0000
0000
0000
0000
0000
0000
0000
0000
0000
0000
0000
0000
0000
0000
0000
0000
0000
0000
0000
0000
0000
0000
0000
0000
0000
0000
0000
0000
0000
0000
0000
0000
0000
0000
0000
0000
0000
0000
0000
0000
0000
0000
0000
0000
0000
0000
0000
0000
0000
0000
0000
0000
0000
0000
0000
0000
0000
0000
0000
0000
0000
0000
0000
0000
0000
0000
0000
0000
0000
0000
0000
0000
0000
0000
0000
0000
0000
0000
0000
0000
0000
0000
0000
0000
0000
0000
0000
0000
0000
0000
0000
0000
0000
0000
0000
0000
0000
0000
0000
0000
0000
0000
0000
0000
0000
0000
0000
0000
0000
0000
0000
0000
0000
0000
0000
0000
0000
0000
0000
0000
0000
0000
0000
0000
0000
0000
0000
0000
0000
0000
0000
0000
0000
0000
0000
0000
0000
0000
0000
0000
0000
0000
0000
0000
0000
0000
0000
0000
0000
0000
0000
0000
0000
0000
0000
0000
0000
0000
0000
0000
0000
0000
0000
0000
0000
0000
0000
0000
0000
0000
0000
0000
0000
0000
0000
0000
0000
0000
0000
0000
0000
0000
0000
0000
0000
0000
0000
0000
0000
0000
0000
0000
0000
0000
0000
0000
0000
0000
0000
0000
0000
0000
0000
0000
0000
0000
0000
0000
0000
0000
0000
0000
0000
0000
0000
0000
0000
0000
0000
0000
0000
0000
0000
0000
0000
0000
0000
0000
0000
0000
0000
0000
0000
0000
0000
0000
0000
0000
0000
0000
0000
0000
0000
0000
0000
0000
0000
0000
0000
0000
0000
0000
0000
0000
0000
0000
0000
0000
0000
0000
0000
0000
0000
0000
0000
0000
0000
0000
0000
0000
0000
0000
0000
0000
0000
0000
0000
0000
0000
0000
0000
0000
0000
0000
0000
0000
0000
0000
0000
0000
0000
0000
0000
0000
0000
0000
0000
0000
0000
0000
0000
0000
0000
0000
0000
0000
0000
0000
0000
0000
0000
0000
0000
0000
0000
0000
0000
0000
0000
0000
0000
0000
0000
0000
0000
0000
0000
0000
0000
0000
0000
0000
0000
0000
0000
0000
0000
0000
0000
0000
0000
0000
0000
0000
0000
0000
0000
0000
0000
0000
0000
0000
0000
0000
0000
0000
0000
0000
0000
0000
0000
0000
0000
0000
0000
0000
0000
0000
0000
0000
0000
0000
0000
0000
0000
0000
0000
0000
0000
0000
0000
0000
0000
0000
0000
0000
0000
0000
0000
0000
0000
0000
0000
0000
0000
0000
0000
0000
0000
0000
0000
0000
0000
0000
0000
0000
0000
0000
0000
0000
0000
0000
0000
0000
0000
0000
0000
0000
0000
0000
0000
0000
0000
0000
0000
0000
0000
0000
0000
0000
0000
0000
0000
0000
0000
0000
0000
0000
0000
0000
0000
0000
0000
0000
0000
0000
0000
0000
0000
0000
0000
0000
0000
0000
0000
0000
0000
0000
0000
0000
0000
0000
0000
0000
0000
0000
0000
0000
0000
0000
0000
0000
0000
0000
0000
0000
0000
0000
0000
0000
0000
0000
0000
0000
0000
0000
0000
0000
0000
0000
0000
0000
0000
0000
0000
0000
0000
0000
0000
0000
0000
0000
0000
0000
0000
0000
0000
0000
0000
0000
0000
0000
0000
0000
0000
0000
0000
0000
0000
0000
0000
0000
0000
0000
0000
0000
0000
0000
0000
0000
0000
0000
0000
0000
0000
0000
0000
0000
0000
0000
0000
0000
0000
0000
0000
0000
0000
0000
0000
0000
0000
0000
0000
0000
0000
0000
0000
0000
0000
0000
0000
0000
0000
0000
0000
0000
0000
0000
0000
0000
0000
0000
0000
0000
0000
0000
0000
0000
0000
0000
0000
0000
0000
0000
0000
0000
0000
0000
0000
0000
0000
0000
0000
0000
0000
0000
0000
0000
0000
0000
0000
0000
0000
0000
0000
0000
0000
0000
0000
0000
0000
0000
0000
0000
0000
0000
0000
0000
0000
0000
0000
0000
0000
0000
0000
0000
0000
0000
0000
0000
0000
0000
0000
0000
0000
0000
0000
0000
0000
0000
0000
0000
0000
0000
0000
0000
0000
0000
0000
0000
0000
0000
0000
0000
0000
0000
0000
0000
0000
0000
0000
0000
0000
0000
0000
0000
0000
0000
0000
0000
0000
0000
0000
0000
0000
0000
0000
0000
0000
0000
0000
0000
0000
0000
0000
0000
0000
0000
0000
0000
0000
0000
0000
0000
0000
0000
0000
0000
0000
0000
0000
0000
0000
0000
0000
0000
0000
0000
0000
0000
0000
0000
0000
0000
0000
0000
0000
0000
0000
0000
0000
0000
0000
0000
0000
0000
0000
0000
0000
0000
0000
0000
0000
0000
0000
0000
0000
0000
0000
0000
0000
0000
0000
0000
0000
0000
0000
0000
0000
0000
0000
0000
0000
0000
0000
0000
0000
0000
0000
0000
0000
0000
0000
0000
0000
0000
0000
0000
0000
0000
0000
0000
0000
0000
0000
0000
0000
0000
0000
0000
0000
0000
0000
0000
0000
0000
0000
0000
0000
0000
0000
0000
0000
0000
0000
0000
0000
0000
0000
0000
0000
0000
0000
0000
0000
0000
0000
0000
0000
0000
0000
0000
0000
0000
0000
0000
0000
0000
0000
0000
0000
0000
0000
0000
0000
0000
0000
0000
0000
0000
0000
0000
0000
0000
0000
0000
0000
0000
0000
0000
0000
0000
0000
0000
0000
0000
0000
0000
0000
0000
0000
0000
0000
0000
0000
0000
0000
0000
0000
0000
0000
0000
0000
0000
0000
0000
0000
0000
0000
0000
0000
0000
0000
0000
0000
0000
0000
0000
0000
0000
0000
0000
0000
0000
0000
0000
0000
0000
0000
0000
0000
0000
0000
0000
0000
0000
0000
0000
0000
0000
0000
0000
0000
0000
0000
0000
0000
0000
0000
0000
0000
0000
0000
0000
0000
0000
0000
0000
0000
0000
0000
0000
0000
0000
0000
0000
0000
0000
0000
0000
0000
0000
0000
0000
0000
0000
0000
0000
0000
0000
0000
0000
0000
0000
0000
0000
0000
0000
0000
0000
0000
0000
0000
0000
0000
0000
0000
0000
0000
0000
0000
0000
0000
0000
0000
0000
0000
0000
0000
0000
0000
0000
0000
0000
0000
0000
0000
0000
0000
0000
0000
0000
0000
0000
0000
0000
0000
0000
0000
0000
0000
0000
0000
0000
0000
0000
0000
0000
0000
0000
0000
0000
0000
0000
0000
0000
0000
0000
0000
0000
0000
0000
0000
0000
0000
0000
0000
0000
0000
0000
0000
0000
0000
0000
0000
0000
0000
0000
0000
0000
0000
0000
0000
0000
0000
0000
0000
0000
0000
0000
0000
0000
0000
0000
0000
0000
0000
0000
0000
0000
0000
0000
0000
0000
0000
0000
0000
0000
0000
0000
0000
0000
0000
0000
0000
0000
0000
0000
0000
0000
0000
0000
0000
0000
0000
0000
0000
0000
0000
0000
0000
0000
0000
0000
0000
0000
0000
0000
0000
0000
0000
0000
0000
0000
0000
0000
0000
0000
0000
0000
0000
0000
0000
0000
0000
0000
0000
0000
0000
0000
0000
0000
0000
0000
0000
0000
0000
0000
0000
0000
0000
0000
0000
0000
0000
0000
0000
0000
0000
0000
0000
0000
0000
0000
0000
0000
0000
0000
0000
0000
0000
0000
0000
0000
0000
0000
0000
0000
0000
0000
0000
0000
0000
0000
0000
0000
0000
0000
0000
0000
0000
0000
0000
0000
0000
0000
0000
0000
0000
0000
0000
0000
0000
0000
0000
0000
0000
0000
0000
0000
0000
0000
0000
0000
0000
0000
0000
0000
0000
0000
0000
0000
0000
0000
0000
0000
0000
0000
0000
0000
0000
0000
0000
0000
0000
0000
0000
0000
0000
0000
0000
0000
0000
0000
0000
0000
0000
0000
0000
0000
0000
0000
0000
0000
0000
0000
0000
0000
0000
0000
0000
0000
0000
0000
0000
0000
0000
0000
0000
0000
0000
0000
0000
0000
0000
0000
0000
0000
0000
0000
0000
0000
0000
0000
0000
0000
0000
0000
0000
0000
0000
0000
0000
0000
0000
0000
0000
0000
0000
0000
0000
0000
0000
0000
0000
0000
0000
0000
0000
0000
0000
0000
0000
0000
0000
0000
0000
0000
0000
0000
0000
0000
0000
0000
0000
0000
0000
0000
0000
0000
0000
0000
0000
0000
0000
0000
0000
0000
0000
0000
0000
0000
0000
0000
0000
0000
0000
0000
0000
0000
0000
0000
0000
0000
0000
0000
0000
0000
0000
0000
0000
0000
0000
0000
0000
0000
0000
0000
0000
0000
0000
0000
0000
0000
0000
0000
0000
0000
0000
0000
0000
0000
0000
0000
0000
0000
0000
0000
0000
0000
0000
0000
0000
0000
0000
0000
0000
0000
0000
0000
0000
0000
0000
0000
0000
0000
0000
0000
0000
0000
0000
0000
0000
0000
0000
0000
0000
0000
0000
0000
0000
0000
0000
0000
0000
0000
0000
0000
0000
0000
0000
0000
0000
0000
0000
0000
0000
0000
0000
0000
0000
0000
0000
0000
0000
0000
0000
0000
0000
0000
0000
0000
0000
0000
0000
0000
0000
0000
0000
0000
0000
0000
0000
0000
0000
0000
0000
0000
0000
0000
0000
0000
0000
0000
0000
0000
0000
0000
0000
0000
0000
0000
0000
0000
0000
0000
0000
0000
0000
0000
0000
0000
0000
0000
0000
0000
0000
0000
0000
0000
0000
0000
0000
0000
0000
0000
0000
0000
0000
0000
0000
0000
0000
0000
0000
0000
0000
0000
0000
0000
0000
0000
0000
0000
0000
0000
0000
0000
0000
0000
0000
0000
0000
0000
0000
0000
0000
0000
0000
0000
0000
0000
0000
0000
0000
0000
0000
0000
0000
0000
0000
0000
0000
0000
0000
0000
0000
0000
0000
0000
0000
0000
0000
0000
0000
0000
0000
0000
0000
0000
0000
0000
0000
0000
0000
0000
0000
0000
0000
0000
0000
0000
0000
0000
0000
0000
0000
0000
0000
0000
0000
0000
0000
0000
0000
0000
0000
0000
0000
0000
0000
0000
0000
0000
0000
0000
0000
0000
0000
0000
0000
0000
0000
0000
0000
0000
0000
0000
0000
0000
0000
0000
0000
0000
0000
0000
0000
0000
0000
0000
0000
0000
0000
0000
0000
0000
0000
0000
0000
0000
0000
0000
0000
0000
0000
0000
0000
0000
0000
0000
0000
0000
0000
0000
0000
0000
0000
0000
0000
0000
0000
0000
0000
0000
0000
0000
0000
0000
0000
0000
0000
0000
0000
0000
0000
0000
0000
0000
0000
0000
0000
0000
0000
0000
0000
0000
0000
0000
0000
0000
0000
0000
0000
0000
0000
0000
0000
0000
0000
0000
0000
0000
0000
0000
0000
0000
0000
0000
0000
0000
0000
0000
0000
0000
0000
0000
0000
0000
0000
0000
0000
0000
0000
0000
0000
0000
0000
0000
0000
0000
0000
0000
0000
0000
0000
0000
0000
0000
0000
0000
0000
0000
0000
0000
0000
0000
0000
0000
0000
0000
0000
0000
0000
0000
0000
0000
0000
0000
0000
0000
0000
0000
0000
0000
0000
0000
0000
0000
0000
0000
0000
0000
0000
0000
0000
0000
0000
0000
0000
0000
0000
0000
0000
0000
0000
0000
0000
0000
0000
0000
0000
0000
0000
0000
0000
0000
0000
0000
0000
0000
0000
0000
0000
0000
0000
0000
0000
0000
0000
0000
0000
0000
0000
0000
0000
0000
0000
0000
0000
0000
0000
0000
0000
0000
0000
0000
0000
0000
0000
0000
0000
0000
0000
0000
0000
0000
0000
0000
0000
0000
0000
0000
0000
0000
0000
0000
0000
0000
0000
0000
0000
0000
0000
0000
0000
0000
0000
0000
0000
0000
0000
0000
0000
0000
0000
0000
0000
0000
0000
0000
0000
0000
0000
0000
0000
0000
0000
0000
0000
0000
0000
0000
0000
0000
0000
0000
0000
0000
0000
0000
0000
0000
0000
0000
0000
0000
0000
0000
0000
0000
0000
0000
0000
0000
0000
0000
0000
0000
0000
0000
0000
0000
0000
0000
0000
0000
0000
0000
0000
0000
0000
0000
0000
0000
0000
0000
0000
0000
0000
0000
0000
0000
0000
0000
0000
0000
0000
0000
0000
0000
0000
0000
0000
0000
0000
0000
0000
0000
0000
0000
0000
0000
0000
0000
0000
0000
0000
0000
0000
0000
0000
0000
0000
0000
0000
0000
0000
0000
0000
0000
0000
0000
0000
0000
0000
0000
0000
0000
0000
0000
0000
0000
0000
0000
0000
0000
0000
0000
0000
0000
0000
0000
0000
0000
0000
0000
0000
0000
0000
0000
0000
0000
0000
0000
0000
0000
0000
0000
0000
0000
0000
0000
0000
0000
0000
0000
0000
0000
0000
0000
0000
0000
0000
0000
0000
0000
0000
0000
0000
0000
0000
0000
0000
0000
0000
0000
0000
0000
0000
0000
0000
0000
0000
0000
0000
0000
0000
0000
0000
0000
0000
0000
0000
0000
0000
0000
0000
0000
0000
0000
0000
0000
0000
0000
0000
0000
0000
0000
0000
0000
0000
0000
0000
0000
0000
0000
0000
0000
0000
0000
0000
0000
0000
0000
0000
0000
0000
0000
0000
0000
0000
0000
0000
0000
0000
0000
0000
0000
0000
0000
0000
0000
0000
0000
0000
0000
0000
0000
0000
0000
0000
0000
0000
0000
0000
0000
0000
0000
0000
0000
0000
0000
0000
0000
0000
0000
0000
0000
0000
0000
0000
0000
0000
0000
0000
0000
0000
0000
0000
0000
0000
0000
0000
0000
0000
0000
0000
0000
0000
0000
0000
0000
0000
0000
0000
0000
0000
0000
0000
0000
0000
0000
0000
0000
0000
0000
0000
0000
0000
0000
0000
0000
0000
0000
0000
0000
0000
0000
0000
0000
0000
0000
0000
0000
0000
0000
0000
0000
0000
0000
0000
0000
0000
0000
0000
0000
0000
0000
0000
0000
0000
0000
0000
0000
0000
0000
0000
0000
0000
0000
0000
0000
0000
0000
0000
0000
0000
0000
0000
0000
0000
0000
0000
0000
0000
0000
0000
0000
0000
0000
0000
0000
0000
0000
0000
0000
0000
0000
0000
0000
0000
0000
0000
0000
0000
0000
0000
0000
0000
0000
0000
0000
0000
0000
0000
0000
0000
0000
0000
0000
0000
0000
0000
0000
0000
0000
0000
0000
0000
0000
0000
0000
0000
0000
0000
0000
0000
0000
0000
0000
0000
0000
0000
0000
0000
0000
0000
0000
0000
0000
0000
0000
0000
0000
0000
0000
0000
0000
0000
0000
0000
0000
0000
0000
0000
0000
0000
0000
0000
0000
0000
0000
0000
0000
0000
0000
0000
0000
0000
0000
0000
0000
0000
0000
0000
0000
0000
0000
0000
0000
0000
0000
0000
0000
0000
0000
0000
0000
0000
0000
0000
0000
0000
0000
0000
0000
0000
0000
0000
0000
0000
0000
0000
0000
0000
0000
0000
0000
0000
0000
0000
0000
0000
0000
0000
0000
0000
0000
0000
0000
0000
0000
0000
0000
0000
0000
0000
0000
0000
0000
0000
0000
0000
0000
0000
0000
0000
0000
0000
0000
0000
0000
0000
0000
0000
0000
0000
0000
0000
0000
0000
0000
0000
0000
0000
0000
0000
0000
0000
0000
0000
0000
0000
0000
0000
0000
0000
0000
0000
0000
0000
0000
0000
0000
0000
0000
0000
0000
0000
0000
0000
0000
0000
0000
0000
0000
0000
0000
0000
0000
0000
0000
0000
0000
0000
0000
0000
0000
0000
0000
0000
0000
0000
0000
0000
0000
0000
0000
0000
0000
0000
0000
0000
0000
0000
0000
0000
0000
0000
0000
0000
0000
0000
0000
0000
0000
0000
0000
0000
0000
0000
0000
0000
0000
0000
0000
0000
0000
0000
0000
0000
0000
0000
0000
0000
0000
0000
0000
0000
0000
0000
0000
0000
0000
0000
0000
0000
0000
0000
0000
0000
0000
0000
0000
0000
0000
0000
0000
0000
0000
0000
0000
0000
0000
0000
0000
0000
0000
0000
0000
0000
0000
0000
0000
0000
0000
0000
0000
0000
0000
0000
0000
0000
0000
0000
0000
0000
0000
0000
0000
0000
0000
0000
0000
0000
0000
0000
0000
0000
0000
0000
0000
0000
0000
0000
0000
0000
0000
0000
0000
0000
0000
0000
0000
0000
0000
0000
0000
0000
0000
0000
0000
0000
0000
0000
0000
0000
0000
0000
0000
0000
0000
0000
0000
0000
0000
0000
0000
0000
0000
0000
0000
0000
0000
0000
0000
0000
0000
0000
0000
0000
0000
0000
0000
0000
0000
0000
0000
0000
0000
0000
0000
0000
0000
0000
0000
0000
0000
0000
0000
0000
0000
0000
0000
0000
0000
0000
0000
0000
0000
0000
0000
0000
0000
0000
0000
0000
0000
0000
0000
0000
0000
0000
0000
0000
0000
0000
0000
0000
0000
0000
0000
0000
0000
0000
0000
0000
0000
0000
0000
0000
0000
0000
0000
0000
0000
0000
0000
0000
0000
0000
0000
0000
0000
0000
0000
0000
0000
0000
0000
0000
0000
0000
0000
0000
0000
0000
0000
0000
0000
0000
0000
0000
0000
0000
0000
0000
0000
0000
0000
0000
0000
0000
0000
0000
0000
0000
0000
0000
0000
0000
0000
0000
0000
0000
0000
0000
0000
0000
0000
0000
0000
0000
0000
0000
0000
0000
0000
0000
0000
0000
0000
0000
0000
0000
0000
0000
0000
0000
0000
0000
0000
0000
0000
0000
0000
0000
0000
0000
0000
0000
0000
0000
0000
0000
0000
0000
0000
0000
0000
0000
0000
0000
0000
0000
0000
0000
0000
0000
0000
0000
0000
0000
0000
0000
0000
0000
0000
0000
0000
0000
0000
0000
0000
0000
0000
0000
0000
0000
0000
0000
0000
0000
0000
0000
0000
0000
0000
0000
0000
0000
0000
0000
0000
0000
0000
0000
0000
0000
0000
0000
0000
0000
0000
0000
0000
0000
0000
0000
0000
0000
0000
0000
0000
0000
0000
0000
0000
0000
0000
0000
0000
0000
0000
0000
0000
0000
0000
0000
0000
0000
0000
0000
0000
0000
0000
0000
0000
0000
0000
0000
0000
0000
0000
0000
0000
0000
0000
0000
0000
0000
0000
0000
0000
0000
0000
0000
0000
0000
0000
0000
0000
0000
0000
0000
0000
0000
0000
0000
0000
0000
0000
0000
0000
0000
0000
0000
0000
0000
0000
0000
0000
0000
0000
0000
0000
0000
0000
0000
0000
0000
0000
0000
0000
0000
0000
0000
0000
0000
0000
0000
0000
0000
0000
0000
0000
0000
0000
0000
0000
0000
0000
0000
0000
0000
0000
0000
0000
0000
0000
0000
0000
0000
0000
0000
0000
0000
0000
0000
0000
0000
0000
0000
0000
0000
0000
0000
0000
0000
0000
0000
0000
0000
0000
0000
0000
0000
0000
0000
0000
0000
0000
0000
0000
0000
0000
0000
0000
0000
0000
0000
0000
0000
0000
0000
0000
0000
0000
0000
0000
0000
0000
0000
0000
0000
0000
0000
0000
0000
0000
0000
0000
0000
0000
0000
0000
0000
0000
0000
0000
0000
0000
0000
0000
0000
0000
0000
0000
0000
0000
0000
0000
0000
0000
0000
0000
0000
0000
0000
0000
0000
0000
0000
0000
0000
0000
0000
0000
0000
0000
0000
0000
0000
0000
0000
0000
0000
0000
0000
0000
0000
0000
0000
0000
0000
0000
0000
0000
0000
0000
0000
0000
0000
0000
0000
0000
0000
0000
0000
0000
0000
0000
0000
0000
0000
0000
0000
0000
0000
0000
0000
0000
0000
0000
0000
0000
0000
0000
0000
0000
0000
0000
0000
0000
0000
0000
0000
0000
0000
0000
0000
0000
0000
0000
0000
0000
0000
0000
0000
0000
0000
0000
0000
0000
0000
0000
0000
0000
0000
0000
0000
0000
0000
0000
0000
0000
0000
0000
0000
0000
0000
0000
0000
0000
0000
0000
0000
0000
0000
0000
0000
0000
0000
0000
0000
0000
0000
0000
0000
0000
0000
0000
0000
0000
0000
0000
0000
0000
0000
0000
0000
0000
0000
0000
0000
0000
0000
0000
0000
0000
0000
0000
0000
0000
0000
0000
0000
0000
0000
0000
0000
0000
0000
0000
0000
0000
0000
0000
0000
0000
0000
0000
0000
0000
0000
0000
0000
0000
0000
0000
0000
0000
0000
0000
0000
0000
0000
0000
0000
0000
0000
0000
0000
0000
0000
0000
0000
0000
0000
0000
0000
0000
0000
0000
0000
0000
0000
0000
0000
0000
0000
0000
0000
0000
0000
0000
0000
0000
0000
0000
0000
0000
0000
0000
0000
0000
0000
0000
0000
0000
0000
0000
0000
0000
0000
0000
0000
0000
0000
0000
0000
0000
0000
0000
0000
0000
0000
0000
0000
0000
0000
0000
0000
0000
0000
0000
0000
0000
0000
0000
0000
0000
0000
0000
0000
0000
0000
0000
0000
0000
0000
0000
0000
0000
0000
0000
0000
0000
0000
0000
0000
0000
0000
0000
0000
0000
0000
0000
0000
0000
0000
0000
0000
0000
0000
0000
0000
0000
0000
0000
0000
0000
0000
0000
0000
0000
0000
0000
0000
0000
0000
0000
0000
0000
0000
0000
0000
0000
0000
0000
0000
0000
0000
0000
0000
0000
0000
0000
0000
0000
0000
0000
0000
0000
0000
0000
0000
0000
0000
0000
0000
0000
0000
0000
0000
0000
0000
0000
0000
0000
0000
0000
0000
0000
0000
0000
0000
0000
0000
0000
0000
0000
0000
0000
0000
0000
0000
0000
0000
0000
0000
0000
0000
0000
0000
0000
0000
0000
0000
0000
0000
0000
0000
0000
0000
0000
0000
0000
0000
0000
0000
0000
0000
0000
0000
0000
0000
0000
0000
0000
0000
0000
0000
0000
0000
0000
0000
0000
0000
0000
0000
0000
0000
0000
0000
0000
0000
0000
0000
0000
0000
0000
0000
0000
0000
0000
0000
0000
0000
0000
0000
0000
0000
0000
0000
0000
0000
0000
0000
0000
0000
0000
0000
0000
0000
0000
0000
0000
0000
0000
0000
0000
0000
0000
0000
0000
0000
0000
0000
0000
0000
0000
0000
0000
0000
0000
0000
0000
0000
0000
0000
0000
0000
0000
0000
0000
0000
0000
0000
0000
0000
0000
0000
0000
0000
0000
0000
0000
0000
0000
0000
0000
0000
0000
0000
0000
0000
0000
0000
0000
0000
0000
0000
0000
0000
0000
0000
0000
0000
0000
0000
0000
0000
0000
0000
0000
0000
0000
0000
0000
0000
0000
0000
0000
0000
0000
0000
0000
0000
0000
0000
0000
0000
0000
0000
0000
0000
0000
0000
0000
0000
0000
0000
0000
0000
0000
0000
0000
0000
0000
0000
0000
0000
0000
0000
0000
0000
0000
0000
0000
0000
0000
0000
0000
0000
0000
0000
0000
0000
0000
0000
0000
0000
0000
0000
0000
0000
0000
0000
0000
0000
0000
0000
0000
0000
0000
0000
0000
0000
0000
0000
0000
0000
0000
0000
0000
0000
0000
0000
0000
0000
0000
0000
0000
0000
0000
0000
0000
0000
0000
0000
0000
0000
0000
0000
0000
0000
0000
0000
0000
0000
0000
0000
0000
0000
0000
0000
0000
0000
0000
0000
0000
0000
0000
0000
0000
0000
0000
0000
0000
0000
0000
0000
0000
0000
0000
0000
0000
0000
0000
0000
0000
0000
0000
0000
0000
0000
0000
0000
0000
0000
0000
0000
0000
0000
0000
0000
0000
0000
0000
0000
0000
0000
0000
0000
0000
0000
0000
0000
0000
0000
0000
0000
0000
0000
0000
0000
0000
0000
0000
0000
0000
0000
0000
0000
0000
0000
0000
0000
0000
0000
0000
0000
0000
0000
0000
0000
0000
0000
0000
0000
0000
0000
0000
0000
0000
0000
0000
0000
0000
0000
0000
0000
0000
0000
0000
0000
0000
0000
0000
0000
0000
0000
0000
0000
0000
0000
0000
0000
0000
0000
0000
0000
0000
0000
0000
0000
0000
0000
0000
0000
0000
0000
0000
0000
0000
0000
0000
0000
0000
0000
0000
0000
0000
0000
0000
0000
0000
0000
0000
0000
0000
0000
0000
0000
0000
0000
0000
0000
0000
0000
0000
0000
0000
0000
0000
0000
0000
0000
0000
0000
0000
0000
0000
0000
0000
0000
0000
0000
0000
0000
0000
0000
0000
0000
0000
0000
0000
0000
0000
0000
0000
0000
0000
0000
0000
0000
0000
0000
0000
0000
0000
0000
0000
0000
0000
0000
0000
0000
0000
0000
0000
0000
0000
0000
0000
0000
0000
0000
0000
0000
0000
0000
0000
0000
0000
0000
0000
0000
0000
0000
0000
0000
0000
0000
0000
0000
0000
0000
0000
0000
0000
0000
0000
0000
0000
0000
0000
0000
0000
0000
0000
0000
0000
0000
0000
0000
0000
0000
0000
0000
0000
0000
0000
0000
0000
0000
0000
0000
0000
0000
0000
0000
0000
0000
0000
0000
0000
0000
0000
0000
0000
0000
0000
0000
0000
0000
0000
0000
0000
0000
0000
0000
0000
0000
0000
0000
0000
0000
0000
0000
0000
0000
0000
0000
0000
0000
0000
0000
0000
0000
0000
0000
0000
0000
0000
0000
0000
0000
0000
0000
0000
0000
0000
0000
0000
0000
0000
0000
0000
0000
0000
0000
0000
0000
0000
0000
0000
0000
0000
0000
0000
0000
0000
0000
0000
0000
0000
0000
0000
0000
0000
0000
0000
0000
0000
0000
0000
0000
0000
0000
0000
0000
0000
0000
0000
0000
0000
0000
0000
0000
0000
0000
0000
0000
0000
0000
0000
0000
0000
0000
0000
0000
0000
0000
0000
0000
0000
0000
0000
0000
0000
0000
0000
0000
0000
0000
0000
0000
0000
0000
0000
0000
0000
0000
0000
0000
0000
0000
0000
0000
0000
0000
0000
0000
0000
0000
0000
0000
0000
0000
0000
0000
0000
0000
0000
0000
0000
0000
0000
0000
0000
0000
0000
0000
0000
0000
0000
0000
0000
0000
0000
0000
0000
0000
0000
0000
0000
0000
0000
0000
0000
0000
0000
0000
0000
0000
0000
0000
0000
0000
0000
0000
0000
0000
0000
0000
0000
0000
0000
0000
0000
0000
0000
0000
0000
0000
0000
0000
0000
0000
0000
0000
0000
0000
0000
0000
0000
0000
0000
0000
0000
0000
0000
0000
0000
0000
0000
0000
0000
0000
0000
0000
0000
0000
0000
0000
0000
0000
0000
0000
0000
0000
0000
0000
0000
0000
0000
0000
0000
0000
0000
0000
0000
0000
0000
0000
0000
0000
0000
0000
0000
0000
0000
0000
0000
0000
0000
0000
0000
0000
0000
0000
0000
0000
0000
0000
0000
0000
0000
0000
0000
0000
0000
0000
0000
0000
0000
0000
0000
0000
0000
0000
0000
0000
0000
0000
0000
0000
0000
0000
0000
0000
0000
0000
0000
0000
0000
0000
0000
0000
0000
0000
0000
0000
0000
0000
0000
0000
0000
0000
0000
0000
0000
0000
0000
0000
0000
0000
0000
0000
0000
0000
0000
0000
0000
0000
0000
0000
0000
0000
0000
0000
0000
0000
0000
0000
0000
0000
0000
0000
0000
0000
0000
0000
0000
0000
0000
0000
0000
0000
0000
0000
0000
0000
0000
0000
0000
0000
0000
0000
0000
0000
0000
0000
0000
0000
0000
0000
0000
0000
0000
0000
0000
0000
0000
0000
0000
0000
0000
0000
0000
0000
0000
0000
0000
0000
0000
0000
0000
0000
0000
0000
0000
0000
0000
0000
0000
0000
0000
0000
0000
0000
0000
0000
0000
0000
0000
0000
0000
0000
0000
0000
0000
0000
0000
0000
0000
0000
0000
0000
0000
0000
0000
0000
0000
0000
0000
0000
0000
0000
0000
0000
0000
0000
0000
0000
0000
0000
0000
0000
0000
0000
0000
0000
0000
0000
0000
0000
0000
0000
0000
0000
0000
0000
0000
0000
0000
0000
0000
0000
0000
0000
0000
0000
0000
0000
0000
0000
0000
0000
0000
0000
0000
0000
0000
0000
0000
0000
0000
0000
0000
0000
0000
0000
0000
0000
0000
0000
0000
0000
0000
0000
0000
0000
0000
0000
0000
0000
0000
0000
0000
0000
0000
0000
0000
0000
0000
0000
0000
0000
0000
0000
0000
0000
0000
0000
0000
0000
0000
0000
0000
0000
0000
0000
0000
0000
0000
0000
0000
0000
0000
0000
0000
0000
0000
0000
0000
0000
0000
0000
0000
0000
0000
0000
0000
0000
0000
0000
0000
0000
0000
0000
0000
0000
0000
0000
0000
0000
0000
0000
0000
0000
0000
0000
0000
0000
0000
0000
0000
0000
0000
0000
0000
0000
0000
0000
0000
0000
0000
0000
0000
0000
0000
0000
0000
0000
0000
0000
0000
0000
0000
0000
0000
0000
0000
0000
0000
0000
0000
0000
0000
0000
0000
0000
0000
0000
0000
0000
0000
0000
0000
0000
0000
0000
0000
0000
0000
0000
0000
0000
0000
0000
0000
0000
0000
0000
0000
0000
0000
0000
0000
0000
0000
0000
0000
0000
0000
0000
0000
0000
0000
0000
0000
0000
0000
0000
0000
0000
0000
0000
0000
0000
0000
0000
0000
0000
0000
0000
0000
0000
0000
0000
0000
0000
0000
0000
0000
0000
0000
0000
0000
0000
0000
0000
0000
0000
0000
0000
0000
0000
0000
0000
0000
0000
0000
0000
0000
0000
0000
0000
0000
0000
0000
0000
0000
0000
0000
0000
0000
0000
0000
0000
0000
0000
0000
0000
0000
0000
0000
0000
0000
0000
0000
0000
0000
0000
0000
0000
0000
0000
0000
0000
0000
0000
0000
0000
0000
0000
0000
0000
0000
0000
0000
0000
0000
0000
0000
0000
0000
0000
0000
0000
0000
0000
0000
0000
0000
0000
0000
0000
0000
0000
0000
0000
0000
0000
0000
0000
0000
0000
0000
0000
0000
0000
0000
0000
0000
0000
0000
0000
0000
0000
0000
0000
0000
0000
0000
0000
0000
0000
0000
0000
0000
0000
0000
0000
0000
0000
0000
0000
0000
0000
0000
0000
0000
0000
0000
0000
0000
0000
0000
0000
0000
0000
0000
0000
0000
0000
0000
0000
0000
0000
0000
0000
0000
0000
0000
0000
0000
0000
0000
0000
0000
0000
0000
0000
0000
0000
0000
0000
0000
0000
0000
0000
0000
0000
0000
0000
0000
0000
0000
0000
0000
0000
0000
0000
0000
0000
0000
0000
0000
0000
0000
0000
0000
0000
0000
0000
0000
0000
0000
0000
0000
0000
0000
0000
0000
0000
0000
0000
0000
0000
0000
0000
0000
0000
0000
0000
0000
0000
0000
0000
0000
0000
0000
0000
0000
0000
0000
0000
0000
0000
0000
0000
0000
0000
0000
0000
0000
0000
0000
0000
0000
0000
0000
0000
0000
0000
0000
0000
0000
0000
0000
0000
0000
0000
0000
0000
0000
0000
0000
0000
0000
0000
0000
0000
0000
0000
0000
0000
0000
0000
0000
0000
0000
0000
0000
0000
0000
0000
0000
0000
0000
0000
0000
0000
0000
0000
0000
0000
0000
0000
0000
0000
0000
0000
0000
0000
0000
0000
0000
0000
0000
0000
0000
0000
0000
0000
0000
0000
0000
0000
0000
0000
0000
0000
0000
0000
0000
0000
0000
0000
0000
0000
0000
0000
0000
0000
0000
0000
0000
0000
0000
0000
0000
0000
0000
0000
0000
0000
0000
0000
0000
0000
0000
0000
0000
0000
0000
0000
0000
0000
0000
0000
0000
0000
0000
0000
0000
0000
0000
0000
0000
0000
0000
0000
0000
0000
0000
0000
0000
0000
0000
0000
0000
0000
0000
0000
0000
0000
0000
0000
0000
0000
0000
0000
0000
0000
0000
0000
0000
0000
0000
0000
0000
0000
0000
0000
0000
0000
0000
0000
0000
0000
0000
0000
0000
0000
0000
0000
0000
0000
0000
0000
0000
0000
0000
0000
0000
0000
0000
0000
0000
0000
0000
0000
0000
0000
0000
0000
0000
0000
0000
0000
0000
0000
0000
0000
0000
0000
0000
0000
0000
0000
0000
0000
0000
0000
0000
0000
0000
0000
0000
0000
0000
0000
0000
0000
0000
0000
0000
0000
0000
0000
0000
0000
0000
0000
0000
0000
0000
0000
0000
0000
0000
0000
0000
0000
0000
0000
0000
0000
0000
0000
0000
0000
0000
0000
0000
0000
0000
0000
0000
0000
0000
0000
0000
0000
0000
0000
0000
0000
0000
0000
0000
0000
0000
0000
0000
0000
0000
0000
0000
0000
0000
0000
0000
0000
0000
0000
0000
0000
0000
0000
0000
0000
0000
0000
0000
0000
0000
0000
0000
0000
0000
0000
0000
0000
0000
0000
0000
0000
0000
0000
0000
0000
0000
0000
0000
0000
0000
0000
0000
0000
0000
0000
0000
0000
0000
0000
0000
0000
0000
0000
0000
0000
0000
0000
0000
0000
0000
0000
0000
0000
0000
0000
0000
0000
0000
0000
0000
0000
0000
0000
0000
0000
0000
0000
0000
0000
0000
0000
0000
0000
0000
0000
0000
0000
0000
0000
0000
0000
0000
0000
0000
0000
0000
0000
0000
0000
0000
0000
0000
0000
0000
0000
0000
0000
0000
0000
0000
0000
0000
0000
0000
0000
0000
0000
0000
0000
0000
0000
0000
0000
0000
0000
0000
0000
0000
0000
0000
0000
0000
0000
0000
0000
0000
0000
0000
0000
0000
0000
0000
0000
0000
0000
0000
0000
0000
0000
0000
0000
0000
0000
0000
0000
0000
0000
0000
0000
0000
0000
0000
0000
0000
0000
0000
0000
0000
0000
0000
0000
0000
0000
0000
0000
0000
0000
0000
0000
0000
0000
0000
0000
0000
0000
0000
0000
0000
0000
0000
0000
0000
0000
0000
0000
0000
0000
0000
0000
0000
0000
0000
0000
0000
0000
0000
0000
0000
0000
0000
0000
0000
0000
0000
0000
0000
0000
0000
0000
0000
0000
0000
0000
0000
0000
0000
0000
0000
0000
0000
0000
0000
0000
0000
0000
0000
0000
0000
0000
0000
0000
0000
0000
0000
0000
0000
0000
0000
0000
0000
0000
0000
0000
0000
0000
0000
0000
0000
0000
0000
0000
0000
0000
0000
0000
0000
0000
0000
0000
0000
0000
0000
0000
0000
0000
0000
0000
0000
0000
0000
0000
0000
0000
0000
0000
0000
0000
0000
0000
0000
0000
0000
0000
0000
0000
0000
0000
0000
0000
0000
0000
0000
0000
0000
0000
0000
0000
0000
0000
0000
0000
0000
0000
0000
0000
0000
0000
0000
0000
0000
0000
0000
0000
0000
0000
0000
0000
0000
0000
0000
0000
0000
0000
0000
0000
0000
0000
0000
0000
0000
0000
0000
0000
0000
0000
0000
0000
0000
0000
0000
0000
0000
0000
0000
0000
0000
0000
0000
0000
0000
0000
0000
0000
0000
0000
0000
0000
0000
0000
0000
0000
0000
0000
0000
0000
0000
0000
0000
0000
0000
0000
0000
0000
0000
0000
0000
0000
0000
0000
0000
0000
0000
0000
0000
0000
0000
0000
0000
0000
0000
0000
0000
0000
0000
0000
0000
0000
0000
0000
0000
0000
0000
0000
0000
0000
0000
0000
0000
0000
0000
0000
0000
0000
0000
0000
0000
0000
0000
0000
0000
0000
0000
0000
0000
0000
0000
0000
0000
0000
0000
0000
0000
0000
0000
0000
0000
0000
0000
0000
0000
0000
0000
0000
0000
0000
0000
0000
0000
0000
0000
0000
0000
0000
0000
0000
0000
0000
0000
0000
0000
0000
0000
0000
0000
0000
0000
0000
0000
0000
0000
0000
0000
0000
0000
0000
0000
0000
0000
0000
0000
0000
0000
0000
0000
0000
0000
0000
0000
0000
0000
0000
0000
0000
0000
0000
0000
0000
0000
0000
0000
0000
0000
0000
0000
0000
0000
0000
0000
0000
0000
0000
0000
0000
0000
0000
0000
0000
0000
0000
0000
0000
0000
0000
0000
0000
0000
0000
0000
0000
0000
0000
0000
0000
0000
0000
0000
0000
0000
0000
0000
0000
0000
0000
0000
0000
0000
0000
0000
0000
0000
0000
0000
0000
0000
0000
0000
0000
0000
0000
0000
0000
0000
0000
0000
0000
0000
0000
0000
0000
0000
0000
0000
0000
0000
0000
0000
0000
0000
0000
0000
0000
0000
0000
0000
0000
0000
0000
0000
0000
0000
0000
0000
0000
0000
0000
0000
0000
0000
0000
0000
0000
0000
0000
0000
0000
0000
0000
0000
0000
0000
0000
0000
0000
0000
0000
0000
0000
0000
0000
0000
0000
0000
0000
0000
0000
0000
0000
0000
0000
0000
0000
0000
0000
0000
0000
0000
0000
0000
0000
0000
0000
0000
0000
0000
0000
0000
0000
0000
0000
0000
0000
0000
0000
0000
0000
0000
0000
0000
0000
0000
0000
0000
0000
0000
0000
0000
0000
0000
0000
0000
0000
0000
0000
0000
0000
0000
0000
0000
0000
0000
0000
0000
0000
0000
0000
0000
0000
0000
0000
0000
0000
0000
0000
0000
0000
0000
0000
0000
0000
0000
0000
0000
0000
0000
0000
0000
0000
0000
0000
0000
0000
0000
0000
0000
0000
0000
0000
0000
0000
0000
0000
0000
0000
0000
0000
0000
0000
0000
0000
0000
0000
0000
0000
0000
0000
0000
0000
0000
0000
0000
0000
0000
0000
0000
0000
0000
0000
0000
0000
0000
0000
0000
0000
0000
0000
0000
0000
0000
0000
0000
0000
0000
0000
0000
0000
0000
0000
0000
0000
0000
0000
0000
0000
0000
0000
0000
0000
0000
0000
0000
0000
0000
0000
0000
0000
0000
0000
0000
0000
0000
0000
0000
0000
0000
0000
0000
0000
0000
0000
0000
0000
0000
0000
0000
0000
0000
0000
0000
0000
0000
0000
0000
0000
0000
0000
0000
0000
0000
0000
0000
0000
0000
0000
0000
0000
0000
0000
0000
0000
0000
0000
0000
0000
0000
0000
0000
0000
0000
0000
0000
0000
0000
0000
0000
0000
0000
0000
0000
0000
0000
0000
0000
0000
0000
0000
0000
0000
0000
0000
0000
0000
0000
0000
0000
0000
0000
0000
0000
0000
0000
0000
0000
0000
0000
0000
0000
0000
0000
0000
0000
0000
0000
0000
0000
0000
0000
0000
0000
0000
0000
0000
0000
0000
0000
0000
0000
0000
0000
0000
0000
0000
0000
0000
0000
0000
0000
0000
0000
0000
0000
0000
0000
0000
0000
0000
0000
0000
0000
0000
0000
0000
0000
0000
0000
0000
0000
0000
0000
0000
0000
0000
0000
0000
0000
0000
0000
0000
0000
0000
0000
0000
0000
0000
0000
0000
0000
0000
0000
0000
0000
0000
0000
0000
0000
0000
0000
0000
0000
0000
0000
0000
0000
0000
0000
0000
0000
0000
0000
0000
0000
0000
0000
0000
0000
0000
0000
0000
0000
0000
0000
0000
0000
0000
0000
0000
0000
0000
0000
0000
0000
0000
0000
0000
0000
0000
0000
0000
0000
0000
0000
0000
0000
0000
0000
0000
0000
0000
0000
0000
0000
0000
0000
0000
0000
0000
0000
0000
0000
0000
0000
0000
0000
0000
0000
0000
0000
0000
0000
0000
0000
0000
0000
0000
0000
0000
0000
0000
0000
0000
0000
0000
0000
0000
0000
0000
0000
0000
0000
0000
0000
0000
0000
0000
0000
0000
0000
0000
0000
0000
0000
0000
0000
0000
0000
0000
0000
0000
0000
0000
0000
0000
0000
0000
0000
0000
0000
0000
0000
0000
0000
0000
0000
0000
0000
0000
0000
0000
0000
0000
0000
0000
0000
0000
0000
0000
0000
0000
0000
0000
0000
0000
0000
0000
0000
0000
0000
0000
0000
0000
0000
0000
0000
0000
0000
0000
0000
0000
0000
0000
0000
0000
0000
0000
0000
0000
0000
0000
0000
0000
0000
0000
0000
0000
0000
0000
0000
0000
0000
0000
0000
0000
0000
0000
0000
0000
0000
0000
0000
0000
0000
0000
0000
0000
0000
0000
0000
0000
0000
0000
0000
0000
0000
0000
0000
0000
0000
0000
0000
0000
0000
0000
0000
0000
0000
0000
0000
0000
0000
0000
0000
0000
0000
0000
0000
0000
0000
0000
0000
0000
0000
0000
0000
0000
0000
0000
0000
0000
0000
0000
0000
0000
0000
0000
0000
0000
0000
0000
0000
0000
0000
0000
0000
0000
0000
0000
0000
0000
0000
0000
0000
0000
0000
0000
0000
0000
0000
0000
0000
0000
0000
0000
0000
0000
0000
0000
0000
0000
0000
0000
0000
0000
0000
0000
0000
0000
0000
0000
0000
0000
0000
0000
0000
0000
0000
0000
0000
0000
0000
0000
0000
0000
0000
0000
0000
0000
0000
0000
0000
0000
0000
0000
0000
0000
0000
0000
0000
0000
0000
0000
0000
0000
0000
0000
0000
0000
0000
0000
0000
0000
0000
0000
0000
0000
0000
0000
0000
0000
0000
0000
0000
0000
0000
0000
0000
0000
0000
0000
0000
0000
0000
0000
0000
0000
0000
0000
0000
0000
0000
0000
0000
0000
0000
0000
0000
0000
0000
0000
0000
0000
0000
0000
0000
0000
0000
0000
0000
0000
0000
0000
0000
0000
0000
0000
0000
0000
0000
0000
0000
0000
0000
0000
0000
0000
0000
0000
0000
0000
0000
0000
0000
0000
0000
0000
0000
0000
0000
0000
0000
0000
0000
0000
0000
0000
0000
0000
0000
0000
0000
0000
0000
0000
0000
0000
0000
0000
0000
0000
0000
0000
0000
0000
0000
0000
0000
0000
0000
0000
0000
0000
0000
0000
0000
0000
0000
0000
0000
0000
0000
0000
0000
0000
0000
0000
0000
0000
0000
0000
0000
0000
0000
0000
0000
0000
0000
0000
0000
0000
0000
0000
0000
0000
0000
0000
0000
0000
0000
0000
0000
0000
0000
0000
0000
0000
0000
0000
0000
0000
0000
0000
0000
0000
0000
0000
0000
0000
0000
0000
0000
0000
0000
0000
0000
0000
0000
0000
0000
0000
0000
0000
0000
0000
0000
0000
0000
0000
0000
0000
0000
0000
0000
0000
0000
0000
0000
0000
0000
0000
0000
0000
0000
0000
0000
0000
0000
0000
0000
0000
0000
0000
0000
0000
0000
0000
0000
0000
0000
0000
0000
0000
0000
0000
0000
0000
0000
0000
0000
0000
0000
0000
0000
0000
0000
0000
0000
0000
0000
0000
0000
0000
0000
0000
0000
0000
0000
0000
0000
0000
0000
0000
0000
0000
0000
0000
0000
0000
0000
0000
0000
0000
0000
0000
0000
0000
0000
0000
0000
0000
0000
0000
0000
0000
0000
0000
0000
0000
0000
0000
0000
0000
0000
0000
0000
0000
0000
0000
0000
0000
0000
0000
0000
0000
0000
0000
0000
0000
0000
0000
0000
0000
0000
0000
0000
0000
0000
0000
0000
0000
0000
0000
0000
0000
0000
0000
0000
0000
0000
0000
0000
0000
0000
0000
0000
0000
0000
0000
0000
0000
0000
0000
0000
0000
0000
0000
0000
0000
0000
0000
0000
0000
0000
0000
0000
0000
0000
0000
0000
0000
0000
0000
0000
0000
0000
0000
0000
0000
0000
0000
0000
0000
0000
0000
0000
0000
0000
0000
0000
0000
0000
0000
0000
0000
0000
0000
0000
0000
0000
0000
0000
0000
0000
0000
0000
0000
0000
0000
0000
0000
0000
0000
0000
0000
0000
0000
0000
0000
0000
0000
0000
0000
0000
0000
0000
0000
0000
0000
0000
0000
0000
0000
0000
0000
0000
0000
0000
0000
0000
0000
0000
0000
0000
0000
0000
0000
0000
0000
0000
0000
0000
0000
0000
0000
0000
0000
0000
0000
0000
0000
0000
0000
0000
0000
0000
0000
0000
0000
0000
0000
0000
0000
0000
0000
0000
0000
0000
0000
0000
0000
0000
0000
0000
0000
0000
0000
0000
0000
0000
0000
0000
0000
0000
0000
0000
0000
0000
0000
0000
0000
0000
0000
0000
0000
0000
0000
0000
0000
0000
0000
0000
0000
0000
0000
0000
0000
0000
0000
0000
0000
0000
0000
0000
0000
0000
0000
0000
0000
0000
0000
0000
0000
0000
0000
0000
0000
0000
0000
0000
0000
0000
0000
0000
0000
0000
0000
0000
0000
0000
0000
0000
0000
0000
0000
0000
0000
0000
0000
0000
0000
0000
0000
0000
0000
0000
0000
0000
0000
0000
0000
0000
0000
0000
0000
0000
0000
0000
0000
0000
0000
0000
0000
0000
0000
0000
0000
0000
0000
0000
0000
0000
0000
0000
0000
0000
0000
0000
0000
0000
0000
0000
0000
0000
0000
0000
0000
0000
0000
0000
0000
0000
0000
0000
0000
0000
0000
0000
0000
0000
0000
0000
0000
0000
0000
0000
0000
0000
0000
0000
0000
0000
0000
0000
0000
0000
0000
0000
0000
0000
0000
0000
0000
0000
0000
0000
0000
0000
0000
0000
0000
0000
0000
0000
0000
0000
0000
0000
0000
0000
0000
0000
0000
0000
0000
0000
0000
0000
0000
0000
0000
0000
0000
0000
0000
0000
0000
0000
0000
0000
0000
0000
0000
0000
0000
0000
0000
0000
0000
0000
0000
0000
0000
0000
0000
0000
0000
0000
0000
0000
0000
0000
0000
0000
0000
0000
0000
0000
0000
0000
0000
0000
0000
0000
0000
0000
0000
0000
0000
0000
0000
0000
0000
0000
0000
0000
0000
0000
0000
0000
0000
0000
0000
0000
0000
0000
0000
0000
0000
0000
0000
0000
0000
0000
0000
0000
0000
0000
0000
0000
0000
0000
0000
0000
0000
0000
0000
0000
0000
0000
0000
0000
0000
0000
0000
0000
0000
0000
0000
0000
0000
0000
0000
0000
0000
0000
0000
0000
0000
0000
0000
0000
0000
0000
0000
0000
0000
0000
0000
0000
0000
0000
0000
0000
0000
0000
0000
0000
0000
0000
0000
0000
0000
0000
0000
0000
0000
0000
0000
0000
0000
0000
0000
0000
0000
0000
0000
0000
0000
0000
0000
0000
0000
0000
0000
0000
0000
0000
0000
0000
0000
0000
0000
0000
0000
0000
0000
0000
0000
0000
0000
0000
0000
0000
0000
0000
0000
0000
0000
0000
0000
0000
0000
0000
0000
0000
0000
0000
0000
0000
0000
0000
0000
0000
0000
0000
0000
0000
0000
0000
0000
0000
0000
0000
0000
0000
0000
0000
0000
0000
0000
0000
0000
0000
0000
0000
0000
0000
0000
0000
0000
0000
0000
0000
0000
0000
0000
0000
0000
0000
0000
0000
0000
0000
0000
0000
0000
0000
0000
0000
0000
0000
0000
0000
0000
0000
0000
0000
0000
0000
0000
0000
0000
0000
0000
0000
0000
0000
0000
0000
0000
0000
0000
0000
0000
0000
0000
0000
0000
0000
0000
0000
0000
0000
0000
0000
0000
0000
0000
0000
0000
0000
0000
0000
0000
0000
0000
0000
0000
0000
0000
0000
0000
0000
0000
0000
0000
0000
0000
0000
0000
0000
0000
0000
0000
0000
0000
0000
0000
0000
0000
0000
0000
0000
0000
0000
0000
0000
0000
0000
0000
0000
0000
0000
0000
0000
0000
0000
0000
0000
0000
0000
0000
0000
0000
0000
0000
0000
0000
0000
0000
0000
0000
0000
0000
0000
0000
0000
0000
0000
0000
0000
0000
0000
0000
0000
0000
0000
0000
0000
0000
0000
0000
0000
0000
0000
0000
0000
0000
0000
0000
0000
0000
0000
0000
0000
0000
0000
0000
0000
0000
0000
0000
0000
0000
0000
0000
0000
0000
0000
0000
0000
0000
0000
0000
0000
0000
0000
0000
0000
0000
0000
0000
0000
0000
0000
0000
0000
0000
0000
0000
0000
0000
0000
0000
0000
0000
0000
0000
0000
0000
0000
0000
0000
0000
0000
0000
0000
0000
0000
0000
0000
0000
0000
0000
0000
0000
0000
0000
0000
0000
0000
0000
0000
0000
0000
0000
0000
0000
0000
0000
0000
0000
0000
0000
0000
0000
0000
0000
0000
0000
0000
0000
0000
0000
0000
0000
0000
0000
0000
0000
0000
0000
0000
0000
0000
0000
0000
0000
0000
0000
0000
0000
0000
0000
0000
0000
0000
0000
0000
0000
0000
0000
0000
0000
0000
0000
0000
0000
0000
0000
0000
0000
0000
0000
0000
0000
0000
0000
0000
0000
0000
0000
0000
0000
0000
0000
0000
0000
0000
0000
0000
0000
0000
0000
0000
0000
0000
0000
0000
0000
0000
0000
0000
0000
0000
0000
0000
0000
0000
0000
0000
0000
0000
0000
0000
0000
0000
0000
0000
0000
0000
0000
0000
0000
0000
0000
0000
0000
0000
0000
0000
0000
0000
0000
0000
0000
0000
0000
0000
0000
0000
0000
0000
0000
0000
0000
0000
0000
0000
0000
0000
0000
0000
0000
0000
0000
0000
0000
0000
0000
0000
0000
0000
0000
0000
0000
0000
0000
0000
0000
0000
0000
0000
0000
0000
0000
0000
0000
0000
0000
0000
0000
0000
0000
0000
0000
0000
0000
0000
0000
0000
0000
0000
0000
0000
0000
0000
0000
0000
0000
0000
0000
0000
0000
0000
0000
0000
0000
0000
0000
0000
0000
0000
0000
0000
0000
0000
0000
0000
0000
0000
0000
0000
0000
0000
0000
0000
0000
0000
0000
0000
0000
0000
0000
0000
0000
0000
0000
0000
0000
0000
0000
0000
0000
0000
0000
0000
0000
0000
0000
0000
0000
0000
0000
0000
0000
0000
0000
0000
0000
0000
0000
0000
0000
0000
0000
0000
0000
0000
0000
0000
0000
0000
0000
0000
0000
0000
0000
0000
0000
0000
0000
0000
0000
0000
0000
0000
0000
0000
0000
0000
0000
0000
0000
0000
0000
0000
0000
0000
0000
0000
0000
0000
0000
0000
0000
0000
0000
0000
0000
0000
0000
0000
0000
0000
0000
0000
0000
0000
0000
0000
0000
0000
0000
0000
0000
0000
0000
0000
0000
0000
0000
0000
0000
0000
0000
0000
0000
0000
0000
0000
0000
0000
0000
0000
0000
0000
0000
0000
0000
0000
0000
0000
0000
0000
0000
0000
0000
0000
0000
0000
0000
0000
0000
0000
0000
0000
0000
0000
0000
0000
0000
0000
0000
0000
0000
0000
0000
0000
0000
0000
0000
0000
0000
0000
0000
0000
0000
0000
0000
0000
0000
0000
0000
0000
0000
0000
0000
0000
0000
0000
0000
0000
0000
0000
0000
0000
0000
0000
0000
0000
0000
0000
0000
0000
0000
0000
0000
0000
0000
0000
0000
0000
0000
0000
0000
0000
0000
0000
0000
0000
0000
0000
0000
0000
0000
0000
0000
0000
0000
0000
0000
0000
0000
0000
0000
0000
0000
0000
0000
0000
0000
0000
0000
0000
0000
0000
0000
0000
0000
0000
0000
0000
0000
0000
0000
0000
0000
0000
0000
0000
0000
0000
0000
0000
0000
0000
0000
0000
0000
0000
0000
0000
0000
0000
0000
0000
0000
0000
0000
0000
0000
0000
0000
0000
0000
0000
0000
0000
0000
0000
0000
0000
0000
0000
0000
0000
0000
0000
0000
0000
0000
0000
0000
0000
0000
0000
0000
0000
0000
0000
0000
0000
0000
0000
0000
0000
0000
0000
0000
0000
0000
0000
0000
0000
0000
0000
0000
0000
0000
0000
0000
0000
0000
0000
0000
0000
0000
0000
0000
0000
0000
0000
0000
0000
0000
0000
0000
0000
0000
0000
0000
0000
0000
0000
0000
0000
0000
0000
0000
0000
0000
0000
0000
0000
0000
0000
0000
0000
0000
0000
0000
0000
0000
0000
0000
0000
0000
0000
0000
0000
0000
0000
0000
0000
0000
0000
0000
0000
0000
0000
0000
0000
0000
0000
0000
0000
0000
0000
0000
0000
0000
0000
0000
0000
0000
0000
0000
0000
0000
0000
0000
0000
0000
0000
0000
0000
0000
0000
0000
0000
0000
0000
0000
0000
0000
0000
0000
0000
0000
0000
0000
0000
0000
0000
0000
0000
0000
0000
0000
0000
0000
0000
0000
0000
0000
0000
0000
0000
0000
0000
0000
0000
0000
0000
0000
0000
0000
0000
0000
0000
0000
0000
0000
0000
0000
0000
0000
0000
0000
0000
0000
0000
0000
0000
0000
0000
0000
0000
0000
0000
0000
0000
0000
0000
0000
0000
0000
0000
0000
0000
0000
0000
0000
0000
0000
0000
0000
0000
0000
0000
0000
0000
0000
0000
0000
0000
0000
0000
0000
0000
0000
0000
0000
0000
0000
0000
0000
0000
0000
0000
0000
0000
0000
0000
0000
0000
0000
0000
0000
0000
0000
0000
0000
0000
0000
0000
0000
0000
0000
0000
0000
0000
0000
0000
0000
0000
0000
0000
0000
0000
0000
0000
0000
0000
0000
0000
0000
0000
0000
0000
0000
0000
0000
0000
0000
0000
0000
0000
0000
0000
0000
0000
0000
0000
0000
0000
0000
0000
0000
0000
0000
0000
0000
0000
0000
0000
0000
0000
0000
0000
0000
0000
0000
0000
0000
0000
0000
0000
0000
0000
0000
0000
0000
0000
0000
0000
0000
0000
0000
0000
0000
0000
0000
0000
0000
0000
0000
0000
0000
0000
0000
0000
0000
0000
0000
0000
0000
0000
0000
0000
0000
0000
0000
0000
0000
0000
0000
0000
0000
0000
0000
0000
0000
0000
0000
0000
0000
0000
0000
0000
0000
0000
0000
0000
0000
0000
0000
0000
0000
0000
0000
0000
0000
0000
0000
0000
0000
0000
0000
0000
0000
0000
0000
0000
0000
0000
0000
0000
0000
0000
0000
0000
0000
0000
0000
0000
0000
0000
0000
0000
0000
0000
0000
0000
0000
0000
0000
0000
0000
0000
0000
0000
0000
0000
0000
0000
0000
0000
0000
0000
0000
0000
0000
0000
0000
0000
0000
0000
0000
0000
0000
0000
0000
0000
0000
0000
0000
0000
0000
0000
0000
0000
0000
0000
0000
0000
0000
0000
0000
0000
0000
0000
0000
0000
0000
0000
0000
0000
0000
0000
0000
0000
0000
0000
0000
0000
0000
0000
0000
0000
0000
0000
0000
0000
0000
0000
0000
0000
0000
0000
0000
0000
0000
0000
0000
0000
0000
0000
0000
0000
0000
0000
0000
0000
0000
0000
0000
0000
0000
0000
0000
0000
0000
0000
0000
0000
0000
0000
0000
0000
0000
0000
0000
0000
0000
0000
0000
0000
0000
0000
0000
0000
0000
0000
0000
0000
0000
0000
0000
0000
0000
0000
0000
0000
0000
0000
0000
0000
0000
0000
0000
0000
0000
0000
0000
0000
0000
0000
0000
0000
0000
0000
0000
0000
0000
0000
0000
0000
0000
0000
0000
0000
0000
0000
0000
0000
0000
0000
0000
0000
0000
0000
0000
0000
0000
0000
0000
0000
0000
0000
0000
0000
0000
0000
0000
0000
0000
0000
0000
0000
0000
0000
0000
0000
0000
0000
0000
0000
0000
0000
0000
0000
0000
0000
0000
0000
0000
0000
0000
0000
0000
0000
0000
0000
0000
0000
0000
0000
0000
0000
0000
0000
0000
0000
0000
0000
0000
0000
0000
0000
0000
0000
0000
0000
0000
0000
0000
0000
0000
0000
0000
0000
0000
0000
0000
0000
0000
0000
0000
0000
0000
0000
0000
0000
0000
0000
0000
0000
0000
0000
0000
0000
0000
0000
0000
0000
0000
0000
0000
0000
0000
0000
0000
0000
0000
0000
0000
0000
0000
0000
0000
0000
0000
0000
0000
0000
0000
0000
0000
0000
0000
0000
0000
0000
0000
0000
0000
0000
0000
0000
0000
0000
0000
0000
0000
0000
0000
0000
0000
0000
0000
0000
0000
0000
0000
0000
0000
0000
0000
0000
0000
0000
0000
0000
0000
0000
0000
0000
0000
0000
0000
0000
0000
0000
0000
0000
0000
0000
0000
0000
0000
0000
0000
0000
0000
0000
0000
0000
0000
0000
0000
0000
0000
0000
0000
0000
0000
0000
0000
0000
0000
0000
0000
0000
0000
0000
0000
0000
0000
0000
0000
0000
0000
0000
0000
0000
0000
0000
0000
0000
0000
0000
0000
0000
0000
0000
0000
0000
0000
0000
0000
0000
0000
0000
0000
0000
0000
0000
0000
0000
0000
0000
0000
0000
0000
0000
0000
0000
0000
0000
0000
0000
0000
0000
0000
0000
0000
0000
0000
0000
0000
0000
0000
0000
0000
0000
0000
0000
0000
0000
0000
0000
0000
0000
0000
0000
0000
0000
0000
0000
0000
0000
0000
0000
0000
0000
0000
0000
0000
0000
0000
0000
0000
0000
0000
0000
0000
0000
0000
0000
0000
0000
0000
0000
0000
0000
0000
0000
0000
0000
0000
0000
0000
0000
0000
0000
0000
0000
0000
0000
0000
0000
0000
0000
0000
0000
0000
0000
0000
0000
0000
0000
0000
0000
0000
0000
0000
0000
0000
0000
0000
0000
0000
0000
0000
0000
0000
0000
0000
0000
0000
0000
0000
0000
0000
0000
0000
0000
0000
0000
0000
0000
0000
0000
0000
0000
0000
0000
0000
0000
0000
0000
0000
0000
0000
0000
0000
0000
0000
0000
0000
0000
0000
0000
0000
0000
0000
0000
0000
0000
0000
0000
0000
0000
0000
0000
0000
0000
0000
0000
0000
0000
0000
0000
0000
0000
0000
0000
0000
0000
0000
0000
0000
0000
0000
0000
0000
0000
0000
0000
0000
0000
0000
0000
0000
0000
0000
0000
0000
0000
0000
0000
0000
0000
0000
0000
0000
0000
0000
0000
0000
0000
0000
0000
0000
0000
0000
0000
0000
0000
0000
0000
0000
0000
0000
0000
0000
0000
0000
0000
0000
0000
0000
0000
0000
0000
0000
0000
0000
0000
0000
0000
0000
0000
0000
0000
0000
0000
0000
0000
0000
0000
0000
0000
0000
0000
0000
0000
0000
0000
0000
0000
0000
0000
0000
0000
0000
0000
0000
0000
0000
0000
0000
0000
0000
0000
0000
0000
0000
0000
0000
0000
0000
0000
0000
0000
0000
0000
0000
0000
0000
0000
0000
0000
0000
0000
0000
0000
0000
0000
0000
0000
0000
0000
0000
0000
0000
0000
0000
0000
0000
0000
0000
0000
0000
0000
0000
0000
0000
0000
0000
0000
0000
0000
0000
0000
0000
0000
0000
0000
0000
0000
0000
0000
0000
0000
0000
0000
0000
0000
0000
0000
0000
0000
0000
0000
0000
0000
0000
0000
0000
0000
0000
0000
0000
0000
0000
0000
0000
0000
0000
0000
0000
0000
0000
0000
0000
0000
0000
0000
0000
0000
0000
0000
0000
0000
0000
0000
0000
0000
0000
0000
0000
0000
0000
0000
0000
0000
0000
0000
0000
0000
0000
0000
0000
0000
0000
0000
0000
0000
0000
0000
0000
0000
0000
0000
0000
0000
0000
0000
0000
0000
0000
0000
0000
0000
0000
0000
0000
0000
0000
0000
0000
0000
0000
0000
0000
0000
0000
0000
0000
0000
0000
0000
0000
0000
0000
0000
0000
0000
0000
0000
0000
0000
0000
0000
0000
0000
0000
0000
0000
0000
0000
0000
0000
0000
0000
0000
0000
0000
0000
0000
0000
0000
0000
0000
0000
0000
0000
0000
0000
0000
0000
0000
0000
0000
0000
0000
0000
0000
0000
0000
0000
0000
0000
0000
0000
0000
0000
0000
0000
0000
0000
0000
0000
0000
0000
0000
0000
0000
0000
0000
0000
0000
0000
0000
0000
0000
0000
0000
0000
0000
0000
0000
0000
0000
0000
0000
0000
0000
0000
0000
0000
0000
0000
0000
0000
0000
0000
0000
0000
0000
0000
0000
0000
0000
0000
0000
0000
0000
0000
0000
0000
0000
0000
0000
0000
0000
0000
0000
0000
0000
0000
0000
0000
0000
0000
0000
0000
0000
0000
0000
0000
0000
0000
0000
0000
0000
0000
0000
0000
0000
0000
0000
0000
0000
0000
0000
0000
0000
0000
0000
0000
0000
0000
0000
0000
0000
0000
0000
0000
0000
0000
0000
0000
0000
0000
0000
0000
0000
0000
0000
0000
0000
0000
0000
0000
0000
0000
0000
0000
0000
0000
0000
0000
0000
0000
0000
0000
0000
0000
0000
0000
0000
0000
0000
0000
0000
0000
0000
0000
0000
0000
0000
0000
0000
0000
0000
0000
0000
0000
0000
0000
0000
0000
0000
0000
0000
0000
0000
0000
0000
0000
0000
0000
0000
0000
0000
0000
0000
0000
0000
0000
0000
0000
0000
0000
0000
0000
0000
0000
0000
0000
0000
0000
0000
0000
0000
0000
0000
0000
0000
0000
0000
0000
0000
0000
0000
0000
0000
0000
0000
0000
0000
0000
0000
0000
0000
0000
0000
0000
0000
0000
0000
0000
0000
0000
0000
0000
0000
0000
0000
0000
0000
0000
0000
0000
0000
0000
0000
0000
0000
0000
0000
0000
0000
0000
0000
0000
0000
0000
0000
0000
0000
0000
0000
0000
0000
0000
0000
0000
0000
0000
0000
0000
0000
0000
0000
0000
0000
0000
0000
0000
0000
0000
0000
0000
0000
0000
0000
0000
0000
0000
0000
0000
0000
0000
0000
0000
0000
0000
0000
0000
0000
0000
0000
0000
0000
0000
0000
0000
0000
0000
0000
0000
0000
0000
0000
0000
0000
0000
0000
0000
0000
0000
0000
0000
0000
0000
0000
0000
0000
0000
0000
0000
0000
0000
0000
0000
0000
0000
0000
0000
0000
0000
0000
0000
0000
0000
0000
0000
0000
0000
0000
0000
0000
0000
0000
0000
0000
0000
0000
0000
0000
0000
0000
0000
0000
0000
0000
0000
0000
0000
0000
0000
0000
0000
0000
0000
0000
0000
0000
0000
0000
0000
0000
0000
0000
0000
0000
0000
0000
0000
0000
0000
0000
0000
0000
0000
0000
0000
0000
0000
0000
0000
0000
0000
0000
0000
0000
0000
0000
0000
0000
0000
0000
0000
0000
0000
0000
0000
0000
0000
0000
0000
0000
0000
0000
0000
0000
0000
0000
0000
0000
0000
0000
0000
0000
0000
0000
0000
0000
0000
0000
0000
0000
0000
0000
0000
0000
0000
0000
0000
0000
0000
0000
0000
0000
0000
0000
0000
0000
0000
0000
0000
0000
0000
0000
0000
0000
0000
0000
0000
0000
0000
0000
0000
0000
0000
0000
0000
0000
0000
0000
0000
0000
0000
0000
0000
0000
0000
0000
0000
0000
0000
0000
0000
0000
0000
0000
0000
0000
0000
0000
0000
0000
0000
0000
0000
0000
0000
0000
0000
0000
0000
0000
0000
0000
0000
0000
0000
0000
0000
0000
0000
0000
0000
0000
0000
0000
0000
0000
0000
0000
0000
0000
0000
0000
0000
0000
0000
0000
0000
0000
0000
0000
0000
0000
0000
0000
0000
0000
0000
0000
0000
0000
0000
0000
0000
0000
0000
0000
0000
0000
0000
0000
0000
0000
0000
0000
0000
0000
0000
0000
0000
0000
0000
0000
0000
0000
0000
0000
0000
0000
0000
0000
0000
0000
0000
0000
0000
0000
0000
0000
0000
0000
0000
0000
0000
0000
0000
0000
0000
0000
0000
0000
0000
0000
0000
0000
0000
0000
0000
0000
0000
0000
0000
0000
0000
0000
0000
0000
0000
0000
0000
0000
0000
0000
0000
0000
0000
0000
0000
0000
0000
0000
0000
0000
0000
0000
0000
0000
0000
0000
0000
0000
0000
0000
0000
0000
0000
0000
0000
0000
0000
0000
0000
0000
0000
0000
0000
0000
0000
0000
0000
0000
0000
0000
0000
0000
0000
0000
0000
0000
0000
0000
0000
0000
0000
0000
0000
0000
0000
0000
0000
0000
0000
0000
0000
0000
0000
0000
0000
0000
0000
0000
0000
0000
0000
0000
0000
0000
0000
0000
0000
0000
0000
0000
0000
0000
0000
0000
0000
0000
0000
0000
0000
0000
0000
0000
0000
0000
0000
0000
0000
0000
0000
0000
0000
0000
0000
0000
0000
0000
0000
0000
0000
0000
0000
0000
0000
0000
0000
0000
0000
0000
0000
0000
0000
0000
0000
0000
0000
0000
0000
0000
0000
0000
0000
0000
0000
0000
0000
0000
0000
0000
0000
0000
0000
0000
0000
0000
0000
0000
0000
0000
0000
0000
0000
0000
0000
0000
0000
0000
0000
0000
0000
0000
0000
0000
0000
0000
0000
0000
0000
0000
0000
0000
0000
0000
0000
0000
0000
0000
0000
0000
0000
0000
0000
0000
0000
0000
0000
0000
0000
0000
0000
0000
0000
0000
0000
0000
0000
0000
0000
0000
0000
0000
0000
0000
0000
0000
0000
0000
0000
0000
0000
0000
0000
0000
0000
0000
0000
0000
0000
0000
0000
0000
0000
0000
0000
0000
0000
0000
0000
0000
0000
0000
0000
0000
0000
0000
0000
0000
0000
0000
0000
0000
0000
0000
0000
0000
0000
0000
0000
0000
0000
0000
0000
0000
0000
0000
0000
0000
0000
0000
0000
0000
0000
0000
0000
0000
0000
0000
0000
0000
0000
0000
0000
0000
0000
0000
0000
0000
0000
0000
0000
0000
0000
0000
0000
0000
0000
0000
0000
0000
0000
0000
0000
0000
0000
0000
0000
0000
0000
0000
0000
0000
0000
0000
0000
0000
0000
0000
0000
0000
0000
0000
0000
0000
0000
0000
0000
0000
0000
0000
0000
0000
0000
0000
0000
0000
0000
0000
0000
0000
0000
0000
0000
0000
0000
0000
0000
0000
0000
0000
0000
0000
0000
0000
0000
0000
0000
0000
0000
0000
0000
0000
0000
0000
0000
0000
0000
0000
0000
0000
0000
0000
0000
0000
0000
0000
0000
0000
0000
0000
0000
0000
0000
0000
0000
0000
0000
0000
0000
0000
0000
0000
0000
0000
0000
0000
0000
0000
0000
0000
0000
0000
0000
0000
0000
0000
0000
0000
0000
0000
0000
0000
0000
0000
0000
0000
0000
0000
0000
0000
0000
0000
0000
0000
0000
0000
0000
0000
0000
0000
0000
0000
0000
0000
0000
0000
0000
0000
0000
0000
0000
0000
0000
0000
0000
0000
0000
0000
0000
0000
0000
0000
0000
0000
0000
0000
0000
0000
0000
0000
0000
0000
0000
0000
0000
0000
0000
0000
0000
0000
0000
0000
0000
0000
0000
0000
0000
0000
0000
0000
0000
0000
0000
0000
0000
0000
0000
0000
0000
0000
0000
0000
0000
0000
0000
0000
0000
0000
0000
0000
0000
0000
0000
0000
0000
0000
0000
0000
0000
0000
0000
0000
0000
0000
0000
0000
0000
0000
0000
0000
0000
0000
0000
0000
0000
0000
0000
0000
0000
0000
0000
0000
0000
0000
0000
0000
0000
0000
0000
0000
0000
0000
0000
0000
0000
0000
0000
0000
0000
0000
0000
0000
0000
0000
0000
0000
0000
0000
0000
0000
0000
0000
0000
0000
0000
0000
0000
0000
0000
0000
0000
0000
0000
0000
0000
0000
0000
0000
0000
0000
0000
0000
0000
0000
0000
0000
0000
0000
0000
0000
0000
0000
0000
0000
0000
0000
0000
0000
0000
0000
0000
0000
0000
0000
0000
0000
0000
0000
0000
0000
0000
0000
0000
0000
0000
0000
0000
0000
0000
0000
0000
0000
0000
0000
0000
0000
0000
0000
0000
0000
0000
0000
0000
0000
0000
0000
0000
0000
0000
0000
0000
0000
0000
0000
0000
0000
0000
0000
0000
0000
0000
0000
0000
0000
0000
0000
0000
0000
0000
0000
0000
0000
0000
0000
0000
0000
0000
0000
0000
0000
0000
0000
0000
0000
0000
0000
0000
0000
0000
0000
0000
0000
0000
0000
0000
0000
0000
0000
0000
0000
0000
0000
0000
0000
0000
0000
0000
0000
0000
0000
0000
0000
0000
0000
0000
0000
0000
0000
0000
0000
0000
0000
0000
0000
0000
0000
0000
0000
0000
0000
0000
0000
0000
0000
0000
0000
0000
0000
0000
0000
0000
0000
0000
0000
0000
0000
0000
0000
0000
0000
0000
0000
0000
0000
0000
0000
0000
0000
0000
0000
0000
0000
0000
0000
0000
0000
0000
0000
0000
0000
0000
0000
0000
0000
0000
0000
0000
0000
0000
0000
0000
0000
0000
0000
0000
0000
0000
0000
0000
0000
0000
0000
0000
0000
0000
0000
0000
0000
0000
0000
0000
0000
0000
0000
0000
0000
0000
0000
0000
0000
0000
0000
0000
0000
0000
0000
0000
0000
0000
0000
0000
0000
0000
0000
0000
0000
0000
0000
0000
0000
0000
0000
0000
0000
0000
0000
0000
0000
0000
0000
0000
0000
0000
0000
0000
0000
0000
0000
0000
0000
0000
0000
0000
0000
0000
0000
0000
0000
0000
0000
0000
0000
0000
0000
0000
0000
0000
0000
0000
0000
0000
0000
0000
0000
0000
0000
0000
0000
0000
0000
0000
0000
0000
0000
0000
0000
0000
0000
0000
0000
0000
0000
0000
0000
0000
0000
0000
0000
0000
0000
0000
0000
0000
0000
0000
0000
0000
0000
0000
0000
0000
0000
0000
0000
0000
0000
0000
0000
0000
0000
0000
0000
0000
0000
0000
0000
0000
0000
0000
0000
0000
0000
0000
0000
0000
0000
0000
0000
0000
0000
0000
0000
0000
0000
0000
0000
0000
0000
0000
0000
0000
0000
0000
0000
0000
0000
0000
0000
0000
0000
0000
0000
0000
0000
0000
0000
0000
0000
0000
0000
0000
0000
0000
0000
0000
0000
0000
0000
0000
0000
0000
0000
0000
0000
0000
0000
0000
0000
0000
0000
0000
0000
0000
0000
0000
0000
0000
0000
0000
0000
0000
0000
0000
0000
0000
0000
0000
0000
0000
0000
0000
0000
0000
0000
0000
0000
0000
0000
0000
0000
0000
0000
0000
0000
0000
0000
0000
0000
0000
0000
0000
0000
0000
0000
0000
0000
0000
0000
0000
0000
0000
0000
0000
0000
0000
0000
0000
0000
0000
0000
0000
0000
0000
0000
0000
0000
0000
0000
0000
0000
0000
0000
0000
0000
0000
0000
0000
0000
0000
0000
0000
0000
0000
0000
0000
0000
0000
0000
0000
0000
0000
0000
0000
0000
0000
0000
0000
0000
0000
0000
0000
0000
0000
0000
0000
0000
0000
0000
0000
0000
0000
0000
0000
0000
0000
0000
0000
0000
0000
0000
0000
0000
0000
0000
0000
0000
0000
0000
0000
0000
0000
0000
0000
0000
0000
0000
0000
0000
0000
0000
0000
0000
0000
0000
0000
0000
0000
0000
0000
0000
0000
0000
0000
0000
0000
0000
0000
0000
0000
0000
0000
0000
0000
0000
0000
0000
0000
0000
0000
0000
0000
0000
0000
0000
0000
0000
0000
0000
0000
0000
0000
0000
0000
0000
0000
0000
0000
0000
0000
0000
0000
0000
0000
0000
0000
0000
0000
0000
0000
0000
0000
0000
0000
0000
0000
0000
0000
0000
0000
0000
0000
0000
0000
0000
0000
0000
0000
0000
0000
0000
0000
0000
0000
0000
0000
0000
0000
0000
0000
0000
0000
0000
0000
0000
0000
0000
0000
0000
0000
0000
0000
0000
0000
0000
0000
0000
0000
0000
0000
0000
0000
0000
0000
0000
0000
0000
0000
0000
0000
0000
0000
0000
0000
0000
0000
0000
0000
0000
0000
0000
0000
0000
0000
0000
0000
0000
0000
0000
0000
0000
0000
0000
0000
0000
0000
0000
0000
0000
0000
0000
0000
0000
0000
0000
0000
0000
0000
0000
0000
0000
0000
0000
0000
0000
0000
0000
0000
0000
0000
0000
0000
0000
0000
0000
0000
0000
0000
0000
0000
0000
0000
0000
0000
0000
0000
0000
0000
0000
0000
0000
0000
0000
0000
0000
0000
0000
0000
0000
0000
0000
0000
0000
0000
0000
0000
0000
0000
0000
0000
0000
0000
0000
0000
0000
0000
0000
0000
0000
0000
0000
0000
0000
0000
0000
0000
0000
0000
0000
0000
0000
0000
0000
0000
0000
0000
0000
0000
0000
0000
0000
0000
0000
0000
0000
0000
0000
0000
0000
0000
0000
0000
0000
0000
0000
0000
0000
0000
0000
0000
0000
0000
0000
0000
0000
0000
0000
0000
0000
0000
0000
0000
0000
0000
0000
0000
0000
0000
0000
0000
0000
0000
0000
0000
0000
0000
0000
0000
0000
0000
0000
0000
0000
0000
0000
0000
0000
0000
0000
0000
0000
0000
0000
0000
0000
0000
0000
0000
0000
0000
0000
0000
0000
0000
0000
0000
0000
0000
0000
0000
0000
0000
0000
0000
0000
0000
0000
0000
0000
0000
0000
0000
0000
0000
0000
0000
0000
0000
0000
0000
0000
0000
0000
0000
0000
0000
0000
0000
0000
0000
0000
0000
0000
0000
0000
0000
0000
0000
0000
0000
0000
0000
0000
0000
0000
0000
0000
0000
0000
0000
0000
0000
0000
0000
0000
0000
0000
0000
0000
0000
0000
0000
0000
0000
0000
0000
0000
0000
0000
0000
0000
0000
0000
0000
0000
0000
0000
0000
0000
0000
0000
0000
0000
0000
0000
0000
0000
0000
0000
0000
0000
0000
0000
0000
0000
0000
0000
0000
0000
0000
0000
0000
0000
0000
0000
0000
0000
0000
0000
0000
0000
0000
0000
0000
0000
0000
0000
0000
0000
0000
0000
0000
0000
0000
0000
0000
0000
0000
0000
0000
0000
0000
0000
0000
0000
0000
0000
0000
0000
0000
0000
0000
0000
0000
0000
0000
0000
0000
0000
0000
0000
0000
0000
0000
0000
0000
0000
0000
0000
0000
0000
0000
0000
0000
0000
0000
0000
0000
0000
0000
0000
0000
0000
0000
0000
0000
0000
0000
0000
0000
0000
0000
0000
0000
0000
0000
0000
0000
0000
0000
0000
0000
0000
0000
0000
0000
0000
0000
0000
0000
0000
0000
0000
0000
0000
0000
0000
0000
0000
0000
0000
0000
0000
0000
0000
0000
0000
0000
0000
0000
0000
0000
0000
0000
0000
0000
0000
0000
0000
0000
0000
0000
0000
0000
0000
0000
0000
0000
0000
0000
0000
0000
0000
0000
0000
0000
0000
0000
0000
0000
0000
0000
0000
0000
0000
0000
0000
0000
0000
0000
0000
0000
0000
0000
0000
0000
0000
0000
0000
0000
0000
0000
0000
0000
0000
0000
0000
0000
0000
0000
0000
0000
0000
0000
0000
0000
0000
0000
0000
0000
0000
0000
0000
0000
0000
0000
0000
0000
0000
0000
0000
0000
0000
0000
0000
0000
0000
0000
0000
0000
0000
0000
0000
0000
0000
0000
0000
0000
0000
0000
0000
0000
0000
0000
0000
0000
0000
0000
0000
0000
0000
0000
0000
0000
0000
0000
0000
0000
0000
0000
0000
0000
0000
0000
0000
0000
0000
0000
0000
0000
0000
0000
0000
0000
0000
0000
0000
0000
0000
0000
0000
0000
0000
0000
0000
0000
0000
0000
0000
0000
0000
0000
0000
0000
0000
0000
0000
0000
0000
0000
0000
0000
0000
0000
0000
0000
0000
0000
0000
0000
0000
0000
0000
0000
0000
0000
0000
0000
0000
0000
0000
0000
0000
0000
0000
0000
0000
0000
0000
0000
0000
0000
0000
0000
0000
0000
0000
0000
0000
0000
0000
0000
0000
0000
0000
0000
0000
0000
0000
0000
0000
0000
0000
0000
0000
0000
0000
0000
0000
0000
0000
0000
0000
0000
0000
0000
0000
0000
0000
0000
0000
0000
0000
0000
0000
0000
0000
0000
0000
0000
0000
0000
0000
0000
0000
0000
0000
0000
0000
0000
0000
0000
0000
0000
0000
0000
0000
0000
0000
0000
0000
0000
0000
0000
0000
0000
0000
0000
0000
0000
0000
0000
0000
0000
0000
0000
0000
0000
0000
0000
0000
0000
0000
0000
0000
0000
0000
0000
0000
0000
0000
0000
0000
0000
0000
0000
0000
0000
0000
0000
0000
0000
0000
0000
0000
0000
0000
0000
0000
0000
0000
0000
0000
0000
0000
0000
0000
0000
0000
0000
0000
0000
0000
0000
0000
0000
0000
0000
0000
0000
0000
0000
0000
0000
0000
0000
0000
0000
0000
0000
0000
0000
0000
0000
0000
0000
0000
0000
0000
0000
0000
0000
0000
0000
0000
0000
0000
0000
0000
0000
0000
0000
0000
0000
0000
0000
0000
0000
0000
0000
0000
0000
0000
0000
0000
0000
0000
0000
0000
0000
0000
0000
0000
0000
0000
0000
0000
0000
0000
0000
0000
0000
0000
0000
0000
0000
0000
0000
0000
0000
0000
0000
0000
0000
0000
0000
0000
0000
0000
0000
0000
0000
0000
0000
0000
0000
0000
0000
0000
0000
0000
0000
0000
0000
0000
0000
0000
0000
0000
0000
0000
0000
0000
0000
0000
0000
0000
0000
0000
0000
0000
0000
0000
0000
0000
0000
0000
0000
0000
0000
0000
0000
0000
0000
0000
0000
0000
0000
0000
0000
0000
0000
0000
0000
0000
0000
0000
0000
0000
0000
0000
0000
0000
0000
0000
0000
0000
0000
0000
0000
0000
0000
0000
0000
0000
0000
0000
0000
0000
0000
0000
0000
0000
0000
0000
0000
0000
0000
0000
0000
0000
0000
0000
0000
0000
0000
0000
0000
0000
0000
0000
0000
0000
0000
0000
0000
0000
0000
0000
0000
0000
0000
0000
0000
0000
0000
0000
0000
0000
0000
0000
0000
0000
0000
0000
0000
0000
0000
0000
0000
0000
0000
0000
0000
0000
0000
0000
0000
0000
0000
0000
0000
0000
0000
0000
0000
0000
0000
0000
0000
0000
0000
0000
0000
0000
0000
0000
0000
0000
0000
0000
0000
0000
0000
0000
0000
0000
0000
0000
0000
0000
0000
0000
0000
0000
0000
0000
0000
0000
0000
0000
0000
0000
0000
0000
0000
0000
0000
0000
0000
0000
0000
0000
0000
0000
0000
0000
0000
0000
0000
0000
0000
0000
0000
0000
0000
0000
0000
0000
0000
0000
0000
0000
0000
0000
0000
0000
0000
0000
0000
0000
0000
0000
0000
0000
0000
0000
0000
0000
0000
0000
0000
0000
0000
0000
0000
0000
0000
0000
0000
0000
0000
0000
0000
0000
0000
0000
0000
0000
0000
0000
0000
0000
0000
0000
0000
0000
0000
0000
0000
0000
0000
0000
0000
0000
0000
0000
0000
0000
0000
0000
0000
0000
0000
0000
0000
0000
0000
0000
0000
0000
0000
0000
0000
0000
0000
0000
0000
0000
0000
0000
0000
0000
0000
0000
0000
0000
0000
0000
0000
0000
0000
0000
0000
0000
0000
0000
0000
0000
0000
0000
0000
0000
0000
0000
0000
0000
0000
0000
0000
0000
0000
0000
0000
0000
0000
0000
0000
0000
0000
0000
0000
0000
0000
0000
0000
0000
0000
0000
0000
0000
0000
0000
0000
0000
0000
0000
0000
0000
0000
0000
0000
0000
0000
0000
0000
0000
0000
0000
0000
0000
0000
0000
0000
0000
0000
0000
0000
0000
0000
0000
0000
0000
0000
0000
0000
0000
0000
0000
0000
0000
0000
0000
0000
0000
0000
0000
0000
0000
0000
0000
0000
0000
0000
0000
0000
0000
0000
0000
0000
0000
0000
0000
0000
0000
0000
0000
0000
0000
0000
0000
0000
0000
0000
0000
0000
0000
0000
0000
0000
0000
0000
0000
0000
0000
0000
0000
0000
0000
0000
0000
0000
0000
0000
0000
0000
0000
0000
0000
0000
0000
0000
0000
0000
0000
0000
0000
0000
0000
0000
0000
0000
0000
0000
0000
0000
0000
0000
0000
0000
0000
0000
0000
0000
0000
0000
0000
0000
0000
0000
0000
0000
0000
0000
0000
0000
0000
0000
0000
0000
0000
0000
0000
0000
0000
0000
0000
0000
0000
0000
0000
0000
0000
0000
0000
0000
0000
0000
0000
0000
0000
0000
0000
0000
0000
0000
0000
0000
0000
0000
0000
0000
0000
0000
0000
0000
0000
0000
0000
0000
0000
0000
0000
0000
0000
0000
0000
0000
0000
0000
0000
0000
0000
0000
0000
0000
0000
0000
0000
0000
0000
0000
0000
0000
0000
0000
0000
0000
0000
0000
0000
0000
0000
0000
0000
0000
0000
0000
0000
0000
0000
0000
0000
0000
0000
0000
0000
0000
0000
0000
0000
0000
0000
0000
0000
0000
0000
0000
0000
0000
0000
0000
0000
0000
0000
0000
0000
0000
0000
0000
0000
0000
0000
0000
0000
0000
0000
0000
0000
0000
0000
0000
0000
0000
0000
0000
0000
0000
0000
0000
0000
0000
0000
0000
0000
0000
0000
0000
0000
0000
0000
0000
0000
0000
0000
0000
0000
0000
0000
0000
0000
0000
0000
0000
0000
0000
0000
0000
0000
0000
0000
0000
0000
0000
0000
0000
0000
0000
0000
0000
0000
0000
0000
0000
0000
0000
0000
0000
0000
0000
0000
0000
0000
0000
0000
0000
0000
0000
0000
0000
0000
0000
0000
0000
0000
0000
0000
0000
0000
0000
0000
0000
0000
0000
0000
0000
0000
0000
0000
0000
0000
0000
0000
0000
0000
0000
0000
0000
0000
0000
0000
0000
0000
0000
0000
0000
0000
0000
0000
0000
0000
0000
0000
0000
0000
0000
0000
0000
0000
0000
0000
0000
0000
0000
0000
0000
0000
0000
0000
0000
0000
0000
0000
0000
0000
0000
0000
0000
0000
0000
0000
0000
0000
0000
0000
0000
0000
0000
0000
0000
0000
0000
0000
0000
0000
0000
0000
0000
0000
0000
0000
0000
0000
0000
0000
0000
0000
0000
0000
0000
0000
0000
0000
0000
0000
0000
0000
0000
0000
0000
0000
0000
0000
0000
0000
0000
0000
0000
0000
0000
0000
0000
0000
0000
0000
0000
0000
0000
0000
0000
0000
0000
0000
0000
0000
0000
0000
0000
0000
0000
0000
0000
0000
0000
0000
0000
0000
0000
0000
0000
0000
0000
0000
0000
0000
0000
0000
0000
0000
0000
0000
0000
0000
0000
0000
0000
0000
0000
0000
0000
0000
0000
0000
0000
0000
0000
0000
0000
0000
0000
0000
0000
0000
0000
0000
0000
0000
0000
0000
0000
0000
0000
0000
0000
0000
0000
0000
0000
0000
0000
0000
0000
0000
0000
0000
0000
0000
0000
0000
0000
0000
0000
0000
0000
0000
0000
0000
0000
0000
0000
0000
0000
0000
0000
0000
0000
0000
0000
0000
0000
0000
0000
0000
0000
0000
0000
0000
0000
0000
0000
0000
0000
0000
0000
0000
0000
0000
0000
0000
0000
0000
0000
0000
0000
0000
0000
0000
0000
0000
0000
0000
0000
0000
0000
0000
0000
0000
0000
0000
0000
0000
0000
0000
0000
0000
0000
0000
0000
0000
0000
0000
0000
0000
0000
0000
0000
0000
0000
0000
0000
0000
0000
0000
0000
0000
0000
0000
0000
0000
0000
0000
0000
0000
0000
0000
0000
0000
0000
0000
0000
0000
0000
0000
0000
0000
0000
0000
0000
0000
0000
0000
0000
0000
0000
0000
0000
0000
0000
0000
0000
0000
0000
0000
0000
0000
0000
0000
0000
0000
0000
0000
0000
0000
0000
0000
0000
0000
0000
0000
0000
0000
0000
0000
0000
0000
0000
0000
0000
0000
0000
0000
0000
0000
0000
0000
0000
0000
0000
0000
0000
0000
0000
0000
0000
0000
0000
0000
0000
0000
0000
0000
0000
0000
0000
0000
0000
0000
0000
0000
0000
0000
0000
0000
0000
0000
0000
0000
0000
0000
0000
0000
0000
0000
0000
0000
0000
0000
0000
0000
0000
0000
0000
0000
0000
0000
0000
0000
0000
0000
0000
0000
0000
0000
0000
0000
0000
0000
0000
0000
0000
0000
0000
0000
0000
0000
0000
0000
0000
0000
0000
0000
0000
0000
0000
0000
0000
0000
0000
0000
0000
0000
0000
0000
0000
0000
0000
0000
0000
0000
0000
0000
0000
0000
0000
0000
0000
0000
0000
0000
0000
0000
0000
0000
0000
0000
0000
0000
0000
0000
0000
0000
0000
0000
0000
0000
0000
0000
0000
0000
0000
0000
0000
0000
0000
0000
0000
0000
0000
0000
0000
0000
0000
0000
0000
0000
0000
0000
0000
0000
0000
0000
0000
0000
0000
0000
0000
0000
0000
0000
0000
0000
0000
0000
0000
0000
0000
0000
0000
0000
0000
0000
0000
0000
0000
0000
0000
0000
0000
0000
0000
0000
0000
0000
0000
0000
0000
0000
0000
0000
0000
0000
0000
0000
0000
0000
0000
0000
0000
0000
0000
0000
0000
0000
0000
0000
0000
0000
0000
0000
0000
0000
0000
0000
0000
0000
0000
0000
0000
0000
0000
0000
0000
0000
0000
0000
0000
0000
0000
0000
0000
0000
0000
0000
0000
0000
0000
0000
0000
0000
0000
0000
0000
0000
0000
0000
0000
0000
0000
0000
0000
0000
0000
0000
0000
0000
0000
0000
0000
0000
0000
0000
0000
0000
0000
0000
0000
0000
0000
0000
0000
0000
0000
0000
0000
0000
0000
0000
0000
0000
0000
0000
0000
0000
0000
0000
0000
0000
0000
0000
0000
0000
0000
0000
0000
0000
0000
0000
0000
0000
0000
0000
0000
0000
0000
0000
0000
0000
0000
0000
0000
0000
0000
0000
0000
0000
0000
0000
0000
0000
0000
0000
0000
0000
0000
0000
0000
0000
0000
0000
0000
0000
0000
0000
0000
0000
0000
0000
0000
0000
0000
0000
0000
0000
0000
0000
0000
0000
0000
0000
0000
0000
0000
0000
0000
0000
0000
0000
0000
0000
0000
0000
0000
0000
0000
0000
0000
0000
0000
0000
0000
0000
0000
0000
0000
0000
0000
0000
0000
0000
0000
0000
0000
0000
0000
0000
0000
0000
0000
0000
0000
0000
0000
0000
0000
0000
0000
0000
0000
0000
0000
0000
0000
0000
0000
0000
0000
0000
0000
0000
0000
0000
0000
0000
0000
0000
0000
0000
0000
0000
0000
0000
0000
0000
0000
0000
0000
0000
0000
0000
0000
0000
0000
0000
0000
0000
0000
0000
0000
0000
0000
0000
0000
0000
0000
0000
0000
0000
0000
0000
0000
0000
0000
0000
0000
0000
0000
0000
0000
0000
0000
0000
0000
0000
0000
0000
0000
0000
0000
0000
0000
0000
0000
0000
0000
0000
0000
0000
0000
0000
0000
0000
0000
0000
0000
0000
0000
0000
0000
0000
0000
0000
0000
0000
0000
0000
0000
0000
0000
0000
0000
0000
0000
0000
0000
0000
0000
0000
0000
0000
0000
0000
0000
0000
0000
0000
0000
0000
0000
0000
0000
0000
0000
0000
0000
0000
0000
0000
0000
0000
0000
0000
0000
0000
0000
0000
0000
0000
0000
0000
0000
0000
0000
0000
0000
0000
0000
0000
0000
0000
0000
0000
0000
0000
0000
0000
0000
0000
0000
0000
0000
0000
0000
0000
0000
0000
0000
0000
0000
0000
0000
0000
0000
0000
0000
0000
0000
0000
0000
0000
0000
0000
0000
0000
0000
0000
0000
0000
0000
0000
0000
0000
0000
0000
0000
0000
0000
0000
0000
0000
0000
0000
0000
0000
0000
0000
0000
0000
0000
0000
0000
0000
0000
0000
0000
0000
0000
0000
0000
0000
0000
0000
0000
0000
0000
0000
0000
0000
0000
0000
0000
0000
0000
0000
0000
0000
0000
0000
0000
0000
0000
0000
0000
0000
0000
0000
0000
0000
0000
0000
0000
0000
0000
0000
0000
0000
0000
0000
0000
0000
0000
0000
0000
0000
0000
0000
0000
0000
0000
0000
0000
0000
0000
0000
0000
0000
0000
0000
0000
0000
0000
0000
0000
0000
0000
0000
0000
0000
0000
0000
0000
0000
0000
0000
0000
0000
0000
0000
0000
0000
0000
0000
0000
0000
0000
0000
0000
0000
0000
0000
0000
0000
0000
0000
0000
0000
0000
0000
0000
0000
0000
0000
0000
0000
0000
0000
0000
0000
0000
0000
0000
0000
0000
0000
0000
0000
0000
0000
0000
0000
0000
0000
0000
0000
0000
0000
0000
0000
0000
0000
0000
0000
0000
0000
0000
0000
0000
0000
0000
0000
0000
0000
0000
0000
0000
0000
0000
0000
0000
0000
0000
0000
0000
0000
0000
0000
0000
0000
0000
0000
0000
0000
0000
0000
0000
0000
0000
0000
0000
0000
0000
0000
0000
0000
0000
0000
0000
0000
0000
0000
0000
0000
0000
0000
0000
0000
0000
0000
0000
0000
0000
0000
0000
0000
0000
0000
0000
0000
0000
0000
0000
0000
0000
0000
0000
0000
0000
0000
0000
0000
0000
0000
0000
0000
0000
0000
0000
0000
0000
0000
0000
0000
0000
0000
0000
0000
0000
0000
0000
0000
0000
0000
0000
0000
0000
0000
0000
0000
0000
0000
0000
0000
0000
0000
0000
0000
0000
0000
0000
0000
0000
0000
0000
0000
0000
0000
0000
0000
0000
0000
0000
0000
0000
0000
0000
0000
0000
0000
0000
0000
0000
0000
0000
0000
0000
0000
0000
0000
0000
0000
0000
0000
0000
0000
0000
0000
0000
0000
0000
0000
0000
0000
0000
0000
0000
0000
0000
0000
0000
0000
0000
0000
0000
0000
0000
0000
0000
0000
0000
0000
0000
0000
0000
0000
0000
0000
0000
0000
0000
0000
0000
0000
0000
0000
0000
0000
0000
0000
0000
0000
0000
0000
0000
0000
0000
0000
0000
0000
0000
0000
0000
0000
0000
0000
0000
0000
0000
0000
0000
0000
0000
0000
0000
0000
0000
0000
0000
0000
0000
0000
0000
0000
0000
0000
0000
0000
0000
0000
0000
0000
0000
0000
0000
0000
0000
0000
0000
0000
0000
0000
0000
0000
0000
0000
0000
0000
0000
0000
0000
0000
0000
0000
0000
0000
0000
0000
0000
0000
0000
0000
0000
0000
0000
0000
0000
0000
0000
0000
0000
0000
0000
0000
0000
0000
0000
0000
0000
0000
0000
0000
0000
0000
0000
0000
0000
0000
0000
0000
0000
0000
0000
0000
0000
0000
0000
0000
0000
0000
0000
0000
0000
0000
0000
0000
0000
0000
0000
0000
0000
0000
0000
0000
0000
0000
0000
0000
0000
0000
0000
0000
0000
0000
0000
0000
0000
0000
0000
0000
0000
0000
0000
0000
0000
0000
0000
0000
0000
0000
0000
0000
0000
0000
0000
0000
0000
0000
0000
0000
0000
0000
0000
0000
0000
0000
0000
0000
0000
0000
0000
0000
0000
0000
0000
0000
0000
0000
0000
0000
0000
0000
0000
0000
0000
0000
0000
0000
0000
0000
0000
0000
0000
0000
0000
0000
0000
0000
0000
0000
0000
0000
0000
0000
0000
0000
0000
0000
0000
0000
0000
0000
0000
0000
0000
0000
0000
0000
0000
0000
0000
0000
0000
0000
0000
0000
0000
0000
0000
0000
0000
0000
0000
0000
0000
0000
0000
0000
0000
0000
0000
0000
0000
0000
0000
0000
0000
0000
0000
0000
0000
0000
0000
0000
0000
0000
0000
0000
0000
0000
0000
0000
0000
0000
0000
0000
0000
0000
0000
0000
0000
0000
0000
0000
0000
0000
0000
0000
0000
0000
0000
0000
0000
0000
0000
0000
0000
0000
0000
0000
0000
0000
0000
0000
0000
0000
0000
0000
0000
0000
0000
0000
0000
0000
0000
0000
0000
0000
0000
0000
0000
0000
0000
0000
0000
0000
0000
0000
0000
0000
0000
0000
0000
0000
0000
0000
0000
0000
0000
0000
0000
0000
0000
0000
0000
0000
0000
0000
0000
0000
0000
0000
0000
0000
0000
0000
0000
0000
0000
0000
0000
0000
0000
0000
0000
0000
0000
0000
0000
0000
0000
0000
0000
0000
0000
0000
0000
0000
0000
0000
0000
0000
0000
0000
0000
0000
0000
0000
0000
0000
0000
0000
0000
0000
0000
0000
0000
0000
0000
0000
0000
0000
0000
0000
0000
0000
0000
0000
0000
0000
0000
0000
0000
0000
0000
0000
0000
0000
0000
0000
0000
0000
0000
0000
0000
0000
0000
0000
0000
0000
0000
0000
0000
0000
0000
0000
0000
0000
0000
0000
0000
0000
0000
0000
0000
0000
0000
0000
0000
0000
0000
0000
0000
0000
0000
0000
0000
0000
0000
0000
0000
0000
0000
0000
0000
0000
0000
0000
0000
0000
0000
0000
0000
0000
0000
0000
0000
0000
0000
0000
0000
0000
0000
0000
0000
0000
0000
0000
0000
0000
0000
0000
0000
0000
0000
0000
0000
0000
0000
0000
0000
0000
0000
0000
0000
0000
0000
0000
0000
0000
0000
0000
0000
0000
0000
0000
0000
0000
0000
0000
0000
0000
0000
0000
0000
0000
0000
0000
0000
0000
0000
0000
0000
0000
0000
0000
0000
0000
0000
0000
0000
0000
0000
0000
0000
0000
0000
0000
0000
0000
0000
0000
0000
0000
0000
0000
0000
0000
0000
0000
0000
0000
0000
0000
0000
0000
0000
0000
0000
0000
0000
0000
0000
0000
0000
0000
0000
0000
0000
0000
0000
0000
0000
0000
0000
0000
0000
0000
0000
0000
0000
0000
0000
0000
0000
0000
0000
0000
0000
0000
0000
0000
0000
0000
0000
0000
0000
0000
0000
0000
0000
0000
0000
0000
0000
0000
0000
0000
0000
0000
0000
0000
0000
0000
0000
0000
0000
0000
0000
0000
0000
0000
0000
0000
0000
0000
0000
0000
0000
0000
0000
0000
0000
0000
0000
0000
0000
0000
0000
0000
0000
0000
0000
0000
0000
0000
0000
0000
0000
0000
0000
0000
0000
0000
0000
0000
0000
0000
0000
0000
0000
0000
0000
0000
0000
0000
0000
0000
0000
0000
0000
0000
0000
0000
0000
0000
0000
0000
0000
0000
0000
0000
0000
0000
0000
0000
0000
0000
0000
0000
0000
0000
0000
0000
0000
0000
0000
0000
0000
0000
0000
0000
0000
0000
0000
0000
0000
0000
0000
0000
0000
0000
0000
0000
0000
0000
0000
0000
0000
0000
0000
0000
0000
0000
0000
0000
0000
0000
0000
0000
0000
0000
0000
0000
0000
0000
0000
0000
0000
0000
0000
0000
0000
0000
0000
0000
0000
0000
0000
0000
0000
0000
0000
0000
0000
0000
0000
0000
0000
0000
0000
0000
0000
0000
0000
0000
0000
0000
0000
0000
0000
0000
0000
0000
0000
0000
0000
0000
0000
0000
0000
0000
0000
0000
0000
0000
0000
0000
0000
0000
0000
0000
0000
0000
0000
0000
0000
0000
0000
0000
0000
0000
0000
0000
0000
0000
0000
0000
0000
0000
0000
0000
0000
0000
0000
0000
0000
0000
0000
0000
0000
0000
0000
0000
0000
0000
0000
0000
0000
0000
0000
0000
0000
0000
0000
0000
0000
0000
0000
0000
0000
0000
0000
0000
0000
0000
0000
0000
0000
0000
0000
0000
0000
0000
0000
0000
0000
0000
0000
0000
0000
0000
0000
0000
0000
0000
0000
0000
0000
0000
0000
0000
0000
0000
0000
0000
0000
0000
0000
0000
0000
0000
0000
0000
0000
0000
0000
0000
0000
0000
0000
0000
0000
0000
0000
0000
0000
0000
0000
0000
0000
0000
0000
0000
0000
0000
0000
0000
0000
0000
0000
0000
0000
0000
0000
0000
0000
0000
0000
0000
0000
0000
0000
0000
0000
0000
0000
0000
0000
0000
0000
0000
0000
0000
0000
0000
0000
0000
0000
0000
0000
0000
0000
0000
0000
0000
0000
0000
0000
0000
0000
0000
0000
0000
0000
0000
0000
0000
0000
0000
0000
0000
0000
0000
0000
0000
0000
0000
0000
0000
0000
0000
0000
0000
0000
0000
0000
0000
0000
0000
0000
0000
0000
0000
0000
0000
0000
0000
0000
0000
0000
0000
0000
0000
0000
0000
0000
0000
0000
0000
0000
0000
0000
0000
0000
0000
0000
0000
0000
0000
0000
0000
0000
0000
0000
0000
0000
0000
0000
0000
0000
0000
0000
0000
0000
0000
0000
0000
0000
0000
0000
0000
0000
0000
0000
0000
0000
0000
0000
0000
0000
0000
0000
0000
0000
0000
0000
0000
0000
0000
0000
0000
0000
0000
0000
0000
0000
0000
0000
0000
0000
0000
0000
0000
0000
0000
0000
0000
0000
0000
0000
0000
0000
0000
0000
0000
0000
0000
0000
0000
0000
0000
0000
0000
0000
0000
0000
0000
0000
0000
0000
0000
0000
0000
0000
0000
0000
0000
0000
0000
0000
0000
0000
0000
0000
0000
0000
0000
0000
0000
0000
0000
0000
0000
0000
0000
0000
0000
0000
0000
0000
0000
0000
0000
0000
0000
0000
0000
0000
0000
0000
0000
0000
0000
0000
0000
0000
0000
0000
0000
0000
0000
0000
0000
0000
0000
0000
0000
0000
0000
0000
0000
0000
0000
0000
0000
0000
0000
0000
0000
0000
0000
0000
0000
0000
0000
0000
0000
0000
0000
0000
0000
0000
0000
0000
0000
0000
0000
0000
0000
0000
0000
0000
0000
0000
0000
0000
0000
0000
0000
0000
0000
0000
0000
0000
0000
0000
0000
0000
0000
0000
0000
0000
0000
0000
0000
0000
0000
0000
0000
0000
0000
0000
0000
0000
0000
0000
0000
0000
0000
0000
0000
0000
0000
0000
0000
0000
0000
0000
0000
0000
0000
0000
0000
0000
0000
0000
0000
0000
0000
0000
0000
0000
0000
0000
0000
0000
0000
0000
0000
0000
0000
0000
0000
0000
0000
0000
0000
0000
0000
0000
0000
0000
0000
0000
0000
0000
0000
0000
0000
0000
0000
0000
0000
0000
0000
0000
0000
0000
0000
0000
0000
0000
0000
0000
0000
0000
0000
0000
0000
0000
0000
0000
0000
0000
0000
0000
0000
0000
0000
0000
0000
0000
0000
0000
0000
0000
0000
0000
0000
0000
0000
0000
0000
0000
0000
0000
0000
0000
0000
0000
0000
0000
0000
0000
0000
0000
0000
0000
0000
0000
0000
0000
0000
0000
0000
0000
0000
0000
0000
0000
0000
0000
0000
0000
0000
0000
0000
0000
0000
0000
0000
0000
0000
0000
0000
0000
0000
0000
0000
0000
0000
0000
0000
0000
0000
0000
0000
0000
0000
0000
0000
0000
0000
0000
0000
0000
0000
0000
0000
0000
0000
0000
0000
0000
0000
0000
0000
0000
0000
0000
0000
0000
0000
0000
0000
0000
0000
0000
0000
0000
0000
0000
0000
0000
0000
0000
0000
0000
0000
0000
0000
0000
0000
0000
0000
0000
0000
0000
0000
0000
0000
0000
0000
0000
0000
0000
0000
0000
0000
0000
0000
0000
0000
0000
0000
0000
0000
0000
0000
0000
0000
0000
0000
0000
0000
0000
0000
0000
0000
0000
0000
0000
0000
0000
0000
0000
0000
0000
0000
0000
0000
0000
0000
0000
0000
0000
0000
0000
0000
0000
0000
0000
0000
0000
0000
0000
0000
0000
0000
0000
0000
0000
0000
0000
0000
0000
0000
0000
0000
0000
0000
0000
0000
0000
0000
0000
0000
0000
0000
0000
0000
0000
0000
0000
0000
0000
0000
0000
0000
0000
0000
0000
0000
0000
0000
0000
0000
0000
0000
0000
0000
0000
0000
0000
0000
0000
0000
0000
0000
0000
0000
0000
0000
0000
0000
0000
0000
0000
0000
0000
0000
0000
0000
0000
0000
0000
0000
0000
0000
0000
0000
0000
0000
0000
0000
0000
0000
0000
0000
0000
0000
0000
0000
0000
0000
0000
0000
0000
0000
0000
0000
0000
0000
0000
0000
0000
0000
0000
0000
0000
0000
0000
0000
0000
0000
0000
0000
0000
0000
0000
0000
0000
0000
0000
0000
0000
0000
0000
0000
0000
0000
0000
0000
0000
0000
0000
0000
0000
0000
0000
0000
0000
0000
0000
0000
0000
0000
0000
0000
0000
0000
0000
0000
0000
0000
0000
0000
0000
0000
0000
0000
0000
0000
0000
0000
0000
0000
0000
0000
0000
0000
0000
0000
0000
0000
0000
0000
0000
0000
0000
0000
0000
0000
0000
0000
0000
0000
0000
0000
0000
0000
0000
0000
0000
0000
0000
0000
0000
0000
0000
0000
0000
0000
0000
0000
0000
0000
0000
0000
0000
0000
0000
0000
0000
0000
0000
0000
0000
0000
0000
0000
0000
0000
0000
0000
0000
0000
0000
0000
0000
0000
0000
0000
0000
0000
0000
0000
0000
0000
0000
0000
0000
0000
0000
0000
0000
0000
0000
0000
0000
0000
0000
0000
0000
0000
0000
0000
0000
0000
0000
0000
0000
0000
0000
0000
0000
0000
0000
0000
0000
0000
0000
0000
0000
0000
0000
0000
0000
0000
0000
0000
0000
0000
0000
0000
0000
0000
0000
0000
0000
0000
0000
0000
0000
0000
0000
0000
0000
0000
0000
0000
0000
0000
0000
0000
0000
0000
0000
0000
0000
0000
0000
0000
0000
0000
0000
0000
0000
0000
0000
0000
0000
0000
0000
0000
0000
0000
0000
0000
0000
0000
0000
0000
0000
0000
0000
0000
0000
0000
0000
0000
0000
0000
0000
0000
0000
0000
0000
0000
0000
0000
0000
0000
0000
0000
0000
0000
0000
0000
0000
0000
0000
0000
0000
0000
0000
0000
0000
0000
0000
0000
0000
0000
0000
0000
0000
0000
0000
0000
0000
0000
0000
0000
0000
0000
0000
0000
0000
0000
0000
0000
0000
0000
0000
0000
0000
0000
0000
0000
0000
0000
0000
0000
0000
0000
0000
0000
0000
0000
0000
0000
0000
0000
0000
0000
0000
0000
0000
0000
0000
0000
0000
0000
0000
0000
0000
0000
0000
0000
0000
0000
0000
0000
0000
0000
0000
0000
0000
0000
0000
0000
0000
0000
0000
0000
0000
0000
0000
0000
0000
0000
0000
0000
0000
0000
0000
0000
0000
0000
0000
0000
0000
0000
0000
0000
0000
0000
0000
0000
0000
0000
0000
0000
0000
0000
0000
0000
0000
0000
0000
0000
0000
0000
0000
0000
0000
0000
0000
0000
0000
0000
0000
0000
0000
0000
0000
0000
0000
0000
0000
0000
0000
0000
0000
0000
0000
0000
0000
0000
0000
0000
0000
0000
0000
0000
0000
0000
0000
0000
0000
0000
0000
0000
0000
0000
0000
0000
0000
0000
0000
0000
0000
0000
0000
0000
0000
0000
0000
0000
0000
0000
0000
0000
0000
0000
0000
0000
0000
0000
0000
0000
0000
0000
0000
0000
0000
0000
0000
0000
0000
0000
0000
0000
0000
0000
0000
0000
0000
0000
0000
0000
0000
0000
0000
0000
0000
0000
0000
0000
0000
0000
0000
0000
0000
0000
0000
0000
0000
0000
0000
0000
0000
0000
0000
0000
0000
0000
0000
0000
0000
0000
0000
0000
0000
0000
0000
0000
0000
0000
0000
0000
0000
0000
0000
0000
0000
0000
0000
0000
0000
0000
0000
0000
0000
0000
0000
0000
0000
0000
0000
0000
0000
0000
0000
0000
0000
0000
0000
0000
0000
0000
0000
0000
0000
0000
0000
0000
0000
0000
0000
0000
0000
0000
0000
0000
0000
0000
0000
0000
0000
0000
0000
0000
0000
0000
0000
0000
0000
0000
0000
0000
0000
0000
0000
0000
0000
0000
0000
0000
0000
0000
0000
0000
0000
0000
0000
0000
0000
0000
0000
0000
0000
0000
0000
0000
0000
0000
0000
0000
0000
0000
0000
0000
0000
0000
0000
0000
0000
0000
0000
0000
0000
0000
0000
0000
0000
0000
0000
0000
0000
0000
0000
0000
0000
0000
0000
0000
0000
0000
0000
0000
0000
0000
0000
0000
0000
0000
0000
0000
0000
0000
0000
0000
0000
0000
0000
0000
0000
0000
0000
0000
0000
0000
0000
0000
0000
0000
0000
0000
0000
0000
0000
0000
0000
0000
0000
0000
0000
0000
0000
0000
0000
0000
0000
0000
0000
0000
0000
0000
0000
0000
0000
0000
0000
0000
0000
0000
0000
0000
0000
0000
0000
0000
0000
0000
0000
0000
0000
0000
0000
0000
0000
0000
0000
0000
0000
0000
0000
0000
0000
0000
0000
0000
0000
0000
0000
0000
0000
0000
0000
0000
0000
0000
0000
0000
0000
0000
0000
0000
0000
0000
0000
0000
0000
0000
0000
0000
0000
0000
0000
0000
0000
0000
0000
0000
0000
0000
0000
0000
0000
0000
0000
0000
0000
0000
0000
0000
0000
0000
0000
0000
0000
0000
0000
0000
0000
0000
0000
0000
0000
0000
0000
0000
0000
0000
0000
0000
0000
0000
0000
0000
0000
0000
0000
0000
0000
0000
0000
0000
0000
0000
0000
0000
0000
0000
0000
0000
0000
0000
0000
0000
0000
0000
0000
0000
0000
0000
0000
0000
0000
0000
0000
0000
0000
0000
0000
0000
0000
0000
0000
0000
0000
0000
0000
0000
0000
0000
0000
0000
0000
0000
0000
0000
0000
0000
0000
0000
0000
0000
0000
0000
0000
0000
0000
0000
0000
0000
0000
0000
0000
0000
0000
0000
0000
0000
0000
0000
0000
0000
0000
0000
0000
0000
0000
0000
0000
0000
0000
0000
0000
0000
0000
0000
0000
0000
0000
0000
0000
0000
0000
0000
0000
0000
0000
0000
0000
0000
0000
0000
0000
0000
0000
0000
0000
0000
0000
0000
0000
0000
0000
0000
0000
0000
0000
0000
0000
0000
0000
0000
0000
0000
0000
0000
0000
0000
0000
0000
0000
0000
0000
0000
0000
0000
0000
0000
0000
0000
0000
0000
0000
0000
0000
0000
0000
0000
0000
0000
0000
0000
0000
0000
0000
0000
0000
0000
0000
0000
0000
0000
0000
0000
0000
0000
0000
0000
0000
0000
0000
0000
0000
0000
0000
0000
0000
0000
0000
0000
0000
0000
0000
0000
0000
0000
0000
0000
0000
0000
0000
0000
0000
0000
0000
0000
0000
0000
0000
0000
0000
0000
0000
0000
0000
0000
0000
0000
0000
0000
0000
0000
0000
0000
0000
0000
0000
0000
0000
0000
0000
0000
0000
0000
0000
0000
0000
0000
0000
0000
0000
0000
0000
0000
0000
0000
0000
0000
0000
0000
0000
0000
0000
0000
0000
0000
0000
0000
0000
0000
0000
0000
0000
0000
0000
0000
0000
0000
0000
0000
0000
0000
0000
0000
0000
0000
0000
0000
0000
0000
0000
0000
0000
0000
0000
0000
0000
0000
0000
0000
0000
0000
0000
0000
0000
0000
0000
0000
0000
0000
0000
0000
0000
0000
0000
0000
0000
0000
0000
0000
0000
0000
0000
0000
0000
0000
0000
0000
0000
0000
0000
0000
0000
0000
0000
0000
0000
0000
0000
0000
0000
0000
0000
0000
0000
0000
0000
0000
0000
0000
0000
0000
0000
0000
0000
0000
0000
0000
0000
0000
0000
0000
0000
0000
0000
0000
0000
0000
0000
0000
0000
0000
0000
0000
0000
0000
0000
0000
0000
0000
0000
0000
0000
0000
0000
0000
0000
0000
0000
0000
0000
0000
0000
0000
0000
0000
0000
0000
0000
0000
0000
0000
0000
0000
0000
0000
0000
0000
0000
0000
0000
0000
0000
0000
0000
0000
0000
0000
0000
0000
0000
0000
0000
0000
0000
0000
0000
0000
0000
0000
0000
0000
0000
0000
0000
0000
0000
0000
0000
0000
0000
0000
0000
0000
0000
0000
0000
0000
0000
0000
0000
0000
0000
0000
0000
0000
0000
0000
0000
0000
0000
0000
0000
0000
0000
0000
0000
0000
0000
0000
0000
0000
0000
0000
0000
0000
0000
0000
0000
0000
0000
0000
0000
0000
0000
0000
0000
0000
0000
0000
0000
0000
0000
0000
0000
0000
0000
0000
0000
0000
0000
0000
0000
0000
0000
0000
0000
0000
0000
0000
0000
0000
0000
0000
0000
0000
0000
0000
0000
0000
0000
0000
0000
0000
0000
0000
0000
0000
0000
0000
0000
0000
0000
0000
0000
0000
0000
0000
0000
0000
0000
0000
0000
0000
0000
0000
0000
0000
0000
0000
0000
0000
0000
0000
0000
0000
0000
0000
0000
0000
0000
0000
0000
0000
0000
0000
0000
0000
0000
0000
0000
0000
0000
0000
0000
0000
0000
0000
0000
0000
0000
0000
0000
0000
0000
0000
0000
0000
0000
0000
0000
0000
0000
0000
0000
0000
0000
0000
0000
0000
0000
0000
0000
0000
0000
0000
0000
0000
0000
0000
0000
0000
0000
0000
0000
0000
0000
0000
0000
0000
0000
0000
0000
0000
0000
0000
0000
0000
0000
0000
0000
0000
0000
0000
0000
0000
0000
0000
0000
0000
0000
0000
0000
0000
0000
0000
0000
0000
0000
0000
0000
0000
0000
0000
0000
0000
0000
0000
0000
0000
0000
0000
0000
0000
0000
0000
0000
0000
0000
0000
0000
0000
0000
0000
0000
0000
0000
0000
0000
0000
0000
0000
0000
0000
0000
0000
0000
0000
0000
0000
0000
0000
0000
0000
0000
0000
0000
0000
0000
0000
0000
0000
0000
0000
0000
0000
0000
0000
0000
0000
0000
0000
0000
0000
0000
0000
0000
0000
0000
0000
0000
0000
0000
0000
0000
0000
0000
0000
0000
0000
0000
0000
0000
0000
0000
0000
0000
0000
0000
0000
0000
0000
0000
0000
0000
0000
0000
0000
0000
0000
0000
0000
0000
0000
0000
0000
0000
0000
0000
0000
0000
0000
0000
0000
0000
0000
0000
0000
0000
0000
0000
0000
0000
0000
0000
0000
0000
0000
0000
0000
0000
0000
0000
0000
0000
0000
0000
0000
0000
0000
0000
0000
0000
0000
0000
0000
0000
0000
0000
0000
0000
0000
0000
0000
0000
0000
0000
0000
0000
0000
0000
0000
0000
0000
0000
0000
0000
0000
0000
0000
0000
0000
0000
0000
0000
0000
0000
0000
0000
0000
0000
0000
0000
0000
0000
0000
0000
0000
0000
0000
0000
0000
0000
0000
0000
0000
0000
0000
0000
0000
0000
0000
0000
0000
0000
0000
0000
0000
0000
0000
0000
0000
0000
0000
0000
0000
0000
0000
0000
0000
0000
0000
0000
0000
0000
0000
0000
0000
0000
0000
0000
0000
0000
0000
0000
0000
0000
0000
0000
0000
0000
0000
0000
0000
0000
0000
0000
0000
0000
0000
0000
0000
0000
0000
0000
0000
0000
0000
0000
0000
0000
0000
0000
0000
0000
0000
0000
0000
0000
0000
0000
0000
0000
0000
0000
0000
0000
0000
0000
0000
0000
0000
0000
0000
0000
0000
0000
0000
0000
0000
0000
0000
0000
0000
0000
0000
0000
0000
0000
0000
0000
0000
0000
0000
0000
0000
0000
0000
0000
0000
0000
0000
0000
0000
0000
0000
0000
0000
0000
0000
0000
0000
0000
0000
0000
0000
0000
0000
0000
0000
0000
0000
0000
0000
0000
0000
0000
0000
0000
0000
0000
0000
0000
0000
0000
0000
0000
0000
0000
0000
0000
0000
0000
0000
0000
0000
0000
0000
0000
0000
0000
0000
0000
0000
0000
0000
0000
0000
0000
0000
0000
0000
0000
0000
0000
0000
0000
0000
0000
0000
0000
0000
0000
0000
0000
0000
0000
0000
0000
0000
0000
0000
0000
0000
0000
0000
0000
0000
0000
0000
0000
0000
0000
0000
0000
0000
0000
0000
0000
0000
0000
0000
0000
0000
0000
0000
0000
0000
0000
0000
0000
0000
0000
0000
0000
0000
0000
0000
0000
0000
0000
0000
0000
0000
0000
0000
0000
0000
0000
0000
0000
0000
0000
0000
0000
0000
0000
0000
0000
0000
0000
0000
0000
0000
0000
0000
0000
0000
0000
0000
0000
0000
0000
0000
0000
0000
0000
0000
0000
0000
0000
0000
0000
0000
0000
0000
0000
0000
0000
0000
0000
0000
0000
0000
0000
0000
0000
0000
0000
0000
0000
0000
0000
0000
0000
0000
0000
0000
0000
0000
0000
0000
0000
0000
0000
0000
0000
0000
0000
0000
0000
0000
0000
0000
0000
0000
0000
0000
0000
0000
0000
0000
0000
0000
0000
0000
0000
0000
0000
0000
0000
0000
0000
0000
0000
0000
0000
0000
0000
0000
0000
0000
0000
0000
0000
0000
0000
0000
0000
0000
0000
0000
0000
0000
0000
0000
0000
0000
0000
0000
0000
0000
0000
0000
0000
0000
0000
0000
0000
0000
0000
0000
0000
0000
0000
0000
0000
0000
0000
0000
0000
0000
0000
0000
0000
0000
0000
0000
0000
0000
0000
0000
0000
0000
0000
0000
0000
0000
0000
0000
0000
0000
0000
0000
0000
0000
0000
0000
0000
0000
0000
0000
0000
0000
0000
0000
0000
0000
0000
0000
0000
0000
0000
0000
0000
0000
0000
0000
0000
0000
0000
0000
0000
0000
0000
0000
0000
0000
0000
0000
0000
0000
0000
0000
0000
0000
0000
0000
0000
0000
0000
0000
0000
0000
0000
0000
0000
0000
0000
0000
0000
0000
0000
0000
0000
0000
0000
0000
0000
0000
0000
0000
0000
0000
0000
0000
0000
0000
0000
0000
0000
0000
0000
0000
0000
0000
0000
0000
0000
0000
0000
0000
0000
0000
0000
0000
0000
0000
0000
0000
0000
0000
0000
0000
0000
0000
0000
0000
0000
0000
0000
0000
0000
0000
0000
0000
0000
0000
0000
0000
0000
0000
0000
0000
0000
0000
0000
0000
0000
0000
0000
0000
0000
0000
0000
0000
0000
0000
0000
0000
0000
0000
0000
0000
0000
0000
0000
0000
0000
0000
0000
0000
0000
0000
0000
0000
0000
0000
0000
0000
0000
0000
0000
0000
0000
0000
0000
0000
0000
0000
0000
0000
0000
0000
0000
0000
0000
0000
0000
0000
0000
0000
0000
0000
0000
0000
0000
0000
0000
0000
0000
0000
0000
0000
0000
0000
0000
0000
0000
0000
0000
0000
0000
0000
0000
0000
0000
0000
0000
0000
0000
0000
0000
0000
0000
0000
0000
0000
0000
0000
0000
0000
0000
0000
0000
0000
0000
0000
0000
0000
0000
0000
0000
0000
0000
0000
0000
0000
0000
0000
0000
0000
0000
0000
0000
0000
0000
0000
0000
0000
0000
0000
0000
0000
0000
0000
0000
0000
0000
0000
0000
0000
0000
0000
0000
0000
0000
0000
0000
0000
0000
0000
0000
0000
0000
0000
0000
0000
0000
0000
0000
0000
0000
0000
0000
0000
0000
0000
0000
0000
0000
0000
0000
0000
0000
0000
0000
0000
0000
0000
0000
0000
0000
0000
0000
0000
0000
0000
0000
0000
0000
0000
0000
0000
0000
0000
0000
0000
0000
0000
0000
0000
0000
0000
0000
0000
0000
0000
0000
0000
0000
0000
0000
0000
0000
0000
0000
0000
0000
0000
0000
0000
0000
0000
0000
0000
0000
0000
0000
0000
0000
0000
0000
0000
0000
0000
0000
0000
0000
0000
0000
0000
0000
0000
0000
0000
0000
0000
0000
0000
0000
0000
0000
0000
0000
0000
0000
0000
0000
0000
0000
0000
0000
0000
0000
0000
0000
0000
0000
0000
0000
0000
0000
0000
0000
0000
0000
0000
0000
0000
0000
0000
0000
0000
0000
0000
0000
0000
0000
0000
0000
0000
0000
0000
0000
0000
0000
0000
0000
0000
0000
0000
0000
0000
0000
0000
0000
0000
0000
0000
0000
0000
0000
0000
0000
0000
0000
0000
0000
0000
0000
0000
0000
0000
0000
0000
0000
0000
0000
0000
0000
0000
0000
0000
0000
0000
0000
0000
0000
0000
0000
0000
0000
0000
0000
0000
0000
0000
0000
0000
0000
0000
0000
0000
0000
0000
0000
0000
0000
0000
0000
0000
0000
0000
0000
0000
0000
0000
0000
0000
0000
0000
0000
0000
0000
0000
0000
0000
0000
0000
0000
0000
0000
0000
0000
0000
0000
0000
0000
0000
0000
0000
0000
0000
0000
0000
0000
0000
0000
0000
0000
0000
0000
0000
0000
0000
0000
0000
0000
0000
0000
0000
0000
0000
0000
0000
0000
0000
0000
0000
0000
0000
0000
0000
0000
0000
0000
0000
0000
0000
0000
0000
0000
0000
0000
0000
0000
0000
0000
0000
0000
0000
0000
0000
0000
0000
0000
0000
0000
0000
0000
0000
0000
0000
0000
0000
0000
0000
0000
0000
0000
0000
0000
0000
0000
0000
0000
0000
0000
0000
0000
0000
0000
0000
0000
0000
0000
0000
0000
0000
0000
0000
0000
0000
0000
0000
0000
0000
0000
0000
0000
0000
0000
0000
0000
0000
0000
0000
0000
0000
0000
0000
0000
0000
0000
0000
0000
0000
0000
0000
0000
0000
0000
0000
0000
0000
0000
0000
0000
0000
0000
0000
0000
0000
0000
0000
0000
0000
0000
0000
0000
0000
0000
0000
0000
0000
0000
0000
0000
0000
0000
0000
0000
0000
0000
0000
0000
0000
0000
0000
0000
0000
0000
0000
0000
0000
0000
0000
0000
0000
0000
0000
0000
0000
0000
0000
0000
0000
0000
0000
0000
0000
0000
0000
0000
0000
0000
0000
0000
0000
0000
0000
0000
0000
0000
0000
0000
0000
0000
0000
0000
0000
0000
0000
0000
0000
0000
0000
0000
0000
0000
0000
0000
0000
0000
0000
0000
0000
0000
0000
0000
0000
0000
0000
0000
0000
0000
0000
0000
0000
0000
0000
0000
0000
0000
0000
0000
0000
0000
0000
0000
0000
0000
0000
0000
0000
0000
0000
0000
0000
0000
0000
0000
0000
0000
0000
0000
0000
0000
0000
0000
0000
0000
0000
0000
0000
0000
0000
0000
0000
0000
0000
0000
0000
0000
0000
0000
0000
0000
0000
0000
0000
0000
0000
0000
0000
0000
0000
0000
0000
0000
0000
0000
0000
0000
0000
0000
0000
0000
0000
0000
0000
0000
0000
0000
0000
0000
0000
0000
0000
0000
0000
0000
0000
0000
0000
0000
0000
0000
0000
0000
0000
0000
0000
0000
0000
0000
0000
0000
0000
0000
0000
0000
0000
0000
0000
0000
0000
0000
0000
0000
0000
0000
0000
0000
0000
0000
0000
0000
0000
0000
0000
0000
0000
0000
0000
0000
0000
0000
0000
0000
0000
0000
0000
0000
0000
0000
0000
0000
0000
0000
0000
0000
0000
0000
0000
0000
0000
0000
0000
0000
0000
0000
0000
0000
0000
0000
0000
0000
0000
0000
0000
0000
0000
0000
0000
0000
0000
0000
0000
0000
0000
0000
0000
0000
0000
0000
0000
0000
0000
0000
0000
0000
0000
0000
0000
0000
0000
0000
0000
0000
0000
0000
0000
0000
0000
0000
0000
0000
0000
0000
0000
0000
0000
0000
0000
0000
0000
0000
0000
0000
0000
0000
0000
0000
0000
0000
0000
0000
0000
0000
0000
0000
0000
0000
0000
0000
0000
0000
0000
0000
0000
0000
0000
0000
0000
0000
0000
0000
0000
0000
0000
0000
0000
0000
0000
0000
0000
0000
0000
0000
0000
0000
0000
0000
0000
0000
0000
0000
0000
0000
0000
0000
0000
0000
0000
0000
0000
0000
0000
0000
0000
0000
0000
0000
0000
0000
0000
0000
0000
0000
0000
0000
0000
0000
0000
0000
0000
0000
0000
0000
0000
0000
0000
0000
0000
0000
0000
0000
0000
0000
0000
0000
0000
0000
0000
0000
0000
0000
0000
0000
0000
0000
0000
0000
0000
0000
0000
0000
0000
0000
0000
0000
0000
0000
0000
0000
0000
0000
0000
0000
0000
0000
0000
0000
0000
0000
0000
0000
0000
0000
0000
0000
0000
0000
0000
0000
0000
0000
0000
0000
0000
0000
0000
0000
0000
0000
0000
0000
0000
0000
0000
0000
0000
0000
0000
0000
0000
0000
0000
0000
0000
0000
0000
0000
0000
0000
0000
0000
0000
0000
0000
0000
0000
0000
0000
0000
0000
0000
0000
0000
0000
0000
0000
0000
0000
0000
0000
0000
0000
0000
0000
0000
0000
0000
0000
0000
0000
0000
0000
0000
0000
0000
0000
0000
0000
0000
0000
0000
0000
0000
0000
0000
0000
0000
0000
0000
0000
0000
0000
0000
0000
0000
0000
0000
0000
0000
0000
0000
0000
0000
0000
0000
0000
0000
0000
0000
0000
0000
0000
0000
0000
0000
0000
0000
0000
0000
0000
0000
0000
0000
0000
0000
0000
0000
0000
0000
0000
0000
0000
0000
0000
0000
0000
0000
0000
0000
0000
0000
0000
0000
0000
0000
0000
0000
0000
0000
0000
0000
0000
0000
0000
0000
0000
0000
0000
0000
0000
0000
0000
0000
0000
0000
0000
0000
0000
0000
0000
0000
0000
0000
0000
0000
0000
0000
0000
0000
0000
0000
0000
0000
0000
0000
0000
0000
0000
0000
0000
0000
0000
0000
0000
0000
0000
0000
0000
0000
0000
0000
0000
0000
0000
0000
0000
0000
0000
0000
0000
0000
0000
0000
0000
0000
0000
0000
0000
0000
0000
0000
0000
0000
0000
0000
0000
0000
0000
0000
0000
0000
0000
0000
0000
0000
0000
0000
0000
0000
0000
0000
0000
0000
0000
0000
0000
0000
0000
0000
0000
0000
0000
0000
0000
0000
0000
0000
0000
0000
0000
0000
0000
0000
0000
0000
0000
0000
0000
0000
0000
0000
0000
0000
0000
0000
0000
0000
0000
0000
0000
0000
0000
0000
0000
0000
0000
0000
0000
0000
0000
0000
0000
0000
0000
0000
0000
0000
0000
0000
0000
0000
0000
0000
0000
0000
0000
0000
0000
0000
0000
0000
0000
0000
0000
0000
0000
0000
0000
0000
0000
0000
0000
0000
0000
0000
0000
0000
0000
0000
0000
0000
0000
0000
0000
0000
0000
0000
0000
0000
0000
0000
0000
0000
0000
0000
0000
0000
0000
0000
0000
0000
0000
0000
0000
0000
0000
0000
0000
0000
0000
0000
0000
0000
0000
0000
0000
0000
0000
0000
0000
0000
0000
0000
0000
0000
0000
0000
0000
0000
0000
0000
0000
0000
0000
0000
0000
0000
0000
0000
0000
0000
0000
0000
0000
0000
0000
0000
0000
0000
0000
0000
0000
0000
0000
0000
0000
0000
0000
0000
0000
0000
0000
0000
0000
0000
0000
0000
0000
0000
0000
0000
0000
0000
0000
0000
0000
0000
0000
0000
0000
0000
0000
0000
0000
0000
0000
0000
0000
0000
0000
0000
0000
0000
0000
0000
0000
0000
0000
0000
0000
0000
0000
0000
0000
0000
0000
0000
0000
0000
0000
0000
0000
0000
0000
0000
0000
0000
0000
0000
0000
0000
0000
0000
0000
0000
0000
0000
0000
0000
0000
0000
0000
0000
0000
0000
0000
0000
0000
0000
0000
0000
0000
0000
0000
0000
0000
0000
0000
0000
0000
0000
0000
0000
0000
0000
0000
0000
0000
0000
0000
0000
0000
0000
0000
0000
0000
0000
0000
0000
0000
0000
0000
0000
0000
0000
0000
0000
0000
0000
0000
0000
0000
0000
0000
0000
0000
0000
0000
0000
0000
0000
0000
0000
0000
0000
0000
0000
0000
0000
0000
0000
0000
0000
0000
0000
0000
0000
0000
0000
0000
0000
0000
0000
0000
0000
0000
0000
0000
0000
0000
0000
0000
0000
0000
0000
0000
0000
0000
0000
0000
0000
0000
0000
0000
0000
0000
0000
0000
0000
0000
0000
0000
0000
0000
0000
0000
0000
0000
0000
0000
0000
0000
0000
0000
0000
0000
0000
0000
0000
0000
0000
0000
0000
0000
0000
0000
0000
0000
0000
0000
0000
0000
0000
0000
0000
0000
0000
0000
0000
0000
0000
0000
0000
0000
0000
0000
0000
0000
0000
0000
0000
0000
0000
0000
0000
0000
0000
0000
0000
0000
0000
0000
0000
0000
0000
0000
0000
0000
0000
0000
0000
0000
0000
0000
0000
0000
0000
0000
0000
0000
0000
0000
0000
0000
0000
0000
0000
0000
0000
0000
0000
0000
0000
0000
0000
0000
0000
0000
0000
0000
0000
0000
0000
0000
0000
0000
0000
0000
0000
0000
0000
0000
0000
0000
0000
0000
0000
0000
0000
0000
0000
0000
0000
0000
0000
0000
0000
0000
0000
0000
0000
0000
0000
0000
0000
0000
0000
0000
0000
0000
0000
0000
0000
0000
0000
0000
0000
0000
0000
0000
0000
0000
0000
0000
0000
0000
0000
0000
0000
0000
0000
0000
0000
0000
0000
0000
0000
0000
0000
0000
0000
0000
0000
0000
0000
0000
0000
0000
0000
0000
0000
0000
0000
0000
0000
0000
0000
0000
0000
0000
0000
0000
0000
0000
0000
0000
0000
0000
0000
0000
0000
0000
0000
0000
0000
0000
0000
0000
0000
0000
0000
0000
0000
0000
0000
0000
0000
0000
0000
0000
0000
0000
0000
0000
0000
0000
0000
0000
0000
0000
0000
0000
0000
0000
0000
0000
0000
0000
0000
0000
0000
0000
0000
0000
0000
0000
0000
0000
0000
0000
0000
0000
0000
0000
0000
0000
0000
0000
0000
0000
0000
0000
0000
0000
0000
0000
0000
0000
0000
0000
0000
0000
0000
0000
0000
0000
0000
0000
0000
0000
0000
0000
0000
0000
0000
0000
0000
0000
0000
0000
0000
0000
0000
0000
0000
0000
0000
0000
0000
0000
0000
0000
0000
0000
0000
0000
0000
0000
0000
0000
0000
0000
0000
0000
0000
0000
0000
0000
0000
0000
0000
0000
0000
0000
0000
0000
0000
0000
0000
0000
0000
0000
0000
0000
0000
0000
0000
0000
0000
0000
0000
0000
0000
0000
0000
0000
0000
0000
0000
0000
0000
0000
0000
0000
0000
0000
0000
0000
0000
0000
0000
0000
0000
0000
0000
0000
0000
0000
0000
0000
0000
0000
0000
0000
0000
0000
0000
0000
0000
0000
0000
0000
0000
0000
0000
0000
0000
0000
0000
0000
0000
0000
0000
0000
0000
0000
0000
0000
0000
0000
0000
0000
0000
0000
0000
0000
0000
0000
0000
0000
0000
0000
0000
0000
0000
0000
0000
0000
0000
0000
0000
0000
0000
0000
0000
0000
0000
0000
0000
0000
0000
0000
0000
0000
0000
0000
0000
0000
0000
0000
0000
0000
0000
0000
0000
0000
0000
0000
0000
0000
0000
0000
0000
0000
0000
0000
0000
0000
0000
0000
0000
0000
0000
0000
0000
0000
0000
0000
0000
0000
0000
0000
0000
0000
0000
0000
0000
0000
0000
0000
0000
0000
0000
0000
0000
0000
0000
0000
0000
0000
0000
0000
0000
0000
0000
0000
0000
0000
0000
0000
0000
0000
0000
0000
0000
0000
0000
0000
0000
0000
0000
0000
0000
0000
0000
0000
0000
0000
0000
0000
0000
0000
0000
0000
0000
0000
0000
0000
0000
0000
0000
0000
0000
0000
0000
0000
0000
0000
0000
0000
0000
0000
0000
0000
0000
0000
0000
0000
0000
0000
0000
0000
0000
0000
0000
0000
0000
0000
0000
0000
0000
0000
0000
0000
0000
0000
0000
0000
0000
0000
0000
0000
0000
0000
0000
0000
0000
0000
0000
0000
0000
0000
0000
0000
0000
0000
0000
0000
0000
0000
0000
0000
0000
0000
0000
0000
0000
0000
0000
0000
0000
0000
0000
0000
0000
0000
0000
0000
0000
0000
0000
0000
0000
0000
0000
0000
0000
0000
0000
0000
0000
0000
0000
0000
0000
0000
0000
0000
0000
0000
0000
0000
0000
0000
0000
0000
0000
0000
0000
0000
0000
0000
0000
0000
0000
0000
0000
0000
0000
0000
0000
0000
0000
0000
0000
0000
0000
0000
0000
0000
0000
0000
0000
0000
0000
0000
0000
0000
0000
0000
0000
0000
0000
0000
0000
0000
0000
0000
0000
0000
0000
0000
0000
0000
0000
0000
0000
0000
0000
0000
0000
0000
0000
0000
0000
0000
0000
0000
0000
0000
0000
0000
0000
0000
0000
0000
0000
0000
0000
0000
0000
0000
0000
0000
0000
0000
0000
0000
0000
0000
0000
0000
0000
0000
0000
0000
0000
0000
0000
0000
0000
0000
0000
0000
0000
0000
0000
0000
0000
0000
0000
0000
0000
0000
0000
0000
0000
0000
0000
0000
0000
0000
0000
0000
0000
0000
0000
0000
0000
0000
0000
0000
0000
0000
0000
0000
0000
0000
0000
0000
0000
0000
0000
0000
0000
0000
0000
0000
0000
0000
0000
0000
0000
0000
0000
0000
0000
0000
0000
0000
0000
0000
0000
0000
0000
0000
0000
0000
0000
0000
0000
0000
0000
0000
0000
0000
0000
0000
0000
0000
0000
0000
0000
0000
0000
0000
0000
0000
0000
0000
0000
0000
0000
0000
0000
0000
0000
0000
0000
0000
0000
0000
0000
0000
0000
0000
0000
0000
0000
0000
0000
0000
0000
0000
0000
0000
0000
0000
0000
0000
0000
0000
0000
0000
0000
0000
0000
0000
0000
0000
0000
0000
0000
0000
0000
0000
0000
0000
0000
0000
0000
0000
0000
0000
0000
0000
0000
0000
0000
0000
0000
0000
0000
0000
0000
0000
0000
0000
0000
0000
0000
0000
0000
0000
0000
0000
0000
0000
0000
0000
0000
0000
0000
0000
0000
0000
0000
0000
0000
0000
0000
0000
0000
0000
0000
0000
0000
0000
0000
0000
0000
0000
0000
0000
0000
0000
0000
0000
0000
0000
0000
0000
0000
0000
0000
0000
0000
0000
0000
0000
0000
0000
0000
0000
0000
0000
0000
0000
0000
0000
0000
0000
0000
0000
0000
0000
0000
0000
0000
0000
0000
0000
0000
0000
0000
0000
0000
0000
0000
0000
0000
0000
0000
0000
0000
0000
0000
0000
0000
0000
0000
0000
0000
0000
0000
0000
0000
0000
0000
0000
0000
0000
0000
0000
0000
0000
0000
0000
0000
0000
0000
0000
0000
0000
0000
0000
0000
0000
0000
0000
0000
0000
0000
0000
0000
0000
0000
0000
0000
0000
0000
0000
0000
0000
0000
0000
0000
0000
0000
0000
0000
0000
0000
0000
0000
0000
0000
0000
0000
0000
0000
0000
0000
0000
0000
0000
0000
0000
0000
0000
0000
0000
0000
0000
0000
0000
0000
0000
0000
0000
0000
0000
0000
0000
0000
0000
0000
0000
0000
0000
0000
0000
0000
0000
0000
0000
0000
0000
0000
0000
0000
0000
0000
0000
0000
0000
0000
0000
0000
0000
0000
0000
0000
0000
0000
0000
0000
0000
0000
0000
0000
0000
0000
0000
0000
0000
0000
0000
0000
0000
0000
0000
0000
0000
0000
0000
0000
0000
0000
0000
0000
0000
0000
0000
0000
0000
0000
0000
0000
0000
0000
0000
0000
0000
0000
0000
0000
0000
0000
0000
0000
0000
0000
0000
0000
0000
0000
0000
0000
0000
0000
0000
0000
0000
0000
0000
0000
0000
0000
0000
0000
0000
0000
0000
0000
0000
0000
0000
0000
0000
0000
0000
0000
0000
0000
0000
0000
0000
0000
0000
0000
0000
0000
0000
0000
0000
0000
0000
0000
0000
0000
0000
0000
0000
0000
0000
0000
0000
0000
0000
0000
0000
0000
0000
0000
0000
0000
0000
0000
0000
0000
0000
0000
0000
0000
0000
0000
0000
0000
0000
0000
0000
0000
0000
0000
0000
0000
0000
0000
0000
0000
0000
0000
0000
0000
0000
0000
0000
0000
0000
0000
0000
0000
0000
0000
0000
0000
0000
0000
0000
0000
0000
0000
0000
0000
0000
0000
0000
0000
0000
0000
0000
0000
0000
0000
0000
0000
0000
0000
0000
0000
0000
0000
0000
0000
0000
0000
0000
0000
0000
0000
0000
0000
0000
0000
0000
0000
0000
0000
0000
0000
0000
0000
0000
0000
0000
0000
0000
0000
0000
0000
0000
0000
0000
0000
0000
0000
0000
0000
0000
0000
0000
0000
0000
0000
0000
0000
0000
0000
0000
0000
0000
0000
0000
0000
0000
0000
0000
0000
0000
0000
0000
0000
0000
0000
0000
0000
0000
0000
0000
0000
0000
0000
0000
0000
0000
0000
0000
0000
0000
0000
0000
0000
0000
0000
0000
0000
0000
0000
0000
0000
0000
0000
0000
0000
0000
0000
0000
0000
0000
0000
0000
0000
0000
0000
0000
0000
0000
0000
0000
0000
0000
0000
0000
0000
0000
0000
0000
0000
0000
0000
0000
0000
0000
0000
0000
0000
0000
0000
0000
0000
0000
0000
0000
0000
0000
0000
0000
0000
0000
0000
0000
0000
0000
0000
0000
0000
0000
0000
0000
0000
0000
0000
0000
0000
0000
0000
0000
0000
0000
0000
0000
0000
0000
0000
0000
0000
0000
0000
0000
0000
0000
0000
0000
0000
0000
0000
0000
0000
0000
0000
0000
0000
0000
0000
0000
0000
0000
0000
0000
0000
0000
0000
0000
0000
0000
0000
0000
0000
0000
0000
0000
0000
0000
0000
0000
0000
0000
0000
0000
0000
0000
0000
0000
0000
0000
0000
0000
0000
0000
0000
0000
0000
0000
0000
0000
0000
0000
0000
0000
0000
0000
0000
0000
0000
0000
0000
0000
0000
0000
0000
0000
0000
0000
0000
0000
0000
0000
0000
0000
0000
0000
0000
0000
0000
0000
0000
0000
0000
0000
0000
0000
0000
0000
0000
0000
0000
0000
0000
0000
0000
0000
0000
0000
0000
0000
0000
0000
0000
0000
0000
0000
0000
0000
0000
0000
0000
0000
0000
0000
0000
0000
0000
0000
0000
0000
0000
0000
0000
0000
0000
0000
0000
0000
0000
0000
0000
0000
0000
0000
0000
0000
0000
0000
0000
0000
0000
0000
0000
0000
0000
0000
0000
0000
0000
0000
0000
0000
0000
0000
0000
0000
0000
0000
0000
0000
0000
0000
0000
0000
0000
0000
0000
0000
0000
0000
0000
0000
0000
0000
0000
0000
0000
0000
0000
0000
0000
0000
0000
0000
0000
0000
0000
0000
0000
0000
0000
0000
0000
0000
0000
0000
0000
0000
0000
0000
0000
0000
0000
0000
0000
0000
0000
0000
0000
0000
0000
0000
0000
0000
0000
0000
0000
0000
0000
0000
0000
0000
0000
0000
0000
0000
0000
0000
0000
0000
0000
0000
0000
0000
0000
0000
0000
0000
0000
0000
0000
0000
0000
0000
0000
0000
0000
0000
0000
0000
0000
0000
0000
0000
0000
0000
0000
0000
0000
0000
0000
0000
0000
0000
0000
0000
0000
0000
0000
0000
0000
0000
0000
0000
0000
0000
0000
0000
0000
0000
0000
0000
0000
0000
0000
0000
0000
0000
0000
0000
0000
0000
0000
0000
0000
0000
0000
0000
0000
0000
0000
0000
0000
0000
0000
0000
0000
0000
0000
0000
0000
0000
0000
0000
0000
0000
0000
0000
0000
0000
0000
0000
0000
0000
0000
0000
0000
0000
0000
0000
0000
0000
0000
0000
0000
0000
0000
0000
0000
0000
0000
0000
0000
0000
0000
0000
0000
0000
0000
0000
0000
0000
0000
0000
0000
0000
0000
0000
0000
0000
0000
0000
0000
0000
0000
0000
0000
0000
0000
0000
0000
0000
0000
0000
0000
0000
0000
0000
0000
0000
0000
0000
0000
0000
0000
0000
0000
0000
0000
0000
0000
0000
0000
0000
0000
0000
0000
0000
0000
0000
0000
0000
0000
0000
0000
0000
0000
0000
0000
0000
0000
0000
0000
0000
0000
0000
0000
0000
0000
0000
0000
0000
0000
0000
0000
0000
0000
0000
0000
0000
0000
0000
0000
0000
0000
0000
0000
0000
0000
0000
0000
0000
0000
0000
0000
0000
0000
0000
0000
0000
0000
0000
0000
0000
0000
0000
0000
0000
0000
0000
0000
0000
0000
0000
0000
0000
0000
0000
0000
0000
0000
0000
0000
0000
0000
0000
0000
0000
0000
0000
0000
0000
0000
0000
0000
0000
0000
0000
0000
0000
0000
0000
0000
0000
0000
0000
0000
0000
0000
0000
0000
0000
0000
0000
0000
0000
0000
0000
0000
0000
0000
0000
0000
0000
0000
0000
0000
0000
0000
0000
0000
0000
0000
0000
0000
0000
0000
0000
0000
0000
0000
0000
0000
0000
0000
0000
0000
0000
0000
0000
0000
0000
0000
0000
0000
0000
0000
0000
0000
0000
0000
0000
0000
0000
0000
0000
0000
0000
0000
0000
0000
0000
0000
0000
0000
0000
0000
0000
0000
0000
0000
0000
0000
0000
0000
0000
0000
0000
0000
0000
0000
0000
0000
0000
0000
0000
0000
0000
0000
0000
0000
0000
0000
0000
0000
0000
0000
0000
0000
0000
0000
0000
0000
0000
0000
0000
0000
0000
0000
0000
0000
0000
0000
0000
0000
0000
0000
0000
0000
0000
0000
0000
0000
0000
0000
0000
0000
0000
0000
0000
0000
0000
0000
0000
0000
0000
0000
0000
0000
0000
0000
0000
0000
0000
0000
0000
0000
0000
0000
0000
0000
0000
0000
0000
0000
0000
0000
0000
0000
0000
0000
0000
0000
0000
0000
0000
0000
0000
0000
0000
0000
0000
0000
0000
0000
0000
0000
0000
0000
0000
0000
0000
0000
0000
0000
0000
0000
0000
0000
0000
0000
0000
0000
0000
0000
0000
0000
0000
0000
0000
0000
0000
0000
0000
0000
0000
0000
0000
0000
0000
0000
0000
0000
0000
0000
0000
0000
0000
0000
0000
0000
0000
0000
0000
0000
0000
0000
0000
0000
0000
0000
0000
0000
0000
0000
0000
0000
0000
0000
0000
0000
0000
0000
0000
0000
0000
0000
0000
0000
0000
0000
0000
0000
0000
0000
0000
0000
0000
0000
0000
0000
0000
0000
0000
0000
0000
0000
0000
0000
0000
0000
0000
0000
0000
0000
0000
0000
0000
0000
0000
0000
0000
0000
0000
0000
0000
0000
0000
0000
0000
0000
0000
0000
0000
0000
0000
0000
0000
0000
0000
0000
0000
0000
0000
0000
0000
0000
0000
0000
0000
0000
0000
0000
0000
0000
0000
0000
0000
0000
0000
0000
0000
0000
0000
0000
0000
0000
0000
0000
0000
0000
0000
0000
0000
0000
0000
0000
0000
0000
0000
0000
0000
0000
0000
0000
0000
0000
0000
0000
0000
0000
0000
0000
0000
0000
0000
0000
0000
0000
0000
0000
0000
0000
0000
0000
0000
0000
0000
0000
0000
0000
0000
0000
0000
0000
0000
0000
0000
0000
0000
0000
0000
0000
0000
0000
0000
0000
0000
0000
0000
0000
0000
0000
0000
0000
0000
0000
0000
0000
0000
0000
0000
0000
0000
0000
0000
0000
0000
0000
0000
0000
0000
0000
0000
0000
0000
0000
0000
0000
0000
0000
0000
0000
0000
0000
0000
0000
0000
0000
0000
0000
0000
0000
0000
0000
0000
0000
0000
0000
0000
0000
0000
0000
0000
0000
0000
0000
0000
0000
0000
0000
0000
0000
0000
0000
0000
0000
0000
0000
0000
0000
0000
0000
0000
0000
0000
0000
0000
0000
0000
0000
0000
0000
0000
0000
0000
0000
0000
0000
0000
0000
0000
0000
0000
0000
0000
0000
0000
0000
0000
0000
0000
0000
0000
0000
0000
0000
0000
0000
0000
0000
0000
0000
0000
0000
0000
0000
0000
0000
0000
0000
0000
0000
0000
0000
0000
0000
0000
0000
0000
0000
0000
0000
0000
0000
0000
0000
0000
0000
0000
0000
0000
0000
0000
0000
0000
0000
0000
0000
0000
0000
0000
0000
0000
0000
0000
0000
0000
0000
0000
0000
0000
0000
0000
0000
0000
0000
0000
0000
0000
0000
0000
0000
0000
0000
0000
0000
0000
0000
0000
0000
0000
0000
0000
0000
0000
0000
0000
0000
0000
0000
0000
0000
0000
0000
0000
0000
0000
0000
0000
0000
0000
0000
0000
0000
0000
0000
0000
0000
0000
0000
0000
0000
0000
0000
0000
0000
0000
0000
0000
0000
0000
0000
0000
0000
0000
0000
0000
0000
0000
0000
0000
0000
0000
0000
0000
0000
0000
0000
0000
0000
0000
0000
0000
0000
0000
0000
0000
0000
0000
0000
0000
0000
0000
0000
0000
0000
0000
0000
0000
0000
0000
0000
0000
0000
0000
0000
0000
0000
0000
0000
0000
0000
0000
0000
0000
0000
0000
0000
0000
0000
0000
0000
0000
0000
0000
0000
0000
0000
0000
0000
0000
0000
0000
0000
0000
0000
0000
0000
0000
0000
0000
0000
0000
0000
0000
0000
0000
0000
0000
0000
0000
0000
0000
0000
0000
0000
0000
0000
0000
0000
0000
0000
0000
0000
0000
0000
0000
0000
0000
0000
0000
0000
0000
0000
0000
0000
0000
0000
0000
0000
0000
0000
0000
0000
0000
0000
0000
0000
0000
0000
0000
0000
0000
0000
0000
0000
0000
0000
0000
0000
0000
0000
0000
0000
0000
0000
0000
0000
0000
0000
0000
0000
0000
0000
0000
0000
0000
0000
0000
0000
0000
0000
0000
0000
0000
0000
0000
0000
0000
0000
0000
0000
0000
0000
0000
0000
0000
0000
0000
0000
0000
0000
0000
0000
0000
0000
0000
0000
0000
0000
0000
0000
0000
0000
0000
0000
0000
0000
0000
0000
0000
0000
0000
0000
0000
0000
0000
0000
0000
0000
0000
0000
0000
0000
0000
0000
0000
0000
0000
0000
0000
0000
0000
0000
0000
0000
0000
0000
0000
0000
0000
0000
0000
0000
0000
0000
0000
0000
0000
0000
0000
0000
0000
0000
0000
0000
0000
0000
0000
0000
0000
0000
0000
0000
0000
0000
0000
0000
0000
0000
0000
0000
0000
0000
0000
0000
0000
0000
0000
0000
0000
0000
0000
0000
0000
0000
0000
0000
0000
0000
0000
0000
0000
0000
0000
0000
0000
0000
0000
0000
0000
0000
0000
0000
0000
0000
0000
0000
0000
0000
0000
0000
0000
0000
0000
0000
0000
0000
0000
0000
0000
0000
0000
0000
0000
0000
0000
0000
0000
0000
0000
0000
0000
0000
0000
0000
0000
0000
0000
0000
0000
0000
0000
0000
0000
0000
0000
0000
0000
0000
0000
0000
0000
0000
0000
0000
0000
0000
0000
0000
0000
0000
0000
0000
0000
0000
0000
0000
0000
0000
0000
0000
0000
0000
0000
0000
0000
0000
0000
0000
0000
0000
0000
0000
0000
0000
0000
0000
0000
0000
0000
0000
0000
0000
0000
0000
0000
0000
0000
0000
0000
0000
0000
0000
0000
0000
0000
0000
0000
0000
0000
0000
0000
0000
0000
0000
0000
0000
0000
0000
0000
0000
0000
0000
0000
0000
0000
0000
0000
0000
0000
0000
0000
0000
0000
0000
0000
0000
0000
0000
0000
0000
0000
0000
0000
0000
0000
0000
0000
0000
0000
0000
0000
0000
0000
0000
0000
0000
0000
0000
0000
0000
0000
0000
0000
0000
0000
0000
0000
0000
0000
0000
0000
0000
0000
0000
0000
0000
0000
0000
0000
0000
0000
0000
0000
0000
0000
0000
0000
0000
0000
0000
0000
0000
0000
0000
0000
0000
0000
0000
0000
0000
0000
0000
0000
0000
0000
0000
0000
0000
0000
0000
0000
0000
0000
0000
0000
0000
0000
0000
0000
0000
0000
0000
0000
0000
0000
0000
0000
0000
0000
0000
0000
0000
0000
0000
0000
0000
0000
0000
0000
0000
0000
0000
0000
0000
0000
0000
0000
0000
0000
0000
0000
0000
0000
0000
0000
0000
0000
0000
0000
0000
0000
0000
0000
0000
0000
0000
0000
0000
0000
0000
0000
0000
0000
0000
0000
0000
0000
0000
0000
0000
0000
0000
0000
0000
0000
0000
0000
0000
0000
0000
0000
0000
0000
0000
0000
0000
0000
0000
0000
0000
0000
0000
0000
0000
0000
0000
0000
0000
0000
0000
0000
0000
0000
0000
0000
0000
0000
0000
0000
0000
0000
0000
0000
0000
0000
0000
0000
0000
0000
0000
0000
0000
0000
0000
0000
0000
0000
0000
0000
0000
0000
0000
0000
0000
0000
0000
0000
0000
0000
0000
0000
0000
0000
0000
0000
0000
0000
0000
0000
0000
0000
0000
0000
0000
0000
0000
0000
0000
0000
0000
0000
0000
0000
0000
0000
0000
0000
0000
0000
0000
0000
0000
0000
0000
0000
0000
0000
0000
0000
0000
0000
0000
0000
0000
0000
0000
0000
0000
0000
0000
0000
0000
0000
0000
0000
0000
0000
0000
0000
0000
0000
0000
0000
0000
0000
0000
0000
0000
0000
0000
0000
0000
0000
0000
0000
0000
0000
0000
0000
0000
0000
0000
0000
0000
0000
0000
0000
0000
0000
0000
0000
0000
0000
0000
0000
0000
0000
0000
0000
0000
0000
0000
0000
0000
0000
0000
0000
0000
0000
0000
0000
0000
0000
0000
0000
0000
0000
0000
0000
0000
0000
0000
0000
0000
0000
0000
0000
0000
0000
0000
0000
0000
0000
0000
0000
0000
0000
0000
0000
0000
0000
0000
0000
0000
0000
0000
0000
0000
0000
0000
0000
0000
0000
0000
0000
0000
0000
0000
0000
0000
0000
0000
0000
0000
0000
0000
0000
0000
0000
0000
0000
0000
0000
0000
0000
0000
0000
0000
0000
0000
0000
0000
0000
0000
0000
0000
0000
0000
0000
0000
0000
0000
0000
0000
0000
0000
0000
0000
0000
0000
0000
0000
0000
0000
0000
0000
0000
0000
0000
0000
0000
0000
0000
0000
0000
0000
0000
0000
0000
0000
0000
0000
0000
0000
0000
0000
0000
0000
0000
0000
0000
0000
0000
0000
0000
0000
0000
0000
0000
0000
0000
0000
0000
0000
0000
0000
0000
0000
0000
0000
0000
0000
0000
0000
0000
0000
0000
0000
0000
0000
0000
0000
0000
0000
0000
0000
0000
0000
0000
0000
0000
0000
0000
0000
0000
0000
0000
0000
0000
0000
0000
0000
0000
0000
0000
0000
0000
0000
0000
0000
0000
0000
0000
0000
0000
0000
0000
0000
0000
0000
0000
0000
0000
0000
0000
0000
0000
0000
0000
0000
0000
0000
0000
0000
0000
0000
0000
0000
0000
0000
0000
0000
0000
0000
0000
0000
0000
0000
0000
0000
0000
0000
0000
0000
0000
0000
0000
0000
0000
0000
0000
0000
0000
0000
0000
0000
0000
0000
0000
0000
0000
0000
0000
0000
0000
0000
0000
0000
0000
0000
0000
0000
0000
0000
0000
0000
0000
0000
0000
0000
0000
0000
0000
0000
0000
0000
0000
0000
0000
0000
0000
0000
0000
0000
0000
0000
0000
0000
0000
0000
0000
0000
0000
0000
0000
0000
0000
0000
0000
0000
0000
0000
0000
0000
0000
0000
0000
0000
0000
0000
0000
0000
0000
0000
0000
0000
0000
0000
0000
0000
0000
0000
0000
0000
0000
0000
0000
0000
0000
0000
0000
0000
0000
0000
0000
0000
0000
0000
0000
0000
0000
0000
0000
0000
0000
0000
0000
0000
0000
0000
0000
0000
0000
0000
0000
0000
0000
0000
0000
0000
0000
0000
0000
0000
0000
0000
0000
0000
0000
0000
0000
0000
0000
0000
0000
0000
0000
0000
0000
0000
0000
0000
0000
0000
0000
0000
0000
0000
0000
0000
0000
0000
0000
0000
0000
0000
0000
0000
0000
0000
0000
0000
0000
0000
0000
0000
0000
0000
0000
0000
0000
0000
0000
0000
0000
0000
0000
0000
0000
0000
0000
0000
0000
0000
0000
0000
0000
0000
0000
0000
0000
0000
0000
0000
0000
0000
0000
0000
0000
0000
0000
0000
0000
0000
0000
0000
0000
0000
0000
0000
0000
0000
0000
0000
0000
0000
0000
0000
0000
0000
0000
0000
0000
0000
0000
0000
0000
0000
0000
0000
0000
0000
0000
0000
0000
0000
0000
0000
0000
0000
0000
0000
0000
0000
0000
0000
0000
0000
0000
0000
0000
0000
0000
0000
0000
0000
0000
0000
0000
0000
0000
0000
0000
0000
0000
0000
0000
0000
0000
0000
0000
0000
0000
0000
0000
0000
0000
0000
0000
0000
0000
0000
0000
0000
0000
0000
0000
0000
0000
0000
0000
0000
0000
0000
0000
0000
0000
0000
0000
0000
0000
0000
0000
0000
0000
0000
0000
0000
0000
0000
0000
0000
0000
0000
0000
0000
0000
0000
0000
0000
0000
0000
0000
0000
0000
0000
0000
0000
0000
0000
0000
0000
0000
0000
0000
0000
0000
0000
0000
0000
0000
0000
0000
0000
0000
0000
0000
0000
0000
0000
0000
0000
0000
0000
0000
0000
0000
0000
0000
0000
0000
0000
0000
0000
0000
0000
0000
0000
0000
0000
0000
0000
0000
0000
0000
0000
0000
0000
0000
0000
0000
0000
0000
0000
0000
0000
0000
0000
0000
0000
0000
0000
0000
0000
0000
0000
0000
0000
0000
0000
0000
0000
0000
0000
0000
0000
0000
0000
0000
0000
0000
0000
0000
0000
0000
0000
0000
0000
0000
0000
0000
0000
0000
0000
0000
0000
0000
0000
0000
0000
0000
0000
0000
0000
0000
0000
0000
0000
0000
0000
0000
0000
0000
0000
0000
0000
0000
0000
0000
0000
0000
0000
0000
0000
0000
0000
0000
0000
0000
0000
0000
0000
0000
0000
0000
0000
0000
0000
0000
0000
0000
0000
0000
0000
0000
0000
0000
0000
0000
0000
0000
0000
0000
0000
0000
0000
0000
0000
0000
0000
0000
0000
0000
0000
0000
0000
0000
0000
0000
0000
0000
0000
0000
0000
0000
0000
0000
0000
0000
0000
0000
0000
0000
0000
0000
0000
0000
0000
0000
0000
0000
0000
0000
0000
0000
0000
0000
0000
0000
0000
0000
0000
0000
0000
0000
0000
0000
0000
0000
0000
0000
0000
0000
0000
0000
0000
0000
0000
0000
0000
0000
0000
0000
0000
0000
0000
0000
0000
0000
0000
0000
0000
0000
0000
0000
0000
0000
0000
0000
0000
0000
0000
0000
0000
0000
0000
0000
0000
0000
0000
0000
0000
0000
0000
0000
0000
0000
0000
0000
0000
0000
0000
0000
0000
0000
0000
0000
0000
0000
0000
0000
0000
0000
0000
0000
0000
0000
0000
0000
0000
0000
0000
0000
0000
0000
0000
0000
0000
0000
0000
0000
0000
0000
0000
0000
0000
0000
0000
0000
0000
0000
0000
0000
0000
0000
0000
0000
0000
0000
0000
0000
0000
0000
0000
0000
0000
0000
0000
0000
0000
0000
0000
0000
0000
0000
0000
0000
0000
0000
0000
0000
0000
0000
0000
0000
0000
0000
0000
0000
0000
0000
0000
0000
0000
0000
0000
0000
0000
0000
0000
0000
0000
0000
0000
0000
0000
0000
0000
0000
0000
0000
0000
0000
0000
0000
0000
0000
0000
0000
0000
0000
0000
0000
0000
0000
0000
0000
0000
0000
0000
0000
0000
0000
0000
0000
0000
0000
0000
0000
0000
0000
0000
0000
0000
0000
0000
0000
0000
0000
0000
0000
0000
0000
0000
0000
0000
0000
0000
0000
0000
0000
0000
0000
0000
0000
0000
0000
0000
0000
0000
0000
0000
0000
0000
0000
0000
0000
0000
0000
0000
0000
0000
0000
0000
0000
0000
0000
0000
0000
0000
0000
0000
0000
0000
0000
0000
0000
0000
0000
0000
0000
0000
0000
0000
0000
0000
0000
0000
0000
0000
0000
0000
0000
0000
0000
0000
0000
0000
0000
0000
0000
0000
0000
0000
0000
0000
0000
0000
0000
0000
0000
0000
0000
0000
0000
0000
0000
0000
0000
0000
0000
0000
0000
0000
0000
0000
0000
0000
0000
0000
0000
0000
0000
0000
0000
0000
0000
0000
0000
0000
0000
0000
0000
0000
0000
0000
0000
0000
0000
0000
0000
0000
0000
0000
0000
0000
0000
0000
0000
0000
0000
0000
0000
0000
0000
0000
0000
0000
0000
0000
0000
0000
0000
0000
0000
0000
0000
0000
0000
0000
0000
0000
0000
0000
0000
0000
0000
0000
0000
0000
0000
0000
0000
0000
0000
0000
0000
0000
0000
0000
0000
0000
0000
0000
0000
0000
0000
0000
0000
0000
0000
0000
0000
0000
0000
0000
0000
0000
0000
0000
0000
0000
0000
0000
0000
0000
0000
0000
0000
0000
0000
0000
0000
0000
0000
0000
0000
0000
0000
0000
0000
0000
0000
0000
0000
0000
0000
0000
0000
0000
0000
0000
0000
0000
0000
0000
0000
0000
0000
0000
0000
0000
0000
0000
0000
0000
0000
0000
0000
0000
0000
0000
0000
0000
0000
0000
0000
0000
0000
0000
0000
0000
0000
0000
0000
0000
0000
0000
0000
0000
0000
0000
0000
0000
0000
0000
0000
0000
0000
0000
0000
0000
0000
0000
0000
0000
0000
0000
0000
0000
0000
0000
0000
0000
0000
0000
0000
0000
0000
0000
0000
0000
0000
0000
0000
0000
0000
0000
0000
0000
0000
0000
0000
0000
0000
0000
0000
0000
0000
0000
0000
0000
0000
0000
0000
0000
0000
0000
0000
0000
0000
0000
0000
0000
0000
0000
0000
0000
0000
0000
0000
0000
0000
0000
0000
0000
0000
0000
0000
0000
0000
0000
0000
0000
0000
0000
0000
0000
0000
0000
0000
0000
0000
0000
0000
0000
0000
0000
0000
0000
0000
0000
0000
0000
0000
0000
0000
0000
0000
0000
0000
0000
0000
0000
0000
0000
0000
0000
0000
0000
0000
0000
0000
0000
0000
0000
0000
0000
0000
0000
0000
0000
0000
0000
0000
0000
0000
0000
0000
0000
0000
0000
0000
0000
0000
0000
0000
0000
0000
0000
0000
0000
0000
0000
0000
0000
0000
0000
0000
0000
0000
0000
0000
0000
0000
0000
0000
0000
0000
0000
0000
0000
0000
0000
0000
0000
0000
0000
0000
0000
0000
0000
0000
0000
0000
0000
0000
0000
0000
0000
0000
0000
0000
0000
0000
0000
0000
0000
0000
0000
0000
0000
0000
0000
0000
0000
0000
0000
0000
0000
0000
0000
0000
0000
0000
0000
0000
0000
0000
0000
0000
0000
0000
0000
0000
0000
0000
0000
0000
0000
0000
0000
0000
0000
0000
0000
0000
0000
0000
0000
0000
0000
0000
0000
0000
0000
0000
0000
0000
0000
0000
0000
0000
0000
0000
0000
0000
0000
0000
0000
0000
0000
0000
0000
0000
0000
0000
0000
0000
0000
0000
0000
0000
0000
0000
0000
0000
0000
0000
0000
0000
0000
0000
0000
0000
0000
0000
0000
0000
0000
0000
0000
0000
0000
0000
0000
0000
0000
0000
0000
0000
0000
0000
0000
0000
0000
0000
0000
0000
0000
0000
0000
0000
0000
0000
0000
0000
0000
0000
0000
0000
0000
0000
0000
0000
0000
0000
0000
0000
0000
0000
0000
0000
0000
0000
0000
0000
0000
0000
0000
0000
0000
0000
0000
0000
0000
0000
0000
0000
0000
0000
0000
0000
0000
0000
0000
0000
0000
0000
0000
0000
0000
0000
0000
0000
0000
0000
0000
0000
0000
0000
0000
0000
0000
0000
0000
0000
0000
0000
0000
0000
0000
0000
0000
0000
0000
0000
0000
0000
0000
0000
0000
0000
0000
0000
0000
0000
0000
0000
0000
0000
0000
0000
0000
0000
0000
0000
0000
0000
0000
0000
0000
0000
0000
0000
0000
0000
0000
0000
0000
0000
0000
0000
0000
0000
0000
0000
0000
0000
0000
0000
0000
0000
0000
0000
0000
0000
0000
0000
0000
0000
0000
0000
0000
0000
0000
0000
0000
0000
0000
0000
0000
0000
0000
0000
0000
0000
0000
0000
0000
0000
0000
0000
0000
0000
0000
0000
0000
0000
0000
0000
0000
0000
0000
0000
0000
0000
0000
0000
0000
0000
0000
0000
0000
0000
0000
0000
0000
0000
0000
0000
0000
0000
0000
0000
0000
0000
0000
0000
0000
0000
0000
0000
0000
0000
0000
0000
0000
0000
0000
0000
0000
0000
0000
0000
0000
0000
0000
0000
0000
0000
0000
0000
0000
0000
0000
0000
0000
0000
0000
0000
0000
0000
0000
0000
0000
0000
0000
0000
0000
0000
0000
0000
0000
0000
0000
0000
0000
0000
0000
0000
0000
0000
0000
0000
0000
0000
0000
0000
0000
0000
0000
0000
0000
0000
0000
0000
0000
0000
0000
0000
0000
0000
0000
0000
0000
0000
0000
0000
0000
0000
0000
0000
0000
0000
0000
0000
0000
0000
0000
0000
0000
0000
0000
0000
0000
0000
0000
0000
0000
0000
0000
0000
0000
0000
0000
0000
0000
0000
0000
0000
0000
0000
0000
0000
0000
0000
0000
0000
0000
0000
0000
0000
0000
0000
0000
0000
0000
0000
0000
0000
0000
0000
0000
0000
0000
0000
0000
0000
0000
0000
0000
0000
0000
0000
0000
0000
0000
0000
0000
0000
0000
0000
0000
0000
0000
0000
0000
0000
0000
0000
0000
0000
0000
0000
0000
0000
0000
0000
0000
0000
0000
0000
0000
0000
0000
0000
0000
0000
0000
0000
0000
0000
0000
0000
0000
0000
0000
0000
0000
0000
0000
0000
0000
0000
0000
0000
0000
0000
0000
0000
0000
0000
0000
0000
0000
0000
0000
0000
0000
0000
0000
0000
0000
0000
0000
0000
0000
0000
0000
0000
0000
0000
0000
0000
0000
0000
0000
0000
0000
0000
0000
0000
0000
0000
0000
0000
0000
0000
0000
0000
0000
0000
0000
0000
0000
0000
0000
0000
0000
0000
0000
0000
0000
0000
0000
0000
0000
0000
0000
0000
0000
0000
0000
0000
0000
0000
0000
0000
0000
0000
0000
0000
0000
0000
0000
0000
0000
0000
0000
0000
0000
0000
0000
0000
0000
0000
0000
0000
0000
0000
0000
0000
0000
0000
0000
0000
0000
0000
0000
0000
0000
0000
0000
0000
0000
0000
0000
0000
0000
0000
0000
0000
0000
0000
0000
0000
0000
0000
0000
0000
0000
0000
0000
0000
0000
0000
0000
0000
0000
0000
0000
0000
0000
0000
0000
0000
0000
0000
0000
0000
0000
0000
0000
0000
0000
0000
0000
0000
0000
0000
0000
0000
0000
0000
0000
0000
0000
0000
0000
0000
0000
0000
0000
0000
0000
0000
0000
0000
0000
0000
0000
0000
0000
0000
0000
0000
0000
0000
0000
0000
0000
0000
0000
0000
0000
0000
0000
0000
0000
0000
0000
0000
0000
0000
0000
0000
0000
0000
0000
0000
0000
0000
0000
0000
0000
0000
0000
0000
0000
0000
0000
0000
0000
0000
0000
0000
0000
0000
0000
0000
0000
0000
0000
0000
0000
0000
0000
0000
0000
0000
0000
0000
0000
0000
0000
0000
0000
0000
0000
0000
0000
0000
0000
0000
0000
0000
0000
0000
0000
0000
0000
0000
0000
0000
0000
0000
0000
0000
0000
0000
0000
0000
0000
0000
0000
0000
0000
0000
0000
0000
0000
0000
0000
0000
0000
0000
0000
0000
0000
0000
0000
0000
0000
0000
0000
0000
0000
0000
0000
0000
0000
0000
0000
0000
0000
0000
0000
0000
0000
0000
0000
0000
0000
0000
0000
0000
0000
0000
0000
0000
0000
0000
0000
0000
0000
0000
0000
0000
0000
0000
0000
0000
0000
0000
0000
0000
0000
0000
0000
0000
0000
0000
0000
0000
0000
0000
0000
0000
0000
0000
0000
0000
0000
0000
0000
0000
0000
0000
0000
0000
0000
0000
0000
0000
0000
0000
0000
0000
0000
0000
0000
0000
0000
0000
0000
0000
0000
0000
0000
0000
0000
0000
0000
0000
0000
0000
0000
0000
0000
0000
0000
0000
0000
0000
0000
0000
0000
0000
0000
0000
0000
0000
0000
0000
0000
0000
0000
0000
0000
0000
0000
0000
0000
0000
0000
0000
0000
0000
0000
0000
0000
0000
0000
0000
0000
0000
0000
0000
0000
0000
0000
0000
0000
0000
0000
0000
0000
0000
0000
0000
0000
0000
0000
0000
0000
0000
0000
0000
0000
0000
0000
0000
0000
0000
0000
0000
0000
0000
0000
0000
0000
0000
0000
0000
0000
0000
0000
0000
0000
0000
0000
0000
0000
0000
0000
0000
0000
0000
0000
0000
0000
0000
0000
0000
0000
0000
0000
0000
0000
0000
0000
0000
0000
0000
0000
0000
0000
0000
0000
0000
0000
0000
0000
0000
0000
0000
0000
0000
0000
0000
0000
0000
0000
0000
0000
0000
0000
0000
0000
0000
0000
0000
0000
0000
0000
0000
0000
0000
0000
0000
0000
0000
0000
0000
0000
0000
0000
0000
0000
0000
0000
0000
0000
0000
0000
0000
0000
0000
0000
0000
0000
0000
0000
0000
0000
0000
0000
0000
0000
0000
0000
0000
0000
0000
0000
0000
0000
0000
0000
0000
0000
0000
0000
0000
0000
0000
0000
0000
0000
0000
0000
0000
0000
0000
0000
0000
0000
0000
0000
0000
0000
0000
0000
0000
0000
0000
0000
0000
0000
0000
0000
0000
0000
0000
0000
0000
0000
0000
0000
0000
0000
0000
0000
0000
0000
0000
0000
0000
0000
0000
0000
0000
0000
0000
0000
0000
0000
0000
0000
0000
0000
0000
0000
0000
0000
0000
0000
0000
0000
0000
0000
0000
0000
0000
0000
0000
0000
0000
0000
0000
0000
0000
0000
0000
0000
0000
0000
0000
0000
0000
0000
0000
0000
0000
0000
0000
0000
0000
0000
0000
0000
0000
0000
0000
0000
0000
0000
0000
0000
0000
0000
0000
0000
0000
0000
0000
0000
0000
0000
0000
0000
0000
0000
0000
0000
0000
0000
0000
0000
0000
0000
0000
0000
0000
0000
0000
0000
0000
0000
0000
0000
0000
0000
0000
0000
0000
0000
0000
0000
0000
0000
0000
0000
0000
0000
0000
0000
0000
0000
0000
0000
0000
0000
0000
0000
0000
0000
0000
0000
0000
0000
0000
0000
0000
0000
0000
0000
0000
0000
0000
0000
0000
0000
0000
0000
0000
0000
0000
0000
0000
0000
0000
0000
0000
0000
0000
0000
0000
0000
0000
0000
0000
0000
0000
0000
0000
0000
0000
0000
0000
0000
0000
0000
0000
0000
0000
0000
0000
0000
0000
0000
0000
0000
0000
0000
0000
0000
0000
0000
0000
0000
0000
0000
0000
0000
0000
0000
0000
0000
0000
0000
0000
0000
0000
0000
0000
0000
0000
0000
0000
0000
0000
0000
0000
0000
0000
0000
0000
0000
0000
0000
0000
0000
0000
0000
0000
0000
0000
0000
0000
0000
0000
0000
0000
0000
0000
0000
0000
0000
0000
0000
0000
0000
0000
0000
0000
0000
0000
0000
0000
0000
0000
0000
0000
0000
0000
0000
0000
0000
0000
0000
0000
0000
0000
0000
0000
0000
0000
0000
0000
0000
0000
0000
0000
0000
0000
0000
0000
0000
0000
0000
0000
0000
0000
0000
0000
0000
0000
0000
0000
0000
0000
0000
0000
0000
0000
0000
0000
0000
0000
0000
0000
0000
0000
0000
0000
0000
0000
0000
0000
0000
0000
0000
0000
0000
0000
0000
0000
0000
0000
0000
0000
0000
0000
0000
0000
0000
0000
0000
0000
0000
0000
0000
0000
0000
0000
0000
0000
0000
0000
0000
0000
0000
0000
0000
0000
0000
0000
0000
0000
0000
0000
0000
0000
0000
0000
0000
0000
0000
0000
0000
0000
0000
0000
0000
0000
0000
0000
0000
0000
0000
0000
0000
0000
0000
0000
0000
0000
0000
0000
0000
0000
0000
0000
0000
0000
0000
0000
0000
0000
0000
0000
0000
0000
0000
0000
0000
0000
0000
0000
0000
0000
0000
0000
0000
0000
0000
0000
0000
0000
0000
0000
0000
0000
0000
0000
0000
0000
0000
0000
0000
0000
0000
0000
0000
0000
0000
0000
0000
0000
0000
0000
0000
0000
0000
0000
0000
0000
0000
0000
0000
0000
0000
0000
0000
0000
0000
0000
0000
0000
0000
0000
0000
0000
0000
0000
0000
0000
0000
0000
0000
0000
0000
0000
0000
0000
0000
0000
0000
0000
0000
0000
0000
0000
0000
0000
0000
0000
0000
0000
0000
0000
0000
0000
0000
0000
0000
0000
0000
0000
0000
0000
0000
0000
0000
0000
0000
0000
0000
0000
0000
0000
0000
0000
0000
0000
0000
0000
0000
0000
0000
0000
0000
0000
0000
0000
0000
0000
0000
0000
0000
0000
0000
0000
0000
0000
0000
0000
0000
0000
0000
0000
0000
0000
0000
0000
0000
0000
0000
0000
0000
0000
0000
0000
0000
0000
0000
0000
0000
0000
0000
0000
0000
0000
0000
0000
0000
0000
0000
0000
0000
0000
0000
0000
0000
0000
0000
0000
0000
0000
0000
0000
0000
0000
0000
0000
0000
0000
0000
0000
0000
0000
0000
0000
0000
0000
0000
0000
0000
0000
0000
0000
0000
0000
0000
0000
0000
0000
0000
0000
0000
0000
0000
0000
0000
0000
0000
0000
0000
0000
0000
0000
0000
0000
0000
0000
0000
0000
0000
0000
0000
0000
0000
0000
0000
0000
0000
0000
0000
0000
0000
0000
0000
0000
0000
0000
0000
0000
0000
0000
0000
0000
0000
0000
0000
0000
0000
0000
0000
0000
0000
0000
0000
0000
0000
0000
0000
0000
0000
0000
0000
0000
0000
0000
0000
0000
0000
0000
0000
0000
0000
0000
0000
0000
0000
0000
0000
0000
0000
0000
0000
0000
0000
0000
0000
0000
0000
0000
0000
0000
0000
0000
0000
0000
0000
0000
0000
0000
0000
0000
0000
0000
0000
0000
0000
0000
0000
0000
0000
0000
0000
0000
0000
0000
0000
0000
0000
0000
0000
0000
0000
0000
0000
0000
0000
0000
0000
0000
0000
0000
0000
0000
0000
0000
0000
0000
0000
0000
0000
0000
0000
0000
0000
0000
0000
0000
0000
0000
0000
0000
0000
0000
0000
0000
0000
0000
0000
0000
0000
0000
0000
0000
0000
0000
0000
0000
0000
0000
0000
0000
0000
0000
0000
0000
0000
0000
0000
0000
0000
0000
0000
0000
0000
0000
0000
0000
0000
0000
0000
0000
0000
0000
0000
0000
0000
0000
0000
0000
0000
0000
0000
0000
0000
0000
0000
0000
0000
0000
0000
0000
0000
0000
0000
0000
0000
0000
0000
0000
0000
0000
0000
0000
0000
0000
0000
0000
0000
0000
0000
0000
0000
0000
0000
0000
0000
0000
0000
0000
0000
0000
0000
0000
0000
0000
0000
0000
0000
0000
0000
0000
0000
0000
0000
0000
0000
0000
0000
0000
0000
0000
0000
0000
0000
0000
0000
0000
0000
0000
0000
0000
0000
0000
0000
0000
0000
0000
0000
0000
0000
0000
0000
0000
0000
0000
0000
0000
0000
0000
0000
0000
0000
0000
0000
0000
0000
0000
0000
0000
0000
0000
0000
0000
0000
0000
0000
0000
0000
0000
0000
0000
0000
0000
0000
0000
0000
0000
0000
0000
0000
0000
0000
0000
0000
0000
0000
0000
0000
0000
0000
0000
0000
0000
0000
0000
0000
0000
0000
0000
0000
0000
0000
0000
0000
0000
0000
0000
0000
0000
0000
0000
0000
0000
0000
0000
0000
0000
0000
0000
0000
0000
0000
0000
0000
0000
0000
0000
0000
0000
0000
0000
0000
0000
0000
0000
0000
0000
0000
0000
0000
0000
0000
0000
0000
0000
0000
0000
0000
0000
0000
0000
0000
0000
0000
0000
0000
0000
0000
0000
0000
0000
0000
0000
0000
0000
0000
0000
0000
0000
0000
0000
0000
0000
0000
0000
0000
0000
0000
0000
0000
0000
0000
0000
0000
0000
0000
0000
0000
0000
0000
0000
0000
0000
0000
0000
0000
0000
0000
0000
0000
0000
0000
0000
0000
0000
0000
0000
0000
0000
0000
0000
0000
0000
0000
0000
0000
0000
0000
0000
0000
0000
0000
0000
0000
0000
0000
0000
0000
0000
0000
0000
0000
0000
0000
0000
0000
0000
0000
0000
0000
0000
0000
0000
0000
0000
0000
0000
0000
0000
0000
0000
0000
0000
0000
0000
0000
0000
0000
0000
0000
0000
0000
0000
0000
0000
0000
0000
0000
0000
0000
0000
0000
0000
0000
0000
0000
0000
0000
0000
0000
0000
0000
0000
0000
0000
0000
0000
0000
0000
0000
0000
0000
0000
0000
0000
0000
0000
0000
0000
0000
0000
0000
0000
0000
0000
0000
0000
0000
0000
0000
0000
0000
0000
0000
0000
0000
0000
0000
0000
0000
0000
0000
0000
0000
0000
0000
0000
0000
0000
0000
0000
0000
0000
0000
0000
0000
0000
0000
0000
0000
0000
0000
0000
0000
0000
0000
0000
0000
0000
0000
0000
0000
0000
0000
0000
0000
0000
0000
0000
0000
0000
0000
0000
0000
0000
0000
0000
0000
0000
0000
0000
0000
0000
0000
0000
0000
0000
0000
0000
0000
0000
0000
0000
0000
0000
0000
0000
0000
0000
0000
0000
0000
0000
0000
0000
0000
0000
0000
0000
0000
0000
0000
0000
0000
0000
0000
0000
0000
0000
0000
0000
0000
0000
0000
0000
0000
0000
0000
0000
0000
0000
0000
0000
0000
0000
0000
0000
0000
0000
0000
0000
0000
0000
0000
0000
0000
0000
0000
0000
0000
0000
0000
0000
0000
0000
0000
0000
0000
0000
0000
0000
0000
0000
0000
0000
0000
0000
0000
0000
0000
0000
0000
0000
0000
0000
0000
0000
0000
0000
0000
0000
0000
0000
0000
0000
0000
0000
0000
0000
0000
0000
0000
0000
0000
0000
0000
0000
0000
0000
0000
0000
0000
0000
0000
0000
0000
0000
0000
0000
0000
0000
0000
0000
0000
0000
0000
0000
0000
0000
0000
0000
0000
0000
0000
0000
0000
0000
0000
0000
0000
0000
0000
0000
0000
0000
0000
0000
0000
0000
0000
0000
0000
0000
0000
0000
0000
0000
0000
0000
0000
0000
0000
0000
0000
0000
0000
0000
0000
0000
0000
0000
0000
0000
0000
0000
0000
0000
0000
0000
0000
0000
0000
0000
0000
0000
0000
0000
0000
0000
0000
0000
0000
0000
0000
0000
0000
0000
0000
0000
0000
0000
0000
0000
0000
0000
0000
0000
0000
0000
0000
0000
0000
0000
0000
0000
0000
0000
0000
0000
0000
0000
0000
0000
0000
0000
0000
0000
0000
0000
0000
0000
0000
0000
0000
0000
0000
0000
0000
0000
0000
0000
0000
0000
0000
0000
0000
0000
0000
0000
0000
0000
0000
0000
0000
0000
0000
0000
0000
0000
0000
0000
0000
0000
0000
0000
0000
0000
0000
0000
0000
0000
0000
0000
0000
0000
0000
0000
0000
0000
0000
0000
0000
0000
0000
0000
0000
0000
0000
0000
0000
0000
0000
0000
0000
0000
0000
0000
0000
0000
0000
0000
0000
0000
0000
0000
0000
0000
0000
0000
0000
0000
0000
0000
0000
0000
0000
0000
0000
0000
0000
0000
0000
0000
0000
0000
0000
0000
0000
0000
0000
0000
0000
0000
0000
0000
0000
0000
0000
0000
0000
0000
0000
0000
0000
0000
0000
0000
0000
0000
0000
0000
0000
0000
0000
0000
0000
0000
0000
0000
0000
0000
0000
0000
0000
0000
0000
0000
0000
0000
0000
0000
0000
0000
0000
0000
0000
0000
0000
0000
0000
0000
0000
0000
0000
0000
0000
0000
0000
0000
0000
0000
0000
0000
0000
0000
0000
0000
0000
0000
0000
0000
0000
0000
0000
0000
0000
0000
0000
0000
0000
0000
0000
0000
0000
0000
0000
0000
0000
0000
0000
0000
0000
0000
0000
0000
0000
0000
0000
0000
0000
0000
0000
0000
0000
0000
0000
0000
0000
0000
0000
0000
0000
0000
0000
0000
0000
0000
0000
0000
0000
0000
0000
0000
0000
0000
0000
0000
0000
0000
0000
0000
0000
0000
0000
0000
0000
0000
0000
0000
0000
0000
0000
0000
0000
0000
0000
0000
0000
0000
0000
0000
0000
0000
0000
0000
0000
0000
0000
0000
0000
0000
0000
0000
0000
0000
0000
0000
0000
0000
0000
0000
0000
0000
0000
0000
0000
0000
0000
0000
0000
0000
0000
0000
0000
0000
0000
0000
0000
0000
0000
0000
0000
0000
0000
0000
0000
0000
0000
0000
0000
0000
0000
0000
0000
0000
0000
0000
0000
0000
0000
0000
0000
0000
0000
0000
0000
0000
0000
0000
0000
0000
0000
0000
0000
0000
0000
0000
0000
0000
0000
0000
0000
0000
0000
0000
0000
0000
0000
0000
0000
0000
0000
0000
0000
0000
0000
0000
0000
0000
0000
0000
0000
0000
0000
0000
0000
0000
0000
0000
0000
0000
0000
0000
0000
0000
0000
0000
0000
0000
0000
0000
0000
0000
0000
0000
0000
0000
0000
0000
0000
0000
0000
0000
0000
0000
0000
0000
0000
0000
0000
0000
0000
0000
0000
0000
0000
0000
0000
0000
0000
0000
0000
0000
0000
0000
0000
0000
0000
0000
0000
0000
0000
0000
0000
0000
0000
0000
0000
0000
0000
0000
0000
0000
0000
0000
0000
0000
0000
0000
0000
0000
0000
0000
0000
0000
0000
0000
0000
0000
0000
0000
0000
0000
0000
0000
0000
0000
0000
0000
0000
0000
0000
0000
0000
0000
0000
0000
0000
0000
0000
0000
0000
0000
0000
0000
0000
0000
0000
0000
0000
0000
0000
0000
0000
0000
0000
0000
0000
0000
0000
0000
0000
0000
0000
0000
0000
0000
0000
0000
0000
0000
0000
0000
0000
0000
0000
0000
0000
0000
0000
0000
0000
0000
0000
0000
0000
0000
0000
0000
0000
0000
0000
0000
0000
0000
0000
0000
0000
0000
0000
0000
0000
0000
0000
0000
0000
0000
0000
0000
0000
0000
0000
0000
0000
0000
0000
0000
0000
0000
0000
0000
0000
0000
0000
0000
0000
0000
0000
0000
0000
0000
0000
0000
0000
0000
0000
0000
0000
0000
0000
0000
0000
0000
0000
0000
0000
0000
0000
0000
0000
0000
0000
0000
0000
0000
0000
0000
0000
0000
0000
0000
0000
0000
0000
0000
0000
0000
0000
0000
0000
0000
0000
0000
0000
0000
0000
0000
0000
0000
0000
0000
0000
0000
0000
0000
0000
0000
0000
0000
0000
0000
0000
0000
0000
0000
0000
0000
0000
0000
0000
0000
0000
0000
0000
0000
0000
0000
0000
0000
0000
0000
0000
0000
0000
0000
0000
0000
0000
0000
0000
0000
0000
0000
0000
0000
0000
0000
0000
0000
0000
0000
0000
0000
0000
0000
0000
0000
0000
0000
0000
0000
0000
0000
0000
0000
0000
0000
0000
0000
0000
0000
0000
0000
0000
0000
0000
0000
0000
0000
0000
0000
0000
0000
0000
0000
0000
0000
0000
0000
0000
0000
0000
0000
0000
0000
0000
0000
0000
0000
0000
0000
0000
0000
0000
0000
0000
0000
0000
0000
0000
0000
0000
0000
0000
0000
0000
0000
0000
0000
0000
0000
0000
0000
0000
0000
0000
0000
0000
0000
0000
0000
0000
0000
0000
0000
0000
0000
0000
0000
0000
0000
0000
0000
0000
0000
0000
0000
0000
0000
0000
0000
0000
0000
0000
0000
0000
0000
0000
0000
0000
0000
0000
0000
0000
0000
0000
0000
0000
0000
0000
0000
0000
0000
0000
0000
0000
0000
0000
0000
0000
0000
0000
0000
0000
0000
0000
0000
0000
0000
0000
0000
0000
0000
0000
0000
0000
0000
0000
0000
0000
0000
0000
0000
0000
0000
0000
0000
0000
0000
0000
0000
0000
0000
0000
0000
0000
0000
0000
0000
0000
0000
0000
0000
0000
0000
0000
0000
0000
0000
0000
0000
0000
0000
0000
0000
0000
0000
0000
0000
0000
0000
0000
0000
0000
0000
0000
0000
0000
0000
0000
0000
0000
0000
0000
0000
0000
0000
0000
0000
0000
0000
0000
0000
0000
0000
0000
0000
0000
0000
0000
0000
0000
0000
0000
0000
0000
0000
0000
0000
0000
0000
0000
0000
0000
0000
0000
0000
0000
0000
0000
0000
0000
0000
0000
0000
0000
0000
0000
0000
0000
0000
0000
0000
0000
0000
0000
0000
0000
0000
0000
0000
0000
0000
0000
0000
0000
0000
0000
0000
0000
0000
0000
0000
0000
0000
0000
0000
0000
0000
0000
0000
0000
0000
0000
0000
0000
0000
0000
0000
0000
0000
0000
0000
0000
0000
0000
0000
0000
0000
0000
0000
0000
0000
0000
0000
0000
0000
0000
0000
0000
0000
0000
0000
0000
0000
0000
0000
0000
0000
0000
0000
0000
0000
0000
0000
0000
0000
0000
0000
0000
0000
0000
0000
0000
0000
0000
0000
0000
0000
0000
0000
0000
0000
0000
0000
0000
0000
0000
0000
0000
0000
0000
0000
0000
0000
0000
0000
0000
0000
0000
0000
0000
0000
0000
0000
0000
0000
0000
0000
0000
0000
0000
0000
0000
0000
0000
0000
0000
0000
0000
0000
0000
0000
0000
0000
0000
0000
0000
0000
0000
0000
0000
0000
0000
0000
0000
0000
0000
0000
0000
0000
0000
0000
0000
0000
0000
0000
0000
0000
0000
0000
0000
0000
0000
0000
0000
0000
0000
0000
0000
0000
0000
0000
0000
0000
0000
0000
0000
0000
0000
0000
0000
0000
0000
0000
0000
0000
0000
0000
0000
0000
0000
0000
0000
0000
0000
0000
0000
0000
0000
0000
0000
0000
0000
0000
0000
0000
0000
0000
0000
0000
0000
0000
0000
0000
0000
0000
0000
0000
0000
0000
0000
0000
0000
0000
0000
0000
0000
0000
0000
0000
0000
0000
0000
0000
0000
0000
0000
0000
0000
0000
0000
0000
0000
0000
0000
0000
0000
0000
0000
0000
0000
0000
0000
0000
0000
0000
0000
0000
0000
0000
0000
0000
0000
0000
0000
0000
0000
0000
0000
0000
0000
0000
0000
0000
0000
0000
0000
0000
0000
0000
0000
0000
0000
0000
0000
0000
0000
0000
0000
0000
0000
0000
0000
0000
0000
0000
0000
0000
0000
0000
0000
0000
0000
0000
0000
0000
0000
0000
0000
0000
0000
0000
0000
0000
0000
0000
0000
0000
0000
0000
0000
0000
0000
0000
0000
0000
0000
0000
0000
0000
0000
0000
0000
0000
0000
0000
0000
0000
0000
0000
0000
0000
0000
0000
0000
0000
0000
0000
0000
0000
0000
0000
0000
0000
0000
0000
0000
0000
0000
0000
0000
0000
0000
0000
0000
0000
0000
0000
0000
0000
0000
0000
0000
0000
0000
0000
0000
0000
0000
0000
0000
0000
0000
0000
0000
0000
0000
0000
0000
0000
0000
0000
0000
0000
0000
0000
0000
0000
0000
0000
0000
0000
0000
0000
0000
0000
0000
0000
0000
0000
0000
0000
0000
0000
0000
0000
0000
0000
0000
0000
0000
0000
0000
0000
0000
0000
0000
0000
0000
0000
0000
0000
0000
0000
0000
0000
0000
0000
0000
0000
0000
0000
0000
0000
0000
0000
0000
0000
0000
0000
0000
0000
0000
0000
0000
0000
0000
0000
0000
0000
0000
0000
0000
0000
0000
0000
0000
0000
0000
0000
0000
0000
0000
0000
0000
0000
0000
0000
0000
0000
0000
0000
0000
0000
0000
0000
0000
0000
0000
0000
0000
0000
0000
0000
0000
0000
0000
0000
0000
0000
0000
0000
0000
0000
0000
0000
0000
0000
0000
0000
0000
0000
0000
0000
0000
0000
0000
0000
0000
0000
0000
0000
0000
0000
0000
0000
0000
0000
0000
0000
0000
0000
0000
0000
0000
0000
0000
0000
0000
0000
0000
0000
0000
0000
0000
0000
0000
0000
0000
0000
0000
0000
0000
0000
0000
0000
0000
0000
0000
0000
0000
0000
0000
0000
0000
0000
0000
0000
0000
0000
0000
0000
0000
0000
0000
0000
0000
0000
0000
0000
0000
0000
0000
0000
0000
0000
0000
0000
0000
0000
0000
0000
0000
0000
0000
0000
0000
0000
0000
0000
0000
0000
0000
0000
0000
0000
0000
0000
0000
0000
0000
0000
0000
0000
0000
0000
0000
0000
0000
0000
0000
0000
0000
0000
0000
0000
0000
0000
0000
0000
0000
0000
0000
0000
0000
0000
0000
0000
0000
0000
0000
0000
0000
0000
0000
0000
0000
0000
0000
0000
0000
0000
0000
0000
0000
0000
0000
0000
0000
0000
0000
0000
0000
0000
0000
0000
0000
0000
0000
0000
0000
0000
0000
0000
0000
0000
0000
0000
0000
0000
0000
0000
0000
0000
0000
0000
0000
0000
0000
0000
0000
0000
0000
0000
0000
0000
0000
0000
0000
0000
0000
0000
0000
0000
0000
0000
0000
0000
0000
0000
0000
0000
0000
0000
0000
0000
0000
0000
0000
0000
0000
0000
0000
0000
0000
0000
0000
0000
0000
0000
0000
0000
0000
0000
0000
0000
0000
0000
0000
0000
0000
0000
0000
0000
0000
0000
0000
0000
0000
0000
0000
0000
0000
0000
0000
0000
0000
0000
0000
0000
0000
0000
0000
0000
0000
0000
0000
0000
0000
0000
0000
0000
0000
0000
0000
0000
0000
0000
0000
0000
0000
0000
0000
0000
0000
0000
0000
0000
0000
0000
0000
0000
0000
0000
0000
0000
0000
0000
0000
0000
0000
0000
0000
0000
0000
0000
0000
0000
0000
0000
0000
0000
0000
0000
0000
0000
0000
0000
0000
0000
0000
0000
0000
0000
0000
0000
0000
0000
0000
0000
0000
0000
0000
0000
0000
0000
0000
0000
0000
0000
0000
0000
0000
0000
0000
0000
0000
0000
0000
0000
0000
0000
0000
0000
0000
0000
0000
0000
0000
0000
0000
0000
0000
0000
0000
0000
0000
0000
0000
0000
0000
0000
0000
0000
0000
0000
0000
0000
0000
0000
0000
0000
0000
0000
0000
0000
0000
0000
0000
0000
0000
0000
0000
0000
0000
0000
0000
0000
0000
0000
0000
0000
0000
0000
0000
0000
0000
0000
0000
0000
0000
0000
0000
0000
0000
0000
0000
0000
0000
0000
0000
0000
0000
0000
0000
0000
0000
0000
0000
0000
0000
0000
0000
0000
0000
0000
0000
0000
0000
0000
0000
0000
0000
0000
0000
0000
0000
0000
0000
0000
0000
0000
0000
0000
0000
0000
0000
0000
0000
0000
0000
0000
0000
0000
0000
0000
0000
0000
0000
0000
0000
0000
0000
0000
0000
0000
0000
0000
0000
0000
0000
0000
0000
0000
0000
0000
0000
0000
0000
0000
0000
0000
0000
0000
0000
0000
0000
0000
0000
0000
0000
0000
0000
0000
0000
0000
0000
0000
0000
0000
0000
0000
0000
0000
0000
0000
0000
0000
0000
0000
0000
0000
0000
0000
0000
0000
0000
0000
0000
0000
0000
0000
0000
0000
0000
0000
0000
0000
0000
0000
0000
0000
0000
0000
0000
0000
0000
0000
0000
0000
0000
0000
0000
0000
0000
0000
0000
0000
0000
0000
0000
0000
0000
0000
0000
0000
0000
0000
0000
0000
0000
0000
0000
0000
0000
0000
0000
0000
0000
0000
0000
0000
0000
0000
0000
0000
0000
0000
0000
0000
0000
0000
0000
0000
0000
0000
0000
0000
0000
0000
0000
0000
0000
0000
0000
0000
0000
0000
0000
0000
0000
0000
0000
0000
0000
0000
0000
0000
0000
0000
0000
0000
0000
0000
0000
0000
0000
0000
0000
0000
0000
0000
0000
0000
0000
0000
0000
0000
0000
0000
0000
0000
0000
0000
0000
0000
0000
0000
0000
0000
0000
0000
0000
0000
0000
0000
0000
0000
0000
0000
0000
0000
0000
0000
0000
0000
0000
0000
0000
0000
0000
0000
0000
0000
0000
0000
0000
0000
0000
0000
0000
0000
0000
0000
0000
0000
0000
0000
0000
0000
0000
0000
0000
0000
0000
0000
0000
0000
0000
0000
0000
0000
0000
0000
0000
0000
0000
0000
0000
0000
0000
0000
0000
0000
0000
0000
0000
0000
0000
0000
0000
0000
0000
0000
0000
0000
0000
0000
0000
0000
0000
0000
0000
0000
0000
0000
0000
0000
0000
0000
0000
0000
0000
0000
0000
0000
0000
0000
0000
0000
0000
0000
0000
0000
0000
0000
0000
0000
0000
0000
0000
0000
0000
0000
0000
0000
0000
0000
0000
0000
0000
0000
0000
0000
0000
0000
0000
0000
0000
0000
0000
0000
0000
0000
0000
0000
0000
0000
0000
0000
0000
0000
0000
0000
0000
0000
0000
0000
0000
0000
0000
0000
0000
0000
0000
0000
0000
0000
0000
0000
0000
0000
0000
0000
0000
0000
0000
0000
0000
0000
0000
0000
0000
0000
0000
0000
0000
0000
0000
0000
0000
0000
0000
0000
0000
0000
0000
0000
0000
0000
0000
0000
0000
0000
0000
0000
0000
0000
0000
0000
0000
0000
0000
0000
0000
0000
0000
0000
0000
0000
0000
0000
0000
0000
0000
0000
0000
0000
0000
0000
0000
0000
0000
0000
0000
0000
0000
0000
0000
0000
0000
0000
0000
0000
0000
0000
0000
0000
0000
0000
0000
0000
0000
0000
0000
0000
0000
0000
0000
0000
0000
0000
0000
0000
0000
0000
0000
0000
0000
0000
0000
0000
0000
0000
0000
0000
0000
0000
0000
0000
0000
0000
0000
0000
0000
0000
0000
0000
0000
0000
0000
0000
0000
0000
0000
0000
0000
0000
0000
0000
0000
0000
0000
0000
0000
0000
0000
0000
0000
0000
0000
0000
0000
0000
0000
0000
0000
0000
0000
0000
0000
0000
0000
0000
0000
0000
0000
0000
0000
0000
0000
0000
0000
0000
0000
0000
0000
0000
0000
0000
0000
0000
0000
0000
0000
0000
0000
0000
0000
0000
0000
0000
0000
0000
0000
0000
0000
0000
0000
0000
0000
0000
0000
0000
0000
0000
0000
0000
0000
0000
0000
0000
0000
0000
0000
0000
0000
0000
0000
0000
0000
0000
0000
0000
0000
0000
0000
0000
0000
0000
0000
0000
0000
0000
0000
0000
0000
0000
0000
0000
0000
0000
0000
0000
0000
0000
0000
0000
0000
0000
0000
0000
0000
0000
0000
0000
0000
0000
0000
0000
0000
0000
0000
0000
0000
0000
0000
0000
0000
0000
0000
0000
0000
0000
0000
0000
0000
0000
0000
0000
0000
0000
0000
0000
0000
0000
0000
0000
0000
0000
0000
0000
0000
0000
0000
0000
0000
0000
0000
0000
0000
0000
0000
0000
0000
0000
0000
0000
0000
0000
0000
0000
0000
0000
0000
0000
0000
0000
0000
0000
0000
0000
0000
0000
0000
0000
0000
0000
0000
0000
0000
0000
0000
0000
0000
0000
0000
0000
0000
0000
0000
0000
0000
0000
0000
0000
0000
0000
0000
0000
0000
0000
0000
0000
0000
0000
0000
0000
0000
0000
0000
0000
0000
0000
0000
0000
0000
0000
0000
0000
0000
0000
0000
0000
0000
0000
0000
0000
0000
0000
0000
0000
0000
0000
0000
0000
0000
0000
0000
0000
0000
0000
0000
0000
0000
0000
0000
0000
0000
0000
0000
0000
0000
0000
0000
0000
0000
0000
0000
0000
0000
0000
0000
0000
0000
0000
0000
0000
0000
0000
0000
0000
0000
0000
0000
0000
0000
0000
0000
0000
0000
0000
0000
0000
0000
0000
0000
0000
0000
0000
0000
0000
0000
0000
0000
0000
0000
0000
0000
0000
0000
0000
0000
0000
0000
0000
0000
0000
0000
0000
0000
0000
0000
0000
0000
0000
0000
0000
0000
0000
0000
0000
0000
0000
0000
0000
0000
0000
0000
0000
0000
0000
0000
0000
0000
0000
0000
0000
0000
0000
0000
0000
0000
0000
0000
0000
0000
0000
0000
0000
0000
0000
0000
0000
0000
0000
0000
0000
0000
0000
0000
0000
0000
0000
0000
0000
0000
0000
0000
0000
0000
0000
0000
0000
0000
0000
0000
0000
0000
0000
0000
0000
0000
0000
0000
0000
0000
0000
0000
0000
0000
0000
0000
0000
0000
0000
0000
0000
0000
0000
0000
0000
0000
0000
0000
0000
0000
0000
0000
0000
0000
0000
0000
0000
0000
0000
0000
0000
0000
0000
0000
0000
0000
0000
0000
0000
0000
0000
0000
0000
0000
0000
0000
0000
0000
0000
0000
0000
0000
0000
0000
0000
0000
0000
0000
0000
0000
0000
0000
0000
0000
0000
0000
0000
0000
0000
0000
0000
0000
0000
0000
0000
0000
0000
0000
0000
0000
0000
0000
0000
0000
0000
0000
0000
0000
0000
0000
0000
0000
0000
0000
0000
0000
0000
0000
0000
0000
0000
0000
0000
0000
0000
0000
0000
0000
0000
0000
0000
0000
0000
0000
0000
0000
0000
0000
0000
0000
0000
0000
0000
0000
0000
0000
0000
0000
0000
0000
0000
0000
0000
0000
0000
0000
0000
0000
0000
0000
0000
0000
0000
0000
0000
0000
0000
0000
0000
0000
0000
0000
0000
0000
0000
0000
0000
0000
0000
0000
0000
0000
0000
0000
0000
0000
0000
0000
0000
0000
0000
0000
0000
0000
0000
0000
0000
0000
0000
0000
0000
0000
0000
0000
0000
0000
0000
0000
0000
0000
0000
0000
0000
0000
0000
0000
0000
0000
0000
0000
0000
0000
0000
0000
0000
0000
0000
0000
0000
0000
0000
0000
0000
0000
0000
0000
0000
0000
0000
0000
0000
0000
0000
0000
0000
0000
0000
0000
0000
0000
0000
0000
0000
0000
0000
0000
0000
0000
0000
0000
0000
0000
0000
0000
0000
0000
0000
0000
0000
0000
0000
0000
0000
0000
0000
0000
0000
0000
0000
0000
0000
0000
0000
0000
0000
0000
0000
0000
0000
0000
0000
0000
0000
0000
0000
0000
0000
0000
0000
0000
0000
0000
0000
0000
0000
0000
0000
0000
0000
0000
0000
0000
0000
0000
0000
0000
0000
0000
0000
0000
0000
0000
0000
0000
0000
0000
0000
0000
0000
0000
0000
0000
0000
0000
0000
0000
0000
0000
0000
0000
0000
0000
0000
0000
0000
0000
0000
0000
0000
0000
0000
0000
0000
0000
0000
0000
0000
0000
0000
0000
0000
0000
0000
0000
0000
0000
0000
0000
0000
0000
0000
0000
0000
0000
0000
0000
0000
0000
0000
0000
0000
0000
0000
0000
0000
0000
0000
0000
0000
0000
0000
0000
0000
0000
0000
0000
0000
0000
0000
0000
0000
0000
0000
0000
0000
0000
0000
0000
0000
0000
0000
0000
0000
0000
0000
0000
0000
0000
0000
0000
0000
0000
0000
0000
0000
0000
0000
0000
0000
0000
0000
0000
0000
0000
0000
0000
0000
0000
0000
0000
0000
0000
0000
0000
0000
0000
0000
0000
0000
0000
0000
0000
0000
0000
0000
0000
0000
0000
0000
0000
0000
0000
0000
0000
0000
0000
0000
0000
0000
0000
0000
0000
0000
0000
0000
0000
0000
0000
0000
0000
0000
0000
0000
0000
0000
0000
0000
0000
0000
0000
0000
0000
0000
0000
0000
0000
0000
0000
0000
0000
0000
0000
0000
0000
0000
0000
0000
0000
0000
0000
0000
0000
0000
0000
0000
0000
0000
0000
0000
0000
0000
0000
0000
0000
0000
0000
0000
0000
0000
0000
0000
0000
0000
0000
0000
0000
0000
0000
0000
0000
0000
0000
0000
0000
0000
0000
0000
0000
0000
0000
0000
0000
0000
0000
0000
0000
0000
0000
0000
0000
0000
0000
0000
0000
0000
0000
0000
0000
0000
0000
0000
0000
0000
0000
0000
0000
0000
0000
0000
0000
0000
0000
0000
0000
0000
0000
0000
0000
0000
0000
0000
0000
0000
0000
0000
0000
0000
0000
0000
0000
0000
0000
0000
0000
0000
0000
0000
0000
0000
0000
0000
0000
0000
0000
0000
0000
0000
0000
0000
0000
0000
0000
0000
0000
0000
0000
0000
0000
0000
0000
0000
0000
0000
0000
0000
0000
0000
0000
0000
0000
0000
0000
0000
0000
0000
0000
0000
0000
0000
0000
0000
0000
0000
0000
0000
0000
0000
0000
0000
0000
0000
0000
0000
0000
0000
0000
0000
0000
0000
0000
0000
0000
0000
0000
0000
0000
0000
0000
0000
0000
0000
0000
0000
0000
0000
0000
0000
0000
0000
0000
0000
0000
0000
0000
0000
0000
0000
0000
0000
0000
0000
0000
0000
0000
0000
0000
0000
0000
0000
0000
0000
0000
0000
0000
0000
0000
0000
0000
0000
0000
0000
0000
0000
0000
0000
0000
0000
0000
0000
0000
0000
0000
0000
0000
0000
0000
0000
0000
0000
0000
0000
0000
0000
0000
0000
0000
0000
0000
0000
0000
0000
0000
0000
0000
0000
0000
0000
0000
0000
0000
0000
0000
0000
0000
0000
0000
0000
0000
0000
0000
0000
0000
0000
0000
0000
0000
0000
0000
0000
0000
0000
0000
0000
0000
0000
0000
0000
0000
0000
0000
0000
0000
0000
0000
0000
0000
0000
0000
0000
0000
0000
0000
0000
0000
0000
0000
0000
0000
0000
0000
0000
0000
0000
0000
0000
0000
0000
0000
0000
0000
0000
0000
0000
0000
0000
0000
0000
0000
0000
0000
0000
0000
0000
0000
0000
0000
0000
0000
0000
0000
0000
0000
0000
0000
0000
0000
0000
0000
0000
0000
0000
0000
0000
0000
0000
0000
0000
0000
0000
0000
0000
0000
0000
0000
0000
0000
0000
0000
0000
0000
0000
0000
0000
0000
0000
0000
0000
0000
0000
0000
0000
0000
0000
0000
0000
0000
0000
0000
0000
0000
0000
0000
0000
0000
0000
0000
0000
0000
0000
0000
0000
0000
0000
0000
0000
0000
0000
0000
0000
0000
0000
0000
0000
0000
0000
0000
0000
0000
0000
0000
0000
0000
0000
0000
0000
0000
0000
0000
0000
0000
0000
0000
0000
0000
0000
0000
0000
0000
0000
0000
0000
0000
0000
0000
0000
0000
0000
0000
0000
0000
0000
0000
0000
0000
0000
0000
0000
0000
0000
0000
0000
0000
0000
0000
0000
0000
0000
0000
0000
0000
0000
0000
0000
0000
0000
0000
0000
0000
0000
0000
0000
0000
0000
0000
0000
0000
0000
0000
0000
0000
0000
0000
0000
0000
0000
0000
0000
0000
0000
0000
0000
0000
0000
0000
0000
0000
0000
0000
0000
0000
0000
0000
0000
0000
0000
0000
0000
0000
0000
0000
0000
0000
0000
0000
0000
0000
0000
0000
0000
0000
0000
0000
0000
0000
0000
0000
0000
0000
0000
0000
0000
0000
0000
0000
0000
0000
0000
0000
0000
0000
0000
0000
0000
0000
0000
0000
0000
0000
0000
0000
0000
0000
0000
0000
0000
0000
0000
0000
0000
0000
0000
0000
0000
0000
0000
0000
0000
0000
0000
0000
0000
0000
0000
0000
0000
0000
0000
0000
0000
0000
0000
0000
0000
0000
0000
0000
0000
0000
0000
0000
0000
0000
0000
0000
0000
0000
0000
0000
0000
0000
0000
0000
0000
0000
0000
0000
0000
0000
0000
0000
0000
0000
0000
0000
0000
0000
0000
0000
0000
0000
0000
0000
0000
0000
0000
0000
0000
0000
0000
0000
0000
0000
0000
0000
0000
0000
0000
0000
0000
0000
0000
0000
0000
0000
0000
0000
0000
0000
0000
0000
0000
0000
0000
0000
0000
0000
0000
0000
0000
0000
0000
0000
0000
0000
0000
0000
0000
0000
0000
0000
0000
0000
0000
0000
0000
0000
0000
0000
0000
0000
0000
0000
0000
0000
0000
0000
0000
0000
0000
0000
0000
0000
0000
0000
0000
0000
0000
0000
0000
0000
0000
0000
0000
0000
0000
0000
0000
0000
0000
0000
0000
0000
0000
0000
0000
0000
0000
0000
0000
0000
0000
0000
0000
0000
0000
0000
0000
0000
0000
0000
0000
0000
0000
0000
0000
0000
0000
0000
0000
0000
0000
0000
0000
0000
0000
0000
0000
0000
0000
0000
0000
0000
0000
0000
0000
0000
0000
0000
0000
0000
0000
0000
0000
0000
0000
0000
0000
0000
0000
0000
0000
0000
0000
0000
0000
0000
0000
0000
0000
0000
0000
0000
0000
0000
0000
0000
0000
0000
0000
0000
0000
0000
0000
0000
0000
0000
0000
0000
0000
0000
0000
0000
0000
0000
0000
0000
0000
0000
0000
0000
0000
0000
0000
0000
0000
0000
0000
0000
0000
0000
0000
0000
0000
0000
0000
0000
0000
0000
0000
0000
0000
0000
0000
0000
0000
0000
0000
0000
0000
0000
0000
0000
0000
0000
0000
0000
0000
0000
0000
0000
0000
0000
0000
0000
0000
0000
0000
0000
0000
0000
0000
0000
0000
0000
0000
0000
0000
0000
0000
0000
0000
0000
0000
0000
0000
0000
0000
0000
0000
0000
0000
0000
0000
0000
0000
0000
0000
0000
0000
0000
0000
0000
0000
0000
0000
0000
0000
0000
0000
5912
8c99
7467
0000
0000
0000
0000
0000
0000
0000
0000
0000
0000
0000
0000
0000
0000
0000
0000
0000
0000
0000
0000
0000
0000
0000
0000
0000
0000
0000
0000
0000
0000
0000
0000
0000
0000
0000
0000
0000
0000
0000
0000
0000
0000
0000
0000
0000
0000
0000
0000
0000
0000
0000
0000
0000
0000
0000
0000
0000
0000
0000
0000
0000
0000
0000
0000
0000
0000
0000
0000
0000
0000
0000
0000
0000
0000
0000
0000
0000
0000
0000
0000
0000
0000
0000
0000
0000
0000
0000
0000
0000
0000
0000
0000
0000
0000
0000
0000
0000
0000
0000
0000
0000
0000
0000
0000
0000
0000
0000
0000
0000
0000
0000
0000
0000
0000
0000
0000
0000
0000
0000
0000
0000
0000
0000
0000
0000
0000
0000
0000
0000
0000
0000
0000
0000
0000
0000
0000
0000
0000
0000
0000
0000
0000
0000
0000
0000
0000
0000
0000
0000
0000
0000
0000
0000
0000
0000
0000
0000
0000
0000
0000
0000
0000
0000
0000
0000
0000
0000
0000
0000
0000
0000
0000
0000
0000
0000
0000
0000
0000
0000
0000
0000
0000
0000
0000
0000
0000
0000
0000
0000
0000
0000
0000
0000
0000
0000
0000
0000
0000
0000
0000
0000
0000
0000
0000
0000
0000
0000
0000
0000
0000
0000
0000
0000
0000
0000
0000
0000
0000
0000
0000
0000
0000
0000
0000
0000
0000
0000
0000
0000
0000
0000
0000
0000
0000
0000
0000
0000
0000
0000
0000
0000
0000
0000
0000
0000
0000
0000
0000
0000
0000
0000
0000
0000
0000
0000
0000
0000
0000
0000
0000
0000
0000
0000
0000
0000
0000
0000
0000
0000
0000
0000
0000
0000
0000
0000
0000
0000
0000
0000
0000
0000
0000
0000
0000
0000
0000
0000
0000
0000
0000
0000
0000
0000
0000
0000
0000
0000
0000
0000
0000
0000
0000
0000
0000
0000
0000
0000
0000
0000
0000
0000
0000
0000
0000
0000
0000
0000
0000
0000
0000
0000
0000
0000
0000
0000
0000
0000
0000
0000
0000
0000
0000
0000
0000
0000
0000
0000
0000
0000
0000
0000
0000
0000
0000
0000
0000
0000
0000
0000
0000
0000
0000
0000
0000
0000
0000
0000
0000
0000
0000
0000
0000
0000
0000
0000
0000
0000
0000
0000
0000
0000
0000
0000
0000
0000
0000
0000
0000
0000
0000
0000
0000
0000
0000
0000
0000
0000
0000
0000
0000
0000
0000
0000
0000
0000
0000
0000
0000
0000
0000
0000
0000
0000
0000
0000
0000
0000
0000
0000
0000
0000
0000
0000
0000
0000
0000
0000
0000
0000
0000
0000
0000
0000
0000
0000
0000
0000
0000
0000
0000
0000
0000
0000
0000
0000
0000
0000
0000
0000
0000
0000
0000
0000
0000
0000
0000
0000
0000
0000
0000
0000
0000
0000
0000
0000
0000
0000
0000
0000
0000
0000
0000
0000
0000
0000
0000
0000
0000
0000
0000
0000
0000
0000
0000
0000
0000
0000
0000
0000
0000
0000
0000
0000
0000
0000
0000
0000
0000
0000
0000
0000
0000
0000
0000
0000
0000
0000
0000
0000
0000
0000
0000
0000
0000
0000
0000
0000
0000
0000
0000
0000
0000
0000
0000
0000
0000
0000
0000
0000
0000
0000
0000
0000
0000
0000
0000
0000
0000
0000
0000
0000
0000
0000
0000
0000
0000
0000
0000
0000
0000
0000
0000
0000
0000
0000
0000
0000
0000
0000
0000
0000
0000
0000
0000
0000
0000
0000
0000
0000
0000
0000
0000
0000
0000
0000
0000
0000
0000
0000
0000
0000
0000
0000
0000
0000
0000
0000
0000
0000
0000
0000
0000
0000
0000
0000
0000
0000
0000
0000
0000
0000
0000
0000
0000
0000
0000
0000
0000
0000
0000
0000
0000
0000
0000
0000
0000
0000
0000
0000
0000
0000
0000
0000
0000
0000
0000
0000
0000
0000
0000
0000
0000
0000
0000
0000
0000
0000
0000
0000
0000
0000
0000
0000
0000
0000
0000
0000
0000
0000
0000
0000
0000
0000
0000
0000
0000
0000
0000
0000
0000
0000
0000
0000
0000
0000
0000
0000
0000
0000
0000
0000
0000
0000
0000
0000
0000
0000
0000
0000
0000
0000
0000
0000
0000
0000
0000
0000
0000
0000
0000
0000
0000
0000
0000
0000
0000
0000
0000
0000
0000
0000
0000
0000
0000
0000
0000
0000
0000
0000
0000
0000
0000
0000
0000
0000
0000
0000
0000
0000
0000
0000
0000
0000
0000
0000
0000
0000
0000
0000
0000
0000
0000
0000
0000
0000
0000
0000
0000
0000
0000
0000
0000
0000
0000
0000
0000
0000
0000
0000
0000
0000
0000
0000
0000
0000
0000
0000
0000
0000
0000
0000
0000
0000
0000
0000
0000
0000
0000
0000
0000
0000
0000
0000
0000
0000
0000
0000
0000
0000
0000
0000
0000
0000
0000
0000
0000
0000
0000
0000
0000
0000
0000
0000
0000
0000
0000
0000
0000
0000
0000
0000
0000
0000
0000
0000
0000
0000
0000
0000
0000
0000
0000
0000
0000
0000
0000
0000
0000
0000
0000
0000
0000
0000
0000
0000
0000
0000
0000
0000
0000
0000
0000
0000
0000
0000
0000
0000
0000
0000
0000
0000
0000
0000
0000
0000
0000
0000
0000
0000
0000
0000
0000
0000
0000
0000
0000
0000
0000
0000
0000
0000
0000
0000
0000
0000
0000
0000
0000
0000
0000
0000
0000
0000
0000
0000
0000
0000
0000
0000
0000
0000
0000
0000
0000
0000
0000
0000
0000
0000
0000
0000
0000
0000
0000
0000
0000
0000
0000
0000
0000
0000
0000
0000
0000
0000
0000
0000
0000
0000
0000
0000
0000
0000
0000
0000
0000
0000
0000
0000
0000
0000
0000
0000
0000
0000
0000
0000
0000
0000
0000
0000
0000
0000
0000
0000
0000
0000
0000
0000
0000
0000
0000
0000
0000
0000
0000
0000
0000
0000
0000
0000
0000
0000
0000
0000
0000
0000
0000
0000
0000
0000
0000
0000
0000
0000
0000
0000
0000
0000
0000
0000
0000
0000
0000
0000
0000
0000
0000
0000
0000
0000
0000
0000
0000
0000
0000
0000
0000
0000
0000
0000
0000
0000
0000
0000
0000
0000
0000
0000
0000
0000
0000
0000
0000
0000
0000
0000
0000
0000
0000
0000
0000
0000
0000
0000
0000
0000
0000
0000
0000
0000
0000
0000
0000
0000
0000
0000
0000
0000
0000
0000
0000
0000
0000
0000
0000
0000
0000
0000
0000
0000
0000
0000
0000
0000
0000
0000
0000
0000
0000
0000
0000
0000
0000
0000
0000
0000
0000
0000
0000
0000
0000
0000
0000
0000
0000
0000
0000
0000
0000
0000
0000
0000
0000
0000
0000
0000
0000
0000
0000
0000
0000
0000
0000
0000
0000
0000
0000
0000
0000
0000
0000
0000
0000
0000
0000
0000
0000
0000
0000
0000
0000
0000
0000
0000
0000
0000
0000
0000
0000
0000
0000
0000
0000
0000
0000
0000
0000
0000
0000
0000
0000
0000
0000
0000
0000
0000
0000
0000
0000
0000
0000
0000
0000
0000
0000
0000
0000
0000
0000
0000
0000
0000
0000
0000
0000
0000
0000
0000
0000
0000
0000
0000
0000
0000
0000
0000
0000
0000
0000
0000
0000
0000
0000
0000
0000
0000
0000
0000
0000
0000
0000
0000
0000
0000
0000
0000
0000
0000
0000
0000
0000
0000
0000
0000
0000
0000
0000
0000
0000
0000
0000
0000
0000
0000
0000
0000
0000
0000
0000
0000
0000
0000
0000
0000
0000
0000
0000
0000
0000
0000
0000
0000
0000
0000
0000
0000
0000
0000
0000
0000
0000
0000
0000
0000
0000
0000
0000
0000
0000
0000
0000
0000
0000
0000
0000
0000
0000
0000
0000
0000
0000
0000
0000
0000
0000
0000
0000
0000
0000
0000
0000
0000
0000
0000
0000
0000
0000
0000
0000
0000
0000
0000
0000
0000
0000
0000
0000
0000
0000
0000
0000
0000
0000
0000
0000
0000
0000
0000
0000
0000
0000
0000
0000
0000
0000
0000
0000
0000
0000
0000
0000
0000
0000
0000
0000
0000
0000
0000
0000
0000
0000
0000
0000
0000
0000
0000
0000
0000
0000
0000
0000
0000
0000
0000
0000
0000
0000
0000
0000
0000
0000
0000
0000
0000
0000
0000
0000
0000
0000
0000
0000
0000
0000
0000
0000
0000
0000
0000
0000
0000
0000
0000
0000
0000
0000
0000
0000
0000
0000
0000
0000
0000
0000
0000
0000
0000
0000
0000
0000
0000
0000
0000
0000
0000
0000
0000
0000
0000
0000
0000
0000
0000
0000
0000
0000
0000
0000
0000
0000
0000
0000
0000
0000
0000
0000
0000
0000
0000
0000
0000
0000
0000
0000
0000
0000
0000
0000
0000
0000
0000
0000
0000
0000
0000
0000
0000
0000
0000
0000
0000
0000
0000
0000
0000
0000
0000
0000
0000
0000
0000
0000
0000
0000
0000
0000
0000
0000
0000
0000
0000
0000
0000
0000
0000
0000
0000
0000
0000
0000
0000
0000
0000
0000
0000
0000
0000
0000
0000
0000
0000
0000
0000
0000
0000
0000
0000
0000
0000
0000
0000
0000
0000
0000
0000
0000
0000
0000
0000
0000
0000
0000
0000
0000
0000
0000
0000
0000
0000
0000
0000
0000
0000
0000
0000
0000
0000
0000
0000
0000
0000
0000
0000
0000
0000
0000
0000
0000
0000
0000
0000
0000
0000
0000
0000
0000
0000
0000
0000
0000
0000
0000
0000
0000
0000
0000
0000
0000
0000
0000
0000
0000
0000
0000
0000
0000
0000
0000
0000
0000
0000
0000
0000
0000
0000
0000
0000
0000
0000
0000
0000
0000
0000
0000
0000
0000
0000
0000
0000
0000
0000
0000
0000
0000
0000
0000
0000
0000
0000
0000
0000
0000
0000
0000
0000
0000
0000
0000
0000
0000
0000
0000
0000
0000
0000
0000
0000
0000
0000
0000
0000
0000
0000
0000
0000
0000
0000
0000
0000
0000
0000
0000
0000
0000
0000
0000
0000
0000
0000
0000
0000
0000
0000
0000
0000
0000
0000
0000
0000
0000
0000
0000
0000
0000
0000
0000
0000
0000
0000
0000
0000
0000
0000
0000
0000
0000
0000
0000
0000
0000
0000
0000
0000
0000
0000
0000
0000
0000
0000
0000
0000
0000
0000
0000
0000
0000
0000
0000
0000
0000
0000
0000
0000
0000
0000
0000
0000
0000
0000
0000
0000
0000
0000
0000
0000
0000
0000
0000
0000
0000
0000
0000
0000
0000
0000
0000
0000
0000
0000
0000
0000
0000
0000
0000
0000
0000
0000
0000
0000
0000
0000
0000
0000
0000
0000
0000
0000
0000
0000
0000
0000
0000
0000
0000
0000
0000
0000
0000
0000
0000
0000
0000
0000
0000
0000
0000
0000
0000
0000
0000
0000
0000
0000
0000
0000
0000
0000
0000
0000
0000
0000
0000
0000
0000
0000
0000
0000
0000
0000
0000
0000
0000
0000
0000
0000
0000
0000
0000
0000
0000
0000
0000
0000
0000
0000
0000
0000
0000
0000
0000
0000
0000
0000
0000
0000
0000
0000
0000
0000
0000
0000
0000
0000
0000
0000
0000
0000
0000
0000
0000
0000
0000
0000
0000
0000
0000
0000
0000
0000
0000
0000
0000
0000
0000
0000
0000
0000
0000
0000
0000
0000
0000
0000
0000
0000
0000
0000
0000
0000
0000
0000
0000
0000
0000
0000
0000
0000
0000
0000
0000
0000
0000
0000
0000
0000
0000
0000
0000
0000
0000
0000
0000
0000
0000
0000
0000
0000
0000
0000
0000
0000
0000
0000
0000
0000
0000
0000
0000
0000
0000
0000
0000
0000
0000
0000
0000
0000
0000
0000
0000
0000
0000
0000
0000
0000
0000
0000
0000
0000
0000
0000
0000
0000
0000
0000
0000
0000
0000
0000
0000
0000
0000
0000
0000
0000
0000
0000
0000
0000
0000
0000
0000
0000
0000
0000
0000
0000
0000
0000
0000
0000
0000
0000
0000
0000
0000
0000
0000
0000
0000
0000
0000
0000
0000
0000
0000
0000
0000
0000
0000
0000
0000
0000
0000
0000
0000
0000
0000
0000
0000
0000
0000
0000
0000
0000
0000
0000
0000
0000
0000
0000
0000
0000
0000
0000
0000
0000
0000
0000
0000
0000
0000
0000
0000
0000
0000
0000
0000
0000
0000
0000
0000
0000
0000
0000
0000
0000
0000
0000
0000
0000
0000
0000
0000
0000
0000
0000
0000
0000
0000
0000
0000
0000
0000
0000
0000
0000
0000
0000
0000
0000
0000
0000
0000
0000
0000
0000
0000
0000
0000
0000
0000
0000
0000
0000
0000
0000
0000
0000
0000
0000
0000
0000
0000
0000
0000
0000
0000
0000
0000
0000
0000
0000
0000
0000
0000
0000
0000
0000
0000
0000
0000
0000
0000
0000
0000
0000
0000
0000
0000
0000
0000
0000
0000
0000
0000
0000
0000
0000
0000
0000
0000
0000
0000
0000
0000
0000
0000
0000
0000
0000
0000
0000
0000
0000
0000
0000
0000
0000
0000
0000
0000
0000
0000
0000
0000
0000
0000
0000
0000
0000
0000
0000
0000
0000
0000
0000
0000
0000
0000
0000
0000
0000
0000
0000
0000
0000
0000
0000
0000
0000
0000
0000
0000
0000
0000
0000
0000
0000
0000
0000
0000
0000
0000
0000
0000
0000
0000
0000
0000
0000
0000
0000
0000
0000
0000
0000
0000
0000
0000
0000
0000
0000
0000
0000
0000
0000
0000
0000
0000
0000
0000
0000
0000
0000
0000
0000
0000
0000
0000
0000
0000
0000
0000
0000
0000
0000
0000
0000
0000
0000
0000
0000
0000
0000
0000
0000
0000
0000
0000
0000
0000
0000
0000
0000
0000
0000
0000
0000
0000
0000
0000
0000
0000
0000
0000
0000
0000
0000
0000
0000
0000
0000
0000
0000
0000
0000
0000
0000
0000
0000
0000
0000
0000
0000
0000
0000
0000
0000
0000
0000
0000
0000
0000
0000
0000
0000
0000
0000
0000
0000
0000
0000
0000
0000
0000
0000
0000
0000
0000
0000
0000
0000
0000
0000
0000
0000
0000
0000
0000
0000
0000
0000
0000
0000
0000
0000
0000
0000
0000
0000
0000
0000
0000
0000
0000
0000
0000
0000
0000
0000
0000
0000
0000
0000
0000
0000
0000
0000
0000
0000
0000
0000
0000
0000
0000
0000
0000
0000
0000
0000
0000
0000
0000
0000
0000
0000
0000
0000
0000
0000
0000
0000
0000
0000
0000
0000
0000
0000
0000
0000
0000
0000
0000
0000
0000
0000
0000
0000
0000
0000
0000
0000
0000
0000
0000
0000
0000
0000
0000
0000
0000
0000
0000
0000
0000
0000
0000
0000
0000
0000
0000
0000
0000
0000
0000
0000
0000
0000
0000
0000
0000
0000
0000
0000
0000
0000
0000
0000
0000
0000
0000
0000
0000
0000
0000
0000
0000
0000
0000
0000
0000
0000
0000
0000
0000
0000
0000
0000
0000
0000
0000
0000
0000
0000
0000
0000
0000
0000
0000
0000
0000
0000
0000
0000
0000
0000
0000
0000
0000
0000
0000
0000
0000
0000
0000
0000
0000
0000
0000
0000
0000
0000
0000
0000
0000
0000
0000
0000
0000
0000
0000
0000
0000
0000
0000
0000
0000
0000
0000
0000
0000
0000
0000
0000
0000
0000
0000
0000
0000
0000
0000
0000
0000
0000
0000
0000
0000
0000
0000
0000
0000
0000
0000
0000
0000
0000
0000
0000
0000
0000
0000
0000
0000
0000
0000
0000
0000
0000
0000
0000
0000
0000
0000
0000
0000
0000
0000
0000
0000
0000
0000
0000
0000
0000
0000
0000
0000
0000
0000
0000
0000
0000
0000
0000
0000
0000
0000
0000
0000
0000
0000
0000
0000
0000
0000
0000
0000
0000
0000
0000
0000
0000
0000
0000
0000
0000
0000
0000
0000
0000
0000
0000
0000
0000
0000
0000
0000
0000
0000
0000
0000
0000
0000
0000
0000
0000
0000
0000
0000
0000
0000
0000
0000
0000
0000
0000
0000
0000
0000
0000
0000
0000
0000
0000
0000
0000
0000
0000
0000
0000
0000
0000
0000
0000
0000
0000
0000
0000
0000
0000
0000
0000
0000
0000
0000
0000
0000
0000
0000
0000
0000
0000
0000
0000
0000
0000
0000
0000
0000
0000
0000
0000
0000
0000
0000
0000
0000
0000
0000
0000
0000
0000
0000
0000
0000
0000
0000
0000
0000
0000
0000
0000
0000
0000
0000
0000
0000
0000
0000
0000
0000
0000
0000
0000
0000
0000
0000
0000
0000
0000
0000
0000
0000
0000
0000
0000
0000
0000
0000
0000
0000
0000
0000
0000
0000
0000
0000
0000
0000
0000
0000
0000
0000
0000
0000
0000
0000
0000
0000
0000
0000
0000
0000
0000
0000
0000
0000
0000
0000
0000
0000
0000
0000
0000
0000
0000
0000
0000
0000
0000
0000
0000
0000
0000
0000
0000
0000
0000
0000
0000
0000
0000
0000
0000
0000
0000
0000
0000
0000
0000
0000
0000
0000
0000
0000
0000
0000
0000
0000
0000
0000
0000
0000
0000
0000
0000
0000
0000
0000
0000
0000
0000
0000
0000
0000
0000
0000
0000
0000
0000
0000
0000
0000
0000
0000
0000
0000
0000
0000
0000
0000
0000
0000
0000
0000
0000
0000
0000
0000
0000
0000
0000
0000
0000
0000
0000
0000
0000
0000
0000
0000
0000
0000
0000
0000
0000
0000
0000
0000
0000
0000
0000
0000
0000
0000
0000
0000
0000
0000
0000
0000
0000
0000
0000
0000
0000
0000
0000
0000
0000
0000
0000
0000
0000
0000
0000
0000
0000
0000
0000
0000
0000
0000
0000
0000
0000
0000
0000
0000
0000
0000
0000
0000
0000
0000
0000
0000
0000
0000
0000
0000
0000
0000
0000
0000
0000
0000
0000
0000
0000
0000
0000
0000
0000
0000
0000
0000
0000
0000
0000
0000
0000
0000
0000
0000
0000
0000
0000
0000
0000
0000
0000
0000
0000
0000
0000
0000
0000
0000
0000
0000
0000
0000
0000
0000
0000
0000
0000
0000
0000
0000
0000
0000
0000
0000
0000
0000
0000
0000
0000
0000
0000
0000
0000
0000
0000
0000
0000
0000
0000
0000
0000
0000
0000
0000
0000
0000
0000
0000
0000
0000
0000
0000
0000
0000
0000
0000
0000
0000
0000
0000
0000
0000
0000
0000
0000
0000
0000
0000
0000
0000
0000
0000
0000
0000
0000
0000
0000
0000
0000
0000
0000
0000
0000
0000
0000
0000
0000
0000
0000
0000
0000
0000
0000
0000
0000
0000
0000
0000
0000
0000
0000
0000
0000
0000
0000
0000
0000
0000
0000
0000
0000
0000
0000
0000
0000
0000
0000
0000
0000
0000
0000
0000
0000
0000
0000
0000
0000
0000
0000
0000
0000
0000
0000
0000
0000
0000
0000
0000
0000
0000
0000
0000
0000
0000
0000
0000
0000
0000
0000
0000
0000
0000
0000
0000
0000
0000
0000
0000
0000
0000
0000
0000
0000
0000
0000
0000
0000
0000
0000
0000
0000
0000
0000
0000
0000
0000
0000
0000
0000
0000
0000
0000
0000
0000
0000
0000
0000
0000
0000
0000
0000
0000
0000
0000
0000
0000
0000
0000
0000
0000
0000
0000
0000
0000
0000
0000
0000
0000
0000
0000
0000
0000
0000
0000
0000
0000
0000
0000
0000
0000
0000
0000
0000
0000
0000
0000
0000
0000
0000
0000
0000
0000
0000
0000
0000
0000
0000
0000
0000
0000
0000
0000
0000
0000
0000
0000
0000
0000
0000
0000
0000
0000
0000
0000
0000
0000
0000
0000
0000
0000
0000
0000
0000
0000
0000
0000
0000
0000
0000
0000
0000
0000
0000
0000
0000
0000
0000
0000
0000
0000
0000
0000
0000
0000
0000
0000
0000
0000
0000
0000
0000
0000
0000
0000
0000
0000
0000
0000
0000
0000
0000
0000
0000
0000
0000
0000
0000
0000
0000
0000
0000
0000
0000
0000
0000
0000
0000
0000
0000
0000
0000
0000
0000
0000
0000
0000
0000
0000
0000
0000
0000
0000
0000
0000
0000
0000
0000
0000
0000
0000
0000
0000
0000
0000
0000
0000
0000
0000
0000
0000
0000
0000
0000
0000
0000
0000
0000
0000
0000
0000
0000
0000
0000
0000
0000
0000
0000
0000
0000
0000
0000
0000
0000
0000
0000
0000
0000
0000
0000
0000
0000
0000
0000
0000
0000
0000
0000
0000
0000
0000
0000
0000
0000
0000
0000
0000
0000
0000
0000
0000
0000
0000
0000
0000
0000
0000
0000
0000
0000
0000
0000
0000
0000
0000
0000
0000
0000
0000
0000
0000
0000
0000
0000
0000
0000
0000
0000
0000
0000
0000
0000
0000
0000
0000
0000
0000
0000
0000
0000
0000
0000
0000
0000
0000
0000
0000
0000
0000
0000
0000
0000
0000
0000
0000
0000
0000
0000
0000
0000
0000
0000
0000
0000
0000
0000
0000
0000
0000
0000
0000
0000
0000
0000
0000
0000
0000
0000
0000
0000
0000
0000
0000
0000
0000
0000
0000
0000
0000
0000
0000
0000
0000
0000
0000
0000
0000
0000
0000
0000
0000
0000
0000
0000
0000
0000
0000
0000
0000
0000
0000
0000
0000
0000
0000
0000
0000
0000
0000
0000
0000
0000
0000
0000
0000
0000
0000
0000
0000
0000
0000
0000
0000
0000
0000
0000
0000
0000
0000
0000
0000
0000
0000
0000
0000
0000
0000
0000
0000
0000
0000
0000
0000
0000
0000
0000
0000
0000
0000
0000
0000
0000
0000
0000
0000
0000
0000
0000
0000
0000
0000
0000
0000
0000
0000
0000
0000
0000
0000
0000
0000
0000
0000
0000
0000
0000
0000
0000
0000
0000
0000
0000
0000
0000
0000
0000
0000
0000
0000
0000
0000
0000
0000
0000
0000
0000
0000
0000
0000
0000
0000
0000
0000
0000
0000
0000
0000
0000
0000
0000
0000
0000
0000
0000
0000
0000
0000
0000
0000
0000
0000
0000
0000
0000
0000
0000
0000
0000
0000
0000
0000
0000
0000
0000
0000
0000
0000
0000
0000
0000
0000
0000
0000
0000
0000
0000
0000
0000
0000
0000
0000
0000
0000
0000
0000
0000
0000
0000
0000
0000
0000
0000
0000
0000
0000
0000
0000
0000
0000
0000
0000
0000
0000
0000
0000
0000
0000
0000
0000
0000
0000
0000
0000
0000
0000
0000
0000
0000
0000
0000
0000
0000
0000
0000
0000
0000
0000
0000
0000
0000
0000
0000
0000
0000
0000
0000
0000
0000
0000
0000
0000
0000
0000
0000
0000
0000
0000
0000
0000
0000
0000
0000
0000
0000
0000
0000
0000
0000
0000
0000
0000
0000
0000
0000
0000
0000
0000
0000
0000
0000
0000
0000
0000
0000
0000
0000
0000
0000
0000
0000
0000
0000
0000
0000
0000
0000
0000
0000
0000
0000
0000
0000
0000
0000
0000
0000
0000
0000
0000
0000
0000
0000
0000
0000
0000
0000
0000
0000
0000
0000
0000
0000
0000
0000
0000
0000
0000
0000
0000
0000
0000
0000
0000
0000
0000
0000
0000
0000
0000
0000
0000
0000
0000
0000
0000
0000
0000
0000
0000
0000
0000
0000
0000
0000
0000
0000
0000
0000
0000
0000
0000
0000
0000
0000
0000
0000
0000
0000
0000
0000
0000
0000
0000
0000
0000
0000
0000
0000
0000
0000
0000
0000
0000
0000
0000
0000
0000
0000
0000
0000
0000
0000
0000
0000
0000
0000
0000
0000
0000
0000
0000
0000
0000
0000
0000
0000
0000
0000
0000
0000
0000
0000
0000
0000
0000
0000
0000
0000
0000
0000
0000
0000
0000
0000
0000
0000
0000
0000
0000
0000
0000
0000
0000
0000
0000
0000
0000
0000
0000
0000
0000
0000
0000
0000
0000
0000
0000
0000
0000
0000
0000
0000
0000
0000
0000
0000
0000
0000
0000
0000
0000
0000
0000
0000
0000
0000
0000
0000
0000
0000
0000
0000
0000
0000
0000
0000
0000
0000
0000
0000
0000
0000
0000
0000
0000
0000
0000
0000
0000
0000
0000
0000
0000
0000
0000
0000
0000
0000
0000
0000
0000
0000
0000
0000
0000
0000
0000
0000
0000
0000
0000
0000
0000
0000
0000
0000
0000
0000
0000
0000
0000
0000
0000
0000
0000
0000
0000
0000
0000
0000
0000
0000
0000
0000
0000
0000
0000
0000
0000
0000
0000
0000
0000
0000
0000
0000
0000
0000
0000
0000
0000
0000
0000
0000
0000
0000
0000
0000
0000
0000
0000
0000
0000
0000
0000
0000
0000
0000
0000
0000
0000
0000
0000
0000
0000
0000
0000
0000
0000
0000
0000
0000
0000
0000
0000
0000
0000
0000
0000
0000
0000
0000
0000
0000
0000
0000
0000
0000
0000
0000
0000
0000
0000
0000
0000
0000
0000
0000
0000
0000
0000
0000
0000
0000
0000
0000
0000
0000
0000
0000
0000
0000
0000
0000
0000
0000
0000
0000
0000
0000
0000
0000
0000
0000
0000
0000
0000
0000
0000
0000
0000
0000
0000
0000
0000
0000
0000
0000
0000
0000
0000
0000
0000
0000
0000
0000
0000
0000
0000
0000
0000
0000
0000
0000
0000
0000
0000
0000
0000
0000
0000
0000
0000
0000
0000
0000
0000
0000
0000
0000
0000
0000
0000
0000
0000
0000
0000
0000
0000
0000
0000
0000
0000
0000
0000
0000
0000
0000
0000
0000
0000
0000
0000
0000
0000
0000
0000
0000
0000
0000
0000
0000
0000
0000
0000
0000
0000
0000
0000
0000
0000
0000
0000
0000
0000
0000
0000
0000
0000
0000
0000
0000
0000
0000
0000
0000
0000
0000
0000
0000
0000
0000
0000
0000
0000
0000
0000
0000
0000
0000
0000
0000
0000
0000
0000
0000
0000
0000
0000
0000
0000
0000
0000
0000
0000
0000
0000
0000
0000
0000
0000
0000
0000
0000
0000
0000
0000
0000
0000
0000
0000
0000
0000
0000
0000
0000
0000
0000
0000
0000
0000
0000
0000
0000
0000
0000
0000
0000
0000
0000
