ffff
ffff
ffff
ffff
ffff
ffff
ffff
ffff
ffff
ffff
ffff
ffff
ffff
ffff
ffff
ffff
ffff
ffff
ffff
ffff
ffff
ffff
ffff
ffff
ffff
ffff
ffff
ffff
ffff
ffff
ffff
ffff
aaaa
aaaa
aaaa
aaaa
aaaa
aaaa
aaaa
aaaa
aaaa
aaaa
aaaa
aaaa
aaaa
aaaa
aaaa
aaaa
aaaa
aaaa
aaaa
aaaa
aaaa
aaaa
aaaa
aaaa
aaaa
aaaa
aaaa
aaaa
aaaa
aaaa
aaaa
aaaa
5555
5555
5555
5555
5555
5555
5555
5555
5555
5555
5555
5555
5555
5555
5555
5555
5555
5555
5555
5555
5555
5555
5555
5555
5555
5555
5555
5555
5555
5555
5555
5555
0000
0000
0000
0000
0000
0000
0000
0000
0000
0000
0000
0000
0000
0000
0000
0000
0000
0000
0000
0000
0000
0000
0000
0000
0000
0000
0000
0000
0000
0000
0000
0000
ffff
ffff
ffff
ffff
ffff
ffff
ffff
ffff
5555
5555
5555
5555
5555
5555
5555
5555
5555
5555
5555
5555
5555
5555
5555
5555
5555
5555
5555
5555
5555
5555
5555
5555
5555
5555
5555
5555
5555
5555
5555
5555
5555
5555
5555
5555
5555
5555
5555
5555
5555
5555
5555
5555
5555
5555
5555
5555
5555
5555
5555
5555
5555
5555
5555
5555
5555
5555
5555
5555
5555
5555
5555
5555
5555
5555
5555
5555
5555
5555
5555
5555
5555
5555
5555
5555
5555
5555
5555
5555
5555
5555
5555
5555
5555
5555
5555
5555
5555
5555
5555
5555
5555
5555
5555
5555
5555
5555
5555
5555
5555
5555
5555
5555
5555
5555
5555
5555
5555
5555
5555
5555
5555
5555
5555
5555
5555
5555
5555
5555
5555
5555
5555
5555
5555
5555
5555
5555
5555
5555
5555
5555
5555
5555
5555
5555
5555
5555
5555
5555
5555
5555
5555
5555
5555
5555
5555
5555
5555
5555
5555
5555
5555
5555
5555
5555
5555
5555
5555
5555
5555
5555
5555
5555
5555
5555
5555
5555
5555
5555
5555
5555
5555
5555
5555
5555
5555
5555
5555
5555
5555
5555
5555
5555
5555
5555
5555
5555
5555
5555
5555
5555
5555
5555
5555
5555
5555
5555
5555
5555
5555
5555
5555
5555
5555
5555
5555
5555
0000
003c
0033
0033
003c
0000
0000
0000
5555
5555
5555
5555
5555
5555
5555
5555
5555
5555
5555
5555
5555
5555
5555
5555
5555
5555
5555
5555
5555
5555
5555
5555
5555
5555
5555
5555
5555
5555
5555
5555
5555
5555
5555
5555
5555
5555
5555
5555
5555
5555
5555
5555
5555
5555
5555
5555
5555
5555
5555
5555
5555
5555
5555
5555
5555
5555
5555
5555
5555
5555
5555
5555
5555
5555
5555
5555
5555
5555
5555
5555
5555
5555
5555
5555
5555
5555
5555
5555
5555
5555
5555
5555
5555
5555
5555
5555
5555
5555
5555
5555
5555
5555
5555
5555
5555
5555
5555
5555
5555
5555
5555
5555
5555
5555
5555
5555
5555
5555
5555
5555
5555
5555
5555
5555
5555
5555
5555
5555
5555
5555
5555
5555
5555
5555
5555
5555
5555
5555
5555
5555
5555
5555
5555
5555
5555
5555
5555
5555
5555
5555
5555
5555
5555
5555
5555
5555
5555
5555
5555
5555
5555
5555
5555
5555
5555
5555
5555
5555
0000
0000
0000
0000
0000
0000
0000
0000
5555
5555
5555
5555
5555
5555
5555
5555
5555
5555
5555
5555
5555
5555
5555
5555
5555
5555
5555
5555
5555
5555
5555
5555
5555
5555
5555
5555
5555
5555
5555
5555
5555
5555
5555
5555
5555
5555
5555
5555
5555
5555
5555
5555
5555
5555
5555
5555
5555
5555
5555
5555
5555
5555
5555
5555
5555
5555
5555
5555
5555
5555
5555
5555
5555
5555
5555
5555
5555
5555
5555
5555
5555
5555
5555
5555
5555
5555
5555
5555
5555
5555
5555
5555
5555
5555
5555
5555
5555
5555
5555
5555
5555
5555
5555
5555
5555
5555
5555
5555
5555
5555
5555
5555
5555
5555
5555
5555
5555
5555
5555
5555
5555
5555
5555
5555
5555
5555
5555
5555
5555
5555
5555
5555
5555
5555
5555
5555
5555
5555
5555
5555
5555
5555
5555
5555
5555
5555
5555
5555
5555
5555
5555
5555
5555
5555
5555
5555
5555
5555
5555
5555
5555
5555
5555
5555
5555
5555
5555
5555
5555
5555
5555
5555
5555
5555
5555
5555
5555
5555
5555
5555
5555
5555
5555
5555
5555
5555
5555
5555
5555
5555
5555
5555
5555
5555
5555
5555
5555
5555
5555
5555
5555
5555
5555
5555
5555
5555
5555
5555
5555
5555
5555
5555
5555
5555
5555
5555
0000
cf3f
cc3c
c330
cf3f
0000
0000
0000
0000
3f30
3c3c
3033
3f30
0000
0000
0000
0000
3f3f
3c3c
3030
3f30
0000
0000
0000
0000
303c
3033
f033
303c
0000
0000
0000
5555
5555
5555
5555
5555
5555
5555
5555
5555
5555
5555
5555
5555
5555
5555
5555
0000
f0fc
cc30
f030
cc30
0000
0000
0000
0000
fcfc
cccc
fccc
c0fc
0000
0000
0000
0000
c33c
f330
cf0c
c33c
0000
0000
0000
0000
f0fc
cccc
f0fc
cccc
0000
0000
0000
0000
00fc
0030
0030
0030
0000
0000
0000
5555
5555
5555
5555
5555
5555
5555
5555
5555
5555
5555
5555
5555
5555
5555
5555
5555
5555
5555
5555
5555
5555
5555
5555
5555
5555
5555
5555
5555
5555
5555
5555
ffff
f7ff
dfff
55f5
5557
57ff
ffff
ffff
ffff
7fff
d7ff
5555
f555
ff55
fff7
ffdf
ffff
ffff
ffff
ffff
ffff
ffff
ffff
ffff
3550
3550
3550
1550
1550
1550
0000
0000
0000
3c00
c300
ff40
eb40
eb40
eb40
eb40
4444
3d11
c344
ff51
eb44
eb51
eb44
eb51
4444
1111
4444
1111
4444
ffff
0000
5595
0000
0000
0000
0000
0000
0000
0000
0000
4444
1111
4444
1111
4444
d111
c444
d111
4444
1111
4444
1111
4444
ffff
ffff
ffff
0000
0000
0000
0000
0000
ffff
ffff
ffff
0000
0000
0000
0000
0000
0003
0003
0003
0000
0100
4000
1000
4000
1000
4410
1000
4444
1111
4444
1111
4444
1111
4444
1111
5555
5555
5555
5555
5555
5555
5555
5555
0000
0000
0000
0000
0000
0000
0000
0000
5555
5555
5555
5555
5555
5555
5555
5555
0000
22a2
a222
22a2
2222
2222
0000
0000
0000
22a0
2220
a2a0
2220
2220
0000
0000
0000
1555
1555
1555
1555
1555
1555
1555
5555
5555
5555
5555
5555
5555
5555
5555
5555
5555
5555
5555
5555
5555
5555
5555
5555
5555
5555
5555
5555
5555
5555
5555
5555
5555
5555
5555
5555
5555
5555
5555
5555
5555
5555
5555
5555
5555
5555
5555
5555
5555
5555
5555
5555
5555
5555
5555
5555
5555
5555
5555
5555
5555
5555
5555
5555
5555
5555
5555
5555
5555
5555
5555
5555
5555
5555
5555
5555
5555
5555
5555
5555
5555
5555
5555
5555
5555
5555
5555
5555
5555
5555
5555
5555
5555
5555
5555
5555
5555
5555
5555
5555
5555
5555
5555
a1dd
a377
a1dd
a377
a1dd
a377
a1dd
a377
5555
5555
5555
5555
5555
5555
5555
5555
5555
5555
5555
5555
5555
5555
5555
5555
5555
5555
5555
5555
5555
5555
5555
5555
5555
5555
5555
5555
5555
5555
5555
5555
5555
5555
5555
5555
5555
5555
5555
5555
5555
5555
5555
5555
5555
5555
5555
5555
5555
5555
5555
5555
5555
5555
5555
5555
5555
5555
5555
5555
5555
5555
5555
5555
a1dd
a377
a1dd
a377
a1dd
a000
aaaa
aaaa
0000
208a
2888
228a
2088
208a
0000
0000
0000
2020
2020
2220
28a0
2020
0000
0000
0000
2a20
2228
2222
2220
2a20
0000
0000
aaaa
aaaa
aaaa
aaaa
aaaa
aaaa
aaaa
aaaa
aaaa
aaaa
aaaa
aaaa
aaaa
aaaa
aaaa
aaaa
aaaa
6aaa
5aaa
56aa
55aa
556a
555a
5556
aaaa
9a9a
965a
a56a
a56a
965a
9a9a
aaaa
aaaa
a556
9afe
b6be
bdae
bf6a
bfda
aaaa
ffff
ffff
ffff
ffff
aaaa
9556
bffe
aaaa
5555
fd55
fff5
ffff
aaaa
9556
bffe
aaaa
0000
fc00
fff0
ffff
aaaa
9556
bffe
aaaa
5555
5555
5555
5555
5555
5555
5555
5555
5555
5555
5555
5555
5555
5555
5555
5555
5555
5555
5555
5555
5555
5555
5555
5555
5555
5555
5555
5555
5555
5555
5555
5555
5555
5555
5555
5555
5555
5555
5555
5555
5555
5555
5555
5555
5555
5555
5555
5555
5555
5555
5555
5555
5555
5555
5555
5555
5555
5555
5555
5555
5555
5555
5555
5555
5555
5555
5555
5555
5555
5555
5555
5555
5555
5555
5555
5555
5555
5555
5555
5555
5555
5555
5555
5555
5555
5555
5555
5555
5555
5555
5555
5555
5555
5555
5555
5555
5555
5555
5555
5555
5555
5555
5555
5555
5555
5555
5555
5555
5555
5555
5555
5555
5555
5555
5555
5555
5555
5555
5555
5555
5555
5555
5555
5555
5555
5555
5555
5555
5555
0101
1515
0505
1515
0115
5555
5555
5555
4504
4514
4504
4514
4104
5555
5555
5555
1014
5454
1454
5454
5454
5555
5555
5555
3444
4445
3445
4445
3735
5555
5555
5555
0073
1144
1144
1144
1173
5555
5555
5555
4515
4115
4c15
4715
4515
5555
5555
0000
a000
8800
a000
8800
0000
0000
0000
0000
2a22
2020
2020
2a20
0000
0000
0000
5555
5515
5515
5515
5515
5501
5555
5555
0000
a220
8220
82a0
8080
0000
0000
0000
0000
0800
8800
2800
0800
0000
0000
0000
5555
5555
5555
5555
5555
5555
5555
5555
5555
5555
5555
5555
5555
5555
5555
5555
5555
5555
5555
5555
5555
5555
5555
5555
5555
5555
5555
5555
5555
5555
5555
5555
5555
5555
5555
5555
5555
5555
5555
5555
5555
50d1
5111
5051
5111
5111
5555
5555
5555
c111
1511
1101
1111
c111
5555
5555
5555
0143
4544
4543
4544
4543
5555
5555
5555
4440
4451
4451
4451
7351
5555
5555
5555
0734
1444
1444
1444
1734
5555
5555
5555
5155
1155
4155
5155
5155
5555
5555
5555
5555
5555
5555
5555
5555
5555
5555
5555
5555
5555
5555
5555
5555
5555
5555
5555
5555
5555
5555
5555
5555
5555
5555
5555
5555
5555
5555
5555
5555
5555
5555
5555
5555
5555
5555
5555
5555
5555
5555
5555
5555
5555
5555
5555
5555
5555
5555
5555
5555
5555
5555
5555
5555
5555
5555
5555
5555
5555
5555
5555
5555
5555
5555
5555
5555
5555
5555
5555
5555
5555
5555
5555
5555
5555
5555
5555
5555
5555
5555
5555
5555
5555
5555
5555
5555
5555
5555
5555
5555
5555
5555
5555
5555
5555
5555
5555
5555
5555
5555
5555
5555
5555
5555
5555
5555
5555
5555
5555
5555
5555
5555
5555
5555
5555
5555
5555
5555
5555
5555
5555
5555
5555
5555
5555
5555
5555
5555
5555
5555
5555
5555
5555
5555
5555
5555
5555
5555
5555
5555
5555
5555
5555
5555
5555
5555
5555
5555
5555
5555
5555
5555
5555
5555
5555
5555
5555
5555
5555
5555
5555
5555
5555
5555
5555
5555
5555
5555
5555
5555
5555
5555
5555
5555
5555
5555
5555
5555
5555
5555
5555
5555
5555
5555
5555
5555
5555
5555
5555
5555
5555
5555
5555
5555
5555
5555
5555
5555
5555
5555
5555
5555
5555
5555
5555
5555
5555
5555
5555
5555
5555
5555
5555
5555
5555
5555
5555
5555
5555
5555
5555
5555
5555
5555
5555
5555
5555
5555
5555
5555
5555
5555
ffff
eaab
e55b
e55b
e55b
e55b
eaab
ffff
5555
5555
5555
5555
5555
5555
5555
5555
5555
5555
5555
5555
5555
5555
5555
5555
5555
5555
5555
5555
5555
5555
5555
5555
ffff
ffff
ffff
ffff
ffff
ffff
ffff
ffff
ffff
ffff
ffff
ffff
ffff
ffff
ffff
ffff
ffff
ffff
ffff
ffff
ffff
ffff
ffff
ffff
0000
0000
5555
5555
5555
ffff
ffff
ffff
d000
5000
0000
0000
0000
0000
0000
0000
ffff
ffff
ffff
ffff
ffff
ffff
ffff
ffff
ffff
ffff
ffff
ffff
ffff
ffff
ffff
ffff
4557
1157
4557
1157
4557
1157
4557
1157
0157
0157
0157
0157
0157
0157
0157
0157
ffdf
ff5f
ffff
ffff
ffff
ffff
ffff
ffff
ffdf
ffdf
ffdf
ffdf
ffdf
ffdf
ffdf
ffdf
f55f
ff5f
ffdf
ffdf
ffdf
ffdf
ffdf
ffdf
5555
5555
5555
5555
5555
5555
5555
5555
5555
5555
5555
5555
5555
5555
5555
5555
5555
5555
5555
5555
5555
5555
5555
5555
5555
5555
5555
5555
5555
5555
5555
5555
5555
5555
5555
5555
5555
5555
5555
5555
5555
5555
5555
5555
5555
5555
5555
5555
dddd
7777
dddd
7777
dddd
0000
aaaa
aaaa
5555
5555
5555
5555
5555
5555
5555
5555
5555
5555
5555
5555
5555
5555
5555
5555
5555
5555
5555
5555
5555
5555
5555
5555
5555
5555
5555
5555
5555
5555
5555
5555
5555
5555
5555
5555
5555
5555
5555
5555
5555
5555
5555
5555
5555
5555
5555
5555
ffff
eaab
eaab
eaab
eaab
eaab
eaab
ffff
ffff
d55f
d55f
ffff
cccf
ffff
cccf
ffff
ffff
eaaf
eaaf
ffff
cccf
ffff
cccf
ffff
5555
5555
5555
5555
5555
5555
5555
5555
dddd
7777
dddd
7777
dddd
7777
dddd
7777
ffff
ffff
ffff
ffff
ffff
ffff
ffff
ffff
ffff
ffff
ffff
ffff
ffff
ffff
ffff
ffff
ffff
ffff
ffff
ffff
ffff
ffff
ffff
ffff
ffff
ffff
ffff
ffff
ffff
ffff
ffff
ffff
ffff
ffff
ffff
ffff
ffff
ffff
ffff
ffff
ffff
ffff
ffff
ffff
ffff
ffff
ffff
ffff
ffff
ffff
ffff
ffff
ffff
ffff
ffff
ffff
ffff
ffff
ffff
ffff
ffff
ffff
ffff
ffff
ffff
ffff
ffff
ffff
ffff
ffff
ffff
ffff
ffff
ffff
ffff
ffff
ffff
ffff
ffff
ffff
ffff
ffff
ffff
ffff
ffff
ffff
ffff
ffff
ff77
7f55
7fd5
5ff5
57fd
55ff
557f
555f
d557
d555
f555
7d55
5fd5
55ff
5555
5555
fff5
ffff
57ff
5dff
fd57
d555
5555
5555
7555
d555
ffff
ffff
ffff
5555
7555
5555
7775
5555
5555
5555
5555
5555
d55d
fd7d
7fd5
7ff5
7fd5
7ff5
7fd5
7ff5
7fdd
7ff5
7fd5
7ff5
7fd5
7ff5
7fd5
7ff5
7fd5
7ff5
5555
5555
5555
5555
5555
5555
5555
5555
5555
5555
5555
5555
5555
5555
5555
5555
5555
5555
5555
5555
5555
5555
5555
5555
7555
5555
7555
5555
7555
5555
7555
5555
ddd5
55d5
5575
5575
557d
555d
555f
5557
5555
ffff
ffff
5555
fff7
5557
fff7
5555
5554
555f
5554
555f
5554
555f
5554
555f
55dd
5577
55dd
5577
55dd
5577
55dd
5577
dddd
7777
dddd
7777
dddd
7777
dddd
7777
f5d5
79d5
f6d5
79d5
f5d1
7fd5
ffd5
5555
d555
7fd5
ffd5
79d1
f6d5
75d5
f6d5
79d5
5555
ffff
ffff
5555
5555
5555
5555
5555
5555
ffff
ffff
5555
fff5
5555
fd55
5555
5555
ffff
ffff
5555
ffff
5555
ffff
5555
5555
ffff
ffff
5555
ffff
5555
7fd5
7fd5
5555
ffff
ffff
5555
ffff
5555
ffff
5555
5555
ffff
ffff
5555
ffff
5555
ffff
5555
5555
ffff
ffff
5555
f7ff
f555
f5ff
fd55
5557
5555
5555
5555
5555
5555
5555
5555
5555
5555
5555
5555
5555
5555
5555
5555
5555
5555
5555
5555
5555
5555
5555
5555
5555
5555
5555
5555
dd55
7775
dddd
7777
ffff
ffff
febf
effa
ffaa
ffea
fffe
ffff
ffff
ffff
aaff
aaab
aaaa
aaab
aabf
ffff
ffff
ffff
effb
fabf
feaa
ffab
ffff
ffff
ffff
ffff
ffff
ffff
ffff
ffff
ffff
ffff
fd55
ff55
fff5
ffff
ffff
ffff
ffff
ffff
5555
5555
5555
ffff
ffff
ffff
ffff
ffff
7555
5555
7555
5555
7555
5555
555d
7777
5555
5555
5555
5555
5555
5555
5555
5555
7fdd
7ff5
7fdd
7ff5
7fdd
7ff5
7fdd
5557
5555
5555
5555
5555
5555
5555
5555
7555
5554
555c
5554
555c
5554
555c
5554
555c
5555
5555
5555
5575
55d5
5775
5ddd
7777
5555
7ffd
755d
755d
755d
755d
7ffd
5555
d557
5555
d557
5555
d557
5555
d557
5555
5555
5555
7ffd
703d
72bd
7ffd
7ffd
5555
5555
5555
5555
5555
dddd
7777
dddd
7777
5555
5555
5555
5555
5555
5555
5555
5555
5555
5555
5555
5555
5555
5555
5555
5555
5555
5555
5555
5555
5555
5555
5555
5555
ffff
ffff
ffff
ffff
ffff
ffff
ffff
ffff
fa95
ff95
ffff
ffff
ffff
ffff
ffff
ffff
5555
5555
dddd
ff77
fffd
ffff
ffff
ffff
fa95
fa95
fa95
fa95
fa95
fa95
fa95
fa95
5555
ffff
ffff
5555
ffff
5555
ffff
5555
5555
ffff
ffff
5555
ffff
5555
fff5
555a
5555
ffff
ffff
5555
f56a
5aa9
aa95
a555
7777
5555
5555
5555
5555
5555
5555
5555
fdaa
f6a5
fa95
fa95
fa95
fa95
fa95
fa95
5555
5555
5555
5555
5555
5555
5555
5555
556a
f56a
5aaa
aaaa
aaaa
aaaa
aaaa
aaaa
aaaa
aaaa
aaaa
aaaa
aaaa
aaaa
aaaa
aaaa
aaaa
aaaa
afaa
a36a
a36a
a36a
af6a
a56a
5555
5555
5555
5555
5555
5555
5555
5555
5555
5555
5555
5555
5555
5555
5555
5555
5555
5555
7344
4445
4045
4445
4441
5555
5555
5555
5555
5555
5555
5555
5555
5555
5555
5555
0445
1444
1405
1444
1445
5555
5555
5555
5555
5555
5555
5555
5555
5555
5555
5555
5555
5555
5555
5555
5555
5555
5555
5555
5110
5111
5010
5111
5110
5555
5555
5555
5555
5555
5555
5555
5555
5555
0000
0000
0000
0000
0000
0000
0000
0000
5555
5555
5555
5555
5555
5555
5555
5555
0000
0000
a888
88a0
8888
a888
0000
0000
5555
5555
5555
5555
5555
5555
5555
5555
5555
5555
5555
5555
5555
5555
5555
5555
0000
0000
2282
2222
2220
2282
0000
0000
0000
0000
0000
0000
0000
0000
0000
0000
5555
5aa5
6aa9
6a29
6aa9
6aa9
5aa5
5555
5555
5555
5555
5555
5555
5555
5555
5555
5555
5555
5555
5555
5555
5555
5555
5555
5555
5555
5555
5555
5555
5555
5555
5555
5555
5555
5555
5555
5555
5555
5555
5555
5555
5555
5555
5555
5555
5555
5555
5555
5555
5555
5555
5555
5555
5555
5555
5555
5555
5555
5555
5555
5555
5555
5555
5555
5555
5555
5555
5555
5555
5555
5555
5555
9999
6666
9999
6666
9999
6666
9999
6666
fdaa
f6a7
fa9f
fa9f
fa9f
fa9f
fa9f
fa9f
5555
ffff
ffff
5555
ffff
5555
fff5
555a
7fff
ffff
ffff
ffff
ffff
ffff
ffff
ffff
5555
ffff
ffff
5555
f56a
5aa9
aa9f
a7ff
ffff
ffaf
faaf
aaaf
aaaf
aaaf
aaaf
abff
ffff
ffff
ffff
ffff
ffff
ffff
ffff
ffff
555f
555f
555f
555f
555f
555f
555f
555f
555f
555f
555f
555f
555f
555f
555f
555f
ffff
ffff
ffff
ffff
ffff
ffff
ffff
ffff
ffff
ffff
ffff
ffff
ffff
ffff
ffff
ffff
555f
555f
555f
555f
555f
555f
555f
555f
fa9f
fa9f
fa9f
fa9f
fa9f
fa9f
fa9f
fa9f
fa9f
ff9f
ffff
ffff
ffff
ffff
ffff
ffff
ffff
ffff
ffff
ffff
ffff
ffff
ffff
ffff
95ff
55ff
55ff
55ff
55ff
55ff
55ff
55ff
55ff
55ff
55ff
55fa
55fa
55fa
55fa
55fa
55ff
55ff
55ff
55ff
55ff
55ff
55ff
55ff
aaaa
aaaa
aaaa
aaaa
aaaa
aaaa
aaaa
aaaa
55ff
55ff
55ff
f5ff
fdff
ffff
ffff
ffff
aaaa
9a6a
a669
a566
955a
a556
a99a
aa6a
afaa
b3ea
bcfa
9f3a
a7da
a96a
aaaa
aaaa
9999
6666
9001
6332
9331
6002
9555
6666
ffff
ffff
ffff
ffff
ffff
ffff
ffff
ffff
5555
5555
5555
5555
5555
5555
5555
5555
5555
5555
5555
5555
5555
5555
5555
5555
5555
5555
5555
5555
5555
5555
5555
5555
5555
5555
5555
5555
5555
5555
5555
5555
5555
5555
5555
5555
5555
5555
5555
5555
5555
5555
5555
5555
5555
5555
5555
5555
5555
5555
5555
5555
5555
5555
5555
5555
5555
5555
5555
5555
5555
5555
5555
5555
5555
5555
5555
5555
5555
5555
5555
5555
5555
5555
5555
5555
5555
5555
5555
5555
5555
5555
5555
5555
5555
5555
5555
5555
5555
5555
5555
5555
5555
5555
5555
5555
5555
5555
5555
5555
5555
5555
5555
5555
5555
5555
5555
5555
5555
5555
5555
5555
5555
5555
5555
5555
5555
5555
5555
5555
5555
5555
5555
5555
5555
5555
5555
5555
5555
5555
5555
5555
5555
5555
5555
5555
5555
5555
5555
5555
5555
5555
5555
5555
5555
5555
5555
5555
5555
5555
5555
5555
5555
5555
5555
5555
5555
5555
5555
5555
5555
5555
5555
5555
5555
5555
5555
5555
5555
5555
5555
5555
5555
5555
5555
5555
5555
5555
5555
5555
5555
5555
5555
5555
5555
5555
5555
5555
5555
5555
5555
5555
5555
5555
5555
5555
5555
5555
5555
5555
5555
5555
5555
5555
5555
5555
5555
5555
5555
5555
5555
5555
5555
5555
5555
5555
5555
5555
5555
5555
5555
5555
5555
5555
5555
5555
5555
5555
5555
5555
5555
5555
5555
5555
5555
5555
5555
5555
5555
5555
5555
5555
5555
5555
5555
5555
5555
5555
5555
5555
5555
5555
5555
5555
5555
5555
5555
5555
5555
5555
5555
5555
5555
5555
5555
5555
5555
5555
5555
5555
5555
5555
5555
5555
5555
5555
5555
5555
5555
5555
5555
5555
5555
5555
5555
5555
5555
5555
5555
5555
5555
5555
5555
5555
5555
5555
5555
5555
5555
5555
5555
5555
5555
5555
5555
5555
5555
5555
5555
5555
5555
5555
5555
5555
5555
5555
5555
5555
5555
5555
5555
5555
5555
5555
5555
5555
5555
5555
5555
5555
5555
5555
5555
5555
5555
5555
5555
5555
5555
5555
5555
5555
5555
5555
5555
5555
5555
5555
5555
5555
5555
5555
5555
5555
5555
5555
5555
5555
5555
5555
5555
5555
5555
5555
5555
5555
5555
5555
5555
5555
5555
5555
5555
5555
5555
5555
5555
5555
5555
5555
5555
5555
5555
5555
5555
5555
5555
5555
5555
5555
5555
5555
5555
5555
5555
5555
5555
5555
5555
5555
ffff
ffff
ffff
ffff
ffff
ffff
ffff
ffff
ffff
ffff
ffff
ffff
ffff
ffff
ffff
ffff
ffff
ffff
ffff
ffff
ffff
ffff
ffff
ffff
5555
5555
5555
5555
5555
5555
5555
5555
5555
5555
5555
5555
5555
5555
5555
5555
5555
5555
5555
5555
5555
5555
5555
5555
5555
5555
5555
5555
5555
5555
5555
5555
5555
5555
5555
5555
5555
5555
5555
5555
5555
5555
5555
5555
5555
5555
5555
5555
5555
5555
5555
5555
5555
5555
5555
5555
5555
5555
5555
5555
5555
5555
5555
5555
5555
5555
5555
5555
5555
5555
5555
5555
5555
5555
5555
5555
5555
5555
5555
5555
5555
5555
5555
5555
5555
5555
5555
5555
5555
5555
5555
5555
5555
5555
5555
5555
5555
5555
5555
5555
5555
5555
5555
5555
5555
5555
5555
5555
5555
5555
5555
5555
5555
5555
5555
5555
5555
5555
5555
5555
5555
5555
5555
5555
5555
5555
5555
5555
5555
5555
5555
5555
5555
5555
5555
5555
5555
5555
5555
5555
5555
5555
5555
5555
5555
5555
5555
5555
5555
5555
5555
5555
5555
5555
5555
5555
5555
5555
5555
5555
5555
5555
5555
5555
5555
5555
5555
5555
5555
5555
5555
5555
5555
5555
5555
5555
5555
5555
5555
5555
5555
5555
5555
5555
5555
5555
5555
5555
5555
5555
5555
5555
5555
5555
5555
5555
5555
5555
5555
5555
5555
5555
5555
5555
5555
5555
5555
5555
5555
5555
5555
5555
5555
5555
5555
5555
5555
5555
5555
5555
5555
5555
5555
5555
5555
5555
5555
5555
5555
5555
5555
5555
5555
5555
5555
5555
5555
5555
5555
5555
5555
5555
5555
5555
5555
5555
5555
5555
5555
5555
5555
5555
5555
5555
5555
5555
5555
5555
5555
5555
5555
5555
5555
5555
5555
5555
5555
5555
5555
5555
5555
5555
5555
5555
5555
5555
5555
5555
5555
5555
5555
5555
5555
5555
5555
5555
5555
5555
5555
5555
5555
5555
5555
5555
5555
5555
5555
5555
5555
5555
5555
5555
5555
5555
5555
5555
5555
5555
5555
5555
5555
5555
5555
5555
5555
5555
5555
5555
5555
5555
5555
5555
5555
5555
5555
5555
5555
5555
5555
5555
5555
5555
5555
5555
5555
5555
5555
5555
5555
5555
5555
5555
5555
5555
5555
5555
5555
5555
5555
5555
5555
5555
5555
5555
5555
5555
5555
5555
5555
5555
5555
5555
5555
5555
5555
5555
5555
5555
5555
5555
5555
5555
5555
5555
5555
5555
5555
5555
5555
5555
5555
5555
5555
5555
5555
5555
5555
5555
5555
5555
5555
5555
5555
5555
5555
5555
5555
5555
5555
5555
5555
5555
5555
5555
5555
5555
5555
5555
5555
5555
5555
5555
5555
5555
5555
5555
5555
5555
5555
5555
5555
5555
5555
5555
5555
5555
5555
5555
5555
5555
5555
5555
5555
5555
5555
5555
5555
5555
5555
5555
5555
5555
5555
5555
5555
5555
5555
5555
5555
5555
5555
5555
5555
5555
5555
5555
5555
5555
5555
5555
5555
5555
5555
5555
5555
5555
5555
5555
5555
5555
5555
5555
5555
5555
5555
5555
5555
5555
5555
5555
5555
5555
5555
5555
5555
5555
5555
5555
5555
5555
5555
5555
5555
5555
5555
5555
5555
5555
5555
5555
5555
5555
5555
5555
5555
5555
5555
5555
5555
5555
5555
5555
5555
5555
5555
5555
5555
5555
5555
5555
5555
5555
5555
5555
5555
5555
5555
5555
5555
5555
5555
5555
5555
5555
5555
5555
5555
5555
5555
5555
5555
5555
5555
5555
5555
5555
5555
5555
5555
5555
5555
5555
5555
5555
5555
5555
5555
5555
5555
5555
5555
5555
5555
5555
5555
5555
5555
5555
5555
5555
5555
5555
5555
5555
5555
5555
5555
5555
5555
5555
5555
5555
5555
5555
5555
5555
5555
5555
5555
5555
5555
5555
5555
5555
5555
5555
5555
5555
5555
5555
5555
5555
5555
5555
5555
5555
5555
5555
5555
5555
5555
5555
5555
5555
5555
5555
5555
5555
5555
5555
5555
5555
5555
5555
5555
5555
5555
5555
5555
5555
5555
5555
5555
5555
5555
5555
5555
5555
5555
5555
5555
5555
5555
5555
5555
5555
5555
5555
5555
5555
5555
5555
5555
5555
5555
5555
5555
5555
5555
5555
5555
5555
5555
5555
5555
5555
5555
5555
5555
5555
5555
5555
5555
5555
5555
5555
5555
5555
5555
5555
5555
5555
5555
5555
5555
5555
5555
5555
5555
5555
5555
5555
5555
5555
5555
5555
5555
5555
5555
5555
5555
5555
5555
5555
5555
5555
5555
5555
5555
5555
5555
5555
5555
5555
5555
5555
5555
5555
5555
5555
5555
5555
5555
5555
5555
5555
5555
5555
5555
5555
5555
5555
5555
5555
5555
5555
5555
5555
5555
5555
5555
5555
5555
5555
5555
5555
5555
5555
5555
5555
5555
5555
5555
5555
5555
5555
5555
5555
5555
5555
5555
5555
5555
5555
5555
5555
5555
5555
5555
5555
5555
5555
5555
5555
5555
5555
5555
5555
5555
5555
5555
5555
5555
5555
5555
5555
5555
5555
5555
5555
5555
5555
5555
5555
5555
5555
5555
5555
5555
5555
5555
5555
5555
5555
5555
5555
5555
5555
5555
5555
5555
5555
5555
5555
5555
5555
5555
5555
5555
5555
5555
5555
5555
5555
5555
5555
5555
5555
5555
5555
5555
5555
5555
5555
5555
5555
5555
5555
5555
5555
5555
5555
5555
5555
5555
5555
5555
5555
5555
5555
5555
5555
5555
5555
5555
5555
fdaa
f6a5
fa95
fa95
fa95
fa95
fa95
fa95
0055
0054
0050
0040
0000
0000
0000
0000
55ff
03c4
0f11
3fff
3fff
0fff
0155
0000
7777
5555
5555
0000
0000
0000
0000
0000
fdaa
f6a5
fa9f
fa9f
fa9f
fa9f
fa9f
fa9f
fa95
fa95
fa95
fa95
fa95
fa95
fa95
fa95
fa9f
fa9f
fa9f
fa9f
fa9f
fa9f
fa9f
fa9f
0000
0000
0000
0000
0000
0000
5555
ffff
7777
5555
dddd
7755
d555
5555
5555
5555
5557
555f
557f
55ff
57ff
5fff
7fff
ffff
ffff
ffff
ffff
ffff
ffff
ffff
ffff
ffff
7777
5555
dddd
7777
dddd
4444
1111
4444
7777
5555
5555
4000
4000
4000
4000
5000
f7f7
fdf5
7ff5
0ff0
03f0
00fc
03ab
03ab
5977
5955
5955
0914
a914
5514
0014
0014
5555
ffff
ffff
5555
ffff
5555
ffff
5555
5555
ffff
ffff
5555
ffff
5555
ffff
5555
5555
ffff
ffff
5555
f5ff
5955
d97f
5955
7777
5555
5555
0000
02aa
0255
0240
0240
0015
0005
0000
0000
0000
0000
0000
0000
4000
0000
0000
0000
0000
0000
0000
0000
5554
5554
0000
0000
0000
0000
4000
4000
0245
0245
0245
0245
0655
07d5
0655
0155
0000
0000
0000
0000
0000
0000
0000
0000
03ab
00fd
0005
0001
0000
0000
0000
0000
5400
5400
5400
5000
0000
0000
0000
0000
ffff
cfff
f00f
f29f
f29f
f15f
f55f
d557
ffff
cfff
f00f
f29f
f29f
f15f
f55f
d557
ffff
cfff
f00f
f15f
f15f
f15f
f55f
d557
ffff
ffff
ffff
ffff
ffff
ffff
ffff
ffff
ffff
ffff
ffff
ffff
ffff
ffff
ffff
ffff
7777
5555
5555
0000
0000
0000
5000
5400
7777
5555
5555
0000
00fc
03ab
038b
038b
f55f
f55f
f55f
f55f
f55f
f55f
f55f
f55f
f55f
f55f
f55f
f55f
f55f
f55f
f55f
f55f
f55f
f55f
ffff
ffff
ffff
ffff
ffff
ffff
ffff
ffff
ffff
ffff
ffff
ffff
ffff
ffff
0000
0000
0055
0055
0055
ffff
ffff
ffff
5555
0000
0003
5555
03ff
5555
ffff
5555
5555
ffc0
ff00
5555
c000
5555
0003
5555
5555
ffff
ffff
5555
ffff
5555
fffc
5555
5555
ffff
ffff
5555
ffff
5555
ffff
5555
5555
ffff
ffff
5555
ffff
5555
ffff
5555
5555
ffff
ffff
5555
ffff
5555
ffff
5555
c444
d111
c444
d111
c444
d111
c444
d111
c000
c000
c000
c000
c000
c000
c000
c000
00f1
00fc
00cf
00f3
00cc
00f3
00cc
00f3
0000
1000
0000
4000
0400
4000
1040
4000
d000
d000
d000
d000
d000
d000
d000
d000
5777
9555
6555
1940
0650
0254
0255
0245
7577
5655
5655
0245
0245
0245
0245
0245
7777
5555
5555
0000
5d75
5d75
5d75
5d75
5959
5565
0000
ffff
ffff
0000
0000
0000
6a55
fabf
0ec0
ffff
ffff
0300
3000
0000
0000
0000
0000
0000
ffff
ffff
ffff
ffff
c000
0000
0000
03c0
feef
d99f
e657
ffff
0000
0000
0000
0000
0000
ffff
0000
5595
0000
0000
0000
0000
0000
03ff
0300
03c7
ffcc
fff3
fffc
ffff
ffff
ffff
ffff
ffff
eb44
ff51
5544
1111
4444
ffff
0000
5555
eb40
ff40
5540
0000
0000
ffff
0000
7fff
5555
ffff
0000
ffff
ffff
0000
0000
0003
cd55
f355
00d5
ffd5
ff55
0355
c355
0355
5555
5555
5555
5555
5555
5555
d555
3555
0355
0355
c355
0355
ffd5
fff5
fffd
ffff
0000
0000
0000
0000
ffff
bfff
ffff
ffff
aaaa
aaaa
802a
806a
806a
956a
956a
aaaa
4444
1111
4444
1111
4444
13ff
4700
13c5
44f3
11fc
44ff
11ff
44ff
11ff
44ff
11ff
ffff
ffff
ffff
ffff
ffff
ffff
ffff
ffff
aaaa
aaaa
aaaa
aaaa
aa55
aa55
aa55
aa55
aa55
aa55
aa55
aa55
aa55
aa55
aa55
aa55
0055
0055
0055
0055
0055
0055
0055
0055
7777
5555
5555
0000
0000
0040
0140
0000
0000
0aa0
0000
0aa0
0000
0aa0
0000
0000
0000
0eb0
0000
0eb0
0000
0eb0
0000
0000
0000
0000
0000
0000
5d75
5d75
5d75
5d75
0000
0000
0c00
0000
00dd
0c77
005d
0055
0000
0000
0000
0000
dddd
7777
dddd
5555
5555
5555
5555
5555
5555
5555
5555
5555
0000
2888
20a8
0888
2888
0000
0000
0000
ffff
4545
1454
ffff
ffff
ffff
5555
0000
5555
0000
0000
0000
0000
0000
0000
0000
0000
88aa
8822
8822
a822
0000
0000
0000
0000
882a
0828
0820
0a2a
0000
0000
0000
5555
5555
5555
5555
5555
5555
5555
5555
5555
5555
5555
5555
5555
5555
5555
5555
000e
000e
000e
000e
000d
000e
000d
000d
3ff0
1550
0000
3330
0000
3330
0000
0000
0000
0000
0000
0000
0000
0000
000f
000e
0000
0000
0000
1554
0000
0000
ffff
a665
5555
5555
5555
5555
5555
5555
5555
5555
5555
ffff
0000
5555
5555
0000
0000
0000
0000
0000
0000
0000
0000
0000
f000
7000
7140
7140
7140
7140
7140
7140
7140
7140
7140
f140
0140
5540
5540
0000
0000
0000
5595
5005
5009
5009
5009
5009
5009
56a5
5555
5555
5005
5309
5009
5009
5009
5009
5555
5555
4005
4309
4009
4009
4009
4009
4009
4009
4009
4009
4009
5aa9
5555
5555
5025
5695
5555
56a5
56a9
56a9
55a5
5555
5555
5565
5955
5555
5955
5555
9555
5555
7777
5555
5555
0000
0000
0000
000f
000e
7777
5555
5555
0000
0000
0000
ffff
a665
7777
5555
5555
0000
0000
0000
ffff
5555
ffff
fffd
ffff
ffff
ffff
ffff
ffff
ffff
5ddd
f777
fddd
ff77
ffdd
fff7
fffd
ffff
5555
5555
5555
5555
5555
5555
5555
5555
5555
5555
5555
5555
5555
5555
5555
ffff
5500
5500
5500
5500
5500
5500
5555
55ff
5500
5500
5500
5500
5500
5500
5500
5500
5555
5555
5555
5555
5555
5555
5555
5555
5555
7777
5555
0000
5000
5400
5500
5500
5555
5555
5555
0000
5555
5555
5555
5555
5555
ffff
ffff
5555
fd7f
5555
f65f
5655
5555
5555
5555
5555
5555
5555
5555
5555
7657
5655
5655
5a55
a955
5555
5555
5555
7777
5555
5555
5555
aaaa
5555
5555
5555
7777
f555
7d55
5fd5
a9fa
5675
567d
565d
7777
5555
5555
5555
55aa
5695
5655
5655
fe7f
fe7f
fd7f
ffff
ffff
ffff
ffff
ffff
5555
5555
5557
5557
555f
555f
557f
557f
557f
557f
557f
557f
557f
557f
557f
557f
ffff
fffb
eebb
ffff
5555
5555
5555
5555
fd55
fd55
fd55
fd55
5555
5555
5555
5555
565f
5657
5995
5a95
5655
5555
5555
5555
5555
f555
7fd5
55ff
5555
5555
5555
5555
5555
5555
5555
5555
5555
5555
5555
5555
0000
3cfc
3030
0c30
3c30
0000
0000
0000
0000
fcfc
cc30
fc30
cc30
0000
0000
0000
0000
cfcc
cccf
cccc
cfcc
0000
0000
0000
0000
3000
3000
f000
3000
0000
0000
0000
0000
0a80
0a20
0a08
0a22
0a02
0000
0000
0000
2800
2800
2800
2800
2aa8
0000
0000
0000
aa02
a082
a022
aaa2
a002
0000
0000
0000
008a
008a
008a
aa8a
008a
0000
0000
0000
8000
2000
0800
2200
0200
0000
0000
0000
2a80
2880
28a8
2808
2aa8
0000
0000
0000
aaa2
a000
a280
a000
aaa0
0000
0000
0000
aa8a
280a
280a
280a
280a
0000
0000
0000
30fc
30f0
30c0
3cfc
0000
0000
0000
0000
ccfc
ccf0
f0c0
c0fc
0000
0000
0000
0000
c000
c300
c000
f300
0000
0000
0000
0000
0fcf
0c0f
0c0c
0fcf
0000
0000
0000
0000
c000
3000
c000
3000
0000
0000
0000
0000
f3f0
c3c0
c300
f3f0
0000
0000
0000
0000
fcfc
cccc
fcfc
c0cc
0000
0000
0000
0000
003c
0030
000c
003c
0000
0000
0000
0000
cc33
0f30
0cf0
cc30
0000
0000
0000
0000
0aaa
0a00
0a22
0a02
0aaa
0000
0000
0000
2a00
2880
2828
2888
2808
0000
0000
0000
a022
a022
a8a2
a222
a022
0000
0000
0000
808a
808a
a28a
888a
808a
0000
0000
0000
0000
0000
0000
0000
0000
0000
0000
0000
0aa8
0220
0220
0aa8
0000
0000
0000
0000
aa8a
280a
280a
280a
280a
0000
0000
0000
2802
2800
2800
2800
2aa8
0000
0000
0000
0aaa
0a00
8a28
8a00
8aaa
0000
0000
0000
02a8
0282
0280
0280
02aa
0000
0000
0000
2208
2288
2228
2208
0000
0000
0000
0000
a8a8
20a0
2080
20a8
0000
0000
0000
0000
a0a2
8880
a020
88a0
0000
0000
0000
0000
a2a2
8282
8202
82a2
0000
0000
0000
0000
082a
0822
082a
8a22
0000
0000
0000
0000
2800
2200
2800
2200
0000
0000
0000
0000
282a
2222
2822
222a
0000
0000
0000
0000
2a2a
2208
2208
2a08
0000
0000
0000
0000
02a2
0202
0202
02a2
0000
0000
0000
0000
a208
8208
0208
a28a
0000
0000
0000
0000
2a28
2222
2a28
2222
0000
0000
0000
0000
0000
0000
0000
0000
0000
0000
0000
fdff
f7ff
d557
557f
5fff
ffff
ffff
ffff
ffff
ffff
ff5f
f555
5555
5555
f157
ffff
ffff
7fff
557f
5555
5555
5f15
ffff
ffff
ffff
fff5
d555
fc55
ffc5
ffff
fffd
ffff
ffff
ffff
ffff
ffff
ffff
ffff
ffff
ffff
0000
f3f3
c3c3
c303
c3f3
0000
0000
0000
f777
5555
5555
5555
5555
5555
5555
5555
7777
5555
5555
5555
5555
5555
5555
5555
5555
5555
ffff
ffff
ffff
ffff
ffff
ffff
aaaa
aaaa
aaaa
aaaa
5555
5555
5555
5555
aaaa
8002
8511
8001
8441
8001
a555
aaaa
0000
0000
0000
0000
0000
0000
0000
0000
0000
0000
0000
0000
0000
0000
0000
0000
0000
0000
0000
0000
0000
0000
0000
0000
0000
fc00
f000
c000
fc00
0000
0000
0000
0000
fcfc
ccc0
fcc0
ccfc
0000
0000
0000
0000
f0fc
ccf0
f0c0
ccc0
0000
0000
0000
0000
3ccc
30cc
0ccc
3cfc
0000
0000
0000
0000
fc00
cf3c
f300
ff00
0000
0000
0000
0000
0150
0150
0150
0150
0190
0190
0190
5555
5555
5001
4150
4554
4554
4150
5001
0000
0150
0150
0150
0150
0150
0150
0150
0190
0190
0190
0190
0190
0190
0150
0000
0150
0150
0150
0190
0190
0190
0150
0000
5405
a406
a91a
aa2a
aa6a
aaaa
aaaa
aaaa
5555
aa55
aa95
aaa5
aaa9
aaaa
aaaa
aaaa
aaaa
aaaa
a00a
a00a
a00a
a55a
aaaa
aaaa
d000
d000
d000
d000
d000
d000
d555
ffff
0000
3ccc
30cc
0ccc
3cfc
0000
0000
0000
0000
a800
a000
8000
a800
0000
0000
0000
0000
2a28
2220
2a08
2228
0000
0000
0000
0000
08a8
888a
28a2
08aa
0000
0000
0000
0000
a2a2
2222
2222
a2a2
0000
0000
0000
0000
2022
28a2
2222
2022
0000
0000
0000
0000
c000
c000
c000
f000
0000
0000
0000
0000
3033
3333
3cf3
3033
0000
0000
0000
0000
2a2a
2022
2022
2a2a
2a2a
0000
0000
0000
2088
208a
2088
2888
2888
0000
0000
0000
2228
2020
a028
2008
2028
0000
0000
0000
0a0a
0888
0a08
088a
088a
0000
0000
0000
8a22
8822
8828
8a22
8a22
0000
0000
0000
3f3f
0c33
0c33
0c3f
0000
0000
0000
0000
33f0
f3c0
3300
33f0
0000
0000
0000
0000
3f30
333c
3333
3f30
0000
0000
0000
0000
f30f
c30c
030c
f3cf
0000
0000
0000
0000
0a08
0888
0a88
0a88
080a
0000
0000
0000
a808
a00a
8008
a808
0000
0000
0000
0000
22a0
2220
a220
22a2
0000
0000
0000
0000
08a0
0820
0880
08a0
0000
0000
0000
0000
2a20
2228
2a22
2220
2220
0000
0000
0000
8a8a
8802
8a02
8802
8a82
0000
0000
0000
8000
0000
0000
0000
0000
0000
0000
0000
0000
0000
0000
0000
0000
0000
0000
0000
8a88
088a
8888
8a88
8a88
0000
0000
0000
0a8a
8888
0a88
888a
888a
0000
0000
0000
0a0a
0888
088a
0a88
0a08
0000
0000
5555
5555
5555
5555
5555
5555
5555
5555
0000
a0a8
888a
a0a2
88aa
0000
0000
0000
0000
a8a8
2088
20a8
2088
0000
0000
0000
0000
0028
0020
0008
0028
0000
0000
0000
0000
0880
0880
0aa0
0080
0000
0000
0000
0000
0a80
0080
0200
0200
0000
0000
0000
5555
5555
5555
5555
5555
5555
5955
5955
5555
5555
5555
5555
5555
5555
5555
5555
5555
5555
5555
5555
5555
5555
5555
5555
5555
5555
5555
5555
5555
5555
5555
5555
5555
5555
5555
5555
5555
5555
5555
5555
5555
5555
6659
6699
6699
6669
6669
6659
5555
5555
a69a
9659
a69a
9656
969a
969a
5555
5555
6a69
5965
5969
5965
5969
5969
5555
5555
a555
9955
9955
9955
a955
a555
5555
5555
5555
5555
5555
5555
5555
5555
5555
5555
5555
5555
5555
5555
5555
5555
5555
5555
5555
5555
5555
5555
5555
5555
5555
5555
5555
5555
5555
5555
5555
5555
5555
5555
6a55
5955
5955
5955
5955
5955
5555
5555
6a69
6566
6966
6569
6a66
6a66
5555
5555
6a65
6665
6a65
6665
666a
666a
5555
5555
5955
9955
9955
6955
6955
5955
5555
5555
66a6
6656
6696
6656
66a6
66a6
5555
5555
6a65
6665
6a65
6665
666a
666a
0000
5555
5555
5555
5555
55bb
5eee
5bff
1555
1555
1555
1555
1555
1555
1555
1555
1555
1555
1555
1557
1557
1557
1557
155e
6555
5aaa
6fff
97cf
7fff
ffff
ffff
ff67
ffdf
ff3f
ffff
fffd
ffff
ffff
dfd0
dfff
0000
5555
5555
5555
5555
5555
f555
fd55
7d55
ad55
fb55
ff55
ff55
ff55
fd55
e555
dd55
fd55
cd55
fd55
fd55
fd55
fd55
f5d5
0000
5555
5555
5555
5555
555a
5561
55f5
0000
5555
5555
5555
6555
5555
5555
7f55
0000
5554
5554
5554
5554
5554
5554
5554
5554
5554
5554
5554
5554
d554
d554
d554
d554
d554
d554
5554
5554
5554
5554
5554
ffff
fcff
ffff
7ff7
fff5
5ff5
f7d5
7fd5
ff55
ffd5
ffd5
ffd5
f5d5
5ff5
d5f7
fff7
57f5
57f5
57fd
57ff
577f
5fd7
5f57
5fff
57ff
57ff
57ff
57fd
57fd
55f7
55df
55ff
ffd4
fff4
fffd
7ffd
1ff5
17d6
156a
0000
1400
1500
1501
1500
5500
5500
d500
f550
0000
0000
0140
0500
4500
5400
5400
1400
157b
157e
155f
1555
1405
4005
0001
0000
5555
5555
5555
5555
5555
5555
5555
5554
5550
5554
557d
55fd
55ff
57ff
5fff
5ffd
5fd5
5fd5
5ff5
5ff5
57fd
55ff
557f
555f
fd55
ff41
fd40
f500
5400
5000
0000
0000
0015
0015
0015
0015
4055
9595
aa95
0000
0000
0010
0050
5544
1411
0001
0005
0005
0001
000f
0001
0000
0000
0000
0000
0000
6aa5
6a94
aa50
aa40
a941
a506
9419
9066
5555
5555
5555
5555
5555
5556
5556
5556
5555
5555
5554
5555
5555
5555
5555
5555
4199
0666
1599
5155
0000
4000
5000
5555
9aaa
6aa9
aa95
5555
0000
0000
0505
5555
16aa
056a
0056
5001
5540
6655
9999
66aa
5555
5545
5555
5555
5555
5555
5555
5555
0000
0000
0000
0000
0000
5555
0000
5550
0000
0000
0000
0000
0000
0000
4000
1000
1000
1000
1000
1000
1000
1000
1000
1000
5554
aaa5
aaa9
aaa9
aaa9
aaa9
aaa9
aaa9
0000
0000
0000
0000
0000
0000
0000
0000
0000
0040
0000
0010
0400
1000
0004
0000
0000
0000
0001
0000
0000
0000
0000
0000
5555
5555
5555
5555
5555
5555
0000
0000
5555
5555
5555
5555
5555
0055
1540
0000
0000
0000
0000
0000
4000
1000
0010
0400
5555
5555
5555
5555
5555
5555
1554
0100
0001
0000
1110
0444
0011
0000
0000
0000
1000
0000
0000
4000
1110
4444
1111
0045
4000
0000
0000
0000
0000
0000
0040
1000
0000
0000
0000
0000
0000
0010
0400
0000
5555
5555
5555
5555
5555
5555
5555
5555
5555
5555
5555
5555
5555
5555
5555
5555
aaa9
aaa9
aaa9
aaa4
5550
0000
5555
5555
1000
1000
1000
1001
1440
5001
4041
0005
0100
1005
0050
1104
0440
1100
5000
4000
1114
0450
5540
3d00
5400
1000
4000
4000
0000
0111
1555
7000
5555
0000
0000
0001
0005
5544
1044
5555
5551
5555
5554
5555
0000
0000
4000
1000
0440
5111
5444
5555
5555
5555
5555
5555
5555
5555
5555
5555
0000
0000
0000
0000
0041
1104
4551
5555
5555
5555
5555
5555
5555
5555
5555
5555
4100
5410
5555
5555
5555
5555
5555
5555
0000
0000
4000
5554
5555
5555
5555
5555
0000
0000
0004
0000
5555
5555
5555
5555
0000
0000
0000
0401
4000
5555
5555
5555
0100
0001
0000
0104
0001
5000
5555
5555
0110
0440
1100
4400
1000
4000
0000
1000
0011
0101
0410
0040
4400
1000
0000
0000
0000
0000
0000
0000
0000
0000
0011
0044
0000
0000
0000
0000
0011
0000
0104
4400
0011
0004
0001
0000
0000
0000
0000
0000
55a5
5695
5a55
6955
a555
9555
5555
5555
5555
5555
5555
5555
5555
5556
555a
5569
5555
5555
5555
5555
5555
5556
555a
5569
55a5
5695
5a55
5955
5955
5955
5955
5955
5955
5955
5955
5955
5955
5955
5955
5955
555a
5535
5a5d
3555
5559
956a
556a
55aa
55aa
55aa
55aa
56aa
56aa
55a5
547d
55bf
aaaa
5555
aaa9
aaaa
6aaa
6aaa
aaaa
aaaa
aaaa
aaaa
a56a
95aa
59ab
89ae
69be
55be
aaaa
5555
5555
5555
9555
a555
a555
a955
a955
a955
a955
a955
a955
a955
a555
a55f
5555
5555
5555
5555
5555
5555
5555
03d5
aa55
5695
55a5
5569
555a
5556
5555
5555
1f35
75cd
575d
7fdd
ffdf
ffd4
ffd0
5fd1
5555
5555
5555
5555
5555
5555
5555
5555
47f5
ffd7
ffdf
ffff
ffff
dffd
f7f5
fff5
957c
5550
95d1
95f5
95ff
95ff
97ff
977f
95dd
d5ff
55ff
45ff
15ff
59d5
59ff
69ff
d7fe
fffa
bf99
efa6
7f96
fe9a
f97a
a5fe
5ffe
57fe
55fe
65fe
6555
a454
a501
a955
55b7
55bf
55ff
5555
55b9
55fe
555b
556a
5555
0555
0055
7f15
ffc5
fff5
fffd
ffd5
5555
5550
55c0
55c0
57c5
5fdf
57ff
5d7f
5f10
5c10
5055
557d
5470
5414
5400
5500
5fdf
5ff5
5475
55f5
5ff5
5ffd
5fff
5f57
ff7d
55fc
5ff0
5fc0
5f03
7fc7
ffcf
ffcf
3ff5
0ff5
0035
5455
0055
0155
01d5
1751
5510
5555
9569
a56a
696a
5a6a
5695
55a6
5545
5516
4056
555a
956a
56aa
6aaa
aaa8
aaa1
6aa6
9aa9
a6aa
69aa
5a6a
5695
55aa
295a
6a5a
a99a
aa5a
a99a
aa5a
5555
aaaa
a956
a956
a955
a956
a955
aa56
5555
aaaa
a6aa
a6a9
a5a6
a999
a969
69a5
5695
aa55
6755
a7d5
55f6
fff6
fff5
fffd
fffd
7ffd
6a95
aa95
aa55
aa55
a955
a555
9555
9555
aa55
aa95
aa95
6aa5
5aa5
56a5
5aa5
5a95
aaaa
aaaa
aaaa
a9aa
a9aa
a96a
aa6a
aa5a
5565
9565
9565
a565
a565
a9a5
a995
aa55
5555
5555
5555
5555
5555
aaa5
aaa9
aaaa
5565
5565
5565
5565
5565
5565
5565
5565
fff5
ffd5
ffd5
ff75
fdf5
f5f5
57f5
5fd1
a9fd
aa7f
aa7f
a27f
847f
997f
a65f
a955
aa95
695a
55aa
5aaa
5aaa
56aa
566a
5599
5566
5599
5566
5559
6955
aa95
aaa9
aaaa
aaaa
aaaa
a9aa
a9aa
a9aa
aa6a
aa6a
aa6a
6659
9969
65a9
996a
65aa
556a
55a5
5566
7f45
1516
4056
555a
956a
56aa
6aaa
aaa8
2a96
aa96
aa95
aa99
aa69
a9a5
a695
9555
55a6
9569
9569
956a
a55a
a55a
a556
a95a
aaa1
aaaa
aaa9
6aaa
6aaa
5aaa
9aaa
9aaa
5569
555a
5556
5555
5555
5555
5555
5555
d7ff
ddff
df5f
5fd5
5ff5
07f5
0157
0055
f7d5
f75f
d77f
557f
75ff
59ff
bdff
67ff
5fff
b7ff
77ff
1fff
1fff
4000
4555
4555
4000
1fff
1fff
1fd7
5fff
57ff
57f7
57ff
57ff
55ff
557f
5557
5501
5400
5000
0000
03fd
fffd
fffd
fff4
ffd4
ff54
ff54
ff54
fd49
ffe4
ff50
ffde
ffed
0054
5005
501d
557f
557f
d57d
d555
f56d
f5b5
fed1
ff42
ff55
ff75
7d74
75f4
57d0
7f40
5500
c000
4000
0000
0000
f000
4000
0000
0000
0000
0000
0000
0000
0000
0000
0000
0000
0000
0000
5000
0500
0100
0055
001a
0006
0000
5554
5554
0554
0054
0014
0004
0001
0000
0001
0405
1507
051f
055f
015f
0157
0155
0154
0154
0154
0155
0155
0157
055f
05ff
07ff
1fff
1ffd
1ffd
57f4
95d4
a554
0000
7fd5
7fd5
7f55
ff55
fd55
f555
f555
d555
5555
f555
f555
fd55
ff55
ffd5
ffd5
7fd5
5556
555a
5559
5569
5565
55a5
5595
5595
5555
5555
5555
5555
5555
5555
5555
5556
5417
561f
5577
547f
547f
697f
a57f
957f
5555
5554
5570
55c0
5500
5500
5700
5401
7d55
0035
000d
000d
040d
1d03
7340
fc40
ffd0
ff5c
f5f4
fff4
3cf7
ff34
7ff4
fff4
6a55
d6a5
156a
1556
1555
0555
0155
0555
fff4
fff4
ffd5
ffd5
ff75
fdf5
5ff5
dfd4
555f
551f
551f
5537
5507
554d
5543
5553
05f5
07cd
0733
17cf
7fff
7fff
757f
741f
ccd5
3335
ccc7
ffff
ffff
f57f
5a5f
6097
5555
5555
5555
9555
a555
6955
5555
73d5
5555
5555
5555
d555
3555
cd55
f155
cf55
5595
5695
5655
5655
5655
5655
5655
5655
5655
5555
5505
5500
5500
5540
5640
5695
5590
5594
55a5
5565
5569
5559
555a
5556
9565
a5a1
69a4
5a61
5694
55a9
555a
5555
5557
1550
0003
40f5
5555
5555
5556
5565
5505
5544
5554
0005
0001
0000
0000
4001
5555
5556
555a
5569
5555
5555
5555
5515
55d0
aa54
aaa5
6aa9
55aa
556a
556a
415a
0166
415a
4166
0599
5566
4059
0016
f0d9
fcd5
3cd5
c055
4155
5555
557e
6572
950a
5409
5049
0129
5429
0029
40a9
9555
aaaa
ffde
fff7
fffd
fffd
ffd6
fd6a
56a5
aa55
5557
55ea
55ea
55ea
55ea
adfb
95ee
7d7b
9fff
9f5f
9fd7
9fff
9fff
57ff
57ff
5555
76bf
5dff
5fff
5f77
5fff
9fff
9fff
9fff
daa7
f5df
ffff
ffff
ffff
fffd
fffd
fffd
ff55
ff55
ff55
ff55
7f55
fd55
f555
5555
fffd
fff5
fff5
f755
f57d
d7fd
75f6
e156
b406
e156
b01a
a019
a069
a065
e9a5
b995
e695
da55
6955
a555
9555
5555
5555
5555
9555
9555
9555
9555
9555
9555
9555
5555
5555
5555
5555
5555
5555
5555
5555
5555
5555
5555
5555
5555
5555
5555
5555
5555
5555
5555
5555
5555
5555
5555
5555
5555
5555
5555
5555
5555
5555
5555
5555
5555
5555
5555
5555
5555
5555
5555
5555
5555
5555
5555
5555
5555
5555
5555
5555
5555
5555
5555
5555
5555
5555
5555
5555
5555
5555
5555
5555
5555
5555
5555
5555
5555
5555
5555
5555
5555
5555
5555
5555
5555
5555
5555
5555
5555
5555
5555
5555
5555
5555
5555
5555
5555
5555
5555
5555
5555
5555
5555
5555
5555
5555
5555
5555
5555
4aaa
4aaa
4aaa
4aaa
4aaa
4aaa
4000
5555
4a8a
4aa2
4aa8
4aaa
4aaa
4aaa
4aaa
4aaa
5555
4000
4aaa
4aaa
4a2a
4a8a
4aa2
4aa8
5555
0000
aaaa
aaaa
aaaa
aaaa
aaaa
aaaa
5555
0001
aaa1
aa61
69a1
66a1
55a1
5561
5561
55a1
56a1
55a1
5561
5561
56a1
5561
5551
5551
5551
5551
6561
a9a1
0001
5555
5555
5955
5955
6a55
6a5a
aaaa
0000
5555
2aaa
8aaa
a2aa
28aa
aaaa
aaaa
aaaa
aaaa
5555
5555
5555
5555
5555
5555
5555
5555
5555
5555
5555
5555
5555
5555
5555
5555
0000
a0a2
8882
a022
88a2
0000
0000
0000
0000
2228
2222
a22a
2220
0000
0000
0000
0000
ffff
ffff
ffff
ffff
ffff
ffff
ffff
5000
53ff
53ff
53ff
53ff
53ff
53ff
53ff
53ff
53ff
53ff
53ff
53ff
53ff
53ff
53ff
5555
7fff
7fff
7fff
7fff
7fff
7fff
7fff
5555
ffff
ffff
ffff
ffff
ffff
ffff
ffff
7fff
7fff
7fff
7fff
7fff
7fff
7fff
7fff
5555
5555
5555
5555
5555
5555
5555
5555
5556
5555
5555
5555
5555
5555
5555
5555
0000
0000
0000
3055
0155
1555
5555
5d57
0000
0000
00c0
0c00
4314
5055
5555
5555
0000
0000
0000
0000
3330
554c
5553
5555
ffff
7fff
d7ff
557f
7557
5755
5555
5555
0000
4000
5cc0
5500
554c
555c
5554
5555
f7ff
fffd
dffd
f7f7
df55
ff55
f575
d555
ffff
ffff
ffff
ffff
fdff
5555
5555
5555
ffff
ffff
ffff
fff5
fdd5
f555
5555
5555
ffff
ffff
ffff
ffff
ffff
ffff
ffff
ffff
ffff
ffff
ffff
ffff
ffff
ffff
ffff
ffff
ffff
ffff
ffff
ffff
ffff
ffff
ffff
ffff
ffff
ffff
ffff
ffff
ffff
ffff
ffff
ffff
5555
5555
5555
5555
5555
5555
5555
5555
ffff
ffff
ffff
ffff
ffff
ffff
ffff
ffff
ffff
ffff
ffff
ffff
ffff
ffff
ffff
ffff
ffff
ffff
ffff
ffff
ffff
ffff
ffff
ffff
ffff
ffff
ffff
ffff
ffff
ffff
ffff
ffff
ffff
ffff
ffff
ffff
ffff
ffff
ffff
ffff
ffff
ffff
ffff
ffff
ffff
ffff
ffff
ffff
ffff
ffff
ffff
ffff
ffff
ffff
ffff
ffff
ffff
ffff
ffff
ffff
ffff
ffff
ffff
ffff
ffff
ffff
ffff
ffff
ffff
ffff
ffff
ffff
ffff
ffff
ffff
ffff
ffff
ffff
ffff
ffff
5555
5555
5555
5555
5554
5551
5546
5646
d916
6915
a456
6458
9459
b85a
b85a
9915
ffff
ffff
fffd
fff5
ffde
ffd8
ff62
ff66
ff6a
ff79
ffd9
ffd6
ffda
ff69
ff65
ff69
5115
1540
5555
aa9a
aaaa
aaaa
5696
e965
96a5
6aa9
aaaa
aaaa
aaaa
aaaa
9aaa
4554
ff69
ff59
ffd5
fff6
ffda
ffda
ff6a
ff6d
5555
55aa
5aaa
6aaa
6aaa
aaaa
aaaa
aaa5
aa55
5554
a951
2945
a515
9455
5155
4544
1555
5999
6aaa
aaaa
aaaa
aa9a
5559
5a56
a295
5556
6aaa
95aa
aaaa
aa66
aaa9
6aa6
6555
a955
aa57
aa57
aa57
aa57
a55f
657f
45ab
51ad
9555
a556
a56a
a569
a569
a565
16aa
5aaa
6aaa
6955
97a9
9a0b
5a6a
16ab
5555
a555
aa55
aa95
a901
a454
9155
45a9
5555
5555
5555
5555
5555
5555
1555
4555
57ff
57ff
57ff
47ff
57ff
47ff
47ff
57ff
57ff
57ff
57ff
57ff
5fff
7fff
7fff
7fff
7fff
ffff
ffff
ffff
ffff
ffff
ffff
ffff
ffff
ffff
ffff
fffd
fff5
ffd7
fd7f
ffff
ffff
ffff
57ff
6555
5eee
f557
fffd
ffff
ffff
ffff
ffff
ffff
7ff5
955b
fbbf
5555
fd55
ff55
f57d
d7ff
7bff
b557
5f75
dddd
ff69
ff6a
ff6a
ffd5
fff6
fff5
fffd
ffff
aaaa
aaaa
555a
5996
6665
a99a
6aaa
d555
d69a
a569
a5a5
aa95
6a55
6955
9556
555f
55ff
557f
5abf
6a55
6951
a544
54d5
5555
5555
5557
555e
555b
555e
555f
557e
f57f
557b
556f
5555
5555
f555
fd55
ffd5
7fd7
ff77
ffff
ffd5
ff7b
fd57
f7fd
fffd
5555
7775
fdd7
775f
d555
b555
ed7f
7b7f
5edf
5555
5555
5555
5555
5555
5555
5555
5555
5555
555f
55ff
57fd
5fd5
5555
5555
5555
57b5
55ed
d5fb
557e
555f
5557
5555
5555
7d5e
557b
55ee
b7bb
eaed
fff5
7d55
5555
555f
ffff
fff5
5d55
5555
d5f5
fff5
ff57
d57e
55fb
55ee
57b9
5ee5
7bb5
eed5
bb55
ed56
bd5b
d55f
55ff
55f5
5555
5555
5555
eeee
ffbb
dfff
5555
5555
5555
5555
5555
fd6f
b5fb
d5ef
5bb9
6eed
ffb5
57d5
b957
7ffd
dff6
f7db
bd6d
fd59
bdd5
edf5
bdfd
ff7f
fddf
fff7
7ff5
5ffd
5fff
5fff
7fff
f7ff
f5ff
fdff
fd77
555f
d55f
d55f
6e55
b797
d55f
5d7f
7dff
7d7f
ff7f
ffdf
ffdf
7f77
5ffd
57ff
fdff
ef7f
fb7f
ef7f
bb55
ef55
fd55
5555
5555
5555
5555
5555
5555
5555
5555
5555
5555
5555
5555
5555
5556
5555
5555
5555
55a4
5a92
6a45
5516
a45a
2458
2460
9460
6868
409a
1465
5510
6945
fff6
ffd8
ffd8
ffda
ffd5
fff5
fff4
fff5
fff5
fff6
fff6
fffd
fffd
fffd
fff5
fff6
fff6
ffda
ffda
ffd9
ffd9
ffd5
ffd5
ffd1
aaaa
aaaa
5556
7ff5
efbf
0525
0505
0505
aa56
aa9a
aaaa
56aa
65a9
5a55
aaaa
aaaa
5555
5aaa
aaaa
aaaa
aaaa
56aa
95aa
a556
2954
a541
9415
5141
4554
1a95
5aa9
aaaa
aaaa
aaaa
a95a
96aa
55a9
aa5a
5a96
a6aa
a9aa
aaaa
aaaa
5a9a
d6a6
b5a9
25a9
0d6a
a555
a955
a957
a957
6557
9557
555f
557f
958b
95ab
95a5
95f5
5559
5564
9555
a555
1aa9
6aaa
655a
9aa5
1629
440a
450a
518a
5555
aa55
aaa5
aaa9
aaaa
aa01
9054
4555
5555
5555
5555
5555
5555
5555
5555
1555
47ff
45ff
55ff
55ff
55ff
55ff
55ff
55ff
55ff
55ff
47ff
57ff
1fff
7fff
7fff
7fff
ffff
ffff
ffff
ffff
ffff
fffd
fff7
ffd5
ffff
ffff
ffff
ffff
ffff
557f
5f9f
f5e7
fd77
ff6d
ffd9
ffde
fff6
fff7
fffd
ffff
ffff
ffff
fffd
7ffd
5ffd
a555
fbb5
5556
ffd1
ffd1
fff5
fffd
ffff
fffd
ffff
ffff
0505
1545
1545
5d45
7755
dd55
7755
fd55
ff55
7d55
1551
1511
1111
1111
6125
5616
955a
aaaa
6aa9
56a5
7555
d577
7fd5
ff5b
5557
555f
55ff
57fd
5fd5
5555
5555
5555
f776
ffdd
ff75
ffdd
fff7
ffdd
fff7
5555
ff7f
f575
d5d5
5555
5555
5555
5555
5555
955f
5fff
5ff5
5d55
5555
5655
b955
ee55
156a
156a
15a9
15a9
56a5
56a5
d695
da97
557f
555f
56a5
6a95
9a54
6951
9515
d555
d556
d557
555e
555b
555e
555f
555e
f55f
d55f
557e
557b
557e
55fb
55ef
57bd
57ed
5fb5
5ed5
7b57
ef5d
bd55
d555
5555
5555
5a5e
5a5b
6955
6955
6555
a555
a5d5
95d7
7f95
5fe5
57f9
57ed
55fb
55ff
557d
5555
bd6f
f5fb
b5ef
d7b9
5eed
5fb5
57d5
5957
ffff
f6bf
faaf
daa7
daa7
daa7
da67
da9f
5555
5555
5555
5555
57d5
56d5
57f5
57b5
75ed
dd7a
f757
fddd
ff77
ffdd
ffff
ffff
ffff
5555
aeee
7fff
5555
dddd
7777
ffff
ff56
556b
eebd
ff55
5577
dddd
777f
ffff
5555
5555
5555
5555
5555
7555
fd55
b555
d77f
5dff
77ff
dfff
7fff
ffff
ffff
ffff
ffff
ffff
d55f
ff65
ffde
fff7
fffd
ffff
ffff
ffff
fffd
ffff
7fff
dfff
e7ff
7df5
7e5a
dfaf
f7f5
fd5f
dffd
f777
fddf
ffff
f5df
577f
5dff
77ff
dfff
7fff
ffff
ffff
ff55
fd59
75e5
5795
f7d5
ded7
5b5d
ad77
ffff
ffff
ffff
ffff
ffff
ffff
fd7d
ff55
ffff
ffff
ffff
ffff
ffff
7fff
dfff
ffff
ffff
ffff
7fff
5fff
f7ff
ffff
ffff
ffff
f67f
f67f
f6ff
f6ff
f6ff
f6ff
f6ff
fdff
ffff
ffff
ffff
ffff
fffd
fffd
fff5
5556
ffff
ffff
ffff
ffff
ffff
feae
f6ae
faa6
daa6
daa9
5aaa
6aaa
6aaa
aaaa
aaaa
aa6a
aa6a
a9aa
aaaa
5aaa
55aa
5569
5555
5555
555a
55aa
556a
5555
5555
5555
5555
5555
aa6a
a69a
a956
6655
9555
5555
5555
5555
aaaf
aaab
9aaa
66aa
aaaa
aaaa
aaaa
aaaa
faff
eaff
aabf
aabf
aabf
aaaf
aaaf
aaaf
ffff
ffff
abff
abff
abff
abff
aabf
6a95
9a95
a6a5
9995
5555
5555
5555
5555
5555
555f
555f
5555
5555
5555
5555
5555
5555
9555
e555
f555
5555
5555
5555
5555
5555
f6df
f7df
f79f
fdf7
fde7
fdfd
ff79
557f
ff7b
fdfd
f7b5
f7df
f77d
f67d
f77f
f77f
ffff
ffff
fffd
fff5
ff75
ffd5
fff7
ff5f
ffff
7fff
5fff
57ff
f5ff
f5ff
b5ff
d55f
577f
57ff
57ff
5fff
57ff
f57f
f7ff
ffff
ff5a
ffd6
ff76
ffd6
fff5
ffdd
fff7
fffd
a95a
aa5a
aaaa
aaaa
aaaa
5aaa
76aa
ddaa
aaaa
aaaa
aaaa
aa6a
aaaa
aaaa
a9a9
aaa9
aa7f
aa5f
aa7f
aa5f
aa7f
aa7f
aa5f
aa7f
aa9f
aa9f
6aa7
6aab
6aa7
daa9
5aab
daa9
76a9
d6aa
76aa
d6aa
f6aa
56aa
5aaa
aaaa
aaaa
6aaa
aaaa
aaaa
6aa5
5655
5555
5555
669a
956a
955a
5555
5555
5555
5555
5555
aaaa
aaaa
aaaa
aaaa
a9a5
5695
5555
5555
556a
656a
5aaa
6aaa
55aa
5555
5555
5555
daaa
eaaa
daaa
5aaa
6aaa
aaaa
aaaa
aaaa
756a
dd6a
f56a
fd6a
fdaa
fdaa
feaa
faaa
ffff
ffff
ffff
ffff
fffd
fffd
fff6
555a
6aa7
aa97
aa9f
a99f
6a9f
a65f
6a95
9a65
a6a9
aaa9
aaa9
aaa7
a6a7
aaa5
a9a7
aaa5
5556
555a
555a
555a
556a
55aa
55aa
56aa
feaa
faaa
aaaa
aaaa
a6aa
9aaa
aaaa
aaaa
aaff
aabf
aaaf
aaaa
aaaa
aaaa
aa99
aa66
5555
5555
5555
9555
9555
a555
a555
a955
555a
556a
96aa
aaaa
aaaa
aaaa
99aa
6aaa
aaa5
6aa9
5aaa
5aaa
5aaa
5aaa
5aa9
56aa
f6aa
f66a
f6aa
f5a6
f66a
f5aa
f6aa
f66a
a6aa
aaaa
aaaa
aaaa
aaaa
aaaa
aaaa
aa6a
fdaa
fd6a
fdaa
fd6a
fdaa
fdaa
fdaa
fdaa
aa6a
aa5a
a9da
a95a
a5da
a75a
9dd6
9776
aaaa
aaaa
aaaa
aaaa
a6aa
a9a6
aa5a
aaaa
aaaa
aaaa
9aaa
aaa9
6aa9
aaa9
aaa9
aaa5
6aa7
aaa5
aaa7
aa95
aa97
aa9d
aa97
aa5f
aaaa
aaa9
aa66
a9aa
aa9a
aaaa
aaaa
aaaa
5fd6
77f6
5fd6
77f6
9ff6
afda
a7da
a95a
fdaa
fdaa
fdaa
ff6a
fd6a
ff6a
fd5a
ff5a
1aa9
6aaa
6aaa
a956
16a9
462a
458a
51aa
9589
95a9
9555
9555
9559
9554
a555
a555
aaaa
a956
95f6
5ab6
a026
68a6
7a96
956a
a954
9641
5415
9141
5554
6a95
aaa9
aaaa
5555
5aaa
aaaa
aaaa
aaaa
aaaa
56aa
259a
5555
5555
5555
55a4
5a52
6a45
a515
a458
ffd5
ff50
ff4a
ff6a
ff59
ff55
ffd4
ffd5
5452
586a
986a
5855
4114
1501
559a
5aaa
5555
5555
5555
5555
5555
5555
5555
555a
aa9a
aa9a
a596
9f65
6269
5b69
55a6
96a9
fff5
fff6
fff6
fff5
fffd
fffd
fff5
fff6
fff5
ffd5
ffda
ffda
ffda
ffd9
ffd9
ffd1
5aaa
aaaa
aaaa
aaaa
555a
efb5
052f
0505
6aaa
95aa
aaaa
a6aa
a96a
656a
955a
2d6a
a555
a955
a957
a957
a557
9557
555f
557f
ffde
ff7b
fda5
5695
fa57
ad5d
f777
5ddf
7fff
97ff
e9ff
5e55
57ae
ddfb
775f
fddd
ffff
ffd5
fd6b
f7be
d955
d7ff
5fff
7ff7
ff5a
57af
eef5
bd5f
57fd
fff7
fddd
777f
ffff
ffff
fffd
ffff
ffff
ffff
ffff
fff5
5555
5555
5555
5555
5550
5500
5000
0000
5550
5500
5000
0000
0000
000c
0000
0000
c000
0000
0000
0000
0000
0000
0000
0000
0000
0000
0300
0000
0000
0000
0000
0000
0000
0000
0000
0000
0000
0000
0000
0000
0000
0000
0000
0000
0000
0000
0300
0000
5000
5500
5550
5555
5555
5555
5555
5555
c000
0000
0030
0000
5000
5500
5550
5555
0000
0000
0000
0000
0000
0000
0000
0000
5555
5555
5555
5555
5550
5500
5000
0000
5550
5500
5000
0000
0000
0000
0000
0000
0000
0000
0000
0000
0000
0000
0000
0000
0300
0000
0000
5400
5550
5555
5555
5555
0000
c000
0030
0000
0000
4000
5500
5554
5555
5555
5555
5555
5555
5555
5555
5555
5555
5555
5555
5555
5555
5555
5555
5555
ffff
ffff
ffff
ffff
ffff
ffff
ffff
5555
5555
5555
5555
5555
5555
5555
5555
5555
0000
0000
0300
0000
0005
0155
5555
5555
5550
5500
5000
0000
0000
000c
0000
0000
c000
0001
0055
1555
5555
5555
5555
5555
7ddd
7f77
7fdd
7ff7
7ffd
7fff
7fff
7fff
dddd
f777
fddd
ff77
ffdd
fff7
fffd
ffff
0000
0000
0000
0300
0000
0000
5555
5555
0000
0000
0000
300c
0000
0000
5555
5555
5555
5555
5555
5555
5550
5500
5000
0000
5550
5500
5000
0000
0000
0000
0000
0000
ffff
fffc
ffc0
ff00
ff00
fc04
f400
f405
ffff
0000
0000
0000
0000
4510
0000
4450
ffff
0000
0000
0000
0000
0000
0555
1555
0000
4001
0005
0014
0050
0140
0500
1400
f400
f404
f400
f400
f400
f400
f400
f400
f400
f400
f400
f400
f400
f400
f400
f400
1400
1100
1040
1010
1005
1001
1001
1001
5400
4100
0100
0040
0040
0010
0015
0055
0140
0500
1400
5000
4000
0000
0000
0000
0000
4000
5000
1400
0500
0140
0050
0014
0000
0000
3fff
303c
3333
3fff
0000
00c0
0007
0007
ffc7
f0c7
33c7
ffc7
0007
0007
0007
1147
0007
5447
0007
5147
0007
4447
ffff
0fff
00ff
003f
003f
000f
0007
0007
ffff
0000
0000
0000
0000
0000
0000
0000
0000
03fc
000c
003c
00fc
03f0
03fc
03fc
0000
03fc
003c
00f0
003c
03fc
03fc
03fc
0000
003c
00fc
03cc
030c
03fc
00fc
00fc
0000
03fc
0300
03fc
000c
03fc
03fc
03fc
f400
f400
f400
f400
f400
f400
f400
f400
f400
f400
f400
f400
f400
f400
f500
fd00
fd40
ff50
ffd5
fffd
ffff
ffff
ffff
5555
1001
1001
1001
1005
1010
1040
1100
1400
1400
0500
0140
0050
0014
0005
0001
0000
0055
0015
0010
0040
0040
0100
4100
5400
0000
0000
0000
4000
5000
1400
0500
0140
0000
0000
0000
5555
ffff
ffff
ffff
5555
1555
0555
0000
5555
ffff
ffff
ffff
5555
0000
0000
0445
0000
1444
0000
1151
0000
03c0
0ffc
3ffc
0ffc
03c0
00c0
0000
0000
0007
5147
0007
4447
0007
5107
0007
0007
0007
0007
1007
0007
5007
0007
1007
0017
001f
005f
057f
57ff
ffff
ffff
ffff
5555
0000
0000
0000
5555
ffff
ffff
ffff
5555
aaaa
aaaa
aaaa
aaaa
aaaa
aaaa
aaaa
a22a
5555
9115
a11a
a11a
a11a
a99a
aaaa
aaaa
aaaa
aaaa
aaaa
aaaa
aaaa
aaaa
aaaa
2888
5555
1444
1844
1844
1844
9a66
aaaa
aaaa
aaaa
aaaa
aaaa
aaaa
aaaa
aaaa
aaaa
aaaa
56aa
55aa
6aaa
6aaa
6aaa
6aaa
aaaa
aaaa
aaaa
a2a2
5555
9151
a180
a180
a191
a9a5
aaaa
a22a
5555
5115
611a
611a
611a
699a
aaaa
8aaa
56aa
45aa
86aa
86aa
86aa
a6aa
c44d
c00d
fffd
fffd
9555
aaaa
aaaa
aaaa
c54d
c00d
c44d
c10d
c44d
c10d
c44d
c10d
aaaa
aaaa
aaaa
aaaa
aaaa
a9aa
fffe
f57e
5555
5555
5555
5555
5555
5555
5555
5555
5555
9955
6665
9999
6666
9999
6666
9999
5555
5555
5555
5555
aaaa
aaaa
aaaa
aaaa
aaa0
aa54
a940
a52a
a4aa
a455
a4ea
a4ea
aaaa
aaaa
aaaa
aaaa
aaaa
aaab
aaaf
aaaf
5555
5555
5555
5555
aaaa
aaaa
aaaa
aaaa
0000
1111
4444
0000
0000
5555
5555
5555
0000
1111
4444
0000
0000
5555
5555
5555
aaa9
aaa4
aaa4
aa90
aa90
aa95
aaa5
aaa9
556a
555a
555a
555a
555a
aaaa
aaaa
5555
9999
6666
9999
6666
9999
6666
9999
6666
9999
6666
9999
6655
9955
5555
5555
5555
a769
a769
5755
5755
5755
5755
5755
5755
9fff
9555
a755
a765
a769
a769
a769
a769
aaaa
aaaa
aaaa
aaaa
aa55
a9ff
a7ff
9555
aaaa
aaaa
aaaa
aaaa
5555
ffff
ffff
5555
ffff
5555
5555
5555
5555
aaaa
aaaa
aaaa
aaaa
aaaa
5555
5555
5555
5555
5555
5555
a769
a769
a769
a769
a769
a769
a769
5755
5755
5555
5555
5555
5555
5555
5555
5555
ffff
5555
5555
5555
5555
aaaa
aaaa
aaaa
a4ea
a4ea
a4ea
a4fa
553f
fd40
ff55
5555
5555
5555
5555
5555
5555
5555
5555
5555
d555
ff55
fffd
ffff
ffff
ffff
ffff
ffff
ffff
7777
ffff
ffff
ffff
ffff
ffff
ffff
ffff
ffff
ff77
f7ff
ffff
dfff
ffff
dfff
5555
5555
5555
5555
5555
5555
5555
5555
5555
5555
5555
5555
5555
5555
5555
5555
ffff
ffff
555f
aa97
aa97
5557
555f
ffff
ffff
ffff
f555
d400
d400
d555
f555
ffff
5555
5555
5555
ffff
ffff
ffff
ffff
ffff
5555
5555
5555
5555
5555
5555
5555
5555
5555
5555
5555
5555
5555
7ffd
5555
57d5
f55f
f4df
f55f
f41f
fd7f
ffff
ffff
ffff
f00f
f01f
f01f
f01f
f01f
f01f
f01f
f01f
f01f
f01f
f01f
f01f
f01f
f01f
f15f
ffff
ffff
dfff
ffff
dfff
ffff
dfff
ffff
dfff
ffff
ffff
ffff
ffff
ffff
ffff
ffff
ffff
ffff
ffff
fffd
ffd5
fd55
d555
5555
5555
5555
5555
5555
5555
5555
5555
5555
5555
5555
5555
5555
5555
5555
5555
5555
5555
5555
5555
5555
5555
55dd
5777
5ddd
5555
5555
5555
5555
5555
5555
5555
5555
5555
ffff
ffff
5555
5555
5555
5555
5555
5555
5555
5555
5555
5555
5555
5555
5555
5555
5555
5555
5555
5555
dd55
7755
ddd5
5555
5555
5555
5555
5555
5555
5555
5555
5555
ffff
ffff
ffff
ffff
ffff
ffff
ffff
5555
5555
5555
5555
5555
5500
5500
5555
5555
fff0
fff0
fff0
fff0
fff3
fff0
fff3
fff0
fff0
fff0
fff0
fffd
ffff
ffff
ffff
ffff
0000
03fc
00fc
3ff0
3fff
3fff
ffff
f3ff
fc0f
3fcf
0000
5555
ffff
ffff
ffff
ffff
0000
03f3
0000
0000
c000
f000
fff0
fffc
ffc0
c000
0000
5555
ffff
ffff
ffff
ffff
07ff
c7ff
07ff
07ff
07ff
07ff
07ff
07ff
07ff
07ff
07ff
57ff
ffff
ffff
ffff
ffff
ffd5
ff40
fd00
f400
d000
4000
4000
4010
4040
5010
5440
d555
fddd
fdd7
fddd
f557
01aa
05aa
00aa
5555
dddd
7777
dddd
7777
5555
0000
0000
0002
000a
002a
00aa
00aa
5aaa
2aaa
aaaa
aaaa
aaaa
aaaa
aaaa
aaaa
aaaa
aaaa
aaaa
5555
dddd
7777
dddd
7777
aaaa
aaaa
aaaa
aaaa
aaaa
aaaa
aaaa
aaaa
aaaa
aaaa
aaaa
5555
dddd
75d7
dddd
7557
aaaf
aaab
aaa9
aaa9
aaa9
aaa9
aaa5
aa97
aa5d
a977
a5dd
5777
dddd
7777
dddf
777f
5555
5555
5555
5555
5555
5555
5555
5555
d051
4000
4000
4000
5001
d001
d405
f557
ffff
ffff
fff5
ffd0
ff41
fd05
f517
d111
ffff
ffff
557f
005f
5417
f505
fd41
ff51
ffd1
7fd1
7fd1
7fd1
7fd1
ffd1
ffd1
ffd1
ffd1
ffd1
ffd1
ffd1
ffd1
ffd1
ffd1
ffd1
ffd1
ffd1
ffd1
ffd1
ffd1
ffd1
ffd1
ffd1
0000
00fc
03fc
00fc
00fc
00fc
00fc
00fc
5555
5555
5555
5555
5555
5555
5555
5555
5555
5555
5555
5555
5555
5555
5555
5555
5555
5555
5555
5555
5555
5555
5555
5555
5555
5555
5555
5555
5555
5555
5555
5555
aaaa
aaaa
aaaa
aaaa
aaaa
aaaa
aaaa
5555
5555
5555
5555
5555
5555
5555
5555
5555
5d6a
7d5a
7d5a
555a
555a
aaaa
aaaa
5555
aaab
aaad
aab6
aae6
aae6
ab9a
ab9a
ae6a
5555
5555
ddd5
dd95
9d95
9995
5555
5555
5555
5555
5dd9
5d99
5999
5999
5555
5555
aaaa
aaaa
aaaa
aaaa
aaaa
aaaa
aaaa
5555
5555
5555
5555
5555
5555
5555
5555
5555
5555
5555
5555
5555
aaaa
aaaa
aaaa
aaaa
5555
5555
5555
5555
5555
5555
5555
5555
5555
5555
5555
5555
5555
5555
5555
5555
5555
5555
5555
5555
5555
5555
5555
5555
9999
a666
a999
aa66
aaaa
aaaa
aaaa
aaaa
aaaa
aaaa
aaaa
aaaa
aaaa
aaaa
aaaa
5555
a2aa
a2aa
a26a
a26a
a26a
a26a
a26a
a26a
a100
a266
a259
a266
a26a
a26a
a26a
a26a
aaaa
6aaa
9aaa
6aaa
aaaa
aaaa
aaaa
aaaa
a26a
a26a
a26a
a26a
a26a
a26a
a26a
a26a
aaaa
aaaa
aaaa
aaaa
aaaa
aaaa
aaaa
aaaa
a26a
a26a
a26a
a26a
5155
f1ff
ffff
5555
f155
f055
fc55
fc15
ff05
ffc0
ffff
ffff
ffff
ffff
ffc0
ff05
fc15
fc55
f055
f155
ffff
f03f
f33f
f23f
f33f
f03f
ffff
ffff
ffff
ffff
ffff
ffff
ffff
ffff
ffff
ffff
ffff
ffff
ffbf
ffff
faff
ffff
efff
ffff
ffff
ffff
ffff
ffff
ffff
ffff
ffff
ffff
ffff
ffff
ffff
ffff
ffff
ffff
ffff
ffff
f7df
fd5d
ff55
fd55
d555
d555
5555
5d55
fd77
f5f7
d7fd
5dff
7f7f
fdff
ffff
ffff
7fff
7fff
ffff
ffff
ffff
ffff
ffff
ffff
ffff
ffff
ffff
ffff
ffff
dfff
dfff
5fff
ffff
ffff
7fff
5fff
f7ff
ffff
ffff
ffff
ffff
ffff
ffff
ffff
ffff
7fff
dfdf
dff7
fffd
ffd7
ffff
ffff
ffff
ffff
ffff
ffff
5555
5555
5555
5555
5555
5555
5555
5555
5555
5555
5555
5555
5555
5555
5555
5555
5555
5555
5555
5555
5555
5e55
5b95
5955
5555
5555
5555
5555
5555
5a55
6d55
6555
5555
5555
5555
5555
5555
5e55
5555
5555
d97f
d9ff
6d7f
65ff
9f7f
5dff
77ff
ffff
ffff
ffff
ffff
fffd
ffde
fffd
fff7
ffff
67ff
9fff
7fff
ffff
ffff
ffff
ffff
ffff
ffff
fff7
fffd
ffff
ffff
ffff
ffff
ffff
ffff
ffff
f000
f000
f222
f282
f000
f151
ffff
ffff
00ff
00ff
20ff
08ff
00ff
14ff
00ff
54ff
64ff
64ff
a4ff
54ff
54ff
00ff
f000
f155
f169
f169
f195
f155
f155
f000
f111
f000
f051
f000
ffff
ffff
ffff
ffff
44ff
00ff
14ff
00ff
ffff
ffff
ffff
ffff
fffb
fab9
fa99
fa99
fa99
fa99
0000
5555
ffff
ffff
ffff
ffff
ffff
ffff
ffff
ffff
ffff
ffff
ffff
ffff
ffff
ffff
ffff
ffff
ffff
ffff
fbff
baff
b6bf
bdaf
0000
5555
ffff
ffff
ffff
ffff
ffff
ffff
0000
5555
5555
0000
00aa
02aa
2aaa
2aaa
2aaa
2aaa
aaaa
aaaa
aefa
abaf
aaba
afaa
aeaa
aaaa
0aaa
46aa
11aa
55aa
dda9
7769
ddd5
7775
ffd5
ff40
fd00
f400
d000
4000
4000
4440
4110
5004
5400
d555
fddd
fdd7
fddd
f557
ffff
ffff
ffff
ffff
ffff
ff3f
ffff
ffff
aaaa
aaaa
eeaa
aaaa
aaaa
aaaa
aaaa
aaaa
5555
73ed
73ed
73ed
73ed
73ed
73ed
5555
6289
6289
6289
6aa9
5aa5
d555
f555
ffff
ffff
ffff
f55f
daa7
68a9
62a9
6289
6289
7fff
7fff
7fff
7fff
7fff
7fff
ffff
ffff
7fff
7fff
7fff
7fff
7fff
7fff
7fff
7fff
ffff
ffff
ffff
ffff
ffff
7fff
7fff
7fff
0000
1555
1555
1555
1555
1555
1555
1555
1555
1555
1555
1555
1555
0000
5555
ffff
ffff
ffff
ffff
ffff
ffff
ffff
ffff
ffff
5551
5551
5551
5551
5551
0001
5555
ffff
0001
5551
5551
5551
5551
5551
5551
5551
0000
1555
1155
1555
1555
1555
1555
1555
0001
5551
5511
5551
5551
5551
5551
5551
5551
5551
5551
5551
5511
5551
0001
5555
1555
1555
1555
1555
1155
1555
0000
5555
4000
5155
5455
5515
5545
5451
5554
5555
0001
5554
5555
5555
5555
5555
0000
5555
5555
5455
1555
4555
5151
5455
0015
5555
aaaa
9556
9006
9146
9046
9006
9556
aaaa
aaaa
aaaa
aaaa
5555
5555
5555
5555
aaaa
aaaa
955a
91da
959a
91da
955a
aaaa
aaaa
5555
5555
5555
5555
5555
5555
5555
5555
5555
5555
5555
5555
5555
5555
5555
5555
7fff
7fff
7fff
7fff
7fff
7fff
7fff
7fff
5555
5555
5555
5555
5555
5555
5555
5555
ffff
ffff
ffff
ffff
ffff
ffff
ffff
ffff
df5f
df5f
df5f
df5f
df5f
df5f
df5f
df5f
ffff
ffff
fd7f
d55f
d75f
df5f
df5f
df5f
ffff
ffff
ffff
ffff
ffff
ffff
ffff
ffff
9999
6666
9999
6666
aaaa
aaaa
aaaa
aaaa
5555
5555
5555
5557
5557
5555
5555
5556
5555
5555
5555
5555
5555
5555
5555
5555
fff6
ffd8
f55b
da9b
da9f
da9f
d57f
fff5
25b7
f4f7
d358
5dd5
d7d5
ffd8
ffd0
5bd1
5555
5555
5555
ea55
ffe6
55da
55da
a56a
5555
5555
5565
9509
ada2
fdf8
fd7f
f57c
5555
6a56
6a9a
565f
957d
a555
ea56
a556
5555
5555
9555
6a5a
6a95
aa95
9001
4554
1a55
6aa5
9550
6aaa
5afe
1bfd
3eff
4ebf
1fff
55ff
29ff
aa7f
557f
57ff
f7ff
d7ff
dfff
27ff
c9ff
e2ff
6a7f
557f
ffff
7bff
5f9e
57a7
57a7
55a5
55a7
55ad
5969
5562
9a54
5955
5a45
5a55
5a50
1565
15a5
0029
e562
458a
5609
562d
07ad
07f6
05d8
8140
a7d1
a7d1
9751
5f69
7da0
fe94
f500
f400
ffd5
5fd7
9fff
9ffd
7ffd
ffbf
ffff
7fff
ffd5
ff59
ff5a
ffd6
fffd
ffff
fd7f
f755
fff6
bdf6
fff6
fff5
f7fd
ffff
ffff
ffd7
d000
d000
d040
5141
4105
4505
4515
5515
5000
5001
1415
4055
0015
1019
540a
0402
0000
0020
082a
0809
0909
0a05
4615
4515
0009
5409
5501
5541
1541
5560
5560
aaa0
a680
0000
0000
020a
4a8a
5a9a
5569
6555
5562
5558
9558
95da
57d6
57f6
57f5
5fff
5fbf
9fff
9eff
9fff
957f
969f
765f
f77f
fffd
7ff6
7fdd
6f7d
5575
aa77
aa77
9a9f
aa9f
aa5f
aa55
aaaa
aaaa
aaaa
aaaa
aaaa
ff77
fffd
5fff
97ff
97ff
a5ff
a97f
aa55
aa95
aaa5
aaa5
aa99
a955
5555
5555
5555
aaaa
a9aa
a9aa
a96a
a55a
5555
5555
5555
aa66
aa56
a55a
556a
56aa
555a
5555
5555
55aa
6aaa
6aaa
6aaa
a95a
aa9a
aa96
aa96
6555
69a9
6aaa
aaa7
5a9a
5aaa
95aa
a9aa
ffff
ffff
ffff
57ff
65ff
a97f
aa7f
965f
56ff
a5ff
aa7f
2aa9
2aaa
69aa
41aa
82aa
fff5
fd16
f556
64a8
8080
8a08
2482
4002
ffff
ffff
ffff
fff5
ffd6
ff7a
fd94
fd40
fd45
f715
f515
fd14
f540
fd09
f605
6005
a200
a800
9154
a050
5858
6450
5564
5595
fffd
fd55
d569
5aa9
6a96
aaaa
5aaa
95aa
556a
559a
556a
556a
555a
5555
5555
5555
ffff
ffff
ffff
ffff
fffd
fff5
ffd5
555a
aaaa
aaaa
aaaa
aaa9
aa59
5555
5555
5555
5695
a9aa
a56a
5566
9555
5555
5555
5555
0028
0160
2985
1595
9556
5556
9559
5a95
4800
4150
4150
8954
0551
0591
4021
0008
86a9
2669
aa55
15aa
51a9
49aa
81aa
86aa
16aa
5aaa
65aa
96aa
59a9
5a65
599a
5aaa
9aaa
95a9
a565
69a5
5996
5565
5555
5555
6996
695a
aa59
a555
55ad
5af5
6d55
5555
7a7f
df95
f57b
ff55
fff5
7ff5
ffd6
ffda
ffff
ffff
555f
6aa7
6aa9
da55
f5ff
ffff
fff9
ff6d
ff77
ffd7
ffff
ffff
ffff
5555
ffff
fff5
ff56
fd6a
f5af
f5bd
fd55
5555
ffda
5ff6
a575
b955
7f55
5fd5
f5d6
5569
5555
6555
a555
b555
d555
5555
5555
5555
a6aa
96a9
76aa
56a9
75a5
b59b
b57f
d5f5
d051
6091
5a91
6a81
6a80
aaa2
aaaa
aaaa
575d
fd75
ff75
fd5d
f575
f47d
f475
f455
4515
4515
5554
5558
5560
176a
156a
16aa
6a55
aa69
015a
01aa
06aa
1696
1a55
9a55
7fff
5ddf
97f7
a5f5
a9fd
aa7f
5a7f
557d
5575
9556
adff
e97f
5abf
daa9
d6aa
b7aa
e9aa
ed6a
bf55
ed7f
f5eb
57bf
5ee9
5fbd
7f77
5ffd
57ff
7dff
5f7f
7b7f
ef7f
bb55
57d6
5957
9b9f
9ef5
7fd5
5555
5555
5555
5d6a
5e6a
ef6a
bd6a
f56a
5555
5555
5555
b5ab
9557
955f
965e
965e
5697
56a5
55a9
aa55
aa55
aa95
5aa5
96a9
56a9
56ab
bdab
1aaa
28aa
a8aa
a1aa
a5aa
95aa
956a
956a
57ea
57fa
575a
555a
b65a
e955
7e55
5f95
5fd5
57f5
57b5
57e7
57fe
55ff
5555
5555
5555
5555
5555
5555
5555
5555
5a55
6695
5fd5
5ad5
6bd5
6f55
5d55
5d55
7555
7555
ffff
fffe
ffda
ffda
f7eb
df6f
f7bd
fdb5
59a7
d6a7
f5ab
fdab
5f6a
f75a
f5d6
7776
a9ff
ab7f
bf7f
fdff
f5ff
5fff
ffff
ffff
5555
5555
a555
6555
fd55
d555
5555
5555
5555
5555
5556
555a
556a
556f
55ad
56f5
ffff
ffff
ffff
ffff
ff7f
fabf
ebff
bfff
fffa
feab
fbff
ffff
ffff
f7ff
ffff
ffff
ffff
bbfa
ebea
fbea
77ea
fffb
ffff
bfff
ffff
ffff
ffff
ffff
ffff
ff5f
d5a7
da97
d97f
f5ff
ffff
fff7
f7f7
fff5
fff7
fd57
fffd
fd5f
daa7
daa7
5aa7
555d
dfff
ddf7
fd95
fdeb
fdea
fd5a
dfdf
7df5
df7d
fdff
f577
5657
d6a5
b5a9
e9aa
9955
6955
6a55
ff76
ff75
f5fd
ea5f
ea9f
5baf
5aa5
5aa7
daa5
5bf6
5b5b
b55b
9565
5054
4000
0000
dee7
ff6f
e56d
559d
565d
d6d5
aa9a
aaaa
5aaa
e5ae
f9aa
ffda
55da
055a
005a
0016
fdff
e5ea
9dbf
95fe
a9ad
aa97
aa7f
aa7f
ffff
f7ff
ffff
5fff
77ff
de7f
eb5f
bf5f
ffff
ffd7
ffda
ff6a
ff69
ffd7
ffff
ffff
ffff
5df7
9dff
5fff
7f7f
ffff
ffff
dfff
ff45
7745
ff45
fd01
f400
d001
d000
4000
0001
5015
5055
4455
0055
4015
5001
0000
0005
500d
5001
5009
5025
5015
0099
0055
aaea
eaaa
a9aa
a96b
aa95
6aa5
6aa9
5aa9
a5aa
a5a9
a96a
aa5b
aa55
a975
a7eb
a7ba
ef7f
bddf
aff7
abf5
a7fd
57ff
5fff
7fff
fa9f
ba5f
be77
baaa
f5aa
e6aa
d6aa
66a9
a955
9555
9555
d555
f555
ff55
5f55
5555
ff77
fffd
5fff
97ff
97ff
a7ff
a7ff
a955
a5aa
a5a9
9d97
bfaf
7eff
7fff
ffd5
5555
5ffe
a5bf
6a7f
6a9f
695f
6a97
6a97
6a9d
56a9
5aa5
6aab
aaaf
aaaa
69bb
596f
5a5f
015a
5556
6555
5556
555a
555a
555a
6aa5
0010
0055
0055
0155
0155
4155
4155
5059
4000
4100
4100
4141
5141
5141
d541
6550
ffff
ffff
fd5f
f5a9
f6aa
f695
f69f
f55f
fffd
fffd
fd5d
f5a9
f695
f55e
5bbb
5555
a5aa
aaaa
aaaa
6aa9
5aa9
5555
5555
5555
5555
5555
5596
5555
5555
5555
5555
5555
a554
a555
9555
5551
f550
f454
f565
5595
5695
a9aa
a56a
5566
5555
5555
5555
5555
5455
5555
5555
5594
9450
0502
4559
5a95
6997
6956
aa5a
a55b
55ad
5af5
6d55
5555
aa66
aa56
a55a
556a
56aa
555a
5555
5555
9ab5
95ad
d565
55a5
5596
5565
5555
5555
5550
5540
5540
5500
5500
5500
5400
5400
0000
0000
0000
0000
0000
0000
0f00
3fc0
0000
0000
0000
0000
0000
0000
0000
0000
0000
0000
0000
0000
0000
0000
0000
0000
0000
0000
0000
0000
0000
0000
0000
0000
0000
0000
0000
0000
0000
0000
0000
0000
f540
f550
d550
d554
d554
d554
5554
5554
5400
5400
5003
5003
5003
5003
500f
400f
400f
400f
400f
400f
400f
000f
000f
000f
000f
000f
010f
050f
150f
150f
190f
190f
5555
55f5
557d
557f
555f
5557
5555
5555
5555
5555
5555
5555
d555
f555
fd55
fd55
5555
5555
5555
555f
555f
557f
557d
55fd
57fd
57ff
55ff
557f
555f
5555
5555
5555
5557
555f
f55f
ffdf
ffff
ffff
5fff
557f
f555
f555
d555
d555
d555
5555
5555
5555
f555
f555
fd55
ff55
ff55
ffd5
7ff5
7fd5
7f55
5d55
55fd
57ff
57ff
57ff
55ff
55fd
555f
555f
5557
5557
5555
5555
5555
5555
555f
55ff
5ffd
7ff5
7d57
557f
5fff
fff5
190f
190f
150f
150f
0503
0103
0003
0003
0003
0000
0000
4000
4000
4000
4000
4000
4000
50c0
5030
d000
d0c0
d0c0
d4c0
5430
5430
543c
553c
553f
553f
554f
5543
5550
030f
0003
0f30
0ccf
c33c
ff3f
ffff
ffff
5554
5554
1554
1554
1554
1550
0550
0540
030f
0cc0
03c3
cccf
3cf3
0fc3
0f3c
cff3
00cc
3000
00cc
0c0f
0f3f
03c3
0c0f
03fc
0000
0030
0000
0003
0330
c00c
00c0
0003
c0f0
f0f3
f3cf
f3cf
3f3f
f333
fffc
f3ff
f400
f400
d000
d000
d000
d000
4000
4000
4000
4000
4000
400c
4c00
4000
4000
4000
4000
4000
4000
4000
4c0c
4000
4000
4000
4000
4000
4000
4000
4000
4000
4000
4000
4000
4000
4000
4000
4000
4000
4000
4000
4000
4000
1000
1000
1000
1000
0400
0400
7d41
fd45
f545
d551
d551
5551
5554
5514
5555
5555
5555
5555
5555
5555
5555
1555
5555
5555
5555
5555
5555
5755
5f55
7d55
5555
5555
5555
5555
5555
5555
5555
5555
ff15
ff15
ff15
ff15
ff15
ff15
ff15
ff05
ffc0
ffff
ffff
ffff
ffff
ffff
ffff
5555
0000
ffff
ffff
ffff
ffff
ffff
ffff
5555
0000
0000
ffff
ffff
ffff
ffff
ffff
5555
0000
fffc
ffff
ffff
ffff
ffff
ffff
5555
555a
555a
5556
5556
5002
4006
0007
0003
5555
5555
5555
5555
5555
7555
5555
5554
5565
5555
5695
5aa5
5aa5
5695
5555
5555
ffff
ffff
ffff
ffff
ffff
ffff
ffff
ffff
ffff
ffff
ffff
ffff
ffff
ffff
ffd5
f555
ffff
ffff
ffff
ffff
ffff
ffff
ffff
57ff
5555
5555
5955
5555
5565
5555
5555
5555
5555
5555
5555
5655
5555
5555
5555
5555
ffff
ffff
ffff
ffff
ffff
ffff
ffff
5555
0400
0400
0400
0000
0000
0555
0400
0400
5555
5555
5555
5555
5555
5555
5559
5555
555a
555a
5556
5556
5002
4006
0007
0003
5554
5555
5555
5555
5555
5555
5555
5556
ffff
ffff
ffff
ffff
ffff
ffff
ffff
ffff
ffff
ffff
ffff
ffff
fffd
fffd
ffff
ffff
ffff
ffff
ffff
ffff
ffff
ffff
ffff
ffff
5555
5555
f555
fd55
fd5f
ffff
ffff
ffff
d555
d555
d555
5555
5555
5555
5555
d555
557f
557f
557f
557f
555f
555f
555f
555f
557f
55ff
55ff
57ff
7fff
ffff
ffff
ffff
ffff
ffff
ffff
ffff
ffff
ffff
ffff
ffff
ffff
ffff
ffff
ffff
ffff
ffff
ffff
ffff
ffff
ffff
ffff
ffff
ffff
ffff
ffff
ffff
ffff
ffff
ffff
ffff
ffff
ffff
ffff
ffff
ffff
ffff
ffff
ffff
ffff
ffff
ffff
ffff
ffff
ffff
ffff
ffff
ffff
ffff
ffff
ffff
ffff
ffff
ffff
ffff
ffff
ffff
ffff
ffff
ffff
ffff
ffff
ffff
ffff
ffff
ffff
ffff
ffff
ffff
ffff
ffff
ffff
ffff
ffff
ffff
ffff
ffff
ffff
ffff
ffff
ffff
ffff
ffff
ffff
ffff
ffff
ffff
ffff
ffff
ffff
ffff
ffff
ffff
ffff
ffff
ffff
ffff
ffff
ffff
ffff
ffff
ffff
ffff
ffff
ffff
ffff
ffff
ffff
ffff
ffff
ffff
ffff
ffff
ffff
ffff
ffff
ffff
ffff
ffff
ffff
ffff
ffff
ffff
ffff
ffff
ffff
ffff
ffff
ffff
ffff
ffff
ffff
ffff
ffff
ffff
ffff
ffff
ffff
ffff
ffff
ffff
ffff
ffff
ffff
ffff
ffff
ffff
7777
5ddd
5555
5555
5555
5555
5555
5555
ffff
ffff
ffff
ffff
ffff
ffff
ffff
ffff
ffff
ffff
ffff
ffff
ffff
ffff
ffff
ffff
ffff
ffff
ffff
ffff
ffff
ffff
ffff
ffff
ffff
ffff
ffff
ffff
ffff
ffff
ffff
ffff
57ff
5fff
7fff
7fff
ffff
ffff
ffff
fffd
fffd
fffd
fffd
fffd
fffd
fffd
fffd
fffd
557f
557f
55ff
55ff
55ff
55ff
55ff
57ff
57ff
57ff
57ff
57ff
57ff
57ff
5fff
5fff
5557
555f
555f
555f
557f
557f
557f
557f
fffd
fffd
fffd
fffd
fffd
fffd
fffd
fffd
fffd
fffd
fffd
fffd
fffd
fffd
fffd
fffd
ffff
ffff
ffff
fff5
ff50
f500
5000
0000
ff50
f500
5000
0000
0000
000c
0000
0000
5555
5555
5555
5555
5555
0555
4155
5155
5555
5555
5555
5555
5555
555d
5575
55f5
57ff
57ff
57ff
5fff
dfff
7fff
7fff
7fff
fffd
fffd
fffd
fffd
fffd
fffd
fffd
fffd
7fff
7fff
5fff
ffff
ffff
ffff
ffff
7fff
fffd
fffd
fffd
fffd
fffd
fffd
fffd
fffd
7fff
5fff
55ff
555f
5555
5555
5555
5555
fffd
fffd
fffd
fffd
fffd
5ffd
55fd
555d
57d5
57d5
5d5d
75d5
7575
dff5
77d5
dfdd
5155
1505
5555
5554
5555
5555
5ff5
7ff5
5555
5555
5555
5555
4775
50d5
557f
5555
5555
1555
4555
5155
5555
5555
fd55
5755
4155
0005
5555
5555
5555
5555
5555
5555
5555
5555
5555
fdd5
fffd
5fff
557f
5557
5555
5555
5555
5555
1555
0515
d155
d005
f405
7540
5555
5d55
5555
5555
5555
5555
557f
5557
55ff
55d5
5555
5555
5555
5555
5575
5d7d
5555
5555
5555
5557
57fd
55df
77fd
5555
5555
545f
51ff
c7d5
4555
d055
5fff
5fff
5fff
dfff
ffff
7fff
5fff
7fff
5fff
5fff
7fff
7fff
ffff
ffff
ffff
7fff
f575
5757
7575
5555
555d
5555
5555
5555
ffff
ffff
ffff
ffff
ffff
ffff
fffd
fdd7
ffff
ffff
ffff
ffff
ffff
ffff
ffff
ffff
ffff
fff5
fd55
555d
5555
5555
5555
5555
f00f
f00f
f00f
f00f
f00f
f00f
f00f
fc0f
55ff
57ff
5fff
5fff
57ff
55ff
777f
555f
5fcf
55ff
5557
5555
5555
5555
5555
5555
ff50
f500
5000
0000
0000
0000
0000
0000
0000
0000
0000
0000
0000
0000
0000
0000
0000
0000
0000
0000
0000
0000
0000
0000
ffff
ffff
ffff
fff5
ff50
f500
5000
0000
f7ff
f7ff
f7ff
f7ff
f7ff
f7ff
d7ff
5fff
ffff
ffff
ffff
ffff
ffff
ffff
ffff
ffff
5555
5555
5555
5555
f555
fd55
fff5
ffff
5555
5555
5555
ffd5
ffff
ffff
ffff
ffff
5555
5555
5ffd
7fff
ffff
ffff
ffff
ffff
5555
5555
5555
5555
5557
555f
555f
555f
557f
557f
557f
557f
557f
55ff
55ff
55ff
ffff
ffff
f00f
f00f
f00f
f00f
f00f
f00f
ffff
ffff
ffff
ffff
ffff
ffff
ffff
ffff
5555
5555
ff55
7c15
0045
5550
5554
5555
5555
5555
47ff
5155
5551
ff55
5fff
557d
5555
55ff
57f5
55fd
57d7
7f7d
55ff
77dd
1555
5555
1555
0555
5055
5515
555f
5575
5555
5555
5554
5555
5555
5550
5555
5555
5555
5555
5555
57d5
7d5f
5555
5575
d555
5555
5555
5555
555d
557d
57df
7d75
5555
5555
5555
5555
5555
5455
4545
5555
5555
55d5
5fd5
7555
5555
5555
5555
5555
5555
555f
55f5
5555
57fd
d555
5555
5555
5555
5555
5555
577d
5555
5555
7555
5555
5555
7555
575f
7c7d
7155
dd05
7fd1
5fff
5555
5555
ff45
57d1
57c7
5555
5555
5555
5555
5555
5555
5555
5555
5555
7555
55d5
5555
5555
5545
5540
5d55
5555
d555
5555
5555
5415
5515
4541
5554
5555
5ffd
75d7
540f
5555
5555
5555
5555
7ff5
157f
5451
d555
f7fd
5d55
1515
4155
5555
5555
5555
5555
555d
557d
7fff
5555
57d5
7d55
5555
5555
5555
5555
5555
5555
5555
5555
ffd5
7dff
55dd
5555
5555
5575
5755
5555
5555
5555
5555
5555
5555
555f
555d
55f5
5f57
f555
5555
5555
5555
fff5
543f
5511
5555
5555
5555
5555
5555
5555
d555
ffd5
5555
0555
ffff
ffff
ffff
ffff
ffff
ffff
ffff
ffc0
5555
5555
5555
5755
5ed5
5755
5555
5555
ff05
ff15
ff15
ff15
ff15
ff15
ff15
ff15
5555
4555
5555
5555
5555
5555
5555
5555
6559
5555
5555
5555
5551
5555
5545
5555
5555
5551
5455
5555
5555
4555
5555
5555
5555
5555
5555
5555
5455
5555
5555
5555
ff15
ff15
ff15
ff15
ff15
ff15
ff15
ff15
ffff
ffff
ffff
ffff
ffff
ffff
ffff
0000
ffff
ffff
ffff
ffff
ffff
ffff
ffff
0000
fffd
fffd
fffd
fffd
fffd
fffd
fffd
03fd
50fd
5cfd
5cfd
5cfd
5cfd
5cfd
5cfd
5cfd
5cfd
5cfd
5cfd
5cfd
5cfd
5cfd
5cfd
5cfd
ff15
ff15
ff15
ff15
ff3d
ff1f
ff35
ff15
ff15
ff15
ff15
ff15
ff15
ff15
ff15
ff05
ffc0
ffff
ffff
ffff
ffff
ffff
ffff
5555
54fd
54fd
54fd
54fd
54fd
54fd
54fd
50fd
03fd
fffd
fffd
fffd
fffd
fffd
fffd
5555
5cfd
5cfd
5cfd
5cfd
54fd
54fd
54fd
54fd
5555
5555
5555
5555
5aa5
6aa9
aaaa
aaaa
a00a
a00a
a82a
aaaa
aaaa
9aa6
a55a
aaaa
aaaa
aaaa
aaaa
aaaa
aaaa
a28a
a00a
a00a
aaaa
aaaa
aaaa
aaaa
aaaa
aaaa
aaaa
aaaa
aaaa
aaaa
6aa9
5aa5
5555
5555
5555
5555
8002
8552
8552
8142
9006
a55a
aaaa
aaaa
a55a
a96a
aaaa
aaaa
aaaa
aaaa
aaaa
8aa2
ffff
ffff
ffff
ffff
ffff
ffff
faaf
e96b
aaaa
aaaa
aaaa
aaaa
a96a
a96a
aaaa
aaaa
aaaa
aaaa
8002
8aa2
88a2
8022
8002
9556
aaaa
aaaa
a69a
a96a
a55a
a96a
a69a
aaaa
aaaa
aaaa
5555
5555
5555
5555
5555
5555
5555
5555
5555
5555
5555
5555
5555
5555
ffdd
fff7
ffdd
fff7
ffdd
fff7
ffdd
5555
ffdd
fff7
ffdd
fff7
ffdd
fff7
ffdd
fff7
fffd
fff7
ffdd
fff7
ffdd
fff7
ffdd
fff7
da9f
da9f
da9f
da9f
da9f
da9f
da9f
da9f
5555
5555
5a95
5a95
5a95
5a95
5a95
5a95
5a95
5a95
5a95
5a95
5a95
5a95
5a95
5a95
5555
5555
5555
5555
5555
5555
5555
5555
7777
5ddd
5777
55dd
5577
555d
5557
5555
7777
dddd
7777
dddd
7777
dddd
7777
dddd
7777
dddd
7777
dddd
7777
dddd
7777
dddd
5555
5577
55dd
7777
dddd
7777
dddd
7777
5555
5555
5555
5555
dddd
7777
dddd
7777
5555
5555
5555
5555
5555
5555
5555
5555
da9f
da9f
da9f
da9f
da9f
da9f
da9f
da9f
ffff
ffff
ffff
f000
f371
f111
f151
f111
ffff
ffff
ffff
0000
1710
1110
1410
1110
ffff
ffff
ffff
0000
dc51
4441
4441
4441
ffff
ffff
ffff
03ff
13ff
13ff
43ff
13ff
13ff
03ff
03ff
03ff
03ff
03ff
03ff
03ff
03ff
03ff
03ff
ffff
ffff
ffff
ffff
ffff
ffc0
0000
0000
ffff
ffff
ffff
ffff
ffff
dc51
0000
0000
ffc0
aac0
56c0
56c0
aac0
1114
0000
0000
ffff
eaaa
e555
e555
eaaa
f111
f000
f000
f000
f000
f000
f000
f000
f000
f000
f000
ffff
ffff
ffff
ffff
ffff
ffff
0000
0000
ffff
ffff
ffff
ffff
ffff
1114
0000
0000
ffff
eaaa
eaaa
eaaa
eaaa
dc51
0000
0000
ffc0
aac0
aac0
aac0
aac0
aa9a
aaaa
aaaa
aaaa
aaaa
aaaa
aaa5
a9a4
a555
a955
aa95
aa96
aaaa
aaaa
aa66
aaa9
56aa
5aaa
6aaa
aaaa
aaaa
aaaa
6aa9
aaa5
aa9f
a99f
aa45
9911
a454
5154
1555
5551
a991
a555
a555
a555
9555
5555
9555
5555
5555
5555
5555
5555
9555
6555
5455
5105
5515
5541
5554
5555
5555
5557
5557
5557
5555
5555
5545
5555
5554
5555
5469
5555
fffd
ffff
7fff
5fff
5fff
55ff
555f
5557
5555
5555
5555
5555
5555
5555
4555
5555
5445
5551
5554
7555
dd55
eed5
b8b5
eaad
5557
5557
5557
1555
4555
4555
5557
5557
ff6a
7f5a
5fd5
55ff
557f
555f
555f
555f
aa97
a25f
897f
a9ff
29ff
a7ff
a7ff
a7ff
aaaa
6aaa
daaa
d6aa
f6aa
f5aa
fdaa
fd6a
9fff
5fff
7fff
ffff
ffff
ffff
ffff
ffff
aaaa
aaaa
aaaa
aaaa
aaaa
aaaa
aaaa
aaaa
aaaa
aaaa
aaaa
aaaa
aaaa
aaaa
aaa5
aaa5
aaaa
aaaa
aaaa
aaaa
5aaa
55aa
555a
5556
aaa9
aaa5
aa55
a955
a555
5555
5555
5555
aaa9
6aa6
9999
aa66
a699
aaa6
aaa9
9aa9
aaaa
aaaa
aaaa
aaaa
aa9a
9a6a
a5a9
aaaa
fdaa
f5aa
fdaa
f5aa
fdaa
fda9
f5aa
fda9
f6a9
f6a5
daa5
ea95
da95
6a95
6a55
6a55
6955
a555
a955
a655
a995
aa55
aa95
aaa5
aaa9
aaa9
aaaa
6aa9
56a5
5555
5555
5555
5545
5550
5555
5555
5555
5555
5555
5555
5455
5155
5157
555f
555e
555f
5457
5515
5555
5555
5555
5555
5554
5545
5515
5455
a6a9
99a5
a655
9955
6555
9555
5555
5555
4554
5155
5555
5455
5555
5555
5515
5555
5455
5564
4595
5551
5545
5515
5455
5d55
7755
fbd5
eed5
a8b5
eeb5
bb95
eed1
ff45
5555
4555
5555
5555
5555
5555
5555
5555
5655
5a55
5555
5555
5555
5555
5555
5555
5555
55a5
5695
5655
5959
5559
5569
55a5
5555
5595
5595
5595
5594
5655
5a55
6955
555f
455f
5155
5451
5554
5555
5555
5555
bab5
eef5
fff5
7fd5
5555
5455
5555
5555
5555
5555
5555
5555
5555
1555
5155
5554
5545
5555
5555
5554
5555
5555
5155
5555
5515
5555
5555
5554
5555
5555
5555
5555
5565
5565
5555
5559
5559
5555
5555
5555
5515
5451
4154
1555
5595
5595
5565
5565
5540
5515
5555
5455
5555
4555
5557
5547
5557
1555
5555
5555
5555
5555
5555
5555
ffff
57ff
555f
5557
5557
5555
5005
0551
5554
5555
57d5
5efd
fbb9
ea2f
faab
eeef
fbbb
fee5
7f90
5fd5
1745
5d55
5755
4555
5555
4555
5155
5155
5455
5555
5555
5555
5555
5555
5555
5555
5555
5555
5555
5555
5fff
17ff
47ff
51ff
55ff
55ff
67ff
6555
57ff
15ff
45ff
51ff
55ff
55ff
57ff
57ff
ffff
ffff
ffff
ffff
ffff
7fff
5fff
5fff
5555
5555
5415
5405
5405
5005
5005
5405
5405
d405
d501
d501
d501
d540
7540
7540
7d40
5d50
5d50
5d50
5d54
5f54
5754
d7d5
d5d5
d5d5
d5d5
f5d5
f575
f575
75f5
fdd7
0545
0541
4551
4151
5151
5155
545e
557b
5415
5405
1505
1505
1505
1505
0545
0545
4014
5014
5014
5015
5015
5015
5015
5415
5555
5555
5055
4015
4015
4014
4014
4014
5556
5555
555a
055a
015a
045a
005a
0159
0159
0155
0155
0155
0155
0154
0154
4154
4155
4155
5155
5155
5055
5455
5555
5557
7555
55dd
5557
775d
5577
f7fb
dfbf
7eff
5505
7505
5415
d415
7415
d415
d015
5055
4001
5401
5401
5501
5401
d405
5505
5505
5556
5415
5005
5005
5405
0401
0001
0001
9555
a955
aa99
aaaa
aaaa
aaaa
95a6
5569
5555
5555
5555
9555
a955
aa55
aa55
aa95
aa95
aa96
9a96
aa9a
6aaa
6aa9
5aaa
56aa
56aa
55aa
55a9
55a9
55a9
5569
5565
5555
5555
5515
5457
5057
515f
415f
4557
5557
d7d6
f5f6
7d7d
df55
dfd5
d7f5
f7fd
fdfd
56a9
55aa
556a
556a
555a
555a
55da
5756
6a95
aa95
aa95
9a95
aaa5
6aa5
6aa4
5aa5
5555
5555
5559
55a6
56aa
5aa9
5aa9
6aa5
5a55
6955
a955
5541
5555
5455
5555
5555
5555
5554
5500
5155
4555
5555
5557
55df
5775
75d6
9d5a
a6aa
aaaa
6aaa
956a
956a
975a
97d6
97f5
a5fe
a7fd
a5ff
69fd
697f
aa59
aa59
aa55
aa45
9a45
7a45
da42
7642
aa9f
aaa7
aaa7
aaa7
aaa7
aaa7
aa55
aa59
555d
1577
557f
55f5
55d7
5fff
f5ff
597f
5555
5555
5555
5555
5555
5555
5555
5555
ffff
ffff
5fff
57ff
29ff
297f
06df
419f
557f
0255
9021
6220
a08a
8006
0000
0548
ffd5
fd56
d502
5260
69a4
4698
66a8
50aa
ffff
ffff
ffff
fffd
fff6
fff6
ffd4
ffd2
f47d
f474
d074
d174
4174
41f4
45f4
45f5
1fff
1fff
5ffd
5ff4
5ff4
5fd1
1fd1
1fd1
ffff
ffff
ffff
ffff
ffff
f7ff
d1ff
47ff
ffda
ffda
ffd6
7ff5
7ffd
7ff5
ffd5
ffd5
7f59
5569
16af
05fd
0155
0015
4001
5100
17d1
07d0
0554
4164
4155
5055
9015
f405
45f5
45fd
457d
415d
415f
5055
d057
5415
5405
d505
a540
bd50
ff54
5555
5555
5555
7501
5540
5414
1055
0155
5555
5555
5555
5444
1511
0055
4156
5599
5665
5555
5555
ffff
fff5
ffdf
fd7a
f7ef
dd55
d7f5
ffff
9995
6655
9955
5555
5555
5555
5555
5555
5068
5801
5405
56ad
5555
5555
5555
5555
9555
9555
6555
5555
5555
5555
5555
5555
089f
00a7
52a7
4197
4a9f
197f
55ff
57ff
545f
545f
547f
147f
047f
817f
41ff
027f
1541
1541
1562
2940
0001
8005
9005
9400
9008
5488
5a08
6a21
5a02
9682
6560
9998
7666
d595
fd65
f595
5555
6555
5994
6656
9a00
5505
5581
5509
9605
a559
0696
8016
5550
5054
4015
4115
4140
5540
5401
5505
5407
5817
5805
d905
5501
f540
d540
7551
642a
647e
6076
6055
6151
6040
6041
6007
fd55
ffd5
fd75
f5d9
d56a
596a
69aa
6aaa
a9fd
a9ff
a9ff
a3ff
9fff
7f5f
f507
941f
907f
81fd
87f9
5f50
7d01
7415
d055
d07d
41fd
47fd
07f4
07d4
07d0
0751
0541
0551
1155
0055
4455
501a
5446
5501
5555
5555
5a95
6aa5
aaa9
aaaa
aaa9
aa55
6955
5595
05ef
15ef
17ef
57df
57df
5fff
7d7f
769f
691b
a8ab
64a7
54ab
52ab
52ab
4167
45e7
de92
7692
de92
f692
de42
f642
fa46
da09
557f
55ff
5fff
7fff
7fff
ffff
ffff
ffff
5555
5555
5415
5015
5015
5005
5005
5015
9555
9555
9505
5401
5401
5401
5401
1401
aaaa
aaaa
aaaa
aaaa
a6aa
a55a
a54a
694a
5556
556a
66aa
aaaa
aaaa
aaaa
aa56
a955
9555
9555
aa55
aa96
6aaa
6aaa
5aaa
56aa
f6aa
f5aa
fdaa
fdaa
ff5a
ffda
ffda
ffda
a97d
a57d
a5ff
a7ff
a7f5
a9d5
a95f
a95f
6949
5944
e940
6940
6540
6540
5540
5d41
1401
1405
1405
5405
5405
5405
5405
5415
5017
5015
4057
4057
405f
015f
0177
017f
015f
057f
05ff
057f
15ff
17ff
17ff
5fff
d1d0
41d0
47d1
4751
5f45
ff47
ff5f
ff7f
5415
d015
5054
d054
5074
d074
51d0
d1d0
7fff
7fff
7fff
ffff
ffff
ffff
ffff
ffff
d741
dd41
5f45
5f45
7d07
7d1d
7d77
7fdf
a957
aa75
a975
a9dd
a9fd
95fd
977f
97ff
ffda
ffda
ffda
ffda
fff6
fff6
fff5
fffd
97ff
55ff
d5ff
75ff
f5ff
dd7f
fd5f
f757
fffd
fffd
ffff
ffff
ffff
ffff
ffff
ffff
f7df
d757
d7d7
fdd7
f757
f5f7
f577
fd77
556f
d5fd
d5ed
55f6
51f7
51f6
5177
5177
7bbd
eef5
bbd5
bd55
9554
d554
d454
d414
4155
4155
0155
0555
0555
1555
5555
5555
5555
5557
5555
5557
5555
5517
5457
555f
555d
5577
555f
557f
55df
557f
55df
577d
5555
5555
5455
5555
4555
1555
5555
5555
5415
5415
5415
1415
1015
5055
5054
4055
5057
4055
4055
4155
0154
0150
0141
0545
fd7d
ff7f
ff77
ff75
fddd
fdfd
f7d5
ff54
f550
f500
d404
d410
d410
d010
5414
9555
6555
555a
556a
5555
5555
5555
5555
5555
5a50
aa55
5595
5595
5555
5555
5555
5555
0515
1555
0555
0554
0550
0540
1540
5540
4055
0155
0155
0554
0155
0055
4055
4055
4059
516a
5565
5556
5555
5555
5555
5555
66a9
9aa5
aaa9
6a69
9995
5555
5555
5555
5555
5455
4555
5555
5555
5555
5559
55a9
55ff
77ff
5dff
777f
5fff
57ff
5dff
777f
5555
5555
5555
5555
5555
5555
5555
5555
aaa9
aa95
aa55
a955
a555
5555
5555
5555
56aa
6aaa
aaaa
aaaa
aaaa
aaaa
aaa9
aa95
5555
5555
556a
aaaa
aaaa
aaaa
aaaa
6aaa
aa55
a957
a575
a55f
a577
a55f
a97f
a977
aaaa
5aaa
556a
555a
775a
5d56
7dd6
7756
7dd6
7f76
7dd6
7f76
7fd5
5f75
5fdd
57f5
5555
5555
57bb
7bff
6fff
7fd5
7d55
5555
6655
555f
ff7f
ffff
fff5
5555
5555
5555
aa7f
aa7f
aa7f
a97f
aa5f
aa96
9aa5
9aa5
ff55
fd55
f555
5555
5555
5555
5555
5555
ffff
ffff
ffff
ffff
fff5
7d55
557d
57f5
ffff
ffff
ff55
d555
5555
5555
5555
5555
5555
5555
5555
5555
5555
5555
5555
5555
5555
5555
5555
5555
5555
5555
5555
5555
5555
5555
5555
5555
5555
5555
555d
5577
55dd
5f55
5569
5aaa
aaaa
aa99
aa55
a956
ffff
5fff
aa9f
aa97
6aa9
6aaa
5aaa
56aa
dd55
f755
fff5
ffff
5ffd
97ff
aaff
aa95
5555
5555
55dd
5777
5ddd
7777
dffd
7fff
6666
599a
daaa
56aa
d6aa
75aa
d5aa
7569
5555
5555
5555
5555
566a
99a9
6695
a957
a55f
95ff
977d
97ff
57f7
557f
5fff
57fd
5555
5555
5555
5555
5555
5555
5556
5559
5555
5555
5555
5555
5555
5555
5555
5555
9555
5555
5555
5555
5555
5555
5555
5555
5555
5555
5555
5555
5555
5555
5555
557f
5555
557f
55ff
5fff
5fff
ffff
ffff
ffff
d7f5
5fd7
7f5f
fd7f
55ff
57ff
5fff
57ff
d5ff
55ff
557d
5555
5555
5555
5555
5555
ffff
ffff
dfd7
d7d5
f757
f77f
fd7f
f5ff
ffff
ffff
7fff
ffff
ffff
ffff
fdff
d7ff
7fff
dfff
f7ff
ffff
ffff
ffff
ffff
ffff
7fff
ffff
ffff
ffff
ffff
ffff
ffff
57ff
ffff
ffff
57ff
7ffd
fffd
fffd
fffd
fff5
5f7f
7fff
fff7
dfdd
ffff
dfff
ffff
5555
56a6
5555
5555
5555
5555
5555
5555
5555
aa95
a655
a555
5555
5555
5555
5555
5555
7fff
7fff
ffff
fddf
d7df
ffff
dfff
f5ff
ffaa
feaa
faaa
aaaa
aaaa
aaaa
66aa
99aa
aabf
aaaf
aaaa
aaaa
6a9a
6aa6
6aaa
6aaa
6aaa
6aaa
daa6
5aaa
daa9
5aaa
daaa
5aaa
daa9
5aaa
daaa
76aa
d6aa
76aa
d6aa
f5aa
9555
a555
a555
a555
a955
aa55
aa55
aa95
ffff
ffff
ff7f
ffff
f7ff
ffff
ffff
ffff
07ff
07ff
07ff
0000
0000
07ff
07ff
07ff
fff3
ffcf
ffcf
ff3f
ff3f
fcff
fcff
f3ff
f3ff
fcff
fcff
ff3f
ff3f
ffcf
ffcf
fff3
aff6
abf6
9af6
96b6
9da6
9f6a
9fda
9ff6
a556
a956
9a56
9696
95a6
956a
955a
9556
f6b9
f6ad
f6b9
f6ad
f6b9
f6ad
f6b9
f6ad
f6b9
f6ad
c0b9
102d
c079
f5ad
f6b9
f6ad
ffff
ffff
5fff
67ff
77ff
57ff
ffff
5555
ffff
ffff
ffff
ffff
5fff
5dff
ffdf
fffd
5ffd
9ff6
97dd
557d
557d
5a77
aa77
da9f
5555
5555
5555
5555
5555
5555
5555
5556
7fc0
7fff
7fff
7fff
7fff
7fff
7fff
5555
ffc0
ffff
ffff
ffff
ffff
ffff
ffff
5555
7f15
7f15
7f15
7f14
7f15
7f15
7f15
7f05
ff15
ff15
ff15
ff15
ff15
ff15
ff15
ff05
5a95
5755
5555
5555
5555
5555
5555
5555
5555
d755
5555
5755
5555
5555
5555
5555
5755
5575
7555
5555
5555
5555
5555
5555
5555
5555
5555
5556
5556
555a
5568
5568
5555
5555
5555
5555
5555
5565
55a4
56a4
5550
4000
0400
1155
1455
1515
5945
6a51
6a94
6aa5
aaa9
aaaa
aaaa
aaaa
aaaa
aaaa
5aa4
68a1
a291
8a51
2a45
2a46
a906
a91a
55a2
55a2
568a
568a
562a
5aaa
5aa9
6aa5
a51a
a46a
946a
91aa
41aa
46aa
06aa
16aa
101c
0507
4101
5050
9414
a404
a404
a404
a404
a405
a401
a4b1
a4f1
a451
a401
9401
0010
0011
4011
0011
0011
0011
0011
0111
5555
6aaa
6aaa
6aaa
6aaa
6aaa
6aaa
6aaa
0000
0000
1000
0000
0000
5555
0000
1555
0b00
02c0
fff0
4440
1100
0005
0014
0010
5555
aaaa
aaaa
aaaa
aaaa
aaaa
aaaa
aaaa
0000
0000
0010
0000
0000
5555
0000
5555
0000
0000
0400
0000
0000
0040
0000
0000
5555
5555
5555
5555
1155
0005
0155
5500
5555
5555
5555
1454
5105
1111
0000
0001
5555
1555
1555
5555
5555
1114
5555
0000
5555
0000
0000
0000
0000
0000
0000
4000
0011
5555
5110
4440
0000
0004
0000
fc00
0000
0001
5555
5554
5511
4444
1100
403f
5555
5554
5550
5540
5401
5001
4005
5554
5551
5550
5551
5500
5555
5000
5400
5400
5515
5515
5545
5540
5555
5555
5555
5555
5055
5055
5400
0001
5555
5555
5555
5555
4515
0415
1455
5155
5555
5555
5555
5555
5550
5514
5404
0014
0010
1051
5041
5144
5555
0555
1015
1555
5500
0000
0000
0015
0555
0544
1510
5440
5005
4055
0555
5555
0040
0155
0155
1555
5555
5555
5555
5555
0000
5554
5555
4005
5400
5555
5555
5454
1555
5555
5555
5555
5555
5555
5555
5555
5555
5545
5555
5555
5555
5555
5555
5555
1554
0005
5555
5555
0015
5555
5555
0155
0000
5555
5111
5555
5555
5555
5555
5555
0000
0000
0000
0111
5555
0000
0000
0000
aaaa
aaaa
aaaa
aaaa
5555
0000
5555
5555
6aaa
6aaa
6aaa
5aaa
1555
0000
5555
1555
0000
0000
0000
5554
5555
4455
1114
4450
4000
0000
0554
5555
5555
4444
1111
5555
0011
0011
4011
0010
4010
0004
4001
0000
6401
9401
5401
5001
4005
0055
0054
0045
0144
0151
0114
0510
0515
1415
5055
4055
6665
9954
5540
0000
0000
0000
5555
5555
aaaa
aaa9
aaa6
5555
0155
5000
5554
9995
ffff
ffff
ffff
ffff
ffff
ffff
ffff
ffff
aaaa
aaaa
aaaa
aaaa
aaaa
aaaa
aaaa
aaaa
5555
5555
5555
5555
5555
5555
5555
5555
0000
0000
0000
0000
0000
0000
0000
0000
ffff
ffff
ffff
ffff
ffff
ffff
ffff
ffff
aaaa
aaaa
aaaa
aaaa
aaaa
aaaa
aaaa
aaaa
5555
5555
5555
5555
5555
5555
5555
5555
0000
0000
0000
0000
0000
0000
0000
0000
ffff
ffff
ffff
ffff
ffff
ffff
ffff
ffff
aaaa
aaaa
aaaa
aaaa
aaaa
aaaa
aaaa
aaaa
5555
5555
5555
5555
5555
5555
5555
5555
0000
0000
0000
0000
0000
0000
0000
0000
ffff
ffff
ffff
ffff
ffff
ffff
ffff
ffff
aaaa
aaaa
aaaa
aaaa
aaaa
aaaa
aaaa
aaaa
5555
5555
5555
5555
5555
5555
5555
5555
0000
0000
0000
0000
0000
0000
0000
0000
ffff
ffff
ffff
ffff
ffff
ffff
ffff
ffff
aaaa
aaaa
eeba
efba
efba
eefa
eefa
eeba
aaaa
aaaa
afae
aeee
afee
afae
aeee
aeee
aaaa
aaaa
feea
eaea
faea
eaea
eafe
eafe
aaaa
aaaa
feaa
eaaa
faaa
eaaa
feaa
feaa
aaaa
aaaa
abfb
abab
abab
abab
abfb
abfb
aaaa
aaaa
fbfb
bbab
bbfb
fabb
bbfb
bbfb
aaaa
aaaa
baaa
baaa
faaa
baaa
baaa
baaa
aaaa
aaaa
bfbf
aebb
aebb
aebb
aebf
aebf
aaaa
aaaa
bebf
bbba
bfba
beba
bbbf
bbbf
aaaa
aaaa
bbaa
bbaa
bfaa
bfaa
bbaa
bbaa
aaaa
aaaa
aeae
afbe
aeee
aeee
aeae
aeae
aaaa
aaaa
eeae
ebba
eaea
ebfa
efbe
eeae
aaaa
aaaa
bfbe
babb
babf
babe
bfbb
bfbb
aaaa
aaaa
bbff
baee
baee
baee
baee
baee
aaaa
aaaa
bfbe
babb
bebb
babe
bfbb
bfbb
aaaa
aaaa
aaaa
aaaa
aaaa
aaaa
aaaa
aaaa
aaaa
abaa
abaa
abaa
abaa
aaaa
abaa
aaaa
aaaa
aaaa
afee
aeee
afee
afee
aeae
aeae
aaaa
aaaa
fefe
eaba
feba
aeba
feba
feba
aaaa
aaaa
feea
eeea
eeea
eeea
fefe
fefe
aaaa
aaaa
bfbe
babb
bebb
babe
babb
babb
aaaa
aaaa
bfbf
baba
bebe
baba
bfbf
bfbf
abea
abea
aaea
abaa
aaaa
aaaa
aaaa
aaaa
aaaa
aaaa
baee
bbaf
beaf
bbae
bbee
bbee
aaaa
aaaa
bbbf
bbba
bbbe
fbba
fbba
bbba
aaaa
aaaa
bfaa
baaa
beaa
baaa
bfaa
bfaa
ffff
ffd7
ffdd
ffdd
ffd7
ffff
ffff
ffff
aaaa
aaaa
aaaa
aaaa
afaa
afaa
abaa
aeaa
aaaa
aaaa
aaaa
aaaa
bffe
aaaa
aaaa
aaaa
aaaa
aaaa
aaaa
aaaa
aaaa
abea
abea
aaaa
aaaa
aaae
aabe
aafa
abea
afaa
beaa
aaaa
aaaa
bffe
babe
babe
baae
baae
baae
bffe
aaaa
aaea
aaea
aaea
abea
abea
abea
abea
aaaa
bffe
baae
aaae
bffe
beaa
beaa
bffe
aaaa
bffa
aaba
aafe
aabe
aabe
babe
bffe
aaaa
aaba
baba
baba
baba
bffe
aafa
aafa
aaaa
bffe
baaa
baaa
bffe
aabe
babe
bffe
aaaa
bffe
baaa
baaa
bffe
babe
babe
bffe
aaaa
bffe
aaae
aaae
aabe
aabe
aabe
aabe
aaaa
affa
aeba
aeba
bffe
babe
babe
bffe
aaaa
bffe
baae
baae
bffe
aabe
aabe
bffe
aaaa
aaaa
abab
abab
abab
abab
abfb
abfb
aaaa
aaaa
aeba
bbba
bbba
bfba
bbbf
bbbf
aaaa
aaaa
bbfb
bbab
bbeb
bbab
bbfb
bbfb
aaaa
aaaa
aeaa
eeaa
eeaa
beaa
beaa
aeaa
aaaa
aaaa
aaaa
aaaa
aaaa
aaaa
aaaa
aaaa
aaaa
aaaa
fbea
bbba
bbea
fbba
bbfa
bbfa
ffff
ffff
ffff
ffff
ffff
ffff
ffff
ffff
aaaa
affa
aeba
aeba
bffe
beae
beae
beae
aaaa
bffa
baba
baba
bffe
beae
beae
bffe
aaaa
bffe
baae
baaa
beaa
beaa
beae
bffe
aaaa
bffa
babe
baae
beae
beae
bebe
bffa
aaaa
bffe
baaa
baaa
bffe
beaa
beaa
bffe
aaaa
bffe
baaa
baaa
bffe
beaa
beaa
beaa
aaaa
bffe
baae
baaa
befe
beae
beae
bffe
aaaa
baae
baae
baae
bffe
beae
beae
beae
aaaa
abaa
abaa
abaa
abea
abea
abea
abea
aaaa
aaba
aaba
aaba
aabe
aabe
babe
bffe
aaaa
babe
baba
baba
bffa
bebe
beae
beae
aaaa
baaa
baaa
baaa
beaa
beaa
beaa
bffe
aaaa
bffe
baee
baee
beee
beee
beee
beee
aaaa
bfae
bbee
baee
beee
befe
bebe
bebe
aaaa
bffe
babe
babe
baae
baae
baae
bffe
aaaa
bffe
baae
baae
bffe
beaa
beaa
beaa
aaaa
bffe
baae
baae
baee
bafe
babe
bffe
aaaa
bffa
baba
baba
bffe
beae
beae
beae
aaaa
bffe
baae
baaa
bffe
aabe
babe
bffe
aaaa
bffe
abaa
abaa
abea
abea
abea
abea
aaaa
baae
baae
baae
beae
beae
beae
bffe
aaaa
beae
beae
beae
beba
aeba
aeba
affa
aaaa
baee
baee
baee
beee
beee
beee
bffe
aaaa
baae
baae
aeae
abfa
beae
beae
beae
aaaa
baae
baae
bebe
affa
abea
abea
abea
aaaa
bffe
babe
aafa
abea
afaa
beae
bffe
ffff
75d5
77d7
7ddf
75d5
ffff
ffff
ffff
ffff
d5df
d7d7
dfdd
d5df
ffff
ffff
ffff
ffff
d5d5
d7d7
dfdf
d5df
ffff
ffff
ffff
ffff
dfd7
dfdd
5fdd
dfd7
ffff
ffff
ffff
aaaa
aaaa
bebf
bbbb
bebf
bbbb
bfbb
bfbb
aaaa
aaaa
bbaa
bbaa
bfaa
bfaa
aeaa
aeaa
ffff
5f57
77df
5fdf
77df
ffff
ffff
ffff
ffff
5757
7777
5777
7f57
ffff
ffff
ffff
ffff
7dd7
5ddf
75f7
7dd7
ffff
ffff
ffff
ffff
5f57
7777
5f57
7777
ffff
ffff
ffff
ffff
ff57
ffdf
ffdf
ffdf
ffff
ffff
ffff
aaaa
aaaa
bfbf
babb
babb
babb
bfbf
bfbf
aaaa
aaaa
bebe
bbbb
bbbb
bebe
bbbb
bbbb
aaaa
aaaa
bbeb
bbbb
bbbb
bbbb
bbfb
bbeb
aaaa
aaaa
fbea
bbba
bbba
bbea
bbba
fbba
5555
5555
5555
a956
9aa9
a955
5555
5555
5555
5555
5555
a5aa
5aaa
55aa
5559
5555
aaaa
9555
9555
9555
9555
9555
5555
5555
e00f
e00f
e00f
c00f
c00f
c00f
ffff
ffff
ffff
d7ff
28ff
003f
3c3f
3c3f
3c3f
3c3f
3333
d4cc
6933
550c
7d33
7d0c
7d33
7d0c
3333
cccc
3333
cccc
3333
aaaa
5555
aaaa
ffff
ffff
ffff
ffff
ffff
ffff
ffff
ffff
3333
cccc
3333
cccc
3333
8ccc
b333
8ccc
3333
cccc
3333
cccc
3333
aaaa
0000
2aa8
ffff
ffff
ffff
ffff
ffff
aaaa
0000
2aa8
ffff
ffff
ffff
ffff
ffff
fffe
fffe
fffe
ffff
fcff
3fff
cfff
3fff
cfff
33cf
cfff
3333
cccc
3333
cccc
3333
cccc
3333
cccc
0000
0000
0000
0000
0000
0000
0000
0000
ffff
ffff
ffff
ffff
ffff
ffff
ffff
ffff
aaaa
aaaa
bfbb
bbbb
bfbf
bfbf
babb
babb
ffff
ffff
ffff
ffff
ffff
ffff
ffff
ffff
ffff
ffff
ffff
ffff
ffff
ffff
ffff
ffff
0000
2aaa
2aaa
2aaa
2aaa
2aaa
2aaa
2aaa
aabf
aaaf
aabf
aafb
abea
afaa
aeaa
aaaa
aaaa
aaaa
aaba
aaae
afff
aaae
aaba
aaaa
aaaa
aaaa
bfaa
bbaa
bbaa
bbaa
bfaa
bfaa
aaaa
aaaa
abaa
abaa
abaa
bbba
afea
abaa
abaa
aeaa
babf
baab
baae
baba
aebf
abaa
afaa
aaaa
afaa
baea
bfef
baaa
afaa
aaaa
aaab
aaaa
bbab
beee
baee
baee
baeb
aaaa
aaaa
aaaa
aebf
bbab
bbae
bfba
bbbf
bbbf
aaaa
aaaa
bfbe
babb
bebf
babe
bfbb
bfbb
eaaa
aaab
eaab
baaf
bbeb
baab
eaab
aaaa
ebeb
baab
abeb
eebb
aebb
aebb
abea
aaaa
aaea
aaba
faae
aeae
aeae
aeae
faba
aaea
aeee
afbb
aeee
afbb
aeee
afbb
aeee
afbb
aaaa
aaaa
bfbf
babb
bebf
babb
bfbb
bfbb
aaaa
aaaa
bfbe
bbbb
bfbb
bbbe
bbbb
bbbb
aaaa
aaaa
bebf
bbbb
bebb
bbbb
bfbf
bfbf
aaaa
aaaa
bfbf
aebb
aebf
aebb
aebb
aebb
aaaa
aaaa
baee
beee
bbef
bbef
baeb
baeb
aaaa
aaaa
eaaa
eaaa
eaaa
eaaa
aaaa
aaaa
aaaa
aaaa
afee
aeae
aeee
aeee
afef
afef
aaaa
aaaa
aaaa
abaa
aaaa
aaaa
abaa
aaaa
aeee
afbb
aeee
afbb
aeee
afff
aaaa
aaaa
ffff
ffff
ffff
ffff
ffff
ffff
ffff
ffff
ffff
ffff
ffff
ffff
ffff
ffff
ffff
ffff
ffff
ffff
ffff
ffff
ffff
ffff
ffff
ffff
0000
0000
0000
0000
0404
0000
0000
5555
0001
0011
0001
0001
0411
0001
0001
5555
5555
1555
0555
0155
0055
0015
0005
0001
0000
2560
29a0
1a90
1a90
29a0
2560
0000
ffff
f557
dfff
f7ff
fdff
ff7f
ffdf
ffff
0000
0000
0000
0000
ffff
d557
ffff
ffff
aaaa
02aa
000a
0000
ffff
d557
ffff
ffff
aaaa
02aa
000a
0000
ffff
d557
ffff
ffff
aaaa
aaaa
befe
baee
baee
baee
beee
befe
aaaa
aaaa
ebbf
fbae
fbae
efae
efae
ebae
aaaa
aaaa
bebf
bbbb
bebb
bbbb
bbbb
bbbf
aaaa
aaaa
baaa
baaa
baaa
baaa
baaa
beaa
aaaa
aaaa
befb
baeb
bafb
baeb
befb
befb
aaaa
aaaa
aefe
eeba
eeba
beba
beba
aeba
aaaa
aaaa
fbea
ebba
fbea
ebba
fbba
fbba
aaaa
aaaa
baba
befb
bbbb
bbbb
babb
babb
aaaa
aaaa
ebfa
bbba
fbfa
bbfa
bbaa
bbaa
aaaa
aaaa
bfae
babb
bbbf
bbbb
bfbb
bfbb
aaaa
aaaa
baeb
baeb
baeb
baeb
befb
befb
aaaa
aaaa
fbba
abba
fbfa
abea
faea
faea
aaaa
aaaa
befe
baee
baee
baee
befe
befe
aaaa
aaaa
eaef
fbee
eeef
eeef
eaee
eaee
aaaa
aaaa
eeef
eeeb
eeeb
eeeb
aeeb
afeb
aaaa
aaaa
efbe
aebb
afbe
aebb
afbb
afbb
aaaa
5656
6a6a
5a5a
6a6a
566a
aaaa
aaaa
aaaa
9a59
9a69
9a59
9a69
9659
aaaa
aaaa
aaaa
6569
a9a9
69a9
a9a9
a9a9
aaaa
aaaa
aaaa
6999
999a
699a
999a
595a
aaaa
aaaa
aaaa
5595
6699
6699
6699
6695
aaaa
aaaa
aaaa
9a6a
966a
996a
9a6a
9a6a
aaaa
aaaa
ffff
ffff
ffff
ffff
ffff
ffff
ffff
ffff
ffff
ffff
ffff
ffff
ffff
ffff
ffff
ffff
aaaa
aa6a
aa6a
aa6a
aa6a
aa56
aaaa
aaaa
ffff
ffff
ffff
ffff
ffff
ffff
ffff
ffff
ffff
ffff
ffff
ffff
ffff
ffff
ffff
ffff
aaaa
aaaa
bfbf
bbbb
bfbf
bfbb
babb
babb
aaaa
aaaa
bbbf
bbba
bbbf
bbab
bfbf
bfbf
aaaa
aaaa
afeb
aeae
aeae
aeaf
afee
afee
aaaa
aaaa
afaf
eeee
efee
efae
eeef
eeef
aaaa
aaaa
aafe
aaae
aaba
aaea
bafe
bafe
aaaa
a566
a666
a5a6
a666
a666
aaaa
aaaa
aaaa
5666
6a66
6656
6666
5666
aaaa
aaaa
aaaa
5696
9a99
9a96
9a99
9a95
aaaa
aaaa
aaaa
9995
99a6
99a6
99a6
95a6
aaaa
aaaa
aaaa
5959
6999
6999
6999
6959
aaaa
aaaa
aaaa
a6aa
66aa
96aa
a6aa
a6aa
aaaa
aaaa
aaaa
aaaa
eaaf
baae
faaf
eaae
bbaf
bbaf
aaaa
aaaa
fefa
eeee
eefe
eefa
feee
feee
aaaa
aaaa
faef
eeee
eeef
eeef
feee
faee
aaaa
aaaa
afea
eaea
ebaa
aeaa
efea
efea
aaaa
aaaa
aaeb
aaee
aafa
aaee
baef
baef
aaaa
aaaa
baba
babb
bbbb
bffb
befb
babb
aaaa
aaaa
efef
aeee
aeee
aeee
afef
afef
aaaa
aaaa
efea
aeaa
eeea
eeea
efea
efea
aaaa
aaaa
efea
aaea
abaa
aeaa
efea
efea
aaaa
aaaa
eaaf
baae
faaf
eaae
bbae
bbae
aaaa
aaaa
bebe
bbbb
bbbb
bbbe
bfbb
bebb
aaaa
aaaa
ebee
bbae
bbaf
fbae
bbee
bbee
aaaa
aaaa
baaa
eaaa
aaaa
eaaa
faaa
faaa
aaaa
aaaa
aeab
beab
eeab
eeab
aeeb
aeeb
aaaa
aaaa
aaee
aaee
aaee
aaee
bafe
bafe
aaaa
aaaa
fafa
eeee
eeee
eeee
fefe
fafa
aaaa
aaaa
fbeb
ebbb
fbfb
ebeb
fbbb
fbbb
aaaa
aaaa
eaeb
bbbb
ebbb
bbfa
fbba
fbba
aaaa
aaaa
baaa
baaa
faaa
eaaa
eaaa
eaaa
aaaa
aaaa
aaaa
eaaa
eaaa
eaaa
eaaa
aaaa
aaaa
aaaa
aebb
aeeb
afab
aeeb
aefb
aefb
aaaa
aaaa
babb
befb
bbbb
bbbb
babb
babb
aaaa
aaaa
efef
aeae
afaf
aeae
efef
efef
aaaa
aaaa
eaae
baaf
faae
eaae
bbae
bbae
aaaa
aaaa
ebea
bbbb
ebfb
bbeb
fbbb
fbbb
aaaa
aaaa
ebfb
bbab
bbab
fbab
bbfb
bbfb
aaaa
aaaa
faaa
aaaa
eaaa
aaaa
faaa
faaa
aaaa
aaaa
fbab
abef
eafe
aaba
faba
faba
aaaa
aaaa
befe
baee
baee
baee
befe
befe
5555
6aa9
6aa9
6aa9
6aa9
6aa9
6aa9
5555
aaaa
aaaa
eaaf
eaae
eaaf
eaaf
fbae
fbae
aaaa
aaaa
efee
eeee
eeee
eeee
afef
afef
aaaa
aaaa
efef
eeee
efee
efee
eeaf
eeaf
5555
5555
5555
5555
5555
5555
5555
5555
5555
5555
5555
5555
5555
5555
5555
5555
6666
9999
6666
9999
6666
9999
6666
9999
ffff
ffff
0000
0000
0000
aaaa
0000
2aa8
8fff
0fff
ffff
ffff
ffff
ffff
ffff
ffff
2008
2008
2aa8
0000
0000
aaaa
5555
5555
aaaa
56aa
55aa
556a
555a
5556
5555
5555
3002
cc02
3002
cc02
3002
cc02
3002
cc02
fc02
fc02
fc02
fc02
fc02
fc02
fc02
fc02
28a8
22a8
2aa8
0000
0000
aaaa
5555
5555
28a8
2228
28a8
2228
28a8
2228
28a8
2228
2aa8
22a8
28a8
2228
28a8
2228
28a8
2228
aaaa
aaaa
eeba
efba
efba
eefa
eefa
eeba
aaaa
aaaa
eaaf
eaae
eaaf
eaaa
fbaf
fbaf
aaaa
aaaa
efbb
aebb
eebf
eebb
efbb
efbb
aaaa
aaaa
bbee
bbae
bbaf
bbae
bbee
bbee
aaaa
aaaa
bbae
ebee
abee
ebbe
fbbe
fbae
aaaa
aaaa
baab
baab
baab
baab
beeb
beeb
eeee
bbbb
eeee
bbbb
eeee
ffff
aaaa
aaaa
aaaa
aaaa
fafe
aaba
eaba
aaba
baba
baba
aaaa
aaaa
faee
eeee
feee
faee
eefe
eefe
aaaa
aaaa
feee
baee
bafe
baee
baee
baee
aaaa
aaaa
efaf
eeee
eeef
eeee
efef
efaf
aaaa
aaaa
eaaa
aaaa
eaaa
aaaa
eaaa
eaaa
aaaa
aaaa
bafa
eeee
eeee
feee
eefe
eefa
5555
6aa9
6559
6559
6559
6559
6aa9
5555
5555
6aa9
6aa9
5555
4889
5555
4889
5555
5555
5559
5559
5555
4889
5555
4889
5555
aaaa
aaaa
fafe
eeea
fafe
eeae
fefe
fefe
eeee
bbbb
eeee
bbbb
eeee
bbbb
eeee
bbbb
ffff
ffff
ffff
ffff
ffff
ffff
ffff
ffff
ffff
ffff
ffff
ffff
ffff
ffff
ffff
ffff
ffff
ffff
ffff
ffff
ffff
ffff
ffff
ffff
ffff
ffff
ffff
ffff
ffff
ffff
ffff
ffff
ffff
ffff
ffff
ffff
ffff
ffff
ffff
ffff
ffff
ffff
ffff
ffff
ffff
ffff
ffff
ffff
ffff
ffff
ffff
ffff
ffff
ffff
ffff
ffff
ffff
ffff
ffff
ffff
ffff
ffff
ffff
ffff
ffff
ffff
ffff
ffff
ffff
ffff
ffff
ffff
ffff
ffff
ffff
ffff
ffff
ffff
ffff
ffff
ffff
ffff
ffff
ffff
ffff
ffff
ffff
ffff
aaaa
aaaa
a9aa
aaaa
aa9a
aaaa
aaa9
aaaa
aaaa
aaaa
aaaa
aaaa
aaaa
aaaa
aaaa
aaaa
96aa
a96a
aa95
aaaa
a9aa
a99a
a96a
a99a
666a
99aa
6aaa
9555
aaaa
59aa
666a
59aa
aaaa
aaaa
a96a
a99a
a96a
a99a
a96a
69aa
6a96
69a5
6a96
69a5
6a96
69a5
6a9a
69a5
6a96
69a5
6a96
69a5
6a96
69a5
6a96
69a5
6666
9999
6666
9999
6666
9999
6666
9999
6666
9999
6666
9999
6666
999a
666a
99aa
aaaa
aaaa
aaaa
aaaa
aaaa
aaaa
aaaa
aaaa
666a
59aa
666a
59aa
666a
59aa
666a
59aa
aaaa
aaaa
aaaa
aaaa
aaaa
aaaa
aaaa
aaaa
aaaa
aaaa
aaaa
aaaa
aaaa
aaaa
aaaa
aaaa
a955
a659
a955
a659
a955
a659
a955
a659
a999
a666
a999
a666
a999
a666
a999
a666
9999
6666
9999
6666
9999
6666
9999
6666
9a55
5255
9955
5655
9a5d
5559
9555
5555
9555
5555
9555
565d
9959
5a55
9855
5655
aaaa
aaaa
aaaa
aaaa
5555
5555
5555
5555
aaaa
aaaa
aaaa
aaaa
aaaa
aa65
a995
aa55
aaaa
aaaa
aaaa
aaaa
aaaa
aaaa
aaaa
aaaa
aaaa
aaaa
aaaa
aaaa
aaaa
aaaa
aa96
6a95
aaaa
aaaa
aaaa
aaaa
aaaa
aaaa
aaaa
aaaa
aaaa
aaaa
aaaa
aaaa
aaaa
aaaa
aaaa
aaaa
aaaa
aaaa
aaaa
aaaa
aaaa
aaaa
aaaa
aaaa
aaaa
aaaa
aaaa
aaaa
aaaa
aaaa
aaaa
aaaa
a96a
a99a
a96a
a99a
a96a
a99a
a96a
a99a
a96a
a99a
a96a
a99a
a96a
a99a
a96a
a99a
a96a
a99a
a96a
a99a
aaaa
aaaa
6666
9999
6666
5555
5695
655a
55a6
5569
5556
5555
6666
5555
aa55
aaa9
aaaa
a6a9
aa95
5555
6666
5555
6559
5a95
56aa
55a9
5555
5555
6666
5555
5555
5555
5555
5555
5555
5555
6655
99a5
566a
5599
5555
5555
5555
5555
5555
5555
aaaa
9999
5555
5555
5555
5555
666a
59aa
666a
59aa
666a
59aa
aaa6
9999
aaaa
aaaa
aaaa
aaaa
aaaa
aaaa
aaaa
9aaa
6a9a
69a5
6a9a
69a5
6a9a
69a5
6a9a
aaa9
aaaa
aaaa
aaaa
aaaa
aaaa
aaaa
aaaa
aaaa
a955
a65a
a955
a65a
a955
a65a
a955
a65a
666a
99aa
66aa
9aaa
6aaa
aaaa
a666
9999
5555
6aa9
6aa9
6aa9
6aa9
6aa9
6aa9
5555
9556
5555
9556
5555
9556
5555
9556
5555
5555
5555
5555
5549
5689
5009
5aa9
5555
aaaa
aaaa
aaaa
aaaa
aaaa
aaaa
6666
9999
aaaa
aaaa
aaaa
aaaa
aaaa
aaaa
aaaa
aaaa
aaaa
aaaa
aaaa
aaaa
aaaa
aaaa
aaaa
aaaa
aaaa
aaaa
aaaa
aaaa
aaaa
aaaa
aaaa
aaaa
9999
5655
5565
5555
5555
5555
5555
5555
afda
65d6
565a
5565
5556
5555
5555
5555
aaaa
aaaa
aaaa
aaaa
5aaa
65aa
565a
5565
afda
afd6
afda
afd6
afda
afd6
afda
afd6
aaaa
aaaa
aaaa
aaaa
aaaa
aaaa
aaaa
aaaa
aaaa
aaaa
aaaa
aaaa
aaaa
aaaa
aaa9
aaaf
aaaa
aaaa
aaaa
aaaa
a97f
affd
ffd5
f556
aaaa
aaaa
aaaa
aaaa
aaaa
aaaa
aaaa
aaaa
a9ff
abf5
afda
afd6
afda
afd6
afda
afd6
55aa
6aaa
aaaa
aaaa
aaaa
aaaa
aaaa
aaaa
aabf
a97f
afff
ffff
ffff
ffff
ffff
ffff
ffff
ffff
ffff
ffff
ffff
ffff
ffff
ffff
ffff
ffff
f9ff
f5bf
f1bf
f5bf
f9bf
fabf
aaaa
aaaa
aaaa
ffff
aaaa
aaaa
aaaa
aaaa
aaaa
aaaa
aaaa
ffff
aaaa
aaaa
aaaa
aaaa
aaaa
aaaa
9599
999a
959a
999a
9996
aaaa
faaa
bfaa
abfe
aaaf
aaaa
aaaa
aaaa
aaaa
aaaa
aaaa
599a
6999
695a
6999
699a
aaaa
aaaa
aaaa
aaaa
aaaa
aaaa
aaaa
aaaa
aaaa
aaaa
aaaa
aaaa
ffff
aaaa
aaaa
aaaa
aaaa
aaaa
aaaa
a665
a666
a565
a666
a665
aaaa
aaaa
aaaa
aaaa
ffff
aaaa
aaaa
aaaa
aaaa
aaaa
8000
8000
8000
8000
8888
8000
aaaa
aaaa
aaaa
bfbb
babb
bfbf
abbb
bfbb
bfbb
aaaa
0000
5444
4450
4444
5444
0000
aaaa
aaaa
aaaa
bfba
bbba
bbbb
bbbb
bfbe
bfba
aaaa
aaaa
baaa
baaa
baaa
baaa
faaa
baaa
aaaa
0000
1141
1111
1110
1141
0000
aaaa
aaaa
0000
0000
0000
0000
0000
0000
aaaa
5555
5965
6519
6519
6559
6559
5965
5555
aaaa
aaaa
aaaa
ffff
aaaa
aaaa
aaaa
aaaa
aaab
aaaa
aaaa
aaaa
aaaa
aaaa
aaaa
aaaa
eaaa
faaa
beaa
afaa
abea
aafa
aabe
aaaf
aaaa
aaaa
aaaa
ffff
aaaa
aaaa
aaaa
aaaa
aaaa
aaaa
bebf
bbba
bbbe
beba
bbbf
bbbf
aaaa
aaaa
bfbf
baba
bfbe
abba
bfbf
bfbf
aaaa
aaaa
fefa
eaee
faee
eaee
fefe
fefa
aaaa
aaaa
aaaa
aaaa
aaaa
aaaa
aaaa
aaaa
dddd
7777
dddd
7777
dddd
7777
dddd
7777
a9ff
abf6
afd5
afd4
afd4
afd4
afd4
afd4
aaaa
aaaa
aaaa
aaaa
aaaa
aaaa
aaa9
aaaf
6540
5400
4004
0100
4000
0000
0000
0000
aaaa
aaaa
aaaa
aaaa
a97f
affd
ffd5
f654
4000
00a0
0aa4
aa24
8aa4
aa24
8aa4
a954
1400
0000
0000
4104
0000
0000
0000
4000
aaa4
aaa4
aaa4
aaa4
aaa4
aaa4
aaa4
aaa4
aaa4
aaa4
aaa4
aaa4
aaa4
aaa4
aaa4
aaa4
0000
0000
0000
4000
0000
0000
0000
4000
0000
0000
0000
4000
0000
0000
0000
4000
aaa4
aaa4
aaa4
aaa4
aaa4
aaa4
aaa4
aaa4
afd4
afd4
afd4
afd4
afd4
afd4
afd4
afd4
afd4
65d4
565a
5565
5556
5555
5555
5555
0100
0004
0000
a000
5a00
65a0
565a
5565
d600
6a00
aa00
aa00
aa04
aa00
aa00
aa00
aa00
aa00
aa00
aa0a
aa08
aa0a
aa08
aa0a
aa00
aa00
aa00
aa04
aa00
aa00
aa00
aa00
9999
6666
9999
6666
9999
6666
9999
6666
aa00
aa00
aa00
aa00
5a00
65a0
565a
5565
ffff
dfbf
fbbe
fabb
eaaf
f6ab
fe9f
fe7f
f5ff
d57f
e45f
e96f
fa6f
febf
ffff
ffff
dddd
7777
dffd
7eef
dddd
7fff
d555
7777
6666
5555
5555
5555
5555
5555
5555
5555
aaaa
aaaa
aaaa
aaaa
aaaa
aaaa
aaaa
aaaa
aaaa
aaaa
aaae
aaae
aaae
aaae
aafe
aafe
aaaa
aaaa
eeea
eefb
eeee
eeee
feea
feea
aaaa
aaaa
efea
eeea
efea
efea
eeaa
eeaa
aaaa
aaaa
bfbe
babb
babb
babe
bfbb
bfbb
aaaa
aaaa
bfbb
bbbb
bbbb
bbbb
bfbf
bfbf
aaaa
aaaa
bfbb
babb
babf
babf
bfbb
bfbb
aaaa
aaaa
afeb
abae
abae
abaf
abae
abae
aaaa
aaaa
aebb
eeeb
efab
eeeb
eefb
eefb
aaaa
aaaa
faaa
aaaa
eaaa
aaaa
faaa
faaa
aaaa
aaaa
bfbb
aebb
aebf
aebf
aebb
aebb
aaaa
aaaa
bebf
bbbb
bfbb
bebb
bbbf
bbbf
aaaa
aaaa
baba
baba
bbba
bffa
befa
baba
aaaa
aaaa
afef
aeab
afeb
aaeb
afeb
afeb
aaaa
aaaa
ebae
aeef
aeef
afee
aeee
aeee
aaaa
aaaa
bbea
bbba
bbba
fbba
fbfa
bbea
aaaa
aaaa
abae
abba
abea
abba
abbe
abbe
aaaa
aaaa
efee
eeae
eeaf
eeae
efee
efee
aaaa
aaaa
baaa
eaaa
aaaa
eaaa
faaa
faaa
aaaa
aaaa
abfb
abbb
abfb
abfb
abab
abab
aaaa
aaaa
bbfb
bbab
bbfb
babb
fbfb
fbfb
aaaa
aaaa
baaa
baaa
faaa
faaa
baaa
baaa
aaaa
aaaa
bebb
bbbb
bebb
bbbb
bfbf
bfbf
aaaa
aaaa
bffb
aeeb
aeeb
aeeb
aeeb
aeeb
aaaa
aaaa
fbae
bbee
bbee
bbbe
fbbe
fbae
aaaa
aaaa
abfb
abab
abab
abab
abfb
abfb
aaaa
aaaa
abba
abbe
abbf
abbb
fbba
fbba
aaaa
aaaa
bbea
fbba
fbea
bbba
bbfa
bbfa
aaaa
aaaa
abbb
abbb
abbb
abbb
abfb
abfb
aaaa
aaaa
faaa
baaa
faaa
faaa
aaaa
aaaa
aaaa
aaaa
abbb
abbb
abbb
abba
abfb
abfb
aaaa
aaaa
fbfa
abaa
fbea
bbaa
fbfa
fbfa
aaaa
aaaa
aeaa
eeaa
eeaa
beaa
beaa
aeaa
aaaa
aaaa
fbfb
bbab
fbeb
fbab
abfb
abfb
aaaa
aaaa
abfb
abbb
abbb
abbb
abfb
abfb
aaaa
aaaa
baea
beea
beea
bbea
bbea
baea
aaaa
aaaa
bbbe
bbbb
bbbe
bbbe
bfbb
bfbb
aaaa
aaaa
aabf
aaae
aaae
aaae
aaae
aaae
aaaa
aaaa
aebf
bbae
bbae
bfae
bbae
bbae
aaaa
aaaa
aabf
aaba
aabe
aaba
aabf
aabf
aaaa
aaaa
beaa
bbaa
bfaa
beaa
bbaa
bbaa
aaaa
aaaa
bfae
babb
bebb
babf
bfbb
bfbb
aaaa
aaaa
abab
abab
abab
abbb
abff
abef
aaaa
aaaa
efea
eeaa
afaa
aeaa
afea
afea
aaaa
aaaa
fbba
abba
bbbb
bbbb
fbbe
fbbe
aaaa
aaaa
aaab
aaab
aaab
aaab
aaab
aaab
aaaa
aaaa
bbfa
baea
baea
baea
faea
faea
aaaa
aaaa
abfb
abab
abab
abab
abfb
abfb
aaaa
aaaa
abfb
abbb
abbb
abbb
abfb
abfb
aaaa
aaaa
fbfa
abaa
ebea
abaa
abaa
abaa
5555
6555
5695
596a
5555
5555
5559
5555
5555
555a
5aaf
ffbf
7fff
9fff
557e
5555
5aaa
afff
ffff
ffff
ffff
fd7f
9557
5555
aaaa
aaaa
abeb
abbb
abbb
abbb
abfb
abeb
aaaa
aaaa
fbbb
bbbb
bbbb
bbba
fbfb
fbfb
aaaa
aaaa
fbfa
abaa
fbea
bbaa
fbfa
fbfa
aaaa
aaaa
aafe
aaea
aafe
aaae
aafe
aafe
aaaa
aaaa
efea
ebaa
ebaa
ebaa
ebaa
ebaa
aaaa
aaaa
abfb
aaeb
aaeb
aaeb
aaeb
aaeb
aaaa
aaaa
bfaa
baaa
beaa
baaa
bfaa
bfaa
aaaa
aaaa
aaeb
abbb
abbb
abfb
abbb
abbb
aaaa
aaaa
ebea
bbba
bbba
bbba
fbfa
ebea
aaaa
aaaa
abfb
abbb
abbb
abbb
abfb
abfb
aaaa
aaaa
aeaa
eeaa
eeaa
beaa
beaa
aeaa
aaaa
aaaa
abeb
abbb
abbb
abbb
abfb
abeb
aaaa
aaaa
fbab
bbab
bbbb
bbff
fbef
fbab
aaaa
aaaa
baea
beea
beea
bbea
bbea
baea
aaaa
aaaa
abeb
abbb
abbb
abbb
abfb
abeb
aaaa
aaaa
ebba
bbbe
fbbe
ebbb
bbbb
bbba
aaaa
aaaa
eeba
eeea
efaa
eeea
eefa
eefa
aaaa
aaaa
aeeb
aefb
aefb
aeef
aeef
aeeb
aaaa
aaaa
bfbf
baba
bfbe
abba
bfbf
bfbf
aaaa
aaaa
bebf
bbae
bfae
beae
bbae
bbae
aaaa
aaaa
abab
abab
abab
abab
abfb
abfb
aaaa
aaaa
bfbb
babb
bbbf
bbbf
bfbb
bfbb
aaaa
aaaa
bfaa
aeaa
aeaa
aeaa
aeaa
aeaa
aaaa
aaaa
afaf
aeee
afef
afae
aeef
aeef
aaaa
aaaa
efef
aeee
afee
afef
eeae
eeae
aaaa
aaaa
eefa
eeee
eeee
eefa
eeee
eeee
aaaa
aaaa
aaaa
aaaa
aaaa
aaaa
aaaa
aaaa
aaaa
aaaa
aafe
aaee
aafe
aafe
aaea
aaea
aaaa
aaaa
eeea
eeea
eeea
eeea
fefe
fefe
aaaa
aaaa
eaaa
eaaa
eaaa
eaaa
feaa
feaa
aaaa
aaaa
bebb
bbbb
bfbb
bebb
bbbb
bbbb
aaaa
aaaa
aefe
eeea
eeee
beee
befe
aefe
aaaa
aaaa
aeae
aeae
aeee
affe
afbe
aeae
aaaa
aaaa
bafe
eeba
eeba
feba
eeba
eeba
aaaa
aaaa
fefa
eaee
fafe
eafa
feee
feee
aaaa
aaaa
afee
aeee
afee
afee
aeaf
aeaf
aaaa
aaaa
abae
aeef
aeef
afee
eeee
eeee
aaaa
aaaa
bbfa
baea
baea
faea
faea
baea
aaaa
aaaa
afef
aeae
afef
aaee
afef
afef
aaaa
aaaa
efef
aeae
afae
aeae
efef
efef
aaaa
aaaa
afea
eeaa
efea
eaea
efea
efea
aaaa
aaaa
afee
aeae
afae
aeae
aeae
aeae
aaaa
aaaa
fafe
eeea
fefa
faea
eefe
eefe
aaaa
aaaa
afef
abae
abae
abae
abaf
abaf
aaaa
aaaa
efee
eeee
eeee
eeee
efef
efef
aaaa
aaaa
afea
aeaa
afea
aaea
efea
efea
aaaa
aaaa
afae
aeee
aeee
aeee
afee
afae
aaaa
aaaa
fefe
eaea
feea
aeea
fefe
fefe
aaaa
aaaa
afee
aeae
aeee
aeee
afee
afee
aaaa
aaaa
feea
aefb
baff
eaee
feea
feea
aaaa
aaaa
efea
eeea
eeea
eeea
efea
efea
aaaa
aaaa
afee
abae
abaf
abae
abae
abae
aaaa
aaaa
eeeb
eefb
eefb
eeef
eeef
eeeb
aaaa
aaaa
bfaa
baaa
bbaa
bbaa
bfaa
bfaa
aaaa
aaaa
afef
aeab
afeb
aaeb
afeb
afeb
aaaa
aaaa
eeef
aeee
aeef
aeee
afee
afee
aaaa
aaaa
efea
aeaa
afaa
aeaa
aeaa
aeaa
aaaa
aaaa
afee
aeae
afee
aaee
afef
afef
aaaa
aaaa
eefe
eeba
eeba
eeba
eeba
eeba
aaaa
aaaa
afee
aeae
afae
aeae
aeaf
aeaf
aaaa
aaaa
efee
eeae
efae
eeae
efef
efef
aaaa
aaaa
aaaa
aaaa
aaaa
aaaa
eaaa
eaaa
aaaa
aaaa
aeae
afbe
affe
aeee
aeae
aeae
aaaa
aaaa
bafe
eeba
eeba
feba
eeba
eeba
aaaa
aaaa
feee
eaee
eafe
eafe
feee
feee
aaaa
aaaa
afee
aeae
afae
aeae
aeaf
aeaf
aaaa
aaaa
aeee
aeee
aeee
aeee
efee
efee
aaaa
aaaa
faaa
eeaa
eeaa
eeaa
feaa
faaa
aaaa
aaaa
afeb
aeee
afee
afef
aeae
aeae
aaaa
aaaa
aeea
eeea
eeea
eeea
eefe
eefe
aaaa
aaaa
aeab
aeae
aeae
aeaf
afee
afee
aaaa
aaaa
aeae
efbe
effe
eeee
eeae
eeae
aaaa
aaaa
feaa
eeaa
feaa
feaa
eaaa
eaaa
aaaa
aaaa
aebb
aebb
aeeb
aeeb
afab
afab
aaaa
aaaa
aeba
bbba
bbba
bfba
bbbf
bbbf
aaaa
aaaa
afef
aeee
afae
aeee
afef
afef
aaaa
aaaa
eebb
efbb
efbb
eefb
eefb
eebb
aaaa
aaaa
fbfa
abaa
ebfa
aaba
fbfa
fbfa
aaaa
aaaa
afaf
aeee
aeef
aeee
afef
afaf
aaaa
aaaa
eebb
aebb
aeeb
aeeb
efab
efab
aaaa
aaaa
bfbf
baba
babe
baba
bfbf
bfbf
aaaa
aaaa
afaf
aeee
afae
aeee
afee
afef
aaaa
aaaa
eeae
efbe
effe
eeee
eeae
eeae
aaaa
aaaa
faaa
eeaa
faaa
eeaa
feaa
feaa
aaaa
aaaa
afaf
aeee
afee
afae
aeee
aeef
aaaa
aaaa
efef
eeee
efef
efee
eeaf
eeaf
aaaa
aaaa
eaaa
aaaa
aaaa
aaaa
eaaa
eaaa
aaaa
aaaa
aeaf
aeae
aeae
aeae
aeef
aeef
aaaa
aaaa
aafe
eaba
eaba
eaba
eeba
aeba
aaaa
aaaa
bafe
eeea
eeee
feee
eefe
eefe
aaaa
aaaa
aaaa
aaaa
aaaa
aaaa
aaaa
aaaa
aaaa
aaaa
afee
aeee
afee
afee
aeae
aeae
aaaa
aaaa
eaea
eaea
eaea
eaea
fefe
fefe
aaaa
aaaa
feaa
eaaa
feaa
aeaa
feaa
feaa
aaaa
aaaa
afef
aeae
afae
aeae
aeaf
aeaf
aaaa
aaaa
efef
eeee
eeee
eeee
efef
efef
aaaa
aaaa
aaaa
eaaa
eaaa
eaaa
eaaa
aaaa
aaaa
aaaa
abbf
abba
abbf
abba
bfbf
bfbf
aaaa
aaaa
bfbf
aebb
aebf
aebf
aeba
aeba
aaaa
aaaa
aebf
bbba
bbba
bfba
bbbf
bbbf
aaaa
aaaa
afef
aeae
aeae
aeae
afef
afef
aaaa
aaaa
eeeb
eefb
eefb
eeef
eeef
eeeb
aaaa
aaaa
bfaa
baaa
bfaa
abaa
bfaa
bfaa
aaaa
aaaa
aeae
aeae
aeee
affe
afbe
aeae
aaaa
aaaa
efaf
eeee
eeef
efae
eeef
eeef
aaaa
aaaa
efea
aeaa
afea
aaea
efea
efea
aaaa
aaaa
aaaa
aaaa
aaaa
aaaa
aaaa
aaaa
aaff
abf5
afda
afd6
afda
afd6
afda
afd6
ff01
ff02
ff0a
ff2a
ffff
ffff
ffff
ffff
5555
a959
a566
9555
d555
faaa
fc00
ffff
aaaa
aaaa
0000
ffff
ffff
ffff
ffff
ffff
aaff
abf5
afd5
afd4
afd4
afd4
afd4
afd4
afda
afd6
afda
afd6
afda
afd6
afda
afd6
afd4
afd4
afd4
afd4
afd4
afd4
afd4
afd4
ffff
ffff
ffff
ffff
ffff
ffff
0000
aaaa
aaaa
aaaa
8888
2200
8000
0000
0000
0000
0002
000a
0029
00a5
0295
0a55
2955
a555
aaaa
5555
5555
5555
5555
5555
5555
5555
aaaa
aaaa
8888
2222
8888
3333
cccc
3333
aaaa
aaaa
0000
3fff
3fff
3fff
3fff
0fff
2a9a
8a9a
2290
f89f
fe1f
ff9b
fe9a
fe46
adaa
adaa
0d00
fdc3
fdc3
55c3
ffc3
ffc3
aaaa
aaaa
aaaa
aaaa
aaaa
aaaa
aaaa
aaaa
aaaa
aaaa
aaaa
aaaa
aaaa
aaaa
aaaa
aaaa
aaaa
aaaa
aaaa
aaaa
a5aa
adaa
adaa
adaa
aaaa
aaaa
0000
ffff
ffff
ff55
ff7f
ff7f
ffc0
fff0
ffff
ffff
ffff
ffff
ffff
ffff
3fff
ffff
ffff
ffff
ffff
ffff
ffff
ffff
0003
0003
ffff
ffff
ffff
ffff
3fff
3fff
ff70
ff70
ff70
ff70
f750
f410
f750
fd40
ffff
ffff
ffff
ffff
ffff
ffff
ffff
ffff
fe9a
ffa8
fff0
fffc
ffff
ffff
ffff
ffff
03ff
03ff
03ff
0fff
ffff
ffff
ffff
ffff
0000
5002
53fa
5d8a
5e8a
5c0a
555a
5556
0000
5002
53fa
5c0a
5c0a
5c0a
555a
5556
0000
5002
53fa
5e8a
5e8a
5c0a
555a
5556
2008
2008
2288
2008
2288
2008
2008
2008
2008
2008
2008
2008
2008
2008
2008
2008
aaaa
aaaa
0000
ffff
ffff
ffff
0fff
03ff
aaaa
aaaa
0000
ffff
ffab
fe9a
fe12
fe12
2aa8
2aa8
2aa8
2aa8
2aa8
2aa8
2aa8
2aa8
2aa8
2aa8
2aa8
2aa8
2aa8
2aa8
2aa8
2aa8
2aa8
2aa8
2aa8
0000
0000
aaaa
5555
5555
aaaa
aaaa
aaaa
aaaa
aaaa
aaaa
6aaa
6aaa
ffff
ffff
ff00
ff00
ff00
aaaa
0000
2aa8
aaaa
5555
0006
aaaa
06aa
aaaa
aaaa
aaaa
aaaa
aa95
aa40
aaaa
9000
aaaa
1112
aaaa
aaaa
aaaa
aaaa
aaaa
aaaa
aaaa
aaa9
aaaa
aaaa
aa95
aa55
aaaa
9555
aaaa
5556
aaaa
aaaa
5555
5556
aaaa
56aa
aaaa
aaaa
aaaa
aaaa
aaaa
aaaa
aaaa
aaaa
aaaa
aaa9
aaaa
b333
8ccc
b333
8ccc
b333
8ccc
b333
8ccc
bfff
bfff
bfff
bfff
bfff
bfff
bfff
bfff
ff86
ffa1
ffa8
ff8a
ffa2
ff88
ffa2
ff88
ffff
cfff
ffff
3fff
f3ff
3fff
cf3f
3fff
8fff
8fff
8fff
8fff
8fff
8fff
8fff
8fff
aaaa
daaa
7400
dd3f
f74f
ff43
ff40
ff70
aaaa
ab6a
0340
ff70
ff70
ff70
ff70
ff70
aaaa
aaaa
0000
ffff
0820
2698
2698
2698
aaaa
aaaa
5555
0000
aaaa
aaaa
aaaa
aaaa
aaaa
aaaa
5a55
0200
aaaa
aaaa
9aaa
aaaa
aaaa
aaaa
aaaa
aaaa
0000
aaaa
5555
5555
6aaa
aaaa
aaaa
aaaa
0aa0
aaaa
6aaa
5555
ffff
ffff
ffff
ffff
ffff
aaaa
5555
aaaa
ffff
ffff
ffff
ffff
ffff
feaa
fe55
fe1a
aaa2
5588
5562
5558
5556
5555
5555
5555
7d33
550c
0033
cccc
3333
aaaa
5555
aaaa
3c3f
003f
003f
ffff
ffff
aaaa
5555
aaaa
aaaa
aaaa
5555
0000
aaaa
aaaa
aaaa
aaa9
9800
a600
5580
0080
aa00
aa00
6a00
aa00
0000
0000
0000
0000
0000
0000
8000
6000
aa00
aa00
6a00
aa00
0280
aaa0
5568
555a
aaaa
aaaa
aaaa
aaaa
0000
baaa
6555
5655
5555
5555
401d
7515
7a1d
4015
5555
5555
3333
cccc
3333
cccc
3333
ceaa
3255
ce1a
3386
cca1
3388
cc82
3380
cc80
3380
cc80
aa80
55a0
5568
555a
5556
5555
5555
5555
aaaa
aaaa
aaaa
aaaa
aa95
aa65
aa59
aa56
aa55
aa55
aa55
aa55
aa55
aa55
aa55
aa55
ff01
ff01
ff01
ff01
ff01
ff01
ff01
ff01
aaaa
aaaa
0000
ffff
f1ff
f53f
fc3f
ffff
ffff
f96f
ffff
f96f
ffff
f96f
ffff
ffff
ffff
faaf
ffff
faaf
ffff
faaf
ffff
ffff
ffff
ffff
ffff
ffff
0820
2698
2698
2698
ffff
ffff
f7ff
ffff
ff88
f722
ff08
ff01
ffff
ffff
ffff
ffff
8888
2222
8888
5555
aaaa
aaaa
beee
baee
bafe
bafe
beee
beee
ffff
ffff
ffff
ffff
ffff
ffff
ffff
ffff
5555
9a9a
69a9
5555
5555
aaaa
0000
ffff
5555
aaaa
aaaa
aaaa
ffff
ffff
ffff
ffff
ffff
ffff
ffff
ffff
ffff
ffff
ffff
ffff
ffff
ffff
ffff
ffff
ffff
ffff
ffff
ffff
aaaa
aaaa
bfba
baba
baba
baba
bfbf
bfbf
aaaa
aaaa
bfbf
babb
bebf
babb
bfbb
bfbb
ffe6
ffe6
ffe6
ffe6
ffe4
ffe6
ffe4
ffe4
da9f
eaaf
ffff
dddf
ffff
dddf
ffff
ffff
ffff
ffff
ffff
ffff
ffff
ffea
ffe5
ffe6
ffff
5555
5555
c003
ffff
aaaa
5555
a220
0000
0000
0000
0000
0000
0000
0000
0000
0000
5555
aaaa
0000
0000
ffff
ffff
ffff
ffff
ffff
ffff
ffff
ffff
abff
5bff
1bff
183f
183f
183f
183f
183f
183f
183f
183f
183f
583f
a83f
003f
003f
ffff
ffff
ffff
0080
0550
0698
0698
0698
0698
0558
02a0
0000
0000
05a0
0958
0958
0568
0998
0668
0000
0000
1550
1998
1a98
1a98
1a98
1558
1a98
1558
1a98
1558
1558
0aa8
0000
0000
09a0
0280
0000
0000
0008
0008
00a0
0000
0000
0020
0800
0000
0800
0000
8000
0000
aaaa
aaaa
0000
ffff
ffff
ffea
ffe5
ffe6
aaaa
aaaa
0000
ffff
ffff
aaaa
5555
a220
aaaa
aaaa
0000
ffff
ffff
aaaa
5555
0000
aaaa
aaaa
aaaa
aaaa
aaaa
aaaa
aaaa
aaaa
5999
6666
5999
5666
5599
5566
5559
5556
aaaa
aaaa
aaaa
aaaa
aaaa
aaaa
aaaa
aaaa
5555
5555
5555
5555
5555
5555
5555
aaaa
55ff
55ff
55ff
55ff
55ff
55ff
5500
55aa
55ff
55ff
55ff
55ff
55ff
55ff
55ff
55ff
aaaa
aaaa
aaaa
aaaa
aaaa
aaaa
aaaa
aaaa
aaaa
aaaa
0000
ffff
5fff
57ff
55ff
55ff
aaaa
aaaa
0000
ffff
5555
5555
5555
5555
aaaa
aaaa
aaaa
aaaa
aaaa
a96a
ab6a
ab6a
aaaa
aaaa
aaaa
aaaa
aaaa
aaaa
aaaa
aaaa
ab6a
ab6a
ab6a
af6a
fdaa
56aa
aaaa
aaaa
aaaa
aaaa
aaaa
aaaa
ffff
5555
aaaa
aaaa
aaaa
aaaa
aaaa
aaaa
feaf
57a5
ab6a
ab6a
aaaa
aaaa
aaaa
aaaa
a9ff
abd5
ab5a
ab6a
ab6a
0340
0140
0000
0000
0000
5555
5555
aaaa
aaaa
aaa8
aaa8
aaa0
aaa0
aa95
aa95
aa95
aa95
aa95
aa95
aa95
aa95
aa95
aa95
5555
6691
6599
5555
aaaa
aaaa
aaaa
aaaa
56aa
56aa
56aa
56aa
aaaa
aaaa
aaaa
aaaa
ab6a
ab6a
afda
afda
a75a
a96a
aaaa
aaaa
aaaa
aaaa
aaaa
aaaa
aaaa
aaaa
aaaa
aaaa
aaaa
aaaa
aaaa
aaaa
aaaa
aaaa
aaaa
aaaa
ffff
d757
dfdf
f7df
d7df
ffff
ffff
ffff
ffff
5757
77df
57df
77df
ffff
ffff
ffff
ffff
7577
7775
7777
7577
ffff
ffff
ffff
ffff
dfff
dfff
5fff
dfff
ffff
ffff
ffff
ffff
fabf
faef
fafb
faee
fafe
ffff
ffff
ffff
ebff
ebff
ebff
ebff
eaab
ffff
ffff
ffff
aafe
afbe
afee
aaae
affe
ffff
ffff
ffff
ffba
ffba
ffba
aaba
ffba
ffff
ffff
ffff
bfff
efff
fbff
eeff
feff
ffff
ffff
ffff
eabf
ebbf
ebab
ebfb
eaab
ffff
ffff
ffff
aaae
afff
aebf
afff
aaaf
ffff
ffff
ffff
aaba
ebfa
ebfa
ebfa
ebfa
ffff
ffff
ffff
df57
df5f
df7f
d757
ffff
ffff
ffff
ffff
7757
775f
5f7f
7f57
ffff
ffff
ffff
ffff
7fff
7dff
7fff
5dff
ffff
ffff
ffff
ffff
f575
f7f5
f7f7
f575
ffff
ffff
ffff
ffff
7fff
dfff
7fff
dfff
ffff
ffff
ffff
ffff
5d5f
7d7f
7dff
5d5f
ffff
ffff
ffff
ffff
5757
7777
5757
7f77
ffff
ffff
ffff
ffff
ffd7
ffdf
fff7
ffd7
ffff
ffff
ffff
ffff
77dd
f5df
f75f
77df
ffff
ffff
ffff
ffff
faaa
faff
faee
fafe
faaa
ffff
ffff
ffff
eaff
ebbf
ebeb
ebbb
ebfb
ffff
ffff
ffff
afee
afee
abae
aeee
afee
ffff
ffff
ffff
bfba
bfba
aeba
bbba
bfba
ffff
ffff
ffff
ffff
ffff
ffff
ffff
ffff
ffff
ffff
ffff
ffff
ffff
ffff
ffff
ffff
ffff
ffff
ffff
aaba
ebfa
ebfa
ebfa
ebfa
ffff
ffff
ffff
ebfe
ebff
ebff
ebff
eaab
ffff
ffff
ffff
faaa
faff
baeb
baff
baaa
ffff
ffff
ffff
feab
febe
febf
febf
feaa
ffff
ffff
ffff
eefb
eebb
eeeb
eefb
ffff
ffff
ffff
ffff
abab
efaf
efbf
efab
ffff
ffff
ffff
ffff
afae
bbbf
afef
bbaf
ffff
ffff
ffff
ffff
aeae
bebe
befe
beae
ffff
ffff
ffff
ffff
fbea
fbee
fbea
baee
ffff
ffff
ffff
ffff
ebff
eeff
ebff
eeff
ffff
ffff
ffff
ffff
ebea
eeee
ebee
eeea
ffff
ffff
ffff
ffff
eaea
eefb
eefb
eafb
ffff
ffff
ffff
ffff
feae
fefe
fefe
feae
ffff
ffff
ffff
ffff
aefb
befb
fefb
aeba
ffff
ffff
ffff
ffff
eaeb
eeee
eaeb
eeee
ffff
ffff
ffff
ffff
ffff
ffff
ffff
ffff
ffff
ffff
ffff
5a55
a955
aaa9
aa95
a559
5595
9555
5555
5655
55a5
9aaa
aaaa
aaaa
aaaa
5aa9
5555
9555
aa95
aaaa
aaaa
aaaa
a5aa
5555
5555
5556
556a
6aaa
56aa
566a
5555
555a
5555
aa55
aaaa
aaaa
aaaa
aaaa
aaaa
aaaa
aaaa
ffff
5d5d
7d7d
7dfd
7d5d
ffff
ffff
ffff
aaaa
aaaa
6666
5599
5556
5555
5555
5555
aaaa
aaaa
6666
9999
6666
5555
5555
5555
aaaa
aaaa
aaaa
aaaa
aaaa
aaaa
aaaa
aaaa
aaaa
aaaa
aaaa
aaaa
5555
5555
5555
5555
aaaa
bffe
b0cd
bffd
b33d
bffd
a555
aaaa
ffff
ffff
ffff
ffff
ffff
ffff
ffff
ffff
ffff
ffff
ffff
ffff
ffff
ffff
ffff
ffff
ffff
ffff
ffff
ffff
ffff
ffff
ffff
ffff
ffff
57ff
5fff
7fff
57ff
ffff
ffff
ffff
ffff
5757
777f
577f
7757
ffff
ffff
ffff
ffff
5f57
775f
5f7f
777f
ffff
ffff
ffff
ffff
d777
df77
f777
d757
ffff
ffff
ffff
ffff
57ff
75d7
5dff
55ff
ffff
ffff
ffff
aaaa
96a6
92a6
96a6
96a6
92e6
96e6
96e6
aaaa
aaaa
affe
bd5f
b597
b2a3
bc8f
8ffc
aaaa
96a6
92a6
96a6
96a6
92a6
96a6
96a6
96e6
96e6
92e6
96e6
96e6
92e6
96a6
aaaa
96a6
96a6
92a6
96e6
96e6
92e6
96a6
aaaa
a3f2
07f5
01d4
00d0
0050
0000
5555
5555
aaaa
00aa
002a
000a
0002
0000
5555
5555
5555
5555
5aa5
5965
5aa5
5555
5555
5555
8fff
8fff
8fff
8fff
8fff
8fff
8000
aaaa
ffff
d777
df77
f777
d757
ffff
ffff
ffff
ffff
ffff
ffff
ffff
ffff
ffff
ffff
ffff
ffff
ffff
ffff
ffff
ffff
ffff
ffff
ffff
ffff
ffff
ffff
ffff
ffff
ffff
ffff
ffff
ffff
ffff
ffff
ffff
ffff
ffff
ffff
ffff
ffff
ffff
ffff
ffff
ffff
ffff
ffff
ffff
ffff
7fff
7fff
7fff
5fff
ffff
ffff
ffff
ffff
dfdd
dddd
d75d
dfdd
ffff
ffff
ffff
ffff
ffff
ffff
ffff
ffff
ffff
ffff
ffff
ffff
ffff
ffff
ffff
ffff
ffff
ffff
ffff
ffff
ffff
ffff
ffff
ffff
ffff
ffff
ffff
ffff
ffff
ffff
ffff
ffff
ffff
ffff
ffff
ffff
ffff
ffff
ffff
ffff
ffff
ffff
ffff
ffff
d5d5
f7dd
f7dd
f7d5
ffff
ffff
ffff
ffff
dd5f
5d7f
ddff
dd5f
ffff
ffff
ffff
ffff
d5df
ddd7
dddd
d5df
ffff
ffff
ffff
ffff
5df5
7df7
fdf7
5d75
ffff
ffff
ffff
ffff
ffff
ffff
ffff
ffff
ffff
ffff
ffff
ffff
ffff
ffff
ffff
ffff
ffff
ffff
ffff
ffff
ffff
ffff
ffff
ffff
ffff
ffff
ffff
ffff
ffff
ffff
ffff
ffff
ffff
ffff
ffff
ffff
ffff
ffff
ffff
ffff
ffff
ffff
ffff
ffff
ffff
ffff
ffff
ffff
ffff
ffff
ffff
ffff
ffff
ffff
ffff
ffff
ffff
ffff
ffff
ffff
ffff
ffff
ffff
ffff
ffff
ffff
ffff
ffff
ffff
ffff
ffff
ffff
ffff
ffff
ffff
ffff
ffff
ffff
ffff
ffff
ffff
ffff
ffff
ffff
ffff
ffff
ffff
ffff
ffff
ffff
ffff
aaaa
aaaa
aeae
afbe
aeee
aeee
aeae
aeae
ffff
ffff
ffff
ffff
ffff
ffff
ffff
ffff
ffff
ffff
ffff
ffff
ffff
ffff
ffff
ffff
ffff
ffff
ffff
ffff
ffff
ffff
ffff
ffff
ffff
ffff
ffff
ffff
ffff
ffff
ffff
ffff
ffff
ffff
ffff
ffff
ffff
ffff
ffff
ffff
aaaa
aaaa
beaa
bbaa
bbaa
beaa
b7aa
b7aa
aaaa
aaaa
bfbb
aebb
aebf
aebb
aebb
aebb
aaaa
aaaa
bbfa
bbaa
bbfa
baba
bbfa
bbfa
aaaa
aaaa
bfbe
bbbb
bfbb
bbbe
bbbb
bbbb
aaaa
aaaa
befe
baee
befe
baee
beee
beee
aaaa
aaaa
bbae
bbee
bbee
bbbe
bbbe
bbae
aaaa
aaaa
fbef
ebae
fbef
ebab
ebef
ebef
aaaa
aaaa
bfbe
aeba
aebe
aeba
aebe
aebe
aaaa
aaaa
faaa
eeaa
eeaa
eeaa
feaa
faaa
aaaa
aaaa
babf
baba
babe
baba
bfbf
bfbf
aaaa
aaaa
babb
babb
befb
aeeb
afeb
abab
aaaa
aaaa
fbaa
abaa
ebaa
abaa
fbfa
fbfa
aaaa
aaaa
bfae
bbba
bfea
abfe
aeee
bafe
aaaa
aaaa
bfaa
aeaa
aeaa
aeaa
aeaa
aeaa
aaaa
aaaa
bfbe
babb
bebb
babe
bfbb
bfbb
aaaa
aaaa
bfba
bbba
bfba
bbba
bbbf
bbbf
aaaa
aaaa
aeaa
eeaa
eeaa
beaa
beaa
aeaa
aaaa
aaaa
bbfb
bbab
bbeb
bbab
bbfb
bbfb
aaaa
aaaa
bfba
bbba
bfba
bbba
bbbf
bbbf
5555
5555
5555
5555
55aa
5acc
6333
6c00
5555
5555
5555
5556
5556
5556
5556
5556
5556
555a
555a
5558
5558
5558
5558
5563
baaa
aaaa
a000
a9b8
86aa
052a
0686
1aa9
15aa
96ea
9aaa
9a9a
5659
066a
26ac
26aa
5555
5555
5555
5555
5555
a555
0955
0255
8255
a255
0895
0095
1895
2495
9a95
aa55
6a55
6655
ba55
6a55
6655
a695
2695
aa25
5555
5555
5555
555a
55a5
565a
566d
5aa5
5555
5555
5555
aa55
6595
5565
5559
6a59
5555
5555
5555
5555
5555
5555
5555
5555
5555
5555
5555
5555
9555
a555
a555
a555
6555
6555
6555
9555
5555
5555
5555
5555
9a9a
9b91
9a99
9a9a
6a4a
a549
a929
a929
aa56
aa96
aa96
aa96
a556
5596
aa58
405a
5aa5
5aa5
5aaa
5aaa
596a
6656
65aa
6102
6aa6
6aaa
6aaa
5aa6
586a
566a
566a
5618
aaa9
aa69
6aaa
aaaa
6a9a
6969
6a95
5555
5a59
5669
5659
5656
9656
9655
6655
9aa5
6555
5969
6a25
a8a5
6895
aa95
9a55
5a65
558c
5583
55a0
5aaa
695a
941a
5156
9557
aaaa
aaaa
aaaa
aaaa
aaaa
aaaa
aaaa
aaa9
aaa5
aaa5
aaa5
aa65
aaa9
aaa9
aaa4
a952
aa6a
aaaa
aaaa
a6aa
a9aa
aaaa
aaaa
aaa6
a2aa
8696
1a95
6995
a655
5a55
a955
5555
6669
9965
6665
9aa5
aaa5
6a65
5565
5555
5566
5559
555a
5566
9699
aa5a
555a
5969
555e
5550
1556
4655
0596
41a6
0166
4566
2aa8
2a93
aa1f
aabf
aa3c
a0f6
87d9
9fa6
aaaa
aaaa
aaa8
aaa8
aaa8
aaa2
aaa2
aaa2
aaa0
aaa4
aaa3
aaaa
aaa4
aaa4
aaa0
aaa2
7e99
fa66
e199
4caa
ffff
7fff
5fff
0aaa
9aaa
6aa9
aa81
a950
ffff
ffff
f0f0
5551
e2aa
fa2a
ff66
4ffd
693f
6669
9999
66aa
aa80
a830
aa00
aa82
aaaa
aaaa
aaaa
aaaa
ffff
ffff
ffff
ffff
ffff
0000
ffff
000f
ffff
ffff
ffff
ffff
ffff
ffff
3fff
cfff
dfff
dfff
dfff
dfff
dfff
dfff
dfff
dfff
5553
aaa4
aaa8
aaa8
aaa8
aaa8
aaa8
aaa8
ffff
ffff
ffff
ffff
ffff
ffff
ffff
ffff
ffff
ff3f
ffff
ffcf
f3ff
cfff
fff3
ffff
ffff
ffff
fffc
ffff
ffff
ffff
ffff
ffff
aaaa
aaaa
aaaa
aaaa
aaaa
5554
3cf3
ffff
aaaa
aaaa
aaaa
aaaa
2aaa
ff55
c53f
ffff
ffff
ffff
ffff
ffff
3fff
cfff
ffcf
f3ff
aaaa
aaaa
aaaa
aaaa
aaaa
5554
0400
f0ff
fffc
ffff
cccf
f333
ffcc
ffff
ffff
ffff
cfff
ffff
ffff
3fff
cccf
3333
cccc
ff30
3fff
ffff
ffff
ffff
ffff
ffff
ff3f
cfff
ffff
ffff
ffff
ffff
ffff
ffcf
f3ff
ffff
aaaa
aaaa
aaaa
aaaa
aaaa
aaaa
aaaa
0000
aaaa
aaaa
aaaa
aaaa
aaaa
aaaa
0000
0000
aaa8
aaa8
aaa8
aaa0
0003
ffff
5555
0000
dfff
dfff
dfff
dffc
d33f
4ffc
3f3c
fff0
fcff
cff0
ff0f
ccf3
f33f
ccff
0fff
33ff
ccc3
f30f
0033
81ff
573f
dfff
73ff
3fff
ffff
fccc
c000
0966
5555
cccf
ffff
fffd
fff0
5437
cf77
a9a0
aaad
aaa0
aaab
aaa6
ccff
ffff
33ff
cfcf
f33f
0ccc
4333
0555
0004
0110
5544
5551
a555
aa95
aaaa
aaaa
ffff
ffff
ffff
ffff
3f3c
ccf3
305c
5000
9400
9550
a955
aaa9
aaaa
aaaa
aaaa
aaaa
3cff
03cf
4000
1000
5555
5555
aaaa
aaaa
ffff
ffff
3fff
0003
4000
5554
5555
aaaa
ffff
ffff
fff3
ffff
0000
0000
5555
aaaa
ffff
ffff
ffff
f3fc
3fff
0000
4000
9555
fcff
fffc
ffff
fcf3
fffc
0fff
0000
4000
fccf
f333
dcff
733f
cfff
3cff
ffff
cfcf
ffcc
fcfc
f3cf
ff3f
33ff
cfff
ffff
ffff
ffff
ffff
ffff
ffff
ffff
ffff
ffcc
ff33
ffff
ffff
ffff
ffff
ffcc
ffff
fcf3
33ff
ffcc
fff3
fffc
ffff
ffff
ffff
ffff
ffff
aaa5
aa95
aa55
a955
a555
9555
5555
5555
aaaa
aaaa
aaaa
aaaa
aaaa
aaaa
aaaa
aaa9
aaaa
aaaa
aaaa
aaaa
aaaa
aaaa
aaaa
aaa9
aaa5
aa95
aa55
a955
a955
a955
a955
a955
a955
a955
a955
a955
a955
a955
a955
a955
aaaa
aa99
aaa6
995a
aa66
9691
5584
5650
5640
5610
5640
5940
5805
5a4a
5ba6
5a69
aaaa
aaa9
4006
0001
8000
8000
0000
0000
0000
0551
1a94
6a55
aa55
8a54
6a65
aa64
aaaa
5555
5555
9555
2555
0955
0955
0655
1655
1655
4655
5655
1655
5655
195a
5960
5555
5555
5555
5555
5555
5555
aa95
2825
aaaa
56aa
55aa
556a
555a
5556
5555
5555
a089
8a22
aaa2
aaa2
aaa0
aaaa
95aa
a1aa
5555
5555
5555
9555
9555
9555
9555
9555
888a
05a9
9aa9
aa99
1a88
a692
999a
a18a
6580
a5aa
66aa
66aa
266a
666a
29a6
69a4
2a22
2289
a229
b225
caa9
0a2a
2a46
aa6a
69a5
9695
2a66
8a19
aa29
2865
a285
0a19
a065
6a99
6aa5
a269
a2aa
a3ab
a8fc
aa00
566a
566a
56aa
56aa
5666
56a8
56a6
5580
a56a
fa55
3fa5
2ae9
aab9
aaaa
aaa6
aaaa
555a
55af
567c
5ab3
6ab0
668a
6aaa
6aaa
6adc
63df
6f6a
69aa
632f
5bc3
5bff
58f3
6aaa
60aa
6baa
5a2a
652a
64aa
68aa
68a9
5aaa
aa97
aa9f
a673
a9cc
aa4a
aa72
6a79
d94a
351a
f3da
532a
ff24
fca8
3e68
c9ac
56cf
55aa
95a9
a5aa
a9aa
aaaa
aaa5
aaaa
1ab1
aac2
3f06
401a
956a
56aa
6aaa
aaad
aaa6
aaab
aaaa
aaaa
aaaa
aaaa
aaaa
aaaa
6aaa
aaaa
aaaa
aaaa
aaaa
aaaa
aaaa
aaaa
aaaa
aaaa
aaaa
aaaa
aaaa
aaaa
aaaa
aaaa
a6aa
a6aa
a5aa
a9aa
a9aa
aaaa
aaaa
aaaa
aaa9
aaaa
aaaa
2aaa
aaaa
a5aa
5aa6
a956
aaaa
aaaa
aaaa
aaaa
aaaa
aaaa
aaaa
aaaa
aaaa
aaaa
aaaa
aaaa
aaaa
aaaa
9aaa
6aaa
aaaa
aaaa
aaaa
aaaa
aaaa
aaaa
aaaa
eaaa
956a
a56a
a56a
a96a
a96a
aaaa
aaaa
aaaa
5555
5555
5555
5555
aaa5
aaa9
aaaa
aaaa
556a
556a
556a
556a
556a
556a
556a
956a
194a
a929
a529
a489
9228
4a68
a958
a16c
aa62
aaaa
aa94
b79a
999a
ae85
aaa0
a9aa
aa95
a95a
a5aa
aaaa
aaaa
aaaa
aa6a
aa99
aaa6
aaa9
aaaa
aaaa
aaaa
aaaa
aaaa
aaaa
aaaa
aaaa
aaaa
aaaa
aaaa
aaaa
aaaa
eaaa
66a8
9aa8
aaa9
aaaa
aaaa
aaaa
aaa5
aaa6
95b1
eac2
3f06
401a
956a
56aa
6aaa
aaad
6aaa
aaaa
aaaa
aaaa
aaaa
aaaa
aaaa
aaaa
aaa6
aaa9
aaa9
aaaa
aaaa
aaaa
aaaa
aaaa
aaa6
aaab
aaaa
6aaa
6aaa
5aaa
9aaa
9aaa
aaaa
aaaa
aaaa
aaaa
aaaa
aaaa
aaaa
aaaa
29a0
226a
28aa
a92a
aa5a
5aa8
56a0
550a
982a
98a9
689a
aaaa
8a6a
aeaa
c2aa
b9aa
a2aa
caaa
8aaa
a6aa
a955
b000
8aaa
8aaa
b000
a014
a8a8
aa69
a6a2
a9aa
5988
5995
59aa
5a6a
5680
55a9
565a
595a
6556
5555
3d56
06a6
5aa2
aa49
a92a
64a9
a4a9
a4aa
829e
a939
a0a5
aa23
6a32
0f09
a3fa
a3e6
5596
959a
658a
a56a
99b2
aaca
a724
a097
99aa
28a8
aaa9
9a59
a965
95a5
aa95
2a55
9556
5555
5555
0555
9556
5555
5555
5555
5555
5555
5555
5555
5555
5555
9555
6555
9955
a666
5a99
06aa
51aa
5465
5559
5555
5555
a555
5a55
0595
5465
5559
5566
5595
5655
9a56
a9a5
6a96
62a5
68a1
9898
5896
5895
5495
5695
5656
5656
5659
5aa6
5aaa
6a69
66a9
aaa6
a5a6
a959
6a69
5aa9
5555
8aaa
9a6a
a9aa
6aaa
aaaa
aaaa
9aaa
6aaa
aaaa
9aaa
aaaa
aaaa
aaaa
65aa
56aa
8aaa
aaab
aaaf
aaad
aabd
aab5
aaf5
aad5
aad5
aaaa
aaaa
aaaa
aaaa
aaaa
aaaa
aaaa
aaab
aaa8
a9a6
aaa9
aa95
aa9a
beaa
f699
d69a
aaaa
aaa6
aa99
aa66
aaa9
aa95
a96a
a9aa
96aa
959a
42a6
2a66
aa96
a691
88a6
2ba6
a965
95a2
989a
a65a
eba9
aae9
a69a
699a
bfaa
67fa
657f
a557
6955
a955
aa55
6aa5
aa9a
428a
aa2a
592a
a88a
561a
a06a
25ab
56aa
56a9
5666
564a
569a
5592
55a8
5568
8a6a
99ba
9aec
aab1
9aa6
a5aa
9a88
99aa
7baa
eeda
bbba
aaa5
a569
8a9a
a0a6
8129
aaaa
aaaa
aaaa
eaaa
faaa
7eaa
6aaa
9e6a
aaaa
aaaa
aaaa
aaaa
eaaa
76aa
9eaa
b9aa
aad5
abd5
ab55
ab55
ab55
ab55
ab55
ab55
ab55
aaa5
aaaa
aa9a
aaa5
aaaa
abaa
abea
aaea
aaea
aafa
aab6
aabd
aaad
aaaf
aaab
d5ba
f6fe
bef3
afbc
abeb
aafe
aaaf
aaaa
aaa8
aaaa
aaa8
aa0a
6aaa
556a
556a
55ba
5638
56bb
aaab
aaaa
aaaa
5aa6
a55a
aaaa
555a
556a
556a
55aa
55aa
568a
560a
56c8
aaaf
aaab
aaaa
aaaa
aaaa
aaaa
01aa
3caa
0caa
80aa
8caa
f2aa
aaaa
aaaa
a5aa
0a2a
022a
822a
2aaa
aaaa
aaaa
aa83
aa8f
aaff
abfe
af3e
fcfe
03fe
fffe
bffe
eaaa
ffff
5a63
6a98
6aa6
6aaa
5aab
56bf
abfa
ffaa
aaa8
aa3f
aa3f
aa3f
aa3f
f20c
ea33
968c
aaaa
a8a6
a6aa
a4aa
a506
aaa9
a864
aaaa
985a
a66a
a4a9
a2a9
a165
a5aa
a6aa
a6aa
2059
9a20
a591
aa46
a419
6966
6a9a
9662
a5aa
a9aa
99aa
a5aa
99aa
66aa
5aaa
aaaa
8982
a11a
a04a
99aa
4aa6
285a
8a5b
3eab
c3fb
3c2b
cfef
ffee
ffbe
ffba
3efa
ceea
3bea
2faa
beaa
faaa
eaaa
aaaa
aaaa
aaaa
eaaa
eaaa
eaaa
eaaa
eaaa
eaaa
eaaa
aaaa
aaaa
aaaa
bebe
bbbb
bebb
bbbe
bfbb
bfbb
aaaa
aaaa
bfbf
babb
bebf
babb
bfbb
bfbb
aaaa
aaaa
baea
bbaa
beaa
bbaa
bbea
bbea
aaaa
aaaa
bfba
baba
bbba
bbba
bfbf
bfbf
aaaa
aaaa
bfbf
bbba
bfbf
bbab
bbbf
bbbf
aaaa
aaaa
bfaa
baaa
bfaa
abaa
bfaa
bfaa
aaaa
aaaa
bfbf
baba
bfbe
abba
bfbf
bfbf
aaaa
aaaa
bafe
baea
bafa
baea
beea
beea
aaaa
aaaa
bebf
bbba
bbbe
bbba
bfbf
bfbf
aaaa
aaaa
bfbf
baae
bfae
abae
bfae
bfae
aaaa
aaaa
bebb
bbbb
bbbb
bebb
bbbf
bbbf
aaaa
aaaa
bfbf
baae
baae
baae
bfae
bfae
3aaa
3aaa
3aaa
3aaa
3aaa
3aaa
3fff
0000
3a8a
3aa2
3aa8
3aaa
3aaa
3aaa
3aaa
3aaa
0000
3fff
3aaa
3aaa
3a2a
3a8a
3aa2
3aa8
0000
ffff
aaaa
aaaa
aaaa
aaaa
aaaa
aaaa
0000
fffc
aaac
aaac
aaac
aaac
aaac
aaac
aaac
aaac
aaac
aaac
aaac
aaac
aaac
aaac
aaac
aaac
aaac
aaac
aaac
aaac
fffc
0000
aaaa
aaaa
aaaa
aaaa
aaaa
aaaa
ffff
0000
2aaa
8aaa
a2aa
28aa
aaaa
aaaa
aaaa
aaaa
aaaa
aaaa
bebe
bbba
bbbe
bbba
bebe
aaaa
aaaa
aaaa
fbae
ebba
ebea
ebba
fbae
aaaa
ffff
ffff
ffff
ffff
ffff
ffff
ffff
ffff
ffff
ffff
ffff
ffff
ffff
ffff
ffff
ffff
0000
aaaa
aaaa
aaaa
aaaa
aaaa
aaaa
aaaa
a000
a2aa
a2aa
a2aa
a2aa
a2aa
a2aa
a2aa
a2aa
a2aa
a2aa
a2aa
a2aa
a2aa
a2aa
a2aa
ffff
d555
d555
d555
d555
d555
d555
d555
ffff
5555
5555
5555
5555
5555
5555
5555
d555
d555
d555
d555
d555
d555
d555
d555
aaaa
aaaa
bfbf
babb
babf
babb
bfbb
bfbb
aaab
aaaa
aaaa
aaaa
aaaa
aaaa
aaaa
aaaa
ffff
ffff
ffff
df40
fd00
d404
4100
0802
ffff
ffff
ff7f
f7ff
3dd7
1f40
0400
0000
ffff
ffff
ffff
ffff
dddf
0077
401d
0000
5665
2995
8256
0025
2001
0200
0000
0000
ffff
3fff
077f
00ff
0437
0047
0003
1000
5559
5595
5658
5562
5640
5901
5020
4000
9555
6555
5565
6595
545a
0000
0000
0000
5555
5556
5555
5560
5480
a000
0000
0000
ffff
ffff
ffff
ffff
ffff
ffff
ffff
ffff
ffff
ffff
ffff
ffff
ffff
ffff
ffff
ffff
ffff
ffff
ffff
ffff
ffff
ffff
ffff
ffff
ffff
ffff
ffff
ffff
ffff
ffff
ffff
ffff
aaaa
aaaa
bebf
bbba
bfbb
bebb
bbbf
bbbf
ffff
ffff
ffff
ffff
ffff
ffff
ffff
ffff
ffff
ffff
ffff
ffff
ffff
ffff
ffff
ffff
ffff
ffff
ffff
ffff
ffff
ffff
ffff
ffff
ffff
ffff
ffff
ffff
ffff
ffff
ffff
ffff
ffff
ffff
ffff
ffff
ffff
ffff
ffff
ffff
ffff
ffff
ffff
ffff
ffff
ffff
ffff
ffff
ffff
ffff
ffff
ffff
ffff
ffff
ffff
ffff
ffff
ffff
ffff
ffff
ffff
ffff
ffff
ffff
ffff
ffff
ffff
ffff
ffff
ffff
ffff
ffff
ffff
ffff
ffff
ffff
ffff
ffff
ffff
ffff
5555
5555
5555
5556
555b
556c
55b1
59b1
62c9
86ca
1b0b
9b2d
eb2e
c72f
c71f
e4ea
5555
5555
5556
555a
5563
556d
55b7
55bb
55bf
558e
556e
5569
5565
5596
559a
5596
8ce8
c53f
a995
1165
5451
5555
a969
3e9a
e95a
9516
5155
5511
5154
5551
6555
8aa8
5596
55a6
556a
5559
5565
5565
5595
5592
56aa
6a55
8155
0555
1555
1554
4445
115a
55aa
9aab
fdac
7e31
f8c5
e315
8c2a
3033
caa8
2666
9551
5114
4455
1565
aaa6
afa9
f7ea
aaa9
9555
5a55
5554
0599
5556
9559
981a
568a
4589
1189
4499
55a9
5aa5
9a95
39fc
8ef2
646a
58a9
1895
5895
5856
585a
c945
2511
9554
56aa
68fe
6f5c
afbf
e7fc
aa55
5a55
55a5
4569
54fe
5357
4caa
3256
5555
5555
5555
5555
9555
9555
e555
3955
8955
8955
8955
7955
4955
b955
b955
8955
9955
a955
a955
a955
a555
9555
9555
9555
9555
5555
5555
5555
5555
5555
5555
5555
5555
5555
5555
5556
555a
5569
5695
5555
5555
5555
a955
baaa
a333
5aa8
5556
5555
5555
5555
5555
5555
955a
eaac
0cc0
aaaa
56a8
55aa
5a81
6800
8c00
caa8
a556
5556
5596
5591
5595
556a
5559
555a
5556
5555
4445
5554
aaa5
a669
999a
5665
9555
6aaa
2965
5a96
4a5a
516a
95aa
96aa
6aa9
aaa0
aa55
aa95
a455
91aa
960c
5833
a340
8015
815a
84a8
09a3
1a6c
aaa3
aaa0
aa83
0a80
828c
81b0
a0aa
a468
0900
02aa
002a
8028
5555
5555
556a
558c
56a8
5956
5555
555a
555a
5568
95a0
2aaa
caaa
3280
8c80
a320
0000
4028
2aaa
00aa
0a02
1000
4000
0000
00aa
2aa0
aa00
a802
a02a
aaa0
0800
0000
a8ca
aa32
2a0c
a083
1120
4448
1112
0044
82a3
aa8c
aa33
c8cc
3f32
000a
82a0
a800
aaa0
0000
000a
a2aa
aaaa
2a0a
000a
00a8
2a83
aa0c
aa33
a8ce
a33a
8cca
332a
ccaa
32ab
c2ac
2aa0
aa00
aa0a
56a8
5400
0000
3333
00cc
2000
aaaa
0aaa
101a
0000
0000
02b0
ca0c
2a30
acce
b332
00ca
a82a
cea8
9556
255b
096c
c2b2
02ae
c22a
320a
c202
5555
5555
5559
955a
a556
2555
6555
9555
5555
5655
5655
5695
aa95
6a95
6aa5
b3aa
c8e9
2aa5
9695
5655
5595
5555
5555
5555
9555
a555
a955
0255
3095
0c95
3095
cc95
3080
0280
aa40
a900
4000
a000
5800
0400
5555
5555
5555
5555
5555
5556
5556
555b
5555
5556
55aa
561b
606d
81ba
a6db
fb6f
7b6d
7bb5
ebb5
97bd
bf6f
e71a
2acf
96ba
555b
556d
556d
556f
556a
555a
555b
5558
555a
5558
5559
5556
5556
5556
555a
5558
5559
5561
5565
5566
5566
556a
556a
556e
5555
5555
aaa9
800a
30c0
fafa
3a3a
caca
45a9
5165
5454
a911
9a46
a5aa
4554
5555
6aaa
a555
5155
4445
5511
a944
ea55
faa9
7ea3
fabc
e3c1
8c3e
ba83
e56a
a116
4445
1555
1555
56a5
6955
aa56
51a5
a469
4944
5251
5554
5555
a565
2959
ca56
fa56
f295
191a
562a
5629
5629
9829
68a9
aaa5
aa95
62dc
62fc
62fa
6109
a0a5
a497
6866
581a
e556
9515
9aa4
6ffa
eb7e
395f
ba5f
aedf
aa55
55a5
5559
5556
1555
55fc
4f17
32aa
5555
5555
5555
5555
9555
6555
2555
c955
b955
ba55
4255
4255
4255
8255
8255
4255
8255
8a55
3955
2955
e555
9555
9555
9555
5555
5555
5555
5555
5555
5556
5558
556a
5555
5555
5555
5555
5555
aa95
a0e5
5a39
5689
55b2
556e
5563
555b
5558
5556
5555
5555
5555
5555
9556
a556
faaa
0cca
aaa8
5562
556e
555a
5555
5555
5555
5555
5555
fafa
e63a
e5ba
95ba
958a
55aa
55aa
55aa
55aa
95aa
eaae
eaee
2ee2
e22e
7efa
abe9
2aa1
5005
9556
a95a
5aa9
6a44
801a
006c
00a8
2aa0
aa00
a802
a02a
aaa0
0800
0000
5559
5556
5556
5555
5555
5555
5555
555a
0080
0a8a
2a2a
a6a4
1211
4444
1111
0000
6aa0
a000
a00a
a2aa
aaaa
a9aa
ceaa
33aa
0a95
ca95
ea56
ea56
a95a
a94a
292a
2468
aa95
95a5
a51a
946a
6583
960c
68c0
2005
2055
2128
82a3
066c
aaa3
aaa0
aaa3
0aa0
2aa0
aa83
aa8c
aa83
aa0c
aa30
a8c2
a832
a0ca
a32a
8ca8
30a2
c2aa
2aa8
a400
0000
a4a3
a1ac
926a
861a
8940
4a9a
1a2a
6628
80ea
a03a
a80e
a832
2a0c
4a00
1282
00a8
c2b0
0a0c
ca30
28ce
a332
a0ca
a82a
aea8
5555
5555
5515
5415
5545
5515
5555
5515
5555
5695
59a5
5aaa
a82a
ab2a
5809
58ca
5632
558f
5558
5556
5555
5555
5555
5555
5555
aaaa
f333
8000
6aaa
5555
5555
5555
555b
aabc
33c2
0059
aa95
5555
5555
5555
5555
6555
6955
6955
a69a
8aa9
0255
ca59
2955
a555
9555
5555
5555
5555
5555
5555
5555
5555
6aa5
55ba
5563
5558
5556
5555
5555
5555
5556
5555
9555
2555
3955
825a
83af
60f0
580a
56a5
5555
5555
5555
5555
0a55
a955
9555
5555
5555
5555
5555
5555
55aa
56ae
9a3a
a8ea
5829
6325
ac95
f295
5555
5555
5555
5555
5555
5555
5696
55aa
5555
5555
5555
5555
5555
5555
5555
5555
5555
5555
9555
a555
5555
5555
5555
5555
5555
5555
5555
5555
5555
5555
5455
5555
5555
5555
5555
5555
5555
5555
5555
5555
5555
5555
5555
5555
5555
5555
5555
5415
5455
5145
5041
5001
5005
4544
4550
4051
0545
5505
5540
5550
5555
0555
0014
0000
0014
1155
0055
0455
0000
0000
0000
0000
1540
1555
5555
5501
5400
4000
0000
0000
1545
0151
1541
5500
5101
0000
4055
0515
5555
5555
5155
4455
4055
4415
4515
4105
5555
5555
5555
1555
4555
4555
5055
5455
5450
1554
5554
5550
0500
0000
0000
0000
00a0
02a0
2aa9
80aa
0002
0000
0000
0000
e400
3920
0a40
a800
8000
0000
0000
0000
5b25
5825
58e5
5609
5639
5602
558e
5580
558c
5602
58ca
5825
5896
5b95
5895
5895
5555
5555
5556
555a
559a
556a
5558
55a0
5555
9555
a555
a955
0955
0955
ca55
2aa5
a995
a955
a955
a555
5955
5a95
5955
5555
5554
5555
5555
5555
5555
5555
5555
5555
5555
1554
0554
4054
5414
5544
5544
5544
1515
1555
5155
5155
5555
4555
4555
5555
5555
5555
5555
5155
5155
5555
5155
5455
5555
1515
5505
5555
5515
5545
5555
5545
5505
5411
5555
5555
5551
5551
5545
5505
5405
5455
5455
5555
5555
1550
0100
0000
5555
5555
5015
4005
0001
0000
0000
0000
1151
1105
4555
4555
5555
5550
0140
0000
0041
5144
1554
5551
1555
0055
0000
0000
5511
5451
5411
5444
4454
1105
4451
4155
5551
5541
5551
5541
5545
5545
5545
5515
5555
5555
5555
5555
5555
5555
5555
5550
5555
5555
5555
5555
5555
5555
5555
5555
0555
5555
5555
5555
1555
1555
5555
5555
5555
5555
5555
5554
5555
5555
5551
5545
5541
5511
5445
5545
5455
5115
4555
5455
5555
1555
1555
5055
5515
5540
1555
5555
5555
5555
5555
5555
5555
5555
5555
5555
5555
5551
5555
5555
5451
1151
5551
5554
5555
5455
5455
5455
5515
5511
5555
5545
5541
5550
5555
5555
5555
5554
5554
5554
5544
5504
0400
5051
0554
5551
5554
5555
5554
5555
5555
5554
5554
5554
5551
5551
0555
0555
1555
1555
5555
5555
5555
5555
0554
5551
5455
5555
5555
5554
1551
1415
5555
5455
5155
5555
4555
5555
5555
5155
5155
4555
1555
1555
5555
5555
5555
5555
1555
1555
1555
1555
1554
1555
1545
1555
5555
5555
5555
5555
5555
5555
5555
5555
5555
5555
5551
5551
5551
5551
5554
5554
e556
9555
9555
56a9
ebfe
3b7f
b2df
aeff
62de
62fe
62a9
61a9
60a5
64a7
5866
181a
1555
56a9
6a09
afc9
f579
bdf9
4fe9
5a95
fe83
e93c
a3c1
4c3e
2a83
956a
4446
5155
6aaa
a555
5555
5555
4455
5511
a955
7a65
5555
5556
55aa
561b
60ad
81ba
06da
0b6d
556a
55a5
559f
55bf
55ae
55aa
556b
5568
ab67
a7bf
e7bf
a7aa
bceb
e5fc
2a55
9554
5555
5555
5555
5555
5555
5556
555a
5560
4465
1564
5a69
609a
b796
9c95
9659
6942
555a
5559
5559
555a
5556
5556
555a
5558
555a
556a
5565
5565
5565
5566
5566
556e
a551
5544
5551
4514
aaa5
30ca
3a30
caca
9554
6a11
1544
5955
1695
9a95
eaa5
f295
591a
162a
4629
5629
5829
68a9
aaa5
aa95
5553
558c
56fa
abea
0fa5
f295
0955
a555
9555
e955
3e55
a3aa
68f3
560c
5560
5556
5555
556a
56bc
58c3
6eaa
6955
a555
9555
55af
a8f0
330a
c2a5
a955
5555
5555
5555
5555
5555
5556
5555
5555
5555
5555
555a
5555
5555
5555
555a
55af
5afa
afaa
faaa
55af
5afa
afaa
faaa
aaae
aaa6
aaaa
eaaa
6aaa
aaaa
aaaa
aaaa
aaaa
aaaa
aaaa
aaaa
eaaa
ebaa
e9aa
eaaa
eaaa
eaaa
eaaa
eaaa
eaaa
eaaa
eaaa
eaaa
eaaa
eaaa
eaaa
eaaa
eaaa
eaaa
eaaa
eaaa
eaaa
ebaa
e9aa
faaa
0faa
00fa
000f
0000
0000
0000
0000
0000
6aaa
aaba
aa9a
faaa
0faa
00fa
000f
0000
aaaa
aaaa
aaaa
aaaa
aaaa
aaaa
aaaa
eaaa
5555
5555
5555
555a
55aa
5aaa
aaaa
aaaa
55aa
5aaa
aaaa
aaaa
aaaa
aaaa
aaaa
aaaa
eaaa
eaaa
eaaa
eaaa
eaaa
eaaa
eaaa
ebaa
e9aa
eaaa
feaa
57fa
555f
5555
5555
5555
eaaa
6aba
aa9a
aaaa
eaaa
bfaa
aafe
aaab
5555
5555
5555
5555
5555
5555
5555
aaaa
6aaa
9aaa
666a
119a
4466
0119
0046
0001
5555
5555
5555
5555
5555
5555
5555
5555
5555
5555
5555
5555
5555
5555
5555
6aaa
eaaa
ebaa
e9aa
eaaf
ebf5
fd55
5555
5555
55aa
5aaa
aaaa
aaaa
aaae
aaa6
aaaa
eaaa
6aab
aafe
bfaa
eaaa
aaaa
aaaa
aaaa
aaaa
5555
5555
5555
5555
5555
5555
5555
5555
5555
5555
5555
5555
5555
5555
5555
5555
eaaa
eaaa
ebaa
e9aa
eaaa
ffff
5555
5555
aaaa
aaaa
baae
9aa6
aaaa
ffff
aaaa
aaaa
5555
5555
5555
555a
55aa
5aaa
aaaa
eaaa
55aa
5aaa
aaaa
aaaa
aaaa
aaaa
aaaa
aaaa
5555
5557
557f
55ff
55ff
57f3
57ff
57f0
5555
ffff
ffff
ffff
ffff
30cf
ffff
330f
5555
ffff
ffff
ffff
ffff
ffff
faaa
e555
ffff
3ffe
fff9
ffe7
ff9f
fe7f
f9ff
e7ff
57ff
57f3
57ff
57ff
57ff
57ff
57ff
57ff
57ff
57ff
57ff
57ff
57ff
57ff
57ff
57ff
ebff
eeff
efbf
efef
effa
effe
effe
effe
9bff
7eff
feff
ffbf
ffbf
ffef
ffea
ff95
fe7f
f9ff
e7ff
9fff
7fff
ffff
ffff
ffff
ffff
bfff
6fff
dbff
f6ff
fdbf
ff6f
ffdb
ffff
ffff
c000
ca82
c888
c000
ffff
ff3f
fff5
fff5
0035
0a35
8835
0035
fff5
fff5
fff5
cc35
fff5
0335
fff5
0c35
fff5
3335
5555
f555
ff55
ffd5
ffd5
fff5
fff5
fff5
5555
ffff
ffff
ffff
ffff
ffff
ffff
ffff
ffff
fc03
fff3
ffc3
ff03
fc0f
fc03
fc03
ffff
fc03
ffc3
ff0f
ffc3
fc03
fc03
fc03
ffff
ffc3
ff03
fc33
fcf3
fc03
ff03
ff03
ffff
fc03
fcff
fc03
fff3
fc03
fc03
fc03
57ff
57ff
57ff
57ff
57ff
57ff
57ff
57ff
57ff
57ff
57ff
57ff
57ff
57ff
55ff
55ff
557f
555f
5555
5555
5555
5555
5555
5555
effe
effe
effe
effa
efef
efbf
eeff
ebff
e7ff
f9ff
fe7f
ff9f
ffe7
fff9
fffe
ffff
ff95
ffea
ffef
ffbf
ffbf
feff
7eff
9bff
ffff
ffff
ffff
7fff
9fff
e7ff
f9ff
fe7f
ffff
ffff
ffff
5555
5555
5555
5555
5555
e555
faaa
ffff
5555
5555
5555
5555
5555
ffff
ffff
f330
ffff
c333
ffff
cc0c
ffff
fc3f
f003
c003
f003
fc3f
ff3f
ffff
ffff
fff5
0c35
fff5
3335
fff5
0cf5
fff5
fff5
fff5
fff5
cff5
fff5
0ff5
fff5
cff5
ffd5
ffd5
ff55
f555
5555
5555
5555
5555
5555
ffff
ffff
ffff
5555
5555
5555
5555
5555
aaaa
aaaa
aaaa
aaaa
aaaa
aaaa
aaaa
aeea
aaaa
9dd5
adda
adda
adda
a99a
aaaa
aaaa
aaaa
aaaa
aaaa
aaaa
aaaa
aaaa
aaaa
ebbb
aaaa
d777
db77
db77
db77
9a66
aaaa
aaaa
aaaa
aaaa
aaaa
aaaa
aaaa
aaaa
aaaa
aaaa
aaaa
55aa
6aaa
6aaa
6aaa
6aaa
aaaa
aaaa
aaaa
aeae
aaaa
9d4c
adb3
adbf
ad8c
a9a5
aaaa
aeea
aaaa
5dd5
6dda
6dda
6dda
699a
aaaa
baaa
aaaa
75aa
b6aa
b6aa
b6aa
a6aa
3331
3ff1
0001
0001
9555
aaaa
aaaa
aaaa
3031
3ff1
3331
3cf1
3331
3cf1
3331
3cf1
aaaa
aaaa
aaaa
aaaa
aaaa
aaaa
0002
0002
aaaa
5555
5555
aaaa
5555
aaaa
5555
aaaa
5999
99a6
666a
9999
6666
9999
6666
9999
9999
6666
aaaa
aaaa
aaaa
aaaa
aaaa
aaaa
aaaf
aa03
a80f
a02a
a3aa
a055
a33f
a33f
aaaa
aaaa
aaaa
aaaa
aaaa
aaa9
aaa5
aaa0
aaaa
aaaa
aaaa
aaaa
aaaa
aaaa
aaaa
aaaa
ffff
dddd
7447
ffff
ffff
0000
0000
5555
ffff
1d1d
4777
ffff
ffff
0000
0000
5555
aaa9
aaa7
aaa7
aa9f
aa9f
aa90
aaa4
aaa9
002a
221a
221a
001a
555a
aaaa
aaaa
5555
9999
6666
9999
6666
9999
6666
9999
6666
9999
6666
9999
6654
9940
5400
4000
0000
a569
a569
5555
0541
0544
0550
0540
0540
9555
9555
a555
a565
a569
a569
a569
a569
aaaa
aaaa
aaaa
aaaa
aa55
a955
a555
9555
aaaa
aaaa
aaaa
aaaa
5555
5555
5555
5555
5555
5555
5555
5555
5555
aaaa
aaaa
aaaa
aaaa
aaaa
5555
0000
0000
0000
0000
0000
a569
a569
a569
a569
a569
a569
a569
5555
0544
0550
0000
0000
0000
0000
0000
0000
5555
5555
5555
5555
5555
aaaa
aaaa
aaaa
a33f
a33f
a33f
a30f
54c0
553f
5540
5555
aaaa
5555
5555
aaaa
5555
aaaa
5555
aaaa
6666
1199
4446
1111
4444
1111
4444
1111
0000
8888
0000
0000
0000
0000
0000
0000
0000
0000
0088
0800
0000
2000
0000
2000
0000
1aaa
16aa
15aa
15aa
15aa
15aa
15aa
0000
aaa4
aa94
aa54
aa54
aa54
aa54
aa54
0000
0000
0000
ffc0
ffc0
0004
5550
0000
0000
0000
0000
03ff
0000
1000
0555
0000
6666
9999
aaaa
0000
0000
0000
0000
0000
6666
999a
aaaa
aaaa
aaaa
aaaa
aaaa
aaaa
aaaa
5555
5555
aaaa
5555
5556
5aa5
a96a
0aa0
0a60
0aa0
0aa0
0280
0000
0000
0000
0ff0
0d40
0d80
0d80
0d80
0d80
0d80
0d80
0d80
0d80
0d80
0d80
0d80
0e80
0c00
0000
0000
2000
0000
2000
0000
2000
0000
2000
4444
1111
4444
1111
4444
1111
4444
1111
4444
1111
4445
1114
4540
1400
4000
0000
0000
0000
0000
0100
0004
0040
0000
0000
0000
0000
0000
0000
1004
0040
0000
0000
15aa
15aa
15aa
15aa
1511
1444
1111
0000
15aa
15aa
15aa
15aa
15aa
15aa
15aa
15aa
0000
0000
5555
0000
0000
0000
0000
0000
aaaa
aaaa
6666
0000
0000
0000
0000
0000
aa54
aa54
aa54
aa54
1154
4454
1114
0000
aa54
aa54
aa54
aa54
aa54
aa54
aa54
aa54
0000
0000
0000
0000
0000
0000
0000
5555
0000
0000
0000
0155
01ff
01ff
0155
0000
555f
555f
555f
555f
555d
555e
555d
555f
555f
555f
555f
5555
5555
5555
5555
5555
ffff
55ab
9567
a99f
99aa
849a
5264
5d1a
6bf6
d675
ffff
5555
5555
5555
5555
5555
ffff
fd1d
ffff
ffff
bfff
9fff
aaaf
696b
96bf
7fff
ffff
5555
5555
5555
5555
5555
f555
3555
f555
f555
f555
f555
f555
f555
f555
f555
f555
5555
5555
5555
5555
5555
ffc0
ff30
fc00
f000
c000
0000
3cff
3f0f
3f00
4fcf
533f
d555
fd1d
fd17
fd1d
f557
fc55
f055
ff55
5555
dddd
7777
dddd
7777
0000
0000
0000
0001
0004
3010
ff55
ff55
0555
1000
4000
0000
0000
0000
5555
5555
5555
5555
5555
5555
dddd
7777
dddd
7777
5555
0000
0000
0000
0000
0000
5555
5555
5555
5555
5555
5555
dd1d
7517
dd1d
7557
555f
0007
0015
0005
0055
1115
4455
5157
555d
5577
55dd
5777
dddd
7777
dddf
777f
1000
4000
1000
4000
0000
0000
0000
0000
da59
6a9a
6a46
6a9a
5aa9
daa9
d6a5
f557
ffff
ffff
fff5
ffd0
ff4d
fd35
f517
d9d9
ffff
ffff
557f
005f
5717
f5c5
fd71
ff51
ffd1
7fd1
7fd1
7fd1
7fd1
ffd1
ffd1
ffd1
ffd1
ffd1
ffd1
ffd1
ffd1
ffd1
ffd1
ffd1
ffd1
ffd1
ffd1
ffd1
ffd1
ffd1
ffd1
ffd1
ffff
ff03
fc03
ff03
ff03
ff03
ff03
ff03
5555
5555
5555
5555
5555
5555
5555
5555
5555
5555
5555
5555
5555
5555
5555
5555
aaaa
aaaa
5555
aaaa
5555
aaaa
5555
aaaa
aaaa
aaaa
5555
aaaa
5555
aaaa
5555
aaaa
aaaa
aaaa
aaaa
aaaa
aaaa
aaaa
aaaa
5555
0540
0000
0000
0000
0000
0000
0000
0000
012a
021a
021a
001a
555a
aaaa
aaaa
5555
aaa8
aaa1
aa86
aa26
aa26
a89a
a89a
a26a
5555
aaa9
2229
22e9
e2e9
eee9
aaa9
5555
5555
6aaa
622e
62ee
6eee
6eee
6aaa
5555
aaaa
aaaa
aaaa
aaaa
aaaa
aaaa
aaaa
5555
aaaa
aaaa
aaaa
aaaa
aaaa
aaaa
aaaa
aaaa
aaaa
aaaa
aaaa
6aaa
aaaa
aaaa
aaaa
aaaa
aaaa
aaaa
aaaa
aaaa
aaaa
aaaa
aaaa
aaaa
0000
0000
0000
0000
0000
0000
0000
0000
0000
0000
0000
0000
0000
0000
0000
0000
9999
a666
a999
aa66
aaaa
aaaa
aaaa
aaaa
aaaa
aaaa
aaaa
aaaa
aaaa
aaaa
aaaa
5555
aeaa
aeaa
ae6a
ae6a
ae6a
ae6a
ae6a
ae6a
acff
ae66
ae59
ae66
ae6a
ae6a
ae6a
ae6a
aaaa
6aaa
9aaa
6aaa
aaaa
aaaa
aaaa
aaaa
ae6a
ae6a
ae6a
ae6a
ae6a
ae6a
ae6a
ae6a
aaaa
aaaa
aaaa
aaaa
aaaa
aaaa
aaaa
aaaa
ae6a
ae6a
ae6a
ae6a
5d55
5d55
5555
5555
5c6a
5f1a
5316
57c5
54f0
553f
5540
5555
5555
5555
557f
55f0
57c5
5716
5f1a
5c6a
5555
5555
5485
5785
5485
5685
5405
5555
5555
5555
0000
5555
0000
5555
0000
5555
5555
5555
00c0
5555
0f00
5555
3000
5555
5555
5555
5555
4555
5555
5155
5545
5555
5555
5551
5455
5555
4455
5555
5555
5555
5555
5656
5599
5659
56a9
5aa5
5aaa
a6aa
5699
5a55
6955
5555
5555
5555
5555
5555
5555
5555
5555
5555
5555
5555
5555
5555
5555
5555
5555
5555
5555
5555
5555
5555
5555
5555
9555
a555
5555
5555
5555
5555
5555
5555
5555
5555
5555
5555
5555
5555
5555
5555
5555
5555
5555
5555
5555
5555
5555
5695
9555
a95a
a555
a555
5555
5555
5555
5555
5555
5555
5555
5555
5555
5555
5555
5555
5655
5955
aaaa
6395
6ce5
6e99
5555
5555
5655
5955
aaaa
6f95
7265
7959
5555
5555
5655
5955
aaaa
6395
5965
5559
6e55
6e55
b255
b955
e155
9555
5555
5555
5555
5555
5555
5556
5563
5556
5555
5555
7955
e555
9555
5555
5555
5555
5555
5555
5555
5554
5555
5555
5555
5555
5555
5555
5555
5555
5fff
5fff
5fff
5fff
5fff
5c0c
5555
5555
ff55
ff15
ff15
ff15
ff15
c315
ff15
0315
2315
2315
a315
0315
0315
ff15
5fff
5c00
5c28
5c28
5c80
5c00
5c00
5fff
5ccc
5fff
5f0c
5fff
5000
5555
5555
5555
3315
ff15
c315
ff15
0015
5555
5555
5555
5559
5a99
5a99
5a99
5a99
5a99
aaaa
5555
4444
5111
5544
5555
5555
5555
5555
5555
4444
1111
4444
5555
5555
5555
5555
5555
5555
5555
5955
9a55
9695
95a5
aaaa
5555
5555
5555
5555
5555
5555
5555
aaaa
5555
0000
0003
0354
0d00
1500
d414
d455
d515
5555
0000
000f
30f0
03c0
0000
5155
5555
f545
3145
cc55
5555
dd55
7755
ddd5
7775
ffc0
ff30
fc00
f000
c000
0030
3ccc
3333
3ccf
0ff3
53ff
d555
fd1d
fd17
fd1d
f557
ffff
ffff
ffff
ffff
ffff
ff3f
ffff
ffff
5555
0000
0000
0000
0000
0000
5555
5555
5555
4431
4431
4431
4431
4431
4431
5555
62b9
62b9
62b9
6aa9
5aa5
5555
5555
5555
5555
5555
5555
5aa5
68a9
62a9
62b9
62b9
5555
5555
5555
5555
5555
5555
5555
5555
5555
5555
5555
5555
5555
5555
5555
5555
5555
5555
5555
5555
5555
5555
5555
5555
ffff
c000
caaa
caaa
caaa
caaa
caaa
caaa
caaa
caaa
caaa
caaa
c000
ffff
5555
5555
5555
5555
5555
5555
5555
5555
5555
5555
aa8d
aa8d
aa8d
aa8d
000d
fffd
5555
5555
fffd
000d
aa8d
aa8d
aa8d
aa8d
aa8d
aa8d
ffff
c000
cc22
c022
c222
c222
c222
c000
fffd
000d
20cd
200d
220d
220d
220d
000d
220d
220d
220d
200d
20cd
000d
fffd
5555
c222
c222
c222
c022
cc22
c000
ffff
5555
7fff
1d56
1748
05d2
1174
035d
1017
0045
fffd
5957
8221
2088
8822
0208
ffff
5555
0000
4300
d101
7400
1d4c
0741
ffd0
5550
aaaa
8002
8ff2
8c32
8f32
8ff2
8002
aaaa
aaaa
aaaa
aaaa
5555
6aa9
6aa9
5555
aaaa
aaaa
955a
991a
95da
9d1a
955a
aaaa
aaaa
5555
5555
5555
5555
5555
5555
5555
5555
5555
5555
5555
5555
5555
5555
5555
5555
5555
5555
5555
5555
5555
5555
5555
5555
4466
0111
0044
0001
0000
0000
0000
0000
5555
5555
5555
5555
5555
5555
5555
5555
4015
4015
4015
4015
4015
4015
4015
4015
5555
5555
5415
4015
4015
4015
4015
4015
1111
4444
1111
4444
1111
4444
1111
4444
9999
6666
9999
6666
aaaa
aaaa
aaaa
aaaa
5555
5555
5556
5558
5558
555a
5556
555b
5555
5555
5555
5555
5555
5555
5555
5555
555b
556d
555d
541d
5055
5565
5a95
5555
7ac8
5a08
68af
a260
696a
5560
5563
516e
5555
5555
aaa5
3faa
003b
aa2f
a62f
fabf
6aaa
9aaa
aaba
eaae
f2fb
020e
0280
0a82
aa55
95ab
952f
a9a0
ea82
faaa
3fa9
faa1
5555
a559
e56a
956f
956a
5569
4ffd
3217
e5aa
955a
6aaa
bfff
af03
ec02
c300
b3c0
e555
aa55
be55
ff95
aa95
a955
0955
2955
2555
b955
2e55
3b55
bf95
aa95
5555
9555
20e3
28f8
28f8
1afa
0af8
4af2
26be
19bb
efab
ae88
afba
af8a
afaf
2a98
2a1a
ff16
1abb
baef
9bae
abb2
08f2
f809
fa24
7ebc
056e
156e
65ae
6596
965f
5543
58f3
5b0f
5559
a555
6555
6556
9556
5555
5555
9555
556a
55a6
55a5
5569
5556
5555
5695
58aa
5559
5658
5558
555a
5956
5555
5555
5555
6f3c
6cf3
63b3
a282
b2ca
bafa
bae6
a9e5
afcf
affe
2bea
bfaa
ffea
efe6
8bf5
fb3d
cf3f
cf1f
3715
3736
3636
c5fa
390a
baca
ff06
abc6
aafe
aabe
2abe
aa9f
aa9f
555f
597f
ffff
ffff
fdf5
b575
a565
aa96
9aaa
46bb
86ae
4aae
4a6f
296b
295b
a95a
a555
a555
e555
e555
e555
ea95
e965
99a5
5995
5556
955b
9566
9596
aa9a
1599
4599
6165
5465
54a5
55aa
0450
5504
5555
4545
5551
5555
5555
a555
6955
2955
4a55
4695
01a5
5068
5518
5518
5564
5680
a800
0000
0000
5151
5255
5255
0695
1aa5
884a
a111
4400
5499
00a9
5aa5
aa91
a954
aaa5
695a
01a8
aa55
9555
9555
9541
56a0
5525
5529
5529
9aaa
9602
9054
5559
a560
a541
6a55
5655
5555
5555
5555
a955
9a55
0295
5495
69a5
a955
5a55
5595
d502
d550
9650
be51
7d55
555a
56c9
5a29
9b57
7f7f
75f7
d37d
3c31
5555
5555
5555
555a
5569
5595
5640
56bf
56b2
59ea
5aea
56eb
5abc
56f6
59fa
9ffa
5d3f
57ff
62ab
5fac
a7a7
9baf
aa9b
aa6a
5556
56a6
6a46
a116
8469
1415
5541
1551
0280
2a21
0a91
0255
02a5
004a
0010
0000
5555
5555
5555
5555
5556
555a
5569
5550
1051
1555
5155
5556
55a6
aaaa
2a8a
0811
a96a
0650
5a80
aa99
4aaa
a1aa
8448
1112
ffd7
3e9f
c67a
ea6a
6aa9
aaa9
6aa6
a56a
b7ff
3caf
beaf
46ab
faae
fa4e
bcdc
cc37
7956
d996
55aa
ea55
ae56
b655
7e55
7954
e954
a554
9a54
6951
a506
a59a
a565
a555
6155
6a56
5a9a
965a
a669
2a9a
4a94
1011
9668
96a1
11a6
0a9a
aaf2
af0a
b2a8
aa81
8f95
60ea
5a8c
556a
5556
955a
5568
5560
5555
5555
aaa5
9419
9146
65aa
5a55
5555
550e
55b2
5589
5569
5555
5555
5555
5555
5555
555a
55ab
56bf
5af0
5ac2
56aa
56a9
5564
a559
fa9a
ceaa
80aa
a02a
5a2b
6abe
aaaa
baaa
f9aa
c6aa
2aaa
a46a
1111
0000
5905
6816
9855
a815
8a5a
ca6c
ca80
2a0a
6fae
9f6e
a56e
857e
957f
405c
1454
5555
a996
5596
5556
5696
5a96
5b96
5b96
5baa
8aea
8aea
aaab
aaa7
aa9f
2895
2a95
2841
95aa
5595
fe95
fe40
f955
e969
e5aa
65aa
9555
a555
6959
1a5a
4256
5195
a495
aa96
aa9a
6aab
5200
1680
a540
2516
2945
c851
3e51
3291
c0aa
3280
0a3c
a8c0
a33e
a0c2
9555
a555
a955
8255
a095
8c95
3095
cc95
a82b
aea8
6ce0
630a
802a
921a
0000
0000
a290
a394
3094
c295
0a95
aaaa
9220
0000
4a54
2aa8
6aa0
69a3
69a3
a968
a95a
aa42
552a
412a
546a
241a
4916
a946
a944
4254
2051
c351
0351
0e51
0a51
2a50
6994
6a94
a814
a805
68a5
aaa5
c9a5
3eaa
83aa
a0ea
a02a
a80a
a8ca
a838
6803
4a00
02aa
00a8
5555
5555
5555
5555
aa55
9695
9fa5
b7e5
5015
5f15
7c15
7055
5155
5155
4555
4556
5555
5557
555f
556f
557c
55b0
55c2
56ca
6ef9
57f9
55fd
55fd
557f
555f
555b
5557
fe55
fd95
c095
0255
0a55
a555
5555
5555
5555
5555
f555
7555
0155
1555
9555
5555
5555
5555
5557
555f
557f
55b0
56f2
5b09
5555
5555
5555
5555
5595
5fd5
7c15
c155
555f
57fc
5d41
5501
5405
5955
5555
5555
5555
dd55
3d54
0d51
4955
5555
5555
5555
5555
5555
5555
5555
5555
55a5
6a19
6069
6695
5a55
5555
5555
5955
5555
5555
56a5
5555
56a5
6059
6159
6559
5aa5
5555
5555
56e9
563d
563f
555f
5555
5555
5555
5555
5555
5555
5555
da56
7e55
5eaa
5eaa
5fa8
5557
5556
5556
5555
5f55
65d5
67d5
67d5
67da
6d5b
adac
5a2c
60ba
0fab
3fff
ffff
5739
5495
5695
5555
5555
5455
0415
5545
a553
3a57
0e55
0025
aa25
faa5
ffa5
ffe9
0555
157f
15d0
1501
0d55
0555
4055
5555
5555
5555
5555
5555
5555
5755
7c95
c0a5
5555
5569
5560
5585
5596
5569
5555
5555
5555
a555
6555
a555
9555
5555
5555
5555
55ba
55ba
55ba
56fe
5bff
6c3e
60fc
b3f3
fffe
afea
afaa
bbaa
ffaa
bfea
affe
cf03
fffa
aff6
affe
acf2
a0da
a0ea
c062
03aa
5055
5500
5500
5545
5555
9415
9515
a541
1510
4505
0540
0555
0555
1545
543c
54cf
5555
1555
4559
015a
0556
5555
5555
5555
0460
c4a0
c188
c450
0a04
1955
2945
8952
5480
6880
6a80
2a00
0000
0000
0000
0000
1555
0555
a555
6955
2955
4955
4955
5695
4a50
4a52
2268
00f0
8300
8000
0011
4400
5003
5a40
9580
9560
96a0
9528
9528
9522
a945
a50a
9514
5510
551f
964c
a6b0
a5a0
02a0
aaa8
9aaa
aaa9
aaa4
aa94
aa95
8005
cfe0
cfaa
cfaa
ceaa
feaa
beaa
beaa
afa6
bfcf
becf
becf
bebe
aebe
aebe
6abe
9aaf
5555
5555
56a5
5a06
5815
596a
5965
5aa5
5556
5556
56a6
5a02
592a
5aa3
accc
6aaa
5a40
4045
4405
1556
a556
a2aa
2a8a
0811
0002
000a
0049
000a
0002
0000
0000
0000
5aab
5aaa
6aaa
aaae
0aaf
0bab
0a9a
aa6a
a96a
0650
5a80
aa99
aaaa
aaaa
a848
1112
abaa
aaaa
aaaa
aa6b
6baf
fafd
baa6
a56a
9668
96ab
11af
0a9c
aaf2
af0a
b2a8
aa81
5499
00a9
5aa5
aa90
a955
aaa5
695a
0154
e14a
ea52
2a9a
aa5a
aa69
2a9a
4a94
1011
aaaa
aaa5
aaa5
aaaa
aaa5
aa95
aa96
aa9a
6995
6559
9955
5969
99a5
aa56
a5a5
9666
5555
5955
5a95
6555
a6a5
a669
5a59
969a
a5a6
5669
996a
5a6a
aa69
a5aa
a665
9656
9a5a
aa69
a66a
aaa9
a96a
a696
9aaa
aaa6
aa6a
aaaa
aaa6
aaaa
aaa6
aaaa
aaaa
aaaa
5aa5
5aa9
6aaa
6aaa
6aaa
6aaa
aaaa
aaaa
aa6a
aa5a
a999
aa69
aa69
aaa9
a9a5
aaa5
a9a5
aaa5
a9a1
aaa1
aaa1
aaa1
aaa1
aaa0
aaa1
aaa0
a8a1
a0a0
80a0
80a0
84a0
84a0
aaaa
aa5a
aa96
aa95
aaa5
aaa9
aaaa
aaaa
aaaa
aaaa
aaaa
aaaa
6aaa
5aaa
56aa
56aa
aaaa
aaaa
aaaa
aaa5
aaa5
aa95
aa96
aa56
a956
a955
aa55
aa95
aaa5
aaaa
aaaa
aaaa
aaa9
aaa5
5aa5
5565
5595
5599
a595
aa9a
5aaa
5aaa
6aaa
6aaa
6aaa
aaaa
aaaa
aaaa
5aaa
1aaa
16aa
45aa
45aa
516a
905a
916a
95aa
a6aa
aa56
a945
a951
a951
aa55
aa56
aaa4
aaa5
aaa9
aaa9
aaaa
aaaa
aaaa
aaaa
aaa0
aa05
a056
855a
96a9
aa95
a55a
56aa
80a0
80a0
80a0
80a0
a0a8
a8a8
aaa8
aaa8
aaa8
aaa6
aaa6
aaa6
aaa6
aaa5
aaa5
aaa5
aaa5
aa25
aa89
6aa9
6a29
6a29
aa2a
aa8a
aa8a
aa82
aa82
aa80
aa80
aaa0
aaa8
aaaa
96a0
aaa8
a08a
a220
2882
0080
0000
0000
aaaa
aaaa
6aaa
6aaa
6aaa
6aaa
5aaa
5aaa
a8a0
a22a
a828
2220
8208
a028
a082
2008
aa22
8aaa
aa22
a2a0
a080
a828
a2a0
a802
aaaa
aa8a
aaaa
aaa8
a88a
2aa2
aa2a
aaa8
2a0a
0a08
0820
0820
8080
0888
0002
0800
53e5
53f9
4ffa
4ffe
4ffe
4ffe
3ffe
3ffe
3fff
3fff
3fff
3ff7
37ff
3fff
3fff
3fff
3fff
3fff
3fff
3fff
37f7
3fff
3fff
3fff
3fff
3fff
3fff
3fff
3fff
3fff
3fff
3fff
3fff
3fff
3fff
3fff
3fff
3fff
3fff
3fff
3ffe
3ffe
4ffe
4ffe
4ffe
4ffa
53fa
53ea
a83c
a830
a030
800c
800c
000c
0003
00c3
2aaa
2aaa
2aaa
2aaa
0aaa
0aaa
02aa
c2aa
aaaa
aaaa
aaaa
aaaa
aaaa
aa2a
aa02
a800
aaaa
aaaa
aaaa
aaaa
aaaa
aaaa
aaaa
2aaa
566a
566a
566a
566a
566a
566a
566a
565a
5695
55aa
5559
5556
5555
5555
5555
5555
5555
aaaa
9999
6666
5555
5555
5555
5555
ffff
5555
aaaa
6666
9999
5555
5555
5555
5556
aaa9
999a
6666
5555
5555
5555
5555
aaa5
aaa5
aaa9
aaa9
a559
9bf1
6ff2
bffe
aaaa
aaaa
aaaa
aaaa
aaaa
aaaa
aaaa
aaa9
aaaa
aaaa
a69a
a82a
a82a
a69a
aaaa
aaaa
5555
5555
5555
5555
5555
5555
5555
5415
5555
4551
5145
5050
6104
5005
612a
8aaa
4555
5555
0155
0554
0111
5040
4100
a828
aaaa
aaaa
a2aa
aaaa
aa8a
aaaa
aaaa
aaaa
aaaa
aaaa
aaaa
a8aa
aaaa
aaaa
aaaa
aaaa
5555
5555
5555
5555
5555
5555
5555
5555
57ff
57ff
57ff
5555
5555
5555
57ff
57ff
aaaa
aaaa
aaaa
aaaa
aaaa
aaaa
aaa2
aaaa
aaa5
aaa5
aaa9
aaa9
a559
9bf1
6ff2
bffe
aaa9
aaaa
aaaa
aaaa
aaaa
aaaa
aaaa
aaa9
5555
5455
5555
5555
0515
1555
5455
5555
5505
5680
5528
5518
5592
5596
5590
5a40
5685
5565
55a9
5a54
6965
5596
5559
555a
aaaa
aaaa
0aaa
02aa
52a0
9541
a945
6aaa
2aaa
2aaa
6aaa
aaaa
aaaa
aaaa
aaaa
6aaa
aaa5
aa80
aa92
aa82
aaa9
aaa8
aaa1
aaa1
aa81
aa04
aa00
a802
9029
58a9
4295
a055
5555
1555
0155
a815
5a55
5555
5555
5555
4555
a555
1555
5555
0555
1555
a555
9555
5415
5001
1500
5100
5500
5510
5140
5510
5555
5555
5555
5555
5555
5555
5515
5551
1555
5555
4555
1555
1555
1155
0555
1555
1555
5155
1555
5555
5555
5555
5555
5555
5550
5551
5551
6555
5665
5999
9565
5655
6659
5955
5565
5655
5555
5555
5555
5555
6855
5a15
5695
5595
5555
5555
5555
4555
5555
5554
5550
5555
5545
5655
5555
5555
5555
5445
0555
0055
4405
5115
5404
5525
5595
5655
5565
5599
5555
5559
5555
5555
5415
5545
9555
5995
a555
5955
5555
5555
5555
5555
5555
5555
5555
5550
5505
5595
5555
5555
5455
5415
5541
5400
1544
1451
5555
5551
5545
5415
4025
4115
4495
4055
5015
5110
5402
5125
4095
5115
5401
5440
5059
5465
9655
a595
6555
9995
5555
5555
2222
0888
0000
0000
0000
0000
0000
0000
5695
6655
a596
a665
a969
6aa6
9aaa
5665
5559
5556
5555
5555
5569
5569
5559
5559
5556
555a
5559
5556
5556
5555
5555
5555
0115
4555
5551
5555
5555
5555
6555
6655
aa55
a955
a955
a565
9559
9566
9559
9556
9556
955a
9966
a55a
5556
555a
9556
5556
aaa6
aaa6
aaa6
aa96
aa96
aa96
aa99
aa65
aa65
aa65
aa65
aa6a
aaa9
aa95
a995
aaa5
aaaa
aaaa
aaaa
aaaa
aaaa
aaa9
aaa9
aaa6
5566
559a
96a6
aa96
a956
6556
5556
555a
5556
5a56
5956
a59a
a56a
555a
5556
555a
5555
5565
6595
595a
55af
5afa
afaa
faaa
95af
5afa
afaa
faaa
aaae
aaa6
aaaa
eaaa
aaaa
aaaa
aaaa
2aaa
0aaa
f2aa
3caa
0caa
aaaa
aaaa
aaaa
aaaa
aaa8
aaa8
aaa0
aaa0
aa95
aa96
aa95
aa95
8a55
2955
2a56
295a
5566
5596
6556
9556
6956
5556
5556
5556
2a9a
2a5a
0a5a
a966
a95a
a566
a56a
2959
5556
5556
5596
5566
959a
aa66
655a
5596
2a59
0aa9
00a9
000a
0000
0000
0000
0000
5566
555a
5596
665a
a996
0a96
00a6
000a
aa80
aa80
a808
a080
2020
8aa0
2280
8a88
0c2a
c0fa
0000
0003
0000
0000
0aa0
2aa0
aaaa
aaa8
2a80
0800
3220
0f80
002a
0000
aaaa
eaaa
3aaa
0e00
0000
0000
a800
0200
3c00
fff0
0000
0000
0000
0000
0000
0000
0000
0000
0000
a880
aaa8
0aaa
002a
0002
0000
0000
0000
0000
c000
f0c0
8c00
8ff0
a3f0
203f
0000
0800
0000
0000
0000
0000
002a
0002
00aa
0080
0000
0000
0000
0000
0020
0828
0000
0000
0000
0002
02a8
008a
22a8
0000
0000
030a
0caa
b280
3000
8f00
aa95
aa96
aa95
aa95
aa55
2955
0a56
295a
0a9a
0a5a
2a5a
2966
a95a
a566
a56a
2959
a020
0202
2020
0000
0008
0000
0000
0000
5a5a
aaaa
a66a
6aaa
9aaa
a9aa
aaa8
a882
5955
5555
5555
956a
5956
65aa
6566
9696
9aaa
aaa0
a800
0008
0000
0000
0000
0000
6aa9
aaaa
6aa9
aaa9
6aa9
aaa9
aaa9
aaaa
aa95
aaa5
aa96
aa55
0299
00a6
2229
000a
0aa9
00aa
0002
0000
0000
0000
0000
0000
95af
5afa
afaa
faaa
aaaa
aaaa
aaaa
aaaa
aaaa
aaaa
aaaa
aaaa
aaaa
aaaa
aaaa
aaaa
eaaa
eaaa
eaaa
eaaa
eaaa
eaaa
eaaa
eaaa
5555
5565
6595
595a
55af
5afa
afaa
faaa
aa65
aa65
aa65
aa6a
aaa9
aa95
a995
aaa5
655a
6a5a
5565
556a
6559
569a
559a
556a
aaaa
aaaa
aaaa
aaaa
aaaa
6aaa
9aaa
696a
aaaa
aaaa
aaaa
aaaa
55aa
5556
5555
5555
aaaa
aaaa
aaaa
a955
9555
5555
5555
5555
aaaa
aaaa
aaaa
aaaa
aaaa
aaa9
aaa9
aaa9
aaa5
aaa5
aaa5
aaa9
aaa5
aaa5
aa95
aaa5
5555
6aa9
6aa9
6aa9
6aa9
aaaa
6aa9
6aa9
5555
5555
5555
5955
6555
5555
9555
9555
aaaa
000a
aa02
2bc0
ff30
000f
0003
0000
aaaa
0000
32aa
0c00
000c
aa00
0aaa
0028
aaaa
aaaa
aaa0
aaa8
0282
2a28
00aa
2288
c2aa
00aa
c002
f000
0f00
00c0
000a
0020
0000
0000
0003
0000
0000
000f
0000
0000
aa00
a800
8000
0280
280a
0000
0020
8000
aaaa
aaaa
aaaa
aaa8
0028
028a
2820
0000
0000
0000
0000
0000
0300
3030
0000
0000
0080
0a80
2000
0000
0000
0000
0000
0000
000a
00a0
0000
02a8
8000
0000
0000
0000
0000
0000
0228
0000
0000
2000
0000
0000
2000
020a
2b2a
2caa
88fa
2a8c
0aaa
0000
0000
aa30
aa8c
aab2
a800
0000
0000
0000
aaaa
aaaa
aaa8
a000
0000
2000
0080
0000
aa80
a830
003f
0800
0000
8000
0000
0000
03ea
00c2
303e
0003
0000
0aa8
2082
03fa
aaaa
aaaa
aaaa
2aaa
2aaa
c02a
030c
8000
a2a8
0800
c0c0
3c00
0000
0000
0000
0000
0008
0028
2aaa
0000
0280
2800
0000
0000
aaaa
aaaa
aaaa
aaaa
aaaa
aaaa
aaaa
28aa
0088
0000
0000
0020
0200
0000
0000
0000
aaaa
aaaa
aaaa
aaaa
aaa8
aaa0
aa02
a000
aaaa
aaaa
aaaa
aaaa
03ea
00cc
0000
0000
aaaa
aaaa
aaaa
aaaa
aaa0
aa80
0000
f000
5555
5555
5555
5555
5559
5555
556a
5595
aaaa
aaaa
aaaa
a46a
a32a
a46a
aaaa
aaaa
565a
566a
566a
566a
566a
566a
566a
566a
aaaa
9aaa
aaaa
aaaa
aaaa
aaaa
aaaa
aaaa
baae
aaaa
aaaa
aaaa
aaa6
aaaa
aa9a
aaaa
aaaa
aaa6
a9aa
aaaa
aaaa
9aaa
aaaa
aaaa
aaaa
aaaa
aaaa
aaaa
a9aa
aaaa
aaaa
aaaa
566a
566a
566a
566a
566a
566a
566a
566a
5555
5555
5555
5555
5555
5555
aaaa
5555
5555
5555
5555
5555
6555
5555
aaaa
5555
5555
5555
5555
5555
6555
5555
a955
5655
a595
a995
a995
a995
a995
a995
a995
a995
a995
a995
a995
a995
a995
a995
a995
a995
566a
566a
566a
566a
5668
564a
5660
5640
5640
5640
5640
5640
5640
5640
5640
5650
5695
55aa
5559
5556
5555
5555
5555
5555
0195
0195
0195
0195
0195
0195
0195
0595
5695
aa55
9955
6555
5555
5555
5555
5555
a995
a995
a995
a995
0195
0195
0195
0195
5555
5555
5555
5555
5aa5
6aa9
aaaa
aaaa
8eb2
8ff2
83c2
8002
8002
9006
a55a
aaaa
aaaa
aaaa
aaaa
8aa2
8002
8c32
8ff2
8eb2
aaaa
aaaa
aaaa
aaaa
aaaa
8002
8002
8002
aaaa
aaaa
6aa9
1aa4
0550
0000
0000
0000
aaaa
a55a
a69a
a96a
9aa6
a55a
aaaa
aaaa
a55a
a96a
aaaa
aaaa
aaaa
aaaa
aaaa
aaaa
5555
5555
5555
5555
5555
5555
5aa5
6969
ffff
ffff
ffff
c003
cff3
cff3
c003
ffff
ffff
ffff
eaab
eaab
eaab
eaab
eaab
d557
ffff
ffff
fbef
febf
faaf
febf
fbef
ffff
ffff
ffff
5555
0000
0000
0000
0000
0000
0005
0001
0000
0000
0000
0000
0000
0000
5555
5555
5555
5555
5555
5555
5555
5555
5555
5555
5555
5555
5555
5555
5555
5555
5555
5555
5555
5555
5555
5555
5555
5555
5a95
5a95
5a95
5a95
5a95
5a95
5a95
5a95
5555
6aa5
9a99
9a99
9a9a
9a9a
9a9a
9a9a
9a9a
9a9a
9a9a
9a9a
9a9a
9a9a
9a9a
9a9a
5555
5555
5555
5555
aaaa
aaaa
aaaa
aaaa
5555
1555
0555
0155
0055
0015
0005
0001
5555
5555
5555
5555
5555
5555
5555
5555
5555
5555
5555
5555
5555
5555
5555
5555
5555
5555
5555
5555
5555
5555
5555
5555
5555
5555
5555
5555
5555
5555
5555
5555
5555
1040
0404
0000
0000
0000
0000
0000
5a95
5895
5995
5895
5995
5895
5a95
5a95
5555
5555
5555
5555
56a6
5666
56a6
5666
5555
5555
5555
5555
6a65
6665
6965
6665
5555
5555
5555
5555
a9a6
9996
9996
9996
5555
5555
5555
5555
6655
6655
9655
6655
6655
5655
5655
5655
5655
5655
5655
5655
5655
5655
5655
aa55
5555
5555
5555
5555
0015
5555
5555
aaaa
5555
5555
5555
5555
a9a6
5555
5555
0015
ff15
ab15
ab15
ff15
6669
5555
5555
0000
3fff
3aaa
3aaa
3fff
5666
5555
5555
5555
5555
5555
5555
5555
5555
5555
5555
56aa
5555
5555
5555
5555
0000
5555
5555
aaaa
5555
5555
5555
5555
6669
5555
5555
0000
2aaa
2555
2555
2aaa
a9a6
5555
5555
0015
aa15
5615
5615
aa15
1155
1055
0010
4505
1550
4555
155a
555b
5555
4555
5555
5555
4515
4544
4555
1555
5554
5514
5501
5505
5415
4455
5455
5155
415f
055f
55ba
56cc
5b03
ac23
c000
208e
556c
5582
560a
580a
5809
6025
6095
6295
8255
8955
8995
6aa5
59a9
5a9a
aba6
8cf9
68ea
6a3d
5683
55a4
5642
5608
aa08
a828
8202
8209
0a39
0809
8203
8080
a394
602a
fffd
ffff
bfff
afff
2fff
2aff
92af
940b
5552
5554
5555
5555
9555
2955
32a5
0089
8332
a00e
a803
8a80
22a8
3328
cdc8
3ff2
554b
554b
954b
e956
3956
325a
025b
026b
ff40
bf50
2fd5
4aff
52bf
542f
552f
556f
0157
0d5f
317f
01ff
c1ff
07ff
07ff
07ff
5445
5440
d444
d500
f500
f500
fd00
fd40
1fff
5fff
7fff
ffff
ffff
ffff
ffff
ffff
5555
5555
1051
4105
4505
1405
0511
4101
4155
1555
5510
5500
5041
4005
0055
0155
5541
0154
1105
5545
5541
5554
5555
5555
5555
5555
5155
5555
5555
5555
5555
5555
5555
5555
5555
5555
1555
5555
5155
5556
1550
4555
5515
5555
5555
1555
4555
5415
fd55
f555
fd55
f545
fd45
fd55
f545
fd15
f556
f45a
d058
d561
d461
5165
5585
5185
5185
4595
5595
55a5
4565
4569
516a
505a
5016
5516
5515
5556
5959
0594
0041
0000
a03a
a80f
aa00
aa80
52aa
4455
1115
0044
6b0a
6c2a
8c28
8020
80a3
80a0
43a8
80ea
1555
1555
555a
5568
5583
5630
56c0
5b02
5456
555a
5558
55a1
5605
5855
6155
8555
3007
8c80
6020
6b08
5808
560a
56c2
5602
5b08
a01b
3060
02ac
0ab2
29ca
ab1a
a201
88a0
0c20
3328
fdc8
33c8
cce8
332c
00b0
aa00
3002
000a
00aa
555a
5555
5555
5444
a82a
a5aa
aaa4
aa94
aa51
5544
1110
4040
a968
a51a
2566
289a
2266
2aa6
2a86
2a1a
0958
296a
296a
a528
a463
54a0
51a0
8660
a820
3a20
8e8a
232e
280b
0a02
0a80
0960
cfca
330a
000a
802a
2aa0
0381
8205
2855
2855
a155
8555
9555
2955
ca55
0c96
802b
2030
0a80
a082
282b
8a80
82aa
acaa
a025
48e9
120a
44a2
112b
004a
0012
0004
0000
5a9a
961a
a6aa
2a86
aaa6
96a5
1111
0000
1aca
6b1e
bca3
c2a0
0a64
a068
aa98
681a
563f
58c0
6800
6302
802a
b0aa
02a8
0a78
026b
c80a
a050
0555
1555
5555
5556
55aa
ffff
abff
02af
55ab
556b
6a9a
8ff2
f00e
0003
02a0
a828
a302
0cce
3f70
0ffc
3330
0ccc
033a
80ef
a020
e8b0
2281
2882
3a8a
0a0a
3a08
8e0a
8c2a
8329
56a5
1554
0000
a800
2100
a440
a100
4440
1100
4000
0000
afff
dbff
3bff
4eff
a2ff
aaff
9bff
1955
abff
caff
32ff
0eff
02ff
8aff
8bff
abff
ffff
ffff
ffff
ffff
ffff
bfff
afff
afff
5555
5415
63c6
63f6
63f6
6ff6
6ff6
63f6
5bf6
dbf6
d8fd
d9fd
d6fd
d53f
75bf
75bf
7dbf
5d4f
5d6f
5d6f
5d63
5f5b
575b
d7d8
d5d6
d5d6
d5d6
f5d5
f575
f575
75f5
fdd7
f6b6
f6be
768e
bdae
6dae
6daa
5ba3
568c
27c6
27f6
d8f6
d9f6
d9f6
daf6
f636
f636
7fdb
8fdb
9fdb
9fda
9fda
9fda
6fda
63d6
5555
8055
0f1a
3fd6
7fd5
7fdb
7fdb
7fdb
5554
5555
4055
f055
fc54
f354
ff55
fd95
fd95
fda9
fd6a
fdaa
feaa
fdab
fdab
bdab
bdaa
bdaa
adaa
adaa
af6a
ab6a
a96a
a9a8
8aaa
aa22
aaa8
88a2
aa88
080c
20c0
8300
aaf1
8af1
abc1
2bc1
8bc1
2bc2
2fc6
af09
bffd
abfd
abfd
a8fd
abfd
2bf1
aaf1
aaf1
aaa9
a7da
8ff6
0ff6
03f6
f3fd
fffd
fffd
1555
0155
5015
0501
1450
5555
5555
aa95
5a9a
5596
5a6a
569a
566a
54aa
54aa
4566
505a
5515
5115
5451
9555
9456
6455
a955
a915
5a45
0646
0145
0155
4695
4a95
6aa5
aa29
a8e9
ab6b
6f27
ac6f
bc6f
3167
01a7
d7d9
f5f5
7d7e
df56
dfd6
d7f6
f7fd
fdfd
a806
9a00
a844
4290
4aa5
a964
69e4
9768
5458
5569
5466
152a
4054
9114
9047
a450
5aaa
5a6a
aaa5
aa55
6955
a556
a556
955a
55aa
5695
5600
683c
a000
8315
415a
05a9
5a10
a803
90ff
4c00
315a
06a9
1a57
a5df
9775
75d5
1d55
0400
4144
5411
5555
1595
1795
17e5
17f5
15fd
47fd
45ff
85fd
457f
1041
1441
5441
5471
5471
7571
d57d
757d
555f
4157
0017
0407
1007
0407
0515
1111
295d
c977
097f
25f5
95d7
5fff
f5ff
557f
a6a9
a9a5
a995
a595
6695
a655
9555
5555
ffff
ffff
5fff
6bff
d6ff
d6bf
c1ef
3c6f
aabf
fdaa
6fde
9ddf
5f75
7331
ffcf
fa37
ffea
fea9
eafd
ad9f
965b
b967
9957
af55
ffff
ffff
ffff
fffe
fff9
fff9
ffeb
ffed
f77d
f777
df77
dc77
7c77
7df7
71f7
71f4
cfff
dfff
1ffd
1ff7
1ff7
1fdd
dfdd
dfdd
ffff
ffff
ffff
ffff
ffff
f7ff
dcff
77ff
ffe5
ffe5
ffe9
7ffa
7ffe
7ffa
ffea
ffea
7fae
5abe
dbf0
fa02
feaa
ffea
bffe
acff
c7dd
f7df
f15b
bc7b
bc1a
af1a
efc2
0bf0
71f4
71fd
717d
7d5d
7d5f
6f66
ef68
63da
a3fa
28f0
fa3f
c28f
00a3
aaaa
0228
0000
8afc
aabf
2be7
cf29
fca5
aaa8
a800
0000
2b33
c2ce
ffaa
3ca5
6655
a95a
0aa8
0280
ffff
fffa
ffe0
fe8f
f830
e2aa
ebfa
ffff
555a
556a
56aa
aa96
6955
9555
9955
8544
af97
a4ce
abfa
a942
6aaa
1aa9
4555
0011
6955
6a55
9a94
a6aa
965a
5454
5110
4440
c76f
ff5b
a15b
be6b
b56f
e6bf
aaff
abff
a3af
abaf
abbf
ebbf
fbbf
7ebf
beff
fdbf
eabc
eabe
ca91
d6bc
ccfe
733a
6ffa
6bff
6ff7
ab77
a5f7
95dc
a5fd
697d
5a8f
5667
8999
2a6a
029a
0a6a
aaaa
9aaa
a56b
9569
64cf
aafa
aa4e
aaf6
69fa
5aa6
f969
7ce9
55af
5f23
7fca
7cc4
7c3f
943f
abfd
0afa
53f7
57c7
67f5
e4f1
64fc
f93f
da3f
768c
53d5
53bd
5fb5
5f94
5d5c
5f7f
5f7e
5ff3
fd55
ffd5
fd75
f5d1
d540
5544
5514
5415
05fd
05ff
15ff
5fff
6fff
bf5f
f5fb
17ef
0fbf
3efd
3bf5
2f5f
bdfe
b7ea
dfa5
dfbd
7efd
7bfd
fbf7
fbd3
fbdf
fb5c
f97e
f64d
cd45
ff96
3366
8fd5
ab35
68fd
a600
6aaa
9555
5404
5041
0555
5555
5555
5550
5544
f1df
c5df
d7df
17df
17df
9fff
bd7f
b55f
45d7
1747
1747
9717
5d17
8d17
3e57
31d7
dd1d
741d
dc5d
f45d
dc7d
f47d
f175
d1f5
0abf
2aff
afff
bfff
bfff
ffff
ffff
ffff
5555
5415
93c5
9fc5
9fc5
9ff5
9ff5
9fc5
5555
5502
24f0
97fc
57fd
27fd
27fd
e7fd
1555
0001
4140
5554
1551
0505
4535
4235
5554
5540
5405
4050
0414
5155
5155
46aa
5555
5555
5455
5455
5515
5545
5551
5545
f545
f551
fd50
fd54
ff54
ffd4
ffd4
ffd0
467e
457e
45ff
47ff
47f5
45d5
515f
515f
5234
6273
d17f
527f
56bf
557f
557f
5d7e
e7fd
e7f2
e7f6
a7f6
a7f6
a7f6
a7f9
97c9
9fd7
9fd5
7f17
7f57
7f5f
fc5f
fd77
fd7f
fd5f
f17f
f5ff
f57f
c5ff
d7ff
d7ff
1fff
dddf
7ddf
77dd
775d
5f75
ff77
ff5f
ff7f
93d5
dfd4
5f17
df57
5f77
df77
5ddf
dddf
7fff
7fff
7fff
ffff
ffff
ffff
ffff
ffff
d77e
dd7e
5f79
5f79
7dfb
7ded
7d77
7fdf
5157
5075
5575
55dd
55fd
55fd
577f
57ff
ffd5
ffd5
ffd4
ffd5
fff5
fff5
fff5
fffd
57ff
55ff
d5ff
75ff
f5ff
dd7f
fd5f
f757
fffd
fffd
ffff
ffff
ffff
ffff
ffff
ffff
f7df
d757
d7d7
fdd7
f757
f5f7
f577
fd77
56b0
d602
d632
560b
5e08
5e0b
5e88
5d84
8cc2
330a
cc2a
c2aa
e5ab
286b
236b
23db
bc1a
bc5a
fc6a
f1a6
f1a8
c6a8
06a0
1a81
4165
4197
46a5
0657
1619
1acb
6b2b
a46f
90ad
91b7
519f
467f
46df
197f
59df
6b7d
1a81
6a05
6b16
a06a
b1aa
c5a9
16a4
5a90
a3d8
a7d8
a7d9
e7d5
efd6
6f16
6f17
7f14
5fa4
7f6a
7f5a
7d6a
fd6b
fd6f
fdbd
f531
fd7d
ff7f
ff77
ff75
fddd
fdfd
f7d5
ff57
f55f
f5ff
d7f3
d3cf
d3cf
dfdf
53d3
5414
5aaa
1555
0054
1055
0540
0010
0141
0000
a54f
5190
556a
1155
4151
0554
4401
0140
f5c5
d415
f555
f543
f54f
f57f
c67f
2a7f
7f15
fc55
fc6a
f053
fc69
ff6a
3f6a
3f6a
7fa5
8e95
aa55
5555
1545
4541
4010
0000
5545
5455
4555
5555
5555
5554
5550
0000
6a41
ab05
b056
056a
6aa9
aaa5
aa55
a555
65ff
b7ff
9dff
777f
5fff
57ff
5dff
777f
5555
5440
5542
5112
4402
5104
4010
0001
5556
556a
55aa
56a9
5a95
a955
a555
5555
a955
9555
5551
5441
0405
5155
4556
156a
5555
55aa
aa95
5555
5550
5055
5505
9541
15a5
5697
5a75
595f
5977
195f
157f
1577
5554
a554
aa95
9565
b755
9d55
bdd5
b755
bdd5
bf75
bdd5
bf75
bfd5
af75
afdd
abf5
aaa9
aaaa
a8cc
8c00
b000
802a
82aa
aaaa
5556
55a0
0080
0000
000a
aaaa
aaaa
aaaa
457f
457f
557f
457f
555f
5555
5555
555a
00aa
02aa
0aaa
aaa0
aa80
a801
a155
a156
ffff
ffff
ffff
ffff
fffa
7eaa
6a82
a80a
ffff
ffff
ffaa
eaaa
aaaa
aaaa
aaaa
aaaa
aa80
a000
0000
0155
555a
56aa
6aaa
aaa8
aa80
a801
8015
0055
0156
016a
55aa
56a8
aaa0
aa00
a001
0055
0555
1555
155d
55b7
a5dd
afaa
aa96
a500
4155
0555
5555
5555
ffff
afff
106f
5517
5555
5555
5555
5555
dd55
f755
fff5
ffff
5ffd
57ff
55ff
5555
156a
55aa
5add
6b77
9ddd
7777
dffd
7fff
9554
9555
d551
5555
d545
7555
d555
7555
a000
0000
5555
6aa9
a555
5556
5555
5557
555f
55ff
577d
57ff
57f7
557f
5fff
57fd
15aa
56a8
9a80
0000
5055
555a
a5a5
aa95
02aa
500a
5400
5550
9555
a969
805a
055a
5555
5555
5544
5800
8015
1000
0000
0000
02aa
00aa
002a
a80a
a802
aa8a
aaaa
02bf
95aa
9abf
aaff
afff
afff
ffff
ffff
ffff
ebf6
afeb
bfaf
febf
5aff
6bff
afff
a7ff
e6ff
5aff
aa7e
aa56
aaaa
aaaa
aaaa
aaaa
ffff
ffff
efd7
ebea
fbab
fbbf
fe7f
f6ff
ffff
ffff
7fff
ffff
ffff
ffff
fdff
d7ff
bfff
dfff
f7ff
ffff
ffff
ffff
ffff
ffff
bfff
ffff
ffff
ffff
ffff
ffff
ffff
abff
ffff
ffff
abff
bffd
fffd
fffd
fffd
fff5
5f7f
7fff
fff7
dfdd
ffff
dfff
ffff
5555
5555
5555
1555
0151
4001
1400
0000
0000
5555
5554
5545
5544
5415
0040
0000
0000
7fff
7fff
ffff
fddf
d7df
ffff
dfff
f5ff
ff55
fd54
f554
5505
5455
0155
5554
5555
417f
445f
5115
5155
5515
5445
5551
5515
5555
5515
d545
5555
d551
5555
d555
5545
d545
5551
d554
7554
d555
7555
d555
f555
5555
5555
5555
1555
5555
5555
4555
5155
ffff
ffff
ff7f
ffff
f7ff
ffff
ffff
ffff
57ff
57ff
57ff
5555
5555
57ff
57ff
57ff
555a
566b
556b
55af
65af
56bf
56bf
5aff
abff
aaff
aaff
aabf
aabf
aaaf
aaaf
aaab
fff7
fff7
dff7
d7f7
ddf7
df7f
dfdf
dff7
f007
fc07
df07
d7c7
d1f7
d07f
d01f
d007
f7cd
f7f1
f7cd
f7f1
f7cd
f7f1
f7cd
f7f1
f7cd
f7f1
aacd
a571
aa4d
f5f1
f7cd
f7f1
5555
5555
a555
b955
9955
a955
5555
5555
5555
5555
5555
5555
a555
a555
5555
5556
5556
155b
1562
9582
5942
5589
4588
2160
aaaa
aaaa
aaaa
aaaa
aaaa
aaaa
aaaa
aaa9
5695
55aa
5559
5556
5555
5555
5555
5555
5695
55aa
5559
5556
5555
5555
5555
5555
566a
566a
566a
5669
566a
566a
566a
565a
566a
566a
566a
566a
566a
566a
566a
565a
1a90
0640
0000
0000
0000
0000
0000
0000
0000
8200
0000
0200
0000
0000
0000
0000
0200
0020
2000
0000
0000
0000
0000
0000
aaaa
aaaa
aaa8
aaa2
aaa2
aa8a
aa28
aa2b
aaaa
aaaa
aaa4
aa91
aa41
a921
a8a7
a2ab
aa9f
bfff
f7ff
edaa
db90
c2e0
48b8
6a2e
2a8b
2aa2
aaa9
aaaa
aaaa
aaaa
aaaa
aaaa
8aa7
28ae
a2ad
8a1c
2a74
2a76
a8f2
aada
a8a2
a8ae
a28a
a2ba
92ea
8aaa
8aa9
2aa1
a1da
a72a
836a
acaa
3daa
72aa
faaa
d2aa
efc6
f8f1
befc
2f8f
97e3
abfb
a7f7
a7fb
a7f7
a7f9
a7fd
a7cd
a70d
a70d
a7fd
97fd
ffcf
ffc0
3fcc
ffcc
ffcc
ffcc
ffcc
fdcc
1555
6aaa
6aaa
6aaa
6aaa
6aaa
6aaa
6aaa
ffff
ffff
cfff
ffff
ffff
0000
333f
c000
5dff
ab7f
555f
333f
ccff
fff0
ffc3
ffcc
5555
aaaa
aaaa
aaaa
aaaa
aaaa
aaaa
aaaa
ffff
ffff
ffcf
ffff
ffff
0000
ffff
0000
ffff
ffff
f3ff
ffff
ffff
ff3f
ffff
ffff
aaaa
aaaa
aaaa
06aa
cc1a
fff0
fc0a
84ff
aaaa
aaaa
005a
c303
0cf0
cccc
ff3f
fffd
aaaa
2016
1000
8000
4000
ccc3
0000
ffff
5950
ffff
ffff
ffff
ffff
ffff
ffff
3fff
ffcc
0965
0ccf
333f
ffff
fff3
ffff
57ff
3f3f
fffc
0569
5003
00cc
3333
ccff
bfd5
aaaa
aaa0
aa80
aa80
a801
a002
8008
aaa4
aaad
aaaf
aaac
aaff
a569
accc
a333
a7ff
a8ea
aad0
aa39
aabf
aa90
aaaa
aaaa
aaaa
4f80
0f40
83ff
fffc
059a
aaaa
aaaa
aaaa
31e2
fbea
e3aa
8eaa
1aaa
aaaa
aaaa
aaaa
5a4f
00cb
63f7
ffc3
ffef
df4d
5f7c
0d37
a501
f155
cfc1
c690
40cf
cfff
ffff
ffd9
f000
f033
d0cf
433f
4ff2
3f2a
f2aa
6aaa
ff7f
fcaa
feaa
daaa
aaaa
aaaa
aaaa
aaaa
ffff
5943
0000
7ff0
a7ff
aa66
a804
0307
c000
002a
0aaa
aaaa
aaaa
aaaa
aaaa
aaaa
aa80
a830
aa00
aa82
aaaa
aaaa
aaaa
aaaa
c193
fff1
5994
000a
ffea
952a
00aa
fcaa
ffff
6aa4
0cce
aaaa
aaaa
aaaa
aaaa
aaaa
ffff
ffff
ffff
fccc
9555
cccc
ffff
ffff
aaaa
aaaa
aaaa
aaaa
0000
ffff
5555
0000
6aaa
6aaa
6aaa
1aaa
c000
ffff
5555
c000
ffff
ffff
ffff
6943
0006
3309
cce3
335f
3fff
ffff
f153
2555
8000
3333
cccc
a540
ffcc
ffcc
3fcc
ffcf
3fcf
fff3
3ffd
ffff
67fd
97fd
57fd
5ffd
7ff5
ff14
ff53
ff74
3c73
fd4c
fdd3
f1df
f5d1
d7c9
5f15
7f05
6664
9913
6973
ffff
ffff
ffff
0015
5555
aaaa
aaa9
aaa6
5555
fe6a
4fff
55a7
9991
