0000
0000
0000
0000
0000
0000
0000
0000
0000
0000
0000
0000
0000
0000
0000
0000
0000
0000
0000
0000
0000
0000
0000
0000
0000
0000
0000
0000
0000
0000
0000
0000
0000
0000
0000
0000
0000
0000
0000
0000
0000
0000
0000
0000
0000
0000
0000
0000
0000
0000
0000
0000
0000
0000
0000
0000
0000
0000
0000
0000
0000
0000
0000
0000
0000
0000
0000
0000
0000
9900
0000
d300
0000
3300
0000
9900
0009
9100
0009
1100
0009
1100
0009
1100
0092
2200
0092
3200
0099
9300
0009
2200
0009
1100
0009
1100
0009
1100
0009
2100
0009
9200
0009
3200
0009
1200
0000
1200
0000
2200
0000
2300
0000
3900
0000
9900
0000
9200
0000
3200
0000
2200
0000
9900
0000
0000
0000
0000
0000
0000
0000
9900
0000
3300
0000
3f00
0000
dd00
0000
d990
0000
9990
0000
1990
0000
1190
0000
1199
0000
1239
0000
99d9
0000
9fd9
0000
3399
0000
1299
0000
1190
0000
2190
0000
3390
0000
1390
0000
1300
0000
2200
0000
1100
0000
1200
0000
2300
0000
3900
0000
9900
0000
9200
0000
3200
0000
2200
0000
9900
0000
0000
0000
0000
0000
0000
0000
0000
0000
0000
0000
0000
0099
9000
0033
3900
003f
3900
00dd
3900
009d
9300
0019
9900
0011
9d00
0011
9d00
0012
9900
0012
9900
0093
9100
0023
1200
0031
1300
0031
1200
0011
1200
0039
1300
0023
1300
0021
1300
0091
2300
0092
2300
0092
3900
0009
9200
0009
2200
0000
2200
0000
2300
0000
9900
0000
0000
0000
0000
0000
0000
0000
9900
0000
d300
0000
3f00
0000
fd00
0000
d300
0000
d300
0000
9900
0000
1190
0000
1190
0000
1190
0000
1190
0000
1990
0000
1290
0000
1290
0000
1190
0000
1190
0000
9990
0000
2200
0000
1100
0000
3900
0000
1100
0000
2300
0000
1200
0000
1100
0000
1100
0000
3300
0000
9900
0000
1300
0000
9900
0000
0000
0000
0000
0000
0000
0000
9900
0000
3300
0000
ff00
0000
dd00
0000
9900
0000
9900
0000
9100
0000
1100
0000
1190
0000
1190
0000
2290
0000
9990
0009
2390
0009
1190
0009
1100
0009
1100
0009
1100
0009
1100
0009
2100
0009
2100
0009
1200
0009
1300
0009
3900
0009
9300
0000
9300
0000
3200
0000
3200
0000
2200
0000
9900
0000
0000
0000
0000
0000
0000
0000
9900
0000
3300
0000
3300
0000
3300
0000
9990
0000
3390
0000
3d90
0000
d390
0000
3339
0000
3339
0000
3339
0000
9339
0000
9339
0000
9399
0000
9390
0000
9990
0000
2990
0000
3990
0000
3900
0000
2200
0000
2200
0000
2100
0000
1200
0000
2100
0000
2200
0000
2200
0000
2200
0000
2200
0000
9900
0000
0000
0000
0000
0000
0000
0000
0000
0000
0000
0000
0000
0000
0000
0000
9900
0009
cc00
0099
1100
0091
1100
0021
1100
0091
1100
0019
1100
0011
1100
0033
9900
009c
1100
0099
2100
0022
1200
0023
1100
0013
1100
0013
1100
0011
1200
003c
2200
00cc
fc00
009a
bc00
00bc
cc00
009c
cb00
009c
c900
009b
9200
0009
9900
0000
9000
0000
0000
0000
0000
0000
0000
0000
0000
0000
0000
0000
0000
0000
9900
0000
cc00
0000
fc00
0009
b100
0009
1100
0009
1100
0009
1100
0091
1100
0093
2100
0099
9900
0009
9100
0092
9200
0092
9100
0091
1100
0013
1100
0011
1100
003c
1100
00cc
2200
009a
f200
00bc
bc00
009c
cc00
00cc
cb00
00bc
b900
009c
9200
0009
9900
0000
9000
0000
0000
0000
0000
0000
0000
0000
0000
0000
0000
0000
0000
0000
0000
0099
0000
009c
9000
009c
9900
00cf
c900
00cb
1900
00c1
1200
00b1
9900
0011
1100
0091
1200
0019
1200
0011
2c00
0091
cf00
0031
2f00
0031
2c00
0011
2c00
0031
2200
0039
2300
001c
cc00
00cc
cb00
00ca
cb00
00a9
b900
00cb
9900
009c
9200
009c
9900
009b
9000
0009
0000
0000
0000
0000
0000
0000
0000
0000
0000
0000
0000
0000
9900
0000
cc00
0000
fc00
0000
cc00
0009
c200
0009
2100
009c
1100
009c
1100
009c
2200
009c
9900
0092
9900
0092
9900
0092
1900
0092
1100
0092
1100
0009
c200
0009
cc00
0009
cc00
0009
cc00
0009
aa00
0000
cc00
0000
cc00
0000
cc00
0000
cb00
0000
bb00
0000
9900
0000
0000
0000
0000
0000
0000
0000
0000
0000
0000
0000
9900
0000
cc00
0009
fc00
0009
b100
0009
1100
0009
1100
0091
2100
0093
1200
0099
2200
0009
9900
0092
9100
0092
9200
0091
9100
0013
1100
0011
1100
003c
1100
002c
1100
00ca
2200
00cb
2200
009b
2c00
009b
cc00
009c
cb00
009c
b900
009c
9200
0009
9200
0009
9900
0000
9000
0000
0000
0000
0000
0000
0000
0000
0000
0000
0000
0000
0000
0000
9900
0000
cc00
0000
cf00
0000
cc00
0009
cc00
0009
2200
0009
b200
0091
1100
0092
1100
0092
1100
0092
2200
0021
2200
0011
cc00
0011
cb00
00c1
cc00
00c1
cb00
0021
cb00
0021
bb00
00c2
ba00
00cc
aa00
00bb
ab00
00ab
a900
0099
2100
0009
1100
0000
1900
0000
9000
0000
0000
0000
0000
0000
0000
0090
0000
0029
9900
0092
7600
0009
7700
0096
7700
0067
7700
0076
7700
0067
7700
0077
7700
0067
6700
0077
6600
0077
6600
0076
6600
0079
6200
0012
1200
0011
1200
0019
1200
0011
2600
0011
9600
0099
6900
0016
9900
0011
9600
0096
3600
0077
2100
0099
1200
0000
2100
0000
1200
0000
1100
0000
9900
0000
0000
0000
0000
0000
0000
0009
0000
009d
9600
0099
7700
0000
9790
0000
9779
0000
7779
0000
7777
0009
7776
0096
6676
0099
9966
009c
9966
0095
5976
0099
9969
0009
9969
0009
9269
0009
2690
0009
2190
0092
1100
0099
1600
0099
1700
0092
1700
0009
7900
0000
9300
0000
3200
0000
2100
0000
1200
0000
1100
0000
1100
0000
9900
0000
0000
0000
0000
0000
0000
0000
0000
0000
0000
0000
0000
0099
9000
0067
6900
9977
7600
9d97
7700
9997
7700
0077
7700
0077
7700
0077
6700
0077
7600
0077
6600
0077
2700
0066
2700
0099
2600
0029
2700
0012
2600
0091
6600
0011
9900
0011
6900
0099
9600
0016
9600
0011
3600
0019
2100
0097
2100
0099
1100
0000
2200
0000
9900
0000
0000
0000
0000
0099
0000
00d2
0090
0099
9900
0000
7700
0000
7700
0000
7700
0000
7700
0000
7700
0009
7700
0009
7700
0009
7690
0096
7790
0096
7790
0096
7690
0099
6990
0009
1290
0009
1100
0009
9100
0009
1100
0000
1100
0000
9200
0000
1600
0000
1100
0000
9600
0000
7100
0000
6600
0000
9900
0000
3300
0000
1100
0000
9900
0000
0000
0000
0000
0000
0000
0009
0000
009d
9600
0099
7700
0000
9790
0000
9779
0000
7779
0000
7777
0009
7776
0096
7776
0097
7766
0096
6666
0099
6976
0099
9969
0009
9969
0009
2269
0009
1190
0099
1190
0092
7100
0009
1600
0009
1700
0009
1700
0009
7900
0009
9300
0009
3200
0009
2100
0000
1200
0000
1100
0000
1100
0000
9900
0000
0000
0000
0000
0000
0000
0009
0000
009d
9900
0099
7700
0000
7790
0000
7779
0000
7779
0000
7777
0009
7777
0096
7777
0097
7777
0097
7766
0096
7776
0099
7669
0009
6769
0009
6669
0009
6690
0009
6690
0009
7600
0009
6600
0000
6700
0000
7600
0000
6600
0000
6600
0000
6600
0000
6600
0000
9600
0000
2600
0000
2200
0000
9900
0000
0000
0000
0000
0000
0000
0000
0000
0000
0000
0000
0000
0000
9900
0000
4300
0000
3400
0009
3300
0009
9900
0009
5500
0095
3900
0093
1100
0093
3200
0093
1100
0009
9100
0009
1200
0009
c100
0009
1100
0009
1100
0009
2100
0009
2100
0009
1100
0000
1190
0000
1290
0009
2990
0093
9390
0094
3239
0093
2139
0093
1139
0009
9990
0000
0000
0000
0000
0000
0000
0000
0000
0000
0000
0000
0000
0000
9900
0000
3400
0000
4300
0000
9900
0000
5500
0000
3990
0000
3190
0000
1190
0000
1190
0000
2990
0000
1290
0000
1190
0000
1190
0000
1190
0000
1290
0000
1139
0000
3139
0000
3233
0000
1143
0000
1243
0000
2234
0000
9933
0000
2333
0000
2133
0000
1143
0000
9933
0000
0099
0000
0000
0000
0000
0000
0000
0000
0000
0000
0000
0000
0000
0009
9000
0093
3900
0033
9900
0034
5900
0033
9900
0039
3300
0095
2300
0055
2300
0051
1200
0021
1100
0032
2200
0039
1200
0092
c100
0091
1100
0091
1200
0092
2100
0009
1290
0099
1290
0099
1290
0093
2990
0034
9900
0033
9200
0043
9200
0093
1100
0093
9900
0009
0000
0000
0000
0000
0000
0000
0000
0000
0000
0000
0000
0000
9900
0000
3400
0000
3300
0000
3300
0000
9900
0000
5500
0000
3300
0000
3300
0000
3100
0000
1100
0000
1100
0000
1100
0000
1100
0000
1100
0000
3300
0009
2200
0009
1190
0009
fc90
0009
1199
0009
3339
0099
1149
0093
1134
0093
9943
0099
3333
0009
1133
0000
9999
0000
0000
0000
0000
0000
0000
0000
0000
0000
0000
0000
9900
0000
4300
0000
3400
0000
5990
0000
5590
0000
3339
0000
3139
0000
1199
0000
1259
0000
1299
0000
1139
0000
1139
0000
1139
0000
9239
0000
1134
0000
9133
0009
9933
0093
9934
0039
1933
0000
2149
0009
1139
0094
2234
0033
9339
0099
2233
0000
1133
0000
1199
0000
9900
0000
0000
0000
0000
0000
0000
0000
0000
0000
0000
0000
0000
0000
9900
0000
3400
0000
3300
0000
9900
0000
5500
0000
3990
0000
3390
0000
3390
0000
3390
0000
3390
0000
3390
0000
3390
0000
3390
0000
3390
0000
3390
0000
3339
0000
3339
0000
3443
0000
4333
0000
3334
0000
3333
0000
3333
0000
4343
0000
3333
0000
3333
0000
9933
0000
0099
0000
0000
0000
0000
0000
0000
0000
9000
0000
2900
0000
1900
0003
1200
0000
1100
0043
1100
0094
1130
0009
1390
0043
1100
0093
1100
0009
1133
0009
2190
009c
ff00
009f
9900
009f
9900
009c
fc00
0009
3300
0009
2200
0009
1100
0009
1100
0000
2100
0000
1100
0000
1100
0000
1100
0000
1300
0000
3200
0000
2100
0000
9900
0000
0000
0000
0000
0000
0000
0000
0000
0000
0090
0000
3090
0000
0490
0000
3329
0000
9290
0000
3124
0000
9133
0000
1199
0000
1129
0000
2133
0000
c229
0000
cf29
0000
9934
0000
9999
0000
ff99
0000
2292
0000
1129
0000
9129
0000
3139
0000
1100
0000
3200
0000
2100
0000
1100
0000
1100
0000
2300
0000
2200
0000
2100
0000
9900
0000
0000
0000
0000
0000
0000
0000
0000
0090
0000
0029
0000
0011
0000
0011
0000
0011
0300
0011
0400
0011
4900
0011
9000
0011
9000
0011
9300
0011
4900
0021
c900
0022
9900
00ff
3300
0099
2100
0099
2200
009f
1200
00fc
1200
0033
1100
0012
1200
0012
1200
0092
1200
0092
1200
0009
1900
0000
9300
0000
3200
0000
2100
0000
9900
0000
0000
0000
0000
0000
0000
0000
9900
0000
1200
0000
1100
0000
1100
0000
1130
0000
1190
0000
1100
0004
1104
0009
1149
0000
1190
0004
1100
0049
1134
0090
2239
0000
ff90
0009
9999
0009
9919
0009
ff19
0009
2319
0000
1199
0000
9390
0000
3100
0000
1100
0000
9300
0000
2200
0000
1100
0000
1100
0000
3300
0000
9200
0000
9900
0000
0000
0000
0000
0000
0000
0000
0000
0000
0000
0000
0900
0000
3900
0009
2100
0009
1100
0000
1100
0000
1190
0009
1194
0004
1144
0000
2299
0000
ff94
0000
9943
0000
9949
0000
ff94
0000
1a94
0009
2290
0091
1190
0011
1190
0019
2100
0019
9100
0019
9100
0011
1100
0091
1100
0009
1100
0000
9900
0000
9900
0000
1100
0000
9900
0000
0000
0000
0000
0000
0000
0000
0000
0000
0090
0000
0090
0000
0090
0000
0090
0000
0990
0000
9390
0009
3139
0009
4339
0000
4439
0000
3339
0000
3339
0000
4434
0000
3343
0000
2333
0000
1344
0000
1449
0000
1394
0000
3499
0000
4993
0000
9349
0000
3949
0000
3390
0000
3940
0000
9990
0000
2390
0000
2200
0000
2100
0000
9900
0000
0000
0000
0000
0000
0000
0000
0000
0000
9900
0000
aa00
0009
aa00
0009
aa00
0099
1100
0091
1100
0091
1100
0091
1100
0091
1100
0092
aa00
0021
2200
0022
9900
0032
3300
0091
1100
0091
1c00
0091
1100
0091
1100
0093
1100
0009
2200
0009
9200
0009
1200
0000
1200
0000
1300
0000
1900
0000
9900
0000
9200
0000
2200
0000
9900
0000
0000
0000
0000
0000
0000
0000
9900
0000
aa00
0000
5a00
0000
aa00
0000
aa00
0000
a100
0000
a190
0000
9190
0000
1190
0009
1a90
0009
aa90
0009
1990
0009
2319
0009
1219
0009
1219
0000
2229
0000
1190
0000
1190
0000
9200
0000
1900
0000
3100
0000
2100
0000
1100
0000
1300
0000
9900
0000
9200
0000
2200
0000
2200
0000
9900
0000
0000
0000
0000
0000
0000
0000
0000
0000
0000
0099
0000
00aa
9000
0055
9900
00ac
a900
005a
aa00
001a
aa00
001a
aa00
0011
aa00
0011
aa00
0011
2a00
00a1
2200
002a
2200
0099
1200
0033
1200
0011
1200
0011
1200
0011
2300
0011
2200
0032
2300
0092
2300
0092
9900
0093
3900
0009
9900
0009
9200
0000
9200
0000
9200
0000
9900
0000
0000
0000
0000
0000
0000
0000
0000
0000
9900
0000
aa00
0009
aa00
0009
aa00
0099
1100
0091
1100
0091
1100
0091
1100
0091
1100
0092
aa00
0021
2200
0022
9900
0032
3300
0091
1100
0091
1c00
0091
1100
0091
1100
0093
1100
0009
2200
0009
9200
0009
1200
0000
1200
0000
1300
0000
1900
0000
9900
0000
9200
0000
2200
0000
9900
0000
0000
0000
0000
0000
0000
0000
9900
0000
aa00
0000
aa00
0000
aa00
0000
a100
0000
1100
0009
1100
0009
1100
0009
1900
0092
9200
0092
cf00
0093
f900
0093
cf90
0093
2990
0093
1190
0009
1190
0009
1100
0009
1100
0009
9900
0009
1200
0009
1200
0009
1200
0009
1200
0009
1900
0009
9900
0000
2200
0000
2200
0000
2100
0000
9900
0000
0000
0000
0000
0000
0000
0000
9900
0000
9a00
0000
aa00
0000
aa00
0000
aa00
0000
aa00
0000
aa90
0000
9a90
0000
9990
0000
9990
0000
9990
0000
9990
0009
9990
0009
9990
0009
9990
0009
9900
0009
9900
0009
9900
0000
9900
0000
9900
0000
9300
0000
3300
0000
3300
0000
3200
0000
2100
0000
2200
0000
2200
0000
2200
0000
9900
0000
0000
0000
0000
0000
0000
0000
0000
0000
0000
0000
0000
0000
9900
0000
5500
0000
5500
0000
9500
0000
9990
0000
9959
0000
bb59
0000
bc59
0000
ff59
0000
9f59
0099
9f59
00dd
cc59
00dd
9959
00ee
9d99
00dd
dd99
009d
3390
0099
3390
00d9
d300
00dd
3d00
009d
9d00
0009
9900
0000
9900
0000
9500
0000
5900
0000
9900
0000
9900
0000
0000
0000
0000
0000
0000
0000
0000
0000
0000
0000
0000
0000
9900
0000
5500
0000
5500
0000
5990
0000
9559
0000
9955
0000
9955
0000
bb55
0090
b955
00d9
c955
00ed
cf55
00dd
9c55
00ee
9955
00dd
9d59
009d
dd59
0099
3d99
00d9
9399
00dd
3390
00dd
dd00
0099
dd00
0000
9900
0000
9900
0000
9500
0000
5900
0000
9900
0000
9900
0000
0000
0000
0000
0000
0000
0000
0000
0000
0000
0000
0000
0000
9000
0000
5900
0009
5500
0095
5500
0099
9500
0095
9500
0099
9900
009b
9500
00bb
b900
00bf
b900
00ba
b500
00b9
9900
0099
9900
009d
dd00
99dd
ed00
9ddd
de00
09ee
3d00
09dd
3d00
00d9
dd00
0099
3900
0093
9900
003d
9900
0099
5500
0000
5900
0000
9900
0000
9900
0000
0000
0000
0000
0000
0000
0000
0000
0000
0000
0000
0000
0000
0000
0000
9900
0000
5500
0000
5500
0000
5500
0000
5900
0009
9900
0009
9900
0009
9c00
0009
9f00
0009
9f00
0009
9900
0000
de00
0000
dd00
0000
dd00
0099
de00
009d
dd90
009d
9990
009d
3300
0009
dd00
0000
9900
0000
9900
0000
5500
0000
5900
0000
9900
0000
9900
0000
0000
0000
0000
0000
0000
0000
0000
0000
0000
0000
9900
0000
5500
0000
5500
0000
5990
0000
9b59
0000
9c55
0000
9c55
0000
bc55
0090
bf55
00d9
cf55
00ed
cf55
00dd
cc55
00ee
9c55
00dd
9959
009d
d959
0099
dd99
0009
dd99
0099
9d90
00dd
9900
0039
9900
0033
dd00
00d3
dd00
00dd
3300
009d
9900
0093
9900
0009
9900
0000
9900
0000
0000
0000
0000
0000
0000
0000
0000
0000
0000
0000
0000
0000
9900
0000
5500
0000
5500
0000
5590
0000
5559
0000
5555
0000
5555
0000
5555
0000
5555
0099
9595
00dd
5955
00dd
9595
00dd
5955
00dd
9959
009d
9999
0099
9999
00dd
9999
003d
9990
0099
9900
0000
9900
0000
9900
0000
9900
0000
9500
0000
5900
0000
9900
0000
9900
0000
0000
0000
0000
0000
0000
0000
0000
0000
0000
0000
0000
0000
9000
0099
2900
0021
1900
001c
c200
00c1
1c00
001c
1100
0011
2100
0011
9200
0093
9900
00d9
7990
0062
6690
0021
3990
0011
1290
0091
2390
0021
3290
0011
2190
0011
1200
0011
2100
0011
1300
0099
3200
0019
2300
0011
9900
0033
9100
0011
2200
0021
2200
0099
9900
0000
0000
0000
0000
0000
0000
0000
0000
0000
0000
0000
9900
0000
2c00
0009
c100
0009
1c00
0091
1100
0011
1c00
0022
2100
0099
9200
009e
7990
0097
f729
0029
7ec9
0021
7629
0019
9329
0021
2129
0011
1229
0011
3329
0011
2229
0011
1190
0099
2100
0019
1300
0011
3200
0033
2300
0011
9900
0021
9100
0099
2200
0009
2200
0000
9900
0000
0000
0000
0000
0000
0000
0000
0000
0000
0000
0000
0000
0000
0000
0000
9000
0009
9900
0099
9100
0019
2200
00c3
1200
0032
1100
0021
2100
0011
9900
0031
6900
0091
9300
0021
2300
0011
3200
0011
2100
0019
1200
0021
2200
0011
1100
0011
2300
0011
1200
0011
3300
0099
2900
0019
9100
0031
9100
0023
3200
0011
1100
0032
9900
0099
0000
0000
0000
0000
0000
0000
0000
0000
0000
0000
0000
0000
0000
0000
0000
0000
9900
0009
9990
0009
3390
0092
1290
0091
2119
0011
1111
0012
1121
0029
1191
0029
2192
0033
1133
0023
1132
0012
1121
0021
1112
0092
1121
0092
1119
0092
1139
0092
1139
0009
9990
0000
9990
0000
1100
0000
2200
0000
2200
0000
1100
0000
9900
0000
0000
0000
0000
0000
0000
0000
0000
0000
0000
0000
0000
0000
9900
0000
2c00
0000
c100
0009
c100
0099
1100
001c
1100
0011
1190
0023
1c19
0022
11c2
0092
992c
0092
1212
0031
1122
0032
1312
0021
1112
0029
2122
0019
1212
0019
3129
0019
1290
0039
2100
0034
2300
0023
3200
0011
2900
0011
9900
0033
3200
0011
2200
0099
9900
0000
0000
0000
0000
0000
0000
0000
0000
0000
0000
0000
9900
0000
2c00
0009
c100
0009
1c00
0091
1100
0011
9900
0011
c900
0011
1c00
0011
c190
0091
1c29
0021
1cc9
0021
1129
0011
1129
0021
1129
0011
1129
0011
2239
0012
2329
0012
3290
0022
2300
0022
2300
0022
3300
0022
3100
0022
2200
0023
2100
0099
2200
0000
2200
0000
9900
0000
0000
0000
0000
0000
0000
0000
0000
0000
0000
0000
0000
0000
9900
0000
ed00
0009
dd00
0092
de00
009d
dd00
009d
9d00
002e
3900
00ed
1900
00dd
2200
006d
2900
0099
b100
00d9
1200
00d9
c100
0099
1c00
0099
1100
0099
2100
0099
1100
009d
1190
009e
1390
009e
23d9
009d
39d9
0009
9339
0009
3299
0000
2190
0000
1100
0000
9900
0000
0000
0000
0000
0000
0000
0000
0000
0000
0000
0000
0000
0000
9200
0000
de00
0000
ef00
0000
ed00
0000
dd00
0000
d900
0000
9390
0009
1190
0009
1190
0009
2290
0009
2990
0009
1290
0000
1190
0000
1190
0009
2190
0009
1290
0009
11e9
0009
31f9
0009
11e9
0009
11e9
0009
13e9
0009
99e9
0000
33e9
0000
2239
0000
1199
0000
9990
0000
0000
0000
0000
0000
0000
0000
0000
0000
0000
0000
0000
0000
0000
0099
0000
009d
2900
002e
2900
00dd
2900
00ee
f200
00de
ed00
00ed
ed00
00d9
ee00
00aa
9300
0099
2900
0092
2900
0019
1900
0022
1900
0021
2900
0011
2900
0091
1200
0092
1300
0099
3990
0039
3990
00e9
9390
00e3
3290
00de
2100
00dd
3100
000d
2900
0099
9900
0009
0000
0000
0000
0000
0000
0000
0000
0000
0000
0000
9900
0000
2200
0000
ee00
0000
ff00
0000
dd00
0000
dd00
0000
dd00
0009
d900
0009
9100
0009
1100
0009
2290
0009
2990
0009
1290
0009
1190
0009
1190
0009
9299
0009
21d9
009d
11f9
009d
33e9
009d
11e9
009d
21e9
009d
11d9
009d
2290
0009
9300
0000
9900
0000
1100
0000
9900
0000
0000
0000
0000
0000
0000
0000
0000
0000
0000
0000
0000
0000
9200
0000
de00
0000
ef00
0000
ed00
0000
dd00
0000
d900
0000
9390
0009
1190
0009
2299
0009
2fe9
0009
f9e0
0099
29ee
009e
12ee
00ed
11dd
00de
21de
00dd
12ed
00dd
11ed
00dd
21ed
009d
21de
00ed
21dd
009d
11ed
00e9
19e9
0009
19ee
0000
929e
0000
9199
0000
9909
0000
0000
0000
0000
0000
0000
0000
0000
0000
0000
0000
0000
0000
9900
0000
ed00
0009
dd00
0092
ee00
009d
ee00
00ee
ee00
002d
ee00
009d
ee00
009d
ee00
0009
ed00
0009
ed00
0009
ed00
0009
ed00
0009
ed00
0099
de00
0099
dd00
0099
dd00
0099
dd90
009d
ed90
009e
ddd9
009d
edd9
0009
ed39
0009
dd99
0000
de90
0000
e100
0000
9900
0000
0000
0000
0000
0000
0000
009b
9900
00b9
5500
0099
5500
0099
5500
0099
5500
0099
5590
00cc
5590
00bb
5559
0059
5559
0099
5555
0055
5555
0055
5555
0055
5555
0055
5555
0055
5555
0055
5555
0055
5595
0055
5599
0095
5555
0095
5995
0059
5955
0059
5955
0059
9955
0055
1155
0055
1155
0055
1259
0055
2199
0055
1190
0095
9200
0099
9900
0099
9900
0000
0000
009b
9900
00b9
5500
0099
5500
0099
5590
0099
5590
0099
5559
00cc
5559
00bb
5555
0059
5555
0099
5555
0055
5555
0055
5555
0055
5555
0055
5595
0055
5599
0055
5589
0055
5589
0055
5589
0095
5589
0095
5595
0059
5595
0059
5555
0059
5595
0055
5929
0055
5919
0055
5929
0055
5929
0055
5999
0095
5500
0099
5900
0099
9900
0099
9900
0099
9900
0099
9900
0099
9900
0099
9900
0099
9900
0099
9900
0099
9900
0099
9900
0099
9900
0099
0900
0099
0900
0099
0900
0099
0000
0099
0000
0099
0000
0099
0090
0099
0090
0099
0090
0099
0090
0009
0099
0009
0099
0009
0099
0009
0099
0009
0099
0009
0099
0099
0099
0093
0093
0093
0033
0033
0033
0033
0033
0099
0099
0099
9900
0099
9900
0099
9900
0099
9900
0099
9900
0099
9900
0099
9900
0009
9900
0009
9900
0009
9900
0009
9900
0009
9900
0009
9900
0000
9900
0000
0900
0000
0900
0000
0990
0000
0090
0000
0099
0000
0099
0000
0099
0000
0099
0000
0099
0000
9099
0000
9099
0000
9099
0000
9009
0000
9999
0009
3933
0093
3933
0033
3933
0099
9999
0099
9900
0099
9900
0099
9900
0099
9900
0099
9900
0099
9900
0099
9000
0099
0000
0099
0000
0099
0000
0099
0000
0099
9000
0099
9900
0099
9900
0099
9900
0099
9900
0099
9900
0000
9900
0000
9900
0000
9900
0000
9900
0000
9900
0000
9900
0000
9900
0000
9900
0000
9900
0000
9900
0000
9900
0000
9300
0000
3300
0000
3300
0000
9900
0099
9900
0099
9900
0099
9900
0009
9900
0009
9900
0009
9900
0000
9900
0000
9000
0009
9900
0009
9900
0009
9900
0009
9900
0009
9900
0009
9900
0099
9900
0099
9900
0099
9900
0099
9900
0099
9900
0099
0900
0099
0900
0099
0900
0099
0000
0099
0000
9999
0090
9399
0090
9999
0090
0999
0099
0033
0039
0033
0039
0033
0999
0099
9900
0000
0099
0000
9999
0000
9999
0000
9999
0000
9999
0000
9999
0000
9999
0009
9999
0009
9999
0009
9900
0099
9900
0099
9900
0099
9900
0099
9900
0099
9900
0099
9900
0099
9900
0099
9900
0099
9900
0999
9900
9399
9900
9399
9900
0993
9900
0093
9900
0099
9900
0039
3900
0039
3300
0039
3300
0099
3300
0000
3900
0000
9900
0000
0000
0099
9900
0099
9900
0099
9900
0099
9900
0099
9900
0099
9900
0099
9900
0099
9900
0099
9900
0099
9900
0099
9900
0099
9900
0099
9900
0099
0900
0099
9900
0099
9900
0099
9990
0000
9999
0000
9999
0000
9999
0000
0099
0000
0099
0000
0099
0000
0009
0000
0000
0000
0000
0000
0000
0000
0000
0000
0000
0000
0000
0000
0000
0000
0000
0000
0000
0000
0000
0000
0000
0000
0000
0000
0000
0000
0000
0000
0000
0000
0000
0000
0000
0000
0000
0000
0000
0000
0000
0000
0000
0000
0000
0000
0000
0000
0000
0000
0000
0000
0000
0000
0000
0000
0000
0000
0000
0000
0000
0000
0000
0000
0000
0000
0000
0000
0000
0000
0000
0000
0000
0099
9000
0099
5900
0099
5500
0099
5500
0099
5590
00c9
5590
00bc
5959
0055
5959
0055
5959
0055
5955
0059
9955
0095
9555
009a
9555
0099
9555
0009
9555
0099
5555
0099
5555
0099
5555
0099
5555
0099
5599
0099
5599
0099
5599
0099
5599
0099
5599
0099
5999
0099
9999
0095
9990
0099
9999
0099
9999
0021
9999
0011
9999
0011
0093
0911
0033
0911
9033
0012
9033
0023
9099
0099
5500
00c9
5590
00bc
5559
0055
5599
0055
5599
0055
5559
0055
9559
00a5
5955
0059
5555
0095
e555
0099
4e55
0009
a555
0000
5a55
0000
a555
0009
5a55
0099
9555
0099
9955
0099
9955
0099
9955
0099
9955
0099
9955
0099
9955
0099
9955
0099
9959
0099
9959
0099
9959
0009
9259
0000
2159
0000
1199
0009
1290
0093
2139
0099
3399
0099
9000
009b
5500
0099
5500
0099
5500
099c
5500
09bc
5500
09cb
5590
95ba
5590
95a5
5559
9595
9955
9555
9955
9555
5955
9555
9995
0955
5995
0955
5555
0955
5995
0955
5555
0055
5555
0055
5595
0055
5595
0055
5595
0055
5599
0095
5592
0095
5511
0059
5511
0059
5522
0055
5999
0055
5509
0055
9500
0055
9500
0059
5900
0099
9900
0000
0000
009b
9900
00b9
5500
0099
5500
0099
5500
0099
5500
0099
5590
0099
5590
0012
5590
0011
5559
0011
5559
0021
5559
0012
5959
0091
9559
0099
5959
0055
5559
0055
5559
0055
5590
0055
5590
0095
5590
0095
5590
0059
9590
0059
5990
0059
9590
0055
5980
0055
5580
0055
5580
0055
5580
0055
5500
0095
9500
0099
5900
0099
9900
0000
0000
009b
9900
00b9
5500
0099
5500
0099
5500
0099
5500
0099
5590
00cc
5590
00bb
5559
0059
5559
0099
5555
0055
5555
0055
5555
0055
5555
0055
5555
0055
5555
0055
5555
0055
5595
0055
5599
0095
5555
0095
5995
0059
5955
0059
5955
0059
5955
0055
5955
0055
9955
0055
2259
0055
1199
0055
1190
0095
1200
0099
9900
0099
9900
0000
0000
009b
9900
00b9
5500
0099
5500
0099
5500
0099
5500
0099
5900
00cc
5500
00bb
9500
0099
9500
0055
9900
0055
5990
0055
5990
0055
5590
0055
5590
0055
5590
0055
5590
0055
5590
0055
5590
0055
5590
0095
5580
0929
5580
9119
5980
9112
9980
9211
5580
9121
5580
0922
5580
0022
5580
0099
5500
0095
9900
0099
9900
0099
9900
0000
0000
0000
0000
0099
9990
0055
9959
0055
9955
0055
9955
0055
9c55
0055
cb55
0055
5595
0055
5595
0095
5595
0095
5555
0095
5595
0099
5555
0092
5955
0011
9255
0012
5595
0015
5595
0019
5595
0095
9955
0055
9955
0055
9955
0099
5959
0099
5599
0090
55aa
0000
5500
0000
5500
0000
5500
0000
9900
0000
9900
0000
9900
0000
9900
0000
0000
0000
0000
0000
0000
0000
0000
0000
0000
0000
0000
0000
0000
0000
0000
0000
0000
0000
0000
0000
0000
0000
0000
0000
0090
0000
0999
0000
0999
0000
0999
0000
0999
0000
0999
0900
9999
0900
9999
0900
9999
0900
9999
0900
9999
0999
9999
0999
9999
0099
9999
0099
9399
0099
3399
0099
3309
0099
3390
0099
3309
0000
9900
0000
0000
0000
0000
0000
0000
0000
0000
0099
9900
0099
5500
0999
5500
9999
5500
9599
5590
9999
5559
959b
5555
59cc
9555
95bb
5955
5955
9555
9555
5955
9955
9955
594e
5955
59e4
9999
9555
9009
9955
0009
9555
0009
9955
0009
9959
0009
9995
0000
9959
9000
9995
0900
9959
9099
9999
0901
9990
0019
9900
0099
9900
0011
9000
0099
0000
0000
0000
0000
0000
0000
0000
0000
0000
0000
0000
0000
0000
0000
0000
0000
0000
0000
0000
0000
0000
0000
0090
0000
0019
0099
0012
9955
0011
5955
0011
5555
0031
5555
0011
5559
0019
9999
0099
9999
0000
0000
0000
0000
0000
0000
0000
0000
0000
0000
0000
0000
0000
0000
0000
0000
0000
0000
0000
0000
0000
0000
0000
0000
0000
0000
0000
0000
0000
0000
0099
0000
0099
0000
0011
0000
0012
0000
0099
0000
0099
0000
0029
0000
0099
0000
0093
0000
0091
0000
0099
9000
0000
5900
0000
5500
0000
5500
0000
5500
0000
5500
0000
5500
0000
9590
0000
0959
0000
0055
0000
0055
0000
0055
0000
0055
0000
0055
0000
0059
0000
0095
0000
0009
0000
0000
0000
0000
0000
0000
0000
0000
0000
0000
0000
0099
0000
0055
0000
0055
0000
0055
0000
0055
0000
0059
0000
0095
0000
0055
0000
9999
0000
5500
0000
5500
0000
5500
0000
5500
0000
5500
0000
5900
0099
9000
001c
0000
0011
0000
0021
0000
0099
0000
0092
0000
0091
0000
0092
0000
0099
0000
0000
0000
0000
0000
0000
0000
0000
0000
0000
0000
0000
0000
0000
0000
0000
0000
0000
0000
0000
0000
0000
0000
0000
0000
0000
0000
0000
0000
0000
0000
0000
0000
0099
0000
0012
0000
0091
0000
0023
0009
0011
0095
0031
9055
0013
9955
0091
9555
0099
5555
0000
5555
0000
5595
0000
9559
0000
0990
0000
0000
0000
0000
0000
0000
0000
0000
0000
0000
0000
0000
0000
0000
0000
0000
0000
0000
0000
9900
00b9
5900
0099
5500
0099
5500
0055
5500
0055
5500
0059
5500
0055
5500
0055
5500
0055
5500
0055
5590
0055
5590
0055
5590
0055
5590
0055
5590
0055
5590
0055
5590
0055
5590
0055
5590
0055
5500
0955
5500
9155
5500
9155
5500
9255
5500
9155
5500
0955
5500
0055
5500
0055
5500
0055
9900
0099
9900
0099
9900
0000
cc00
0099
9900
0055
5590
0055
5559
0055
5555
0055
5555
0055
5555
0055
5555
0055
5595
0055
5595
0095
5595
0095
5555
0095
5595
0095
5555
0095
5555
0095
5555
0095
5595
0095
5595
0059
5595
0059
5555
0099
5559
0059
5595
0099
5559
0090
5599
0000
55aa
0000
5500
0000
5500
0000
5500
0000
9900
0000
9900
0000
9900
0000
9900
0000
cc00
0099
9900
0055
5590
0055
5559
0055
5555
0055
5555
0055
5555
0055
5555
0055
5595
0055
5595
0095
5595
0095
5555
0099
5595
0095
5559
0095
5595
0095
5559
0095
5555
0095
5595
0099
5509
0099
5500
0099
5500
0059
5500
0099
5500
009a
5500
00a0
5500
0000
5500
0000
5500
0000
5500
0000
9900
0000
9900
0000
9900
0000
9900
0000
cc00
0099
9900
0055
5590
0055
5559
0055
5555
0055
5555
0055
5555
0055
5555
0055
5595
0055
5595
0095
5595
0095
5595
0099
5599
0095
5500
0095
5500
0095
5500
0095
5500
0095
5500
0099
5500
0099
5500
0099
5500
0059
5500
0099
5500
009a
5500
00a0
5500
0000
5500
0000
5500
0000
5500
0000
9900
0000
9900
0000
9900
0000
9900
0000
cc00
0099
9900
0055
5590
0055
5559
0055
5555
0055
5555
0055
5555
0055
5555
0055
5595
0055
5595
0095
5595
0095
5555
0099
5595
0995
5559
0995
5595
0995
5559
0995
5555
0995
5595
0999
5509
0909
5500
0909
5500
0009
5500
0090
5500
0099
5500
0091
5500
0011
5500
0022
5500
0022
5500
0022
9900
0099
9900
0000
9900
0000
9900
0000
9900
0000
9900
0000
9900
0000
9900
0000
0900
0000
0000
0000
0000
0000
0000
0000
0000
0000
0000
0000
0000
0000
0000
0009
0000
0009
0000
0009
0000
0009
0000
0009
0000
0009
0000
0009
0000
0009
0000
0009
0000
0009
0000
0099
0000
0099
0000
0099
0090
0099
0090
0099
0090
0009
0090
0009
0039
0099
0039
0093
0039
0099
0099
0000
0000
0000
0000
0000
0000
0000
0000
0000
0000
0000
0000
0000
0000
0000
0000
0000
0000
0000
0099
0000
0012
0000
0021
0000
0092
0000
0011
0000
0011
0000
0011
0000
0099
0000
0000
0000
0000
0000
0000
0000
0000
0000
0000
0000
0000
0000
0000
0000
0000
0000
0000
0000
0000
0000
0000
0000
0000
0000
0000
0000
0000
0000
0000
0099
0000
0099
9900
0099
5500
0099
5500
0999
5500
099c
5500
09c5
5500
0955
5500
0095
5590
0099
5559
00a5
5959
9955
9959
5555
9555
5555
5a55
5555
a555
5555
5a55
5599
9599
9999
5999
0099
9999
0099
9999
0099
9999
0099
9999
0099
9990
0099
9900
0099
9990
0099
9999
0099
9999
0099
0099
0055
0055
0095
0055
0059
0055
0099
0099
0000
9900
0000
9900
0000
9900
0009
9900
0099
0900
0099
0000
0099
0000
0099
0000
0099
0000
0099
0000
0099
0000
0099
0000
0099
0000
0099
0000
0099
0000
0099
0000
0009
0000
0000
9000
0000
9000
0000
9000
0000
9000
0000
9000
0000
0000
0009
0000
0009
0090
0009
0090
0000
0090
0000
0090
0000
0039
0000
0039
0000
0039
0000
0099
0000
0000
0000
0000
0000
0000
0000
0000
009a
9900
00a9
ee00
0099
ef00
00aa
ee00
00dd
ee00
00ee
ee90
00ee
ee90
00ee
dd19
00ee
dd12
00ed
ed11
00dd
ed11
00de
ee11
00ee
de22
00ee
ee92
00ae
de91
00aa
ee11
00da
ee11
00ad
ee11
00ed
ee11
00ee
ee19
00de
9990
009e
9100
009e
1200
009e
1100
009d
1100
0099
2100
0096
9200
0096
6900
0000
0000
0000
0000
0000
0000
0000
0000
009a
9900
00a9
ee00
0099
ee00
00aa
ee00
00dd
ee90
00ee
ee99
00ee
de12
00ee
d911
00ed
dd11
00dd
ed11
00de
ed21
00ee
ee32
00ee
ee99
00ae
de89
00aa
ee92
00da
ee91
00ad
ee21
00ed
ee11
00ee
ee11
00de
ee12
009d
ee29
009e
ed90
009d
e990
009e
d900
009d
d900
0099
9900
0096
6900
0096
6600
0096
6600
0096
6700
0096
6600
0096
6600
0096
6600
0096
6600
0096
6600
0096
6600
0096
6600
0096
6600
0096
9600
0096
9600
0096
0900
0009
0900
0009
0000
0009
0000
0009
0090
0009
0090
0009
0090
0009
0069
0009
0099
0009
0099
0009
0039
0009
0039
0009
0039
0009
0033
0009
0033
0093
0033
0033
0032
0033
0033
0033
0033
0099
0099
0096
6600
0096
6600
0096
6600
0096
6600
0096
6600
0096
6600
0096
6600
0009
6600
0009
6600
0009
6600
0009
6600
0009
6600
0009
9600
0000
9600
0000
0900
0000
0900
0000
0990
0000
0090
0000
0069
0000
0069
0000
9099
0000
9033
0000
9033
0000
9033
0000
9093
0000
9099
0000
9009
0000
9099
0009
3933
0093
3933
0033
3933
0099
9999
0099
6900
0096
6900
0096
6900
0096
9900
0099
6900
0096
9900
0096
9000
0066
0000
0066
0000
0066
0000
0066
0000
0069
9000
0066
9900
0066
3900
0096
3200
0099
3300
0009
3300
0000
3900
0000
9900
0000
9900
0000
9300
0000
3900
0000
9300
0000
3300
0000
3300
0000
9300
0000
9900
0000
9900
0000
9300
0000
3300
0000
3300
0000
9900
0096
6600
0009
6600
0009
6600
0009
6600
0009
6900
0009
6900
0000
6900
0000
9900
0009
9900
0009
9900
0009
9900
0009
6900
0009
9600
0009
6600
0096
9600
0096
6600
0096
9600
0096
9600
0096
9900
0096
0900
0099
0900
0093
0900
0033
0000
0033
0000
9933
0090
9333
0090
9993
0099
0933
0039
0033
0939
0033
9339
0033
9399
0099
9900
0000
0066
0000
9976
0000
6666
0000
6666
0000
6666
0000
6666
0000
6966
0009
9666
0009
9699
0009
6600
0096
6600
0096
6600
0096
6600
0096
6600
0096
6600
0099
6600
0039
6600
0033
9600
0033
3900
0933
3300
9339
3300
9399
3300
0993
3300
0093
3300
0099
3300
0039
3300
0039
3300
0039
3300
0099
3900
0000
3900
0000
9900
0000
0000
0096
6600
0096
6600
0066
7600
0066
6600
0066
6700
0066
6600
0066
6700
0066
6600
0066
6600
0066
6600
0066
6600
0066
9600
0066
9600
0066
9900
0066
9990
0066
9939
0099
9333
0000
9333
0000
3333
0000
9993
0000
0093
0000
0099
0000
0099
0000
0009
0000
0000
0000
0000
0000
0000
0000
0000
0000
0000
0000
0000
0000
0000
0000
0000
0000
0000
0000
0000
0000
0000
0000
0000
0000
0000
0000
0000
0000
0000
0000
0000
0000
0000
0000
0000
0000
0000
0000
0000
0000
0000
0000
0000
0000
0000
0000
0000
0000
0000
0000
0000
0000
0000
0000
0000
0000
0000
0000
0000
0000
0000
0000
0000
0000
0000
0000
0000
0000
0000
0000
0000
0099
9000
0099
e900
0099
ee00
0099
ee00
0099
ee90
00d9
ee90
00dd
e9e9
00de
ede9
00ed
dde9
00de
e9de
00dd
d9de
00ad
d9de
00da
9dde
009d
9edd
0099
9eae
0099
3dad
0099
33ad
0069
11de
0099
11ed
0096
11dd
0066
11aa
0069
229a
0096
1266
0099
126a
0099
2299
0099
2999
0093
9990
0099
9699
0099
9939
0021
9939
0011
9933
0011
0093
0911
0033
0911
9033
0012
9033
0023
9099
0099
ee00
00d9
ee90
00dd
eee9
00de
ee99
00ed
eaa9
00de
eee9
00ed
eee9
00de
e9ee
00ad
eded
00da
dad9
009d
ad91
0099
da11
0099
ad11
0099
d911
0099
9d21
0099
9921
0096
9921
0066
6921
0066
9611
0096
9911
0069
6911
0096
9911
0099
9913
0069
3339
0099
3339
0099
9939
0009
9239
0000
2139
0000
1199
0009
1290
0093
2139
0099
3399
0000
0000
0000
0000
00a9
0000
00ae
9900
009e
ee00
09de
ee00
09ed
ee00
09ee
ee00
09ee
ed90
09ee
dd39
09ef
9913
9def
9911
9dff
9811
9eff
9811
9eef
9891
9eee
9891
9dee
9891
9dee
9891
99aa
9891
09da
9891
00dd
9891
00ee
9891
00ed
9891
00de
9811
00ed
9811
00ed
9822
00ee
9899
00dd
9909
0099
6900
0066
6900
0096
6600
0096
6600
0000
0000
0000
0000
0000
0000
0000
0000
009a
9900
00a9
ee00
0099
ef00
0099
ee00
0012
ee00
0011
ee00
0011
de00
0021
d900
0012
d900
0091
ed00
0099
ed00
00dd
9300
00de
2900
00de
1100
00ae
1100
00aa
1100
00da
1100
00ad
9100
00ed
d900
00ee
d900
00de
ed00
009e
de00
009e
ed00
009e
9900
009d
6600
0099
6600
0096
6600
0096
6600
0000
0000
0000
0000
0000
0000
0000
0000
009a
9900
00a9
ee00
0099
ef00
00aa
ee00
00dd
ee00
00ee
ee90
00ee
ee90
00ee
dd19
00ee
dd12
00ed
ed11
00dd
ed11
00de
ee11
00ee
de22
00ee
ee92
00ae
de91
00aa
ee11
00da
e911
00ad
e911
00ed
e911
00ee
e919
00de
1990
009e
9900
009e
2200
009e
1100
009d
1100
0099
1200
0096
9900
0096
9900
0000
0000
0000
0000
0000
0000
0000
0000
009a
9900
00a9
ee00
0099
ef00
00aa
ee00
00dd
ee00
00ee
9e00
00ee
9e00
00ee
9e00
00ee
9d00
00ed
9d00
00dd
9d00
00de
9900
00ee
9300
00ee
9300
00ae
9300
00aa
9300
009a
9300
0929
9300
9119
3300
9112
2100
9211
1100
9121
1100
0922
2200
0022
9900
0099
9600
0099
6600
0096
6600
0096
6600
0000
0000
0000
0000
0099
9990
00ee
99d9
00ee
99fd
00ed
99ee
00de
9def
00dd
ddee
00de
dede
00de
eede
009e
eedd
009e
ee33
009d
ed31
009d
de31
0092
d931
0011
9231
0012
1191
0013
1391
0019
1393
0033
9911
0031
9911
0011
9933
0029
ed39
0099
de90
0000
ed00
0000
ee00
0000
ee00
0000
ee00
0000
ee00
0000
dd00
0000
d900
0000
6600
0000
0000
0000
0000
0000
0000
0000
0000
0000
0000
0000
0000
0000
0000
0000
0000
0000
0000
0000
0000
0000
0000
0000
0090
0000
0069
0000
0966
0000
0966
0000
0966
0000
0996
0000
0966
0900
9396
0900
9396
0900
9399
0900
9399
0900
9399
0999
9399
0993
9399
0033
9399
0099
3399
0099
3399
0099
3309
0099
3390
0099
3309
0009
9900
0000
0000
0000
0000
0000
0000
0000
0000
0099
9900
0099
ee00
0999
ef00
9e99
ee00
9a99
ee00
aa99
ee90
de9d
dd99
eede
aa10
deee
a911
eeee
aa11
deef
9011
adfe
9021
9dee
0032
aaed
0099
9ddd
0000
99aa
0000
9aaa
0000
9add
0000
69dd
0000
66dd
0000
66da
9009
66da
0992
66a9
9091
6699
0901
6690
0019
9900
0099
9900
0011
9000
0099
0000
0000
0000
0000
0000
0000
0000
0000
0000
0000
0000
0000
0000
0000
0000
0000
0000
0000
0000
0000
0000
0000
0090
0000
0019
0099
0012
9911
0011
22c1
0011
1111
0031
1211
0011
2222
0019
9999
0099
0000
0000
0000
0000
0000
0000
0000
0000
0000
0000
0000
0000
0000
0000
0000
0000
0000
0000
0000
0000
0000
0000
0000
0000
0000
0000
0000
0000
0000
0000
0000
0099
0000
0099
0000
0011
0000
0012
0000
0099
0000
0099
0000
0029
0000
0099
0000
0093
0000
0091
0000
0099
9000
0000
1900
0000
1100
0000
1100
0000
1100
0000
2100
0000
9200
0000
0990
0000
0029
0000
0012
0000
001c
0000
0011
0000
0011
0000
0011
0000
0022
0000
0092
0000
0009
0000
0000
0000
0000
0000
0000
0000
0000
0000
0000
0000
0099
0000
0022
0000
0011
0000
0011
0000
0011
0000
0011
0000
0011
0000
0023
0000
0999
0000
9200
0000
2100
0000
1100
0000
1100
0000
1100
0000
1900
0099
9000
001c
0000
0011
0000
0021
0000
0099
0000
0092
0000
0091
0000
0092
0000
0099
0000
0000
0000
0000
0000
0000
0000
0000
0000
0000
0000
0000
0000
0000
0000
0000
0000
0000
0000
0000
0000
0000
0000
0000
0000
0000
0000
0000
0000
0000
0000
0000
0000
0099
0000
0012
0000
0091
0000
0023
0009
0011
0009
0031
9091
0013
2911
0091
1211
0099
1111
0000
1111
0000
9119
0000
0990
0000
0000
0000
0000
0000
0000
0000
0000
0000
0000
0000
0000
0000
0000
0000
0000
0000
0000
0000
0000
0000
9900
00d9
e900
0099
ee00
0099
ee00
00ee
ee00
00ee
ee00
00ed
ee00
00ee
ee00
00ee
ed00
00ee
ee00
00ee
ed90
00dd
ee90
00ee
de90
00ee
ee90
00dd
ee90
0033
ee90
0022
ee90
0012
ee90
0011
ee90
0011
ee00
0911
ee00
9111
ee00
9111
ee00
9211
ee00
9111
ee00
0911
de00
0011
ed00
0011
de00
0013
9900
0099
9900
0099
6600
0000
ee00
0099
9900
00ee
ee90
00ee
eee9
00ee
eeee
00ee
eeee
00ee
eeee
00ee
eeee
00ee
ee9d
00ee
ee9d
009e
ee9d
009e
eedd
009e
ee93
009e
ee21
009e
ee21
009e
ee21
009e
ee91
009e
ee31
0029
ee31
0029
ee11
0099
ee12
0029
ee22
0099
ee23
0090
ee99
0000
eeaa
0000
ee00
0000
ee00
0000
ee00
0000
9900
0000
6600
0000
6600
0000
6600
0000
ee00
0099
9900
00ee
ee90
00ee
eee9
00ee
eeee
00ee
eeee
00ee
eeee
00ee
eeee
00ee
ee9d
00ee
ee9e
009e
ee9e
009e
eedd
009e
ee9d
009e
ee99
009e
ee92
009e
ee19
009e
ee12
009e
ee91
0099
ee09
0099
ee00
0039
ee00
0039
ee00
0029
ee00
009a
ee00
00a0
ee00
0000
ee00
0000
ee00
0000
ee00
0000
9900
0000
6600
0000
6600
0000
6600
0000
ee00
0099
9900
00ee
ee90
00ee
eee9
00ee
eeee
00ee
eeee
00ee
eeed
00ee
eeed
00ee
ee9e
00ee
ee9e
009e
ee9d
009e
ee9d
009e
ee99
009e
ee00
009e
ee00
009e
ee00
009e
ee00
009e
ee00
0099
ee00
0099
ee00
0099
ee00
0029
ee00
0039
ee00
009a
ee00
00a0
ee00
0000
ee00
0000
ee00
0000
ee00
0000
9900
0000
6600
0000
6600
0000
6600
0000
ee00
0099
9900
00ee
ee90
00ee
eee9
00ee
eeee
00ee
eeee
00ee
eeee
00ee
eeee
00ee
ee9e
00ee
ee9d
009e
ee9d
009e
eede
0099
ee9d
099e
ee99
099e
ee92
099e
ee19
099e
ee21
099e
ee92
0999
ee09
0909
ee00
0909
ee00
0009
ee00
0000
ee00
0099
ee00
0091
ee00
0011
ee00
0012
ee00
0022
ee00
0022
9900
0099
6600
0000
6600
0000
6600
0000
6600
0000
6600
0000
6600
0000
9600
0000
9600
0000
0900
0000
0900
0000
0000
0000
0000
0000
0000
0000
0000
0009
0000
0009
0000
0009
0000
0009
0000
0009
0000
0009
0000
0009
0000
0009
0000
0009
0000
0009
0090
0099
0090
0099
0090
0099
0090
0009
0000
0009
0000
0009
0090
0009
0090
0009
0039
0099
0039
0093
0039
0099
0099
0000
0000
0000
0000
0000
0000
0000
0000
0000
0000
0000
0000
0000
0000
0000
0000
0000
0000
0000
0099
0000
0012
0000
0021
0000
0092
0000
0011
0000
0011
0000
0011
0000
0099
0000
0000
0000
0000
0000
0000
0000
0000
0000
0000
0000
0000
0000
0000
0000
0000
0000
0000
0000
0000
0000
0000
0000
0000
0000
0000
0000
0000
0000
0000
0099
9900
0099
ed00
0099
ee00
0099
ee00
0999
ee00
099e
ed00
09ed
ed00
09de
ed00
00dd
dd90
0099
ded9
00ee
ded9
00ee
edd9
999e
dee9
1129
eded
119a
dddd
9999
9add
0099
9999
0099
67aa
0066
66a9
0066
9669
0066
99a9
0066
9990
0096
6790
0099
6900
0069
6699
0066
6639
0066
9939
0099
0933
0099
0093
0099
0033
0033
0033
0099
0033
0000
6600
0000
6600
0009
6600
0009
9600
0099
9600
0096
0900
0096
0900
0066
0000
0066
0000
0069
0000
0096
0000
0069
0000
0066
0000
0066
0000
0096
0000
0099
0000
0009
0000
0009
9000
0000
9000
0000
9000
0000
9090
0000
0090
0000
0090
0000
0090
0000
0000
0000
0000
0000
0090
0000
0090
0000
0039
0000
0039
0000
0039
0000
0099
0000
0000
0000
0000
0099
0000
00ed
9900
009a
ee00
00a9
ef00
0099
ee00
00da
ee00
00dd
ee00
00ee
ee90
00ee
de90
00ee
dd19
00ee
dd12
00ee
e911
00ee
ed11
00ee
ed11
00ee
ee22
00ee
ed32
00ee
ee31
00ee
ee11
00ee
ee11
00ee
ee11
00ee
ee11
00ee
ee19
00ee
d990
00ee
9100
00ed
1200
00de
1100
009d
1100
0099
2100
0096
9200
0096
6900
0000
0000
0000
0000
0099
9900
00ed
ee00
009a
ff00
00a9
ee00
0099
ee00
00da
ee00
00dd
ee90
00ee
ee99
00ee
de12
00ee
d911
00ee
dd11
00ee
ed11
00ee
ed21
00ee
de22
00ee
ee93
00ee
ee93
00ee
ee92
00ee
ee91
00ee
ee21
00ee
ee11
00ee
ee11
00ee
ee12
00ee
ee29
00de
ed90
00ed
e990
00de
d900
009d
d900
0099
9900
0096
6900
0096
6600
0000
0000
0099
0000
00dd
9900
0999
ee00
099d
ef00
9edd
ee00
9edd
ee00
9eee
ee90
9eee
ee99
9eee
9d29
9eee
9912
09ee
9911
09ee
d911
09ee
9911
09ee
9931
09ee
d991
00ee
9991
00ee
d991
00ee
d991
00ee
9d91
00ee
ed91
00ee
ed91
00ee
ed91
00ee
ed11
00ed
dd11
00de
d922
00ed
d999
00dd
9909
00dd
9600
00dd
6600
0099
6600
0096
6600
0000
0000
0000
0000
0099
0000
00ed
9900
009a
ee00
00a9
ef00
0099
ee00
0099
ee00
0012
ee00
0011
ee00
0011
de00
0021
9d90
0012
d990
0091
e990
0099
ed90
00ed
9e90
00ee
2990
00ee
1190
00ee
1190
00ee
1190
00ee
1190
00ee
9190
00ee
d990
00ee
e990
00ee
de00
00ee
ed00
00ed
de00
00de
dd00
009d
d900
0099
9600
0096
6600
0096
6600
0000
0000
0000
0000
0099
9900
00ed
ee00
009a
ff00
00a9
ee00
0099
ee00
00da
ee00
00dd
ee90
00ee
ee99
00ee
de12
00ee
d911
00ee
dd11
00ee
ed11
00ee
ed21
00ee
de22
00ee
ee93
00ee
ee93
00ee
ee92
00ee
ee91
00ee
e921
00ee
e911
00ee
e911
00ee
e912
00ee
e929
00de
9990
00ed
2290
00de
1100
009d
1100
0099
1200
0096
9900
0096
9900
0000
0000
0000
0000
0099
0000
00ed
9900
009a
ee00
00a9
ef00
0099
ee00
00da
ee00
00dd
ee00
00ee
de00
00ee
de00
00ee
dd00
00ee
9d00
00ee
9d00
00ee
9300
00ee
9300
00ee
9300
00ee
9300
00ee
9300
00ee
9300
009e
9300
0929
9300
9119
3300
9112
2100
9211
1100
9121
1100
0922
2200
0022
9900
0099
d900
0099
9600
0096
6600
0096
6600
0000
0000
0000
0000
0000
0000
0000
0000
0099
9900
0099
ee00
0999
ee00
9999
ee00
9d99
ee00
9d99
ee90
9e9d
dd99
aaee
aa10
adee
a911
aaee
aa11
adee
aa11
aaee
aa21
aade
a932
aaed
9999
aade
9000
aaed
0000
aadd
0000
9add
0000
69ad
0000
66da
0000
66aa
9009
66aa
0992
66a9
9091
6699
0901
6690
0019
9900
0099
9900
0011
9000
0099
0000
0000
0000
0000
0000
0000
0099
9900
009a
4400
00a9
4900
0099
9200
0099
9200
00cc
9200
00bb
9290
00cc
9290
00cc
9b19
00cc
9912
00cc
4911
00cc
4911
00cb
4411
00bc
9411
004c
4421
004c
4491
004c
4411
004c
4411
0044
4411
0044
4411
0044
4419
0044
9990
0044
9100
00a4
1200
009a
1100
0099
1100
0099
2100
0096
9200
0096
6900
0000
0000
0000
0000
0000
0000
0099
9900
009a
4400
00a9
4900
0099
9200
0099
9200
00cc
9290
00bb
9299
00cc
9212
00cc
9b11
00cc
9911
00cc
4911
00cb
4921
00cb
4432
00bc
4999
004c
9489
004c
4492
004c
4491
004c
4421
0044
4411
0044
4411
0044
4412
0044
4429
0044
4a90
00a4
4990
0099
9900
0099
9900
0099
9900
0096
6900
0096
6600
0000
0000
0000
0000
0000
0000
0000
0000
0000
0000
0000
0000
0000
0000
0000
0000
0000
0000
0000
0000
0000
0000
0000
0000
0000
0000
0000
0000
0000
0000
0000
0000
0000
0000
0000
0000
0000
0000
0000
0000
0000
0000
0000
0000
0000
0000
0000
0000
0000
0000
0000
0000
0000
0000
0000
0000
0099
9000
0099
c900
0099
cc00
0099
4400
0099
4490
00c9
4490
00bc
4949
00bb
4949
004b
a949
00ab
a944
004a
a944
00a4
a944
004a
a944
00a4
9244
004a
9244
0099
3244
0099
314a
0069
21a4
0099
114a
0096
11a4
0066
11aa
0069
229a
0096
1266
0099
126a
0099
2299
0099
2999
0093
9990
0099
9699
0099
9939
0021
9939
0011
9933
0011
0093
0911
0033
0911
9033
0012
9033
0023
9099
0099
4400
00c9
4490
00bc
4449
00bb
4499
004b
4a99
0044
4499
00a4
4499
004a
4919
00a4
a419
004a
4a19
0094
a411
0099
4a11
0099
a411
0099
4911
0099
9411
0099
9921
0096
9921
0066
6921
0066
9611
0096
9911
0069
6911
0096
9911
0099
9913
0069
3339
0099
3339
0099
9939
0009
9239
0000
2139
0000
1199
0009
1290
0093
2139
0099
3399
0000
0000
0099
0000
0099
9900
00a9
1100
099c
1100
09bc
1100
09cb
1100
09cb
1100
09bc
3390
09cc
9939
09cc
9913
09cc
3911
09cc
9911
09c4
4911
09c4
9931
09c4
4991
00bb
4991
00cb
4991
00cc
4991
00cc
4991
00c4
4991
00c4
4991
00c4
4991
00c4
4911
0044
4911
0044
9922
0044
9999
0099
9909
009e
6600
009d
6600
0099
6600
0096
6600
0000
0000
0000
0000
0000
0000
0099
9900
009a
4400
00a9
4900
0099
9200
0099
9200
0012
9200
0011
9200
0011
9200
0021
9b00
0012
9900
0091
4900
0099
3900
00cb
9300
00bc
2990
004c
1190
004c
1190
004c
1190
004c
1190
0044
9190
0044
4990
0044
a990
0044
4a00
0044
a400
00a4
4a00
009a
9900
0099
9900
0099
9900
0096
6600
0096
6600
0000
0000
0000
0000
0000
0000
0099
9900
009a
4400
00a9
4900
0099
9200
0099
9200
00cc
9290
00bb
9299
00cc
9212
00cc
9b11
00cc
9911
00cc
4911
00cb
4921
00cb
4432
00bc
4999
004c
9489
004c
4492
004c
4491
004c
4921
0044
4911
0044
4911
0044
4912
0044
4929
0044
9990
00a4
2290
0099
1100
0099
1100
0099
1200
0096
9900
0096
9900
0000
0000
0000
0000
0000
0000
0099
9900
009a
4400
00a9
4900
0099
9200
0099
9200
00cc
9100
00bb
9100
00cc
9100
00cc
9100
00cc
9200
00cc
9200
00cc
9200
00cb
9200
00bc
9300
004c
9300
004c
9300
004c
9300
009c
9300
0929
9300
9119
3300
9112
2100
9211
1100
9121
1100
0922
2200
0022
9900
0099
9900
0099
9900
0096
6600
0096
6600
0000
0000
0000
0000
0099
9990
0044
9939
0044
9931
0044
9931
0044
9c31
0044
cc31
0044
bc91
0044
cc91
0094
cc91
0094
cc31
0094
cc31
0094
cc31
0092
c931
0011
9231
0012
1191
0013
1391
0019
1393
0033
9911
0031
9911
0011
9933
0029
c439
0099
c490
0000
c400
0000
c400
0000
4400
0000
4400
0000
9e00
0000
ed00
0000
d900
0000
9600
0000
0000
0000
0000
0000
0000
0000
0000
0099
9000
0099
4900
0999
9900
9999
9300
9499
3100
9499
3100
949b
3199
aabc
9a10
a4cc
9911
aac4
a911
a4c4
9911
9a44
9921
aa44
9932
9a44
9999
aa44
9000
9a44
9000
9b44
0000
9944
0000
694a
0000
66a4
0000
66aa
9009
66aa
0992
66a9
9091
6699
0901
6690
0019
9900
0099
9900
0011
9000
0099
0000
0000
0000
9900
00b9
4900
009c
4400
0099
4400
0044
4400
0099
4400
0011
4400
0011
4400
0011
4a00
0011
4400
0011
4a90
0011
4490
0011
a490
0011
4490
0011
4490
0011
4490
0011
4490
0012
4490
0011
4490
0011
4400
0911
4400
9111
4400
9111
4400
9211
4400
9111
4400
0911
a400
0011
4a00
0011
a400
0013
9900
0099
9900
0099
6600
0000
cc00
0099
9900
0044
4490
0094
4419
0094
4421
0094
4421
0094
4421
0094
4421
0094
4421
0094
4421
0094
4421
0094
4421
0094
4421
0094
4421
0094
4421
0094
4421
0094
4491
0094
4431
0029
4431
0029
4411
0099
4412
0029
4422
0099
4423
0090
4499
0000
44aa
0000
4400
0000
4400
0000
4400
0000
9900
0000
6600
0000
6600
0000
6600
0000
cc00
0099
9900
0044
4490
0094
4429
0094
4421
0094
4421
0094
4421
0094
4421
0094
4421
0094
4421
0094
4421
0094
4422
0094
4492
0094
4499
0094
4492
0094
4419
0094
4412
0094
4491
0099
4409
0099
4400
0039
4400
0039
4400
0029
4400
009a
4400
00a0
4400
0000
4400
0000
4400
0000
4400
0000
9900
0000
6600
0000
6600
0000
6600
0000
cc00
0099
9900
0044
4490
0094
4419
0094
4411
0094
4411
0094
4411
0094
4411
0094
4491
0094
4491
0094
4492
0094
4492
0094
4499
0094
4400
0094
4400
0094
4400
0094
4400
0094
4400
0099
4400
0099
4400
0099
4400
0029
4400
0039
4400
009a
4400
00a0
4400
0000
4400
0000
4400
0000
4400
0000
9900
0000
6600
0000
6600
0000
6600
0000
cc00
0099
9900
0044
4490
0094
4419
0094
4421
0094
4421
0094
4421
0094
4421
0094
4421
0094
4421
0094
4421
0094
4422
0094
4492
0994
4499
0994
4492
0994
4419
0994
4421
0994
4492
0999
4409
0909
4400
0909
4400
0009
4400
0000
4400
0099
4400
0091
4400
0011
4400
0012
4400
0022
4400
0022
9900
0099
6600
0000
6600
0000
6600
0099
9900
0099
4400
0099
4400
0099
aa00
0999
1a00
099c
1a00
09cc
1a00
09cc
1a00
00cb
9a90
0091
a449
0011
4449
0011
a449
9911
4449
1119
a444
119a
4a44
9999
9a44
0099
9999
0099
67aa
0066
66a9
0066
9669
0066
99a9
0066
9990
0096
6790
0099
6900
0069
6699
0066
6639
0066
9939
0099
0933
0099
0093
0099
0033
0033
0033
0099
0033
0000
0000
0000
0000
0099
0000
00b2
9900
0033
1600
0033
bc00
0033
bc00
0033
cc00
0012
cc90
0021
ca49
0012
ca44
0021
ca43
0012
ca31
0021
ca21
0013
ca11
0011
ca31
0011
cc99
0041
cc89
0043
bc92
003b
cb9c
009b
ccbb
00b9
cccb
00cb
cccc
004c
4c9c
004c
cc29
004c
cc99
00c4
c999
00cc
b909
00cb
9900
009b
9900
009c
9900
0099
9900
0000
0000
0000
0000
0000
0000
0000
0000
0099
0000
0022
0000
0933
c900
9c33
cc00
0932
cc00
9923
cc00
9c22
aa00
4c21
9100
4c11
1190
c321
1290
3311
9919
3311
2911
3412
1212
3c31
2111
3433
a911
cc33
c911
993c
c911
99cc
9011
99cc
9a11
99cc
9001
99cc
9ac9
99cc
a0cc
99cc
09cb
99cc
91c9
9ccb
2199
99c9
11ca
9999
4390
9900
9300
8888
8888
8888
8888
8888
8888
8888
8888
8888
8888
8888
8888
8888
8888
8888
8888
8888
8888
8888
8888
8888
8888
8888
8888
8888
8888
8888
8888
8888
8888
8888
8888
8888
8888
8888
8888
8888
8888
8888
8888
8888
8888
8888
8888
8888
8888
8888
8888
8888
8888
8888
8888
8888
8888
8888
8888
8888
8888
8888
8888
8888
8888
8888
8888
0000
0000
0000
0000
0000
0000
0000
0000
0000
0000
0000
0000
0000
0000
0000
0000
0000
0000
0000
0000
0000
0000
0000
0000
0000
9900
0000
9900
0000
e900
0000
dd00
0000
e900
0000
9900
0000
9900
0000
0000
0000
0000
0000
0000
0000
0000
0000
0000
0000
0000
0000
0000
0000
0000
0000
0000
0000
0000
0000
0000
0000
0000
0000
0000
0000
0000
0000
0000
0000
0000
0000
0000
0000
0000
0000
ee00
0000
ee00
0000
e000
000e
e000
000e
ee00
0000
ae00
0000
aee0
0000
aee0
0000
4a00
0000
4a00
0000
4400
0000
4400
0000
4400
00ee
4400
000a
4400
00ee
0000
0000
aa00
0000
ee00
0000
0000
0000
0000
0000
0000
0000
0000
0000
0000
0000
0000
0000
0000
0000
0000
0000
0000
3333
3333
3333
3333
3333
3333
3333
3333
3333
3333
3333
3333
3333
3333
3333
3333
3333
3333
3333
3333
3333
3333
3333
3333
3333
3333
3333
3333
3333
3333
3333
3333
3333
3333
3333
3333
3333
3333
3333
3333
3333
3333
3333
3333
3333
3333
3333
3333
3333
3333
3333
3333
3333
3333
3333
3333
3333
3333
3333
3333
3333
3333
3333
3333
0000
0000
0009
0000
0099
9900
00aa
bb00
00aa
aa00
0099
aa00
00cc
aa00
09bb
aa00
99bb
aa90
9b9b
9ab9
9c99
b9b9
9b96
b9ab
9969
cbaa
0966
bbaa
0967
bba9
0066
9b99
0967
99bc
0976
99bb
9c66
c9bb
9b66
bc99
9969
9bbb
0996
99b9
0969
bb99
0999
999b
0099
b9bc
0099
99bb
009c
9ab9
00bc
9a90
00cb
9900
00bb
9900
00b9
bb00
0099
9900
0000
9900
0000
7699
0009
66bc
0096
679b
0077
7769
0077
7679
0076
6666
0066
6677
0066
6676
0066
6666
0066
6666
0066
6666
0066
6666
0066
6666
0066
6666
0066
6666
0966
6666
0966
9666
9c66
c966
9b66
bc66
9966
9b99
0969
99bb
0996
7b99
0969
9966
0099
b96b
0099
99bb
0099
b9b9
0099
9990
0099
9900
00bb
9600
00bb
bb00
0099
9900
0000
9900
0000
7699
0009
66bc
0096
669b
0079
6669
0099
6679
0077
6666
0077
6677
0033
3666
0066
6666
0066
6366
0096
4667
0096
6677
0066
7773
0066
6636
0066
6666
0966
6669
0966
9666
9c66
c969
9b66
bc66
9966
9b99
0969
99bb
0996
7b99
0969
9966
0099
b96b
0099
99bb
0099
b9b9
0099
9990
0099
9900
00bb
9600
00bb
bb00
0099
9900
0000
0000
0000
c900
0000
bc00
0000
bb00
0000
b990
0000
bb99
0009
cbcb
009b
bbbb
00ba
9b9b
00aa
9c99
00aa
9baa
00aa
cbaa
00aa
bba6
00aa
b6a6
00aa
99a7
00a9
99b6
009b
ac79
099c
cb69
09cb
9b9a
09cb
69aa
09bb
76a7
09bb
7766
09bb
7679
00b9
679a
00b9
7699
00c9
6699
00bc
6997
00bb
9b7b
00bb
bb69
00bb
bb99
009b
b999
0099
9990
0099
0000
0066
9900
0077
7900
0077
6709
0077
769c
0066
67cb
0076
66b9
0966
6699
0966
6699
0966
6669
0966
7679
9666
6666
9666
6666
9666
6666
9666
7666
9666
6666
9666
6666
9666
6769
9966
669b
9966
66bc
0966
67bb
0966
76ba
0996
66b9
9966
66a9
9b99
6699
9bc9
6999
9bbc
9696
9abb
996b
9abb
cc69
09ab
bba9
009a
b999
0099
9990
0099
0090
0066
9990
0077
7999
0066
6769
0066
7669
0066
7769
0066
6669
0966
6699
0966
6669
0966
6699
0966
6699
9666
6366
9666
4696
9666
6666
9666
6666
9666
6666
9666
6666
9666
6669
9976
669b
9963
66bc
0977
66bb
0937
66ba
0977
96b9
9976
66a9
9b66
6699
9b69
6999
9b99
9696
9a9b
996b
9abb
cc69
09ab
bba9
009a
b999
0099
9990
0000
0000
0000
0000
0000
0000
0000
0000
0000
0000
0000
0000
0000
0000
0000
0000
0000
0000
0000
0000
0000
0000
0000
0000
0000
0000
0000
0000
0000
0900
0000
9909
0000
9699
0000
9696
0000
9676
0000
9976
0000
066b
0000
009c
0000
0069
0000
9966
0000
9666
0009
6666
0009
6666
0099
7766
0096
6666
0099
6666
0009
6666
0000
6769
0000
0000
0000
0000
0000
0000
0000
0000
0000
0000
0000
0000
0000
0000
0000
0000
0000
0000
0000
0000
0000
0000
0000
0000
0096
0000
9999
0000
7679
0000
6977
0000
9b67
0000
cb67
0000
9967
0000
9667
0000
6969
9000
6699
9000
6969
9000
9999
9000
9999
0900
bb99
9600
b9cb
6600
99bc
6600
9799
6600
7799
7700
9999
7900
9b96
9900
00cb
6699
00b9
9699
00c6
c966
00c6
c666
006c
9696
00bc
6996
09cf
6696
096c
66a6
09cc
6ca6
09cc
6c6a
09f6
6ca6
09cc
c66a
00cc
cca6
009c
cc6a
009c
c7a6
00cc
6966
09cf
9666
969c
9966
96cf
9666
996c
9977
099c
9966
0069
9966
0099
9966
0099
9999
0066
9a69
00cf
09a4
009c
0944
0037
0943
0099
0939
0099
9999
0000
4400
0000
9900
b699
9000
6699
9000
6799
9900
7796
9000
6799
9900
7996
7900
6999
7700
9996
6700
9496
6600
9499
6660
9499
6660
9499
7790
9996
6790
6966
9690
7666
9900
6766
6900
6766
7600
6667
6700
6666
6690
6999
9999
9999
9969
9966
6669
9966
6669
9966
6690
6666
6600
6666
6600
6666
9600
6666
9900
9669
0000
9999
0000
9099
0000
0000
0000
0000
0000
0000
00cb
0000
00b9
0000
0066
0000
096c
0000
90cc
0000
6b6c
0000
9cfc
0000
9ccc
0000
c999
0000
c999
0000
c999
0000
9c99
0000
cc6b
0000
ccc6
0000
ccfc
0000
fcc6
0000
cc96
0099
996c
0077
9969
0079
9999
0076
9999
0096
9699
0066
6969
0067
6969
0067
6699
6077
9799
0066
969a
0066
9944
0099
9933
0090
a099
000a
0a90
0000
0000
0000
0000
9000
0000
7700
0000
6600
0000
6690
0000
6690
0000
6699
0000
6699
0000
9677
0000
9966
0000
6666
0000
6669
0000
6667
9000
6666
9000
6666
6900
6666
6900
6666
9900
6666
9900
6667
6600
7799
7700
9679
6600
6979
6700
6679
6690
6696
6690
6699
6690
9699
6990
6696
9900
6966
9900
9699
a000
9aaa
0a00
0aaa
0000
0000
0000
0000
0000
0000
0000
0000
0000
0000
0000
0000
0000
0000
0000
0000
0000
0000
0000
0000
0099
0000
0067
0000
0076
0000
0066
0000
0099
0000
0099
0000
00cb
0000
09cc
0000
9996
0000
796c
0000
99c9
0000
9c99
0000
c967
0000
9976
0000
9966
0009
9969
0093
9999
0033
9999
0039
9999
0090
bb93
000a
9b44
00a0
9999
0000
a099
0000
0000
0000
0000
0000
0000
0000
0000
0000
0000
0000
0000
0000
0000
0000
0000
0000
0000
0090
0000
0090
0000
0969
0000
9a76
0000
7767
0000
67a6
0000
66aa
0000
667a
0000
6667
9900
9966
9900
6999
9900
6666
9900
6676
9700
6667
6900
7667
6900
6666
6600
6666
6600
6666
9900
66a9
a600
9999
a900
9999
a900
9900
0000
9900
0000
0000
9000
0009
9000
0096
9999
0099
9666
0099
6699
0099
6699
00cc
6676
00c6
6666
0069
9666
0099
9666
0099
c666
0979
6677
09c9
cc66
99cc
cc66
99cc
cc66
99cc
9966
00cc
9969
00cc
9966
0099
9966
0099
9977
0099
9994
0099
9969
0099
9939
00c9
9969
009c
9966
009c
9999
009c
9979
00cc
6960
0099
0096
0096
6099
0000
0000
0000
0000
0000
0000
00bb
0000
00a9
6600
0074
7790
0949
6690
0666
6600
0466
6660
0966
9966
0096
6609
9099
7990
06cb
6900
09bb
6900
9999
6690
0999
6796
0999
6697
0096
6666
0996
6966
9066
6666
0966
66a9
0066
77ab
0066
66aa
0069
a9aa
90b6
6999
9046
77bc
0044
66ab
0044
9676
0094
6667
069a
aa66
0699
6b66
9b69
969b
0069
9969
0999
9969
0996
9966
0999
6699
0099
6999
0099
9996
0066
4469
0066
9499
0096
9969
0096
6966
0066
6666
0099
6669
0096
9696
0066
6999
0069
6649
009c
6944
009c
9999
0009
9999
0000
6999
0000
6696
0090
6699
0099
0666
009c
6669
0099
66c9
0000
c696
0000
c066
0000
9c00
0000
0000
0000
0099
0000
0000
0000
0000
0000
0000
0000
0000
0000
0000
0000
0000
0000
0000
0000
0000
9000
0009
9099
0044
9090
0004
9944
0999
9949
9999
9490
4000
9499
0000
9943
0000
9033
0000
9999
0000
6700
0000
7690
9900
7966
6696
7799
9666
6696
6966
6666
6996
6666
6606
9996
9696
6966
6906
9669
6996
9669
6666
b996
6699
bb66
9969
9b99
6909
0999
9609
009b
0999
0099
0000
0000
0000
0000
0000
0000
0000
9900
0000
9900
0900
0900
0900
0000
9999
0000
9666
0009
6967
0909
9667
0999
6976
0996
9666
0969
9969
9699
9969
9699
4966
9644
4977
9949
9666
9699
9666
9976
9766
9667
4669
9967
4679
9977
4677
0976
9667
9666
6766
9766
6696
9766
6699
9666
6699
9969
6999
9999
9996
9999
999b
9abb
cc99
09ab
bba9
009a
b999
0099
9990
0000
0000
0090
0099
0900
9909
9909
6679
9600
7669
0990
6699
0079
9966
0076
9077
0067
0066
0099
6069
0044
9060
0994
0999
0009
0900
0067
9909
0966
e900
0966
9e09
0966
d999
0990
9d96
0999
0967
0090
9479
0077
0990
9066
9999
0066
0990
0969
9067
9699
9976
6697
9009
6799
0990
6697
9000
9666
9900
9966
9090
0096
0900
0009
0000
0000
0000
0000
0000
0000
0000
0000
0000
0000
0000
0000
0000
0000
0000
0000
0000
0000
0000
0000
0000
0000
0000
0000
9900
0000
6699
0099
779b
0999
66ba
9776
96aa
9979
69aa
0967
7779
9c67
6677
9b77
7667
9976
7696
0966
76b6
0969
6699
0969
6666
0069
696b
0099
99bb
0099
b999
0999
9999
9699
9999
96bb
9690
96bb
bb90
0999
9900
0000
0000
0000
0000
0000
0000
0000
0000
00c0
0000
0007
0000
0000
0000
0000
0000
0000
7000
0000
0000
0000
0c00
0000
0000
0000
0000
0000
0700
0099
0000
0076
0000
0097
9900
0099
9900
0099
0700
0099
6609
0079
9699
0977
9969
9a67
6667
9a66
6966
9966
9666
09a6
6766
0066
6766
0079
76a6
0999
66a6
099a
a9a9
0999
9990
0000
9999
0000
0000
0000
0000
0000
0000
0000
0000
0000
0000
0000
0000
0000
0000
007c
0000
0000
0000
0000
0000
0000
0000
0000
7000
0000
7000
0000
0c00
0000
0700
0000
0000
0000
0000
0000
0000
0000
0099
0000
9909
0000
6077
0099
7766
0076
6766
0067
6699
0066
96aa
0099
99ab
09aa
aaaa
09aa
ab79
00a9
a967
00a9
9966
0990
9066
0900
0099
0c00
0000
0c00
0000
0000
0000
0000
0000
0000
0000
0000
0000
0000
0000
007c
0000
077c
0000
0070
0000
0077
0000
0070
0000
0070
7c00
0077
0700
0007
0000
0007
0c00
0007
0c00
0000
0000
0000
0000
0000
0000
0000
0000
0000
0000
0000
0000
0000
0000
0000
0000
000c
0090
00cc
7000
0007
0990
90c9
9c99
0099
9999
09c9
9999
0099
0000
0000
0000
0c00
0000
0000
0000
0c00
0000
0000
0000
0000
0000
0000
0000
0000
0000
0000
0000
0000
0000
00c0
0000
0000
0000
0000
0000
0007
0000
0077
0000
0007
0000
0007
0000
0007
0000
0007
0000
0007
c000
0007
0000
0000
0000
0000
0000
0000
7000
0000
7700
0000
0090
0000
0000
0000
0990
9009
9099
0070
9999
0999
9999
0099
0000
0000
0000
0000
0000
0000
0000
0000
0000
0000
0000
0000
0000
0000
0000
0000
0000
0000
0000
0000
0000
0000
0000
0000
0000
0000
0000
000c
0000
0000
0000
0000
0000
0000
0000
0000
0000
0000
0000
0000
0000
0000
0000
0000
0000
0000
c000
0000
0c00
0000
0000
0000
0c00
0000
0000
0000
c990
0009
9099
0070
9990
0999
9999
0099
0000
0000
0000
0000
0000
0000
0000
0000
0000
0000
0000
0000
0000
0000
0000
0000
0000
0000
0000
0000
0000
0000
0000
0000
0000
0000
0000
0000
0000
0000
0000
0000
0000
0000
0000
0000
0000
0000
0000
0000
0000
0000
0000
0000
0000
0000
0000
0000
0000
0000
0000
0000
0000
0000
0000
0000
0000
0000
0000
0090
0990
0009
0009
0000
0000
0000
0000
0099
0000
0069
0900
0066
0900
0077
9699
0076
6666
0066
a767
0066
a677
0096
a676
0096
7766
0099
7769
0099
a679
0066
aa77
0077
aa77
0066
6a66
0066
6666
0067
7766
007a
6669
00aa
7679
00aa
7777
00aa
6667
00a7
7766
0067
7696
0066
7699
0066
6609
0066
6900
0066
9000
0099
0000
0000
0000
0000
0000
0000
0000
0000
0000
0000
9900
0000
9700
0000
6609
0000
6609
0900
9699
0900
9909
0990
0000
0900
0000
0900
9000
0000
9000
0000
9000
0000
0099
0000
0076
0000
0067
0900
0066
0900
0066
0600
0066
0900
0069
0900
0099
0000
0000
0090
0600
0096
9000
0067
9000
0069
9000
0096
9900
0096
6600
0060
6600
0900
6600
0000
6900
0000
9900
0000
9900
0000
9000
0009
0000
0909
0000
0096
0000
0009
0000
0009
0000
0000
0000
0000
0009
0000
0000
0090
0000
0000
0000
0000
0000
0000
0000
0000
0000
0000
0000
0009
0090
0000
0000
0900
0000
0000
0000
0000
0000
0090
0000
0090
0900
0090
0000
0000
0000
0000
0009
0000
9000
0000
0000
0000
0099
0000
0099
0000
0076
0000
0067
0900
0096
0000
0009
0000
0000
0000
0000
0000
0000
0000
0000
0000
0000
0000
0000
0000
0000
0000
0000
0000
0000
0000
0000
0000
0000
0000
0000
0009
9099
0097
d993
0066
dd09
0099
6e09
0049
6d09
0039
6700
0943
6700
0994
6700
0943
6799
0033
67ab
0043
77bb
0039
76bb
0099
7aab
0090
a7ac
0000
67aa
0000
7699
0000
6900
0000
9900
0090
0000
0099
0000
0000
0000
0000
0000
0000
0000
0000
0000
0000
0000
0000
0000
0000
0000
0000
0000
0000
0000
0000
0000
0000
0000
0000
0000
0000
0000
0090
0000
0949
9900
9939
6609
0034
6e09
0093
6d09
009a
6d00
00aa
6d09
009a
6709
0049
6799
0094
67bb
0043
a7bb
0934
77ab
0943
77ab
0939
7aab
0949
96ac
0939
6799
0994
7600
0009
9900
0000
0000
0000
0000
0090
0000
0049
9900
0094
6e00
0099
dd00
0009
9700
0099
9700
0034
9900
0093
a900
0009
a990
0999
a990
0043
99e9
0033
96d9
0099
97d9
0000
77d9
0000
7769
0000
66a9
0000
9999
0000
9790
0000
9990
0000
99b9
0000
09b9
0000
00b9
0000
00b9
0000
0090
0000
0090
0000
0990
0000
9990
0000
b900
0000
ba00
0000
aa00
0000
9900
0000
9900
0000
6e00
0009
dd00
0099
9700
0094
9700
0049
9900
0099
a900
0099
a990
0099
a990
0094
99e9
0043
96d9
0043
97d9
0039
77d9
0099
7769
0093
66a9
0034
9999
0043
9790
0049
9990
0090
9990
0000
b990
0000
ba90
0000
ba00
0000
aa00
0000
aa00
0000
ba00
0000
9900
0000
bb00
0000
bb00
0000
b900
0000
9000
0000
0000
0000
0000
0000
0000
0000
0000
0000
0000
0009
9000
0094
3900
0009
3900
0000
9900
0000
9900
0000
3400
0000
4900
0000
9900
0000
9990
0000
9990
0000
99e9
0000
96d9
0000
97d9
0000
77d9
0000
7769
0000
66a9
0000
9990
0000
9790
0099
9900
0044
9900
0099
0900
0000
9c00
0000
cb00
0000
cb00
0000
bb99
0000
aa93
0000
bb93
0000
cb99
0000
9900
0000
0000
0000
0000
0000
0000
0000
0000
0000
0000
0000
0000
0000
0000
0000
0000
0000
0000
0000
0000
0000
0000
0000
0700
0000
7777
0000
7677
0006
7666
0077
7700
0077
7e00
00e7
7700
00ee
7600
00ef
6600
0066
6000
0066
0000
0000
0000
0000
0000
0000
0000
0000
0000
0000
0000
0000
0000
0000
0000
0000
0000
0000
0000
0000
0000
0000
0000
0000
0000
0000
0000
0000
0000
0000
0000
0000
0000
0000
0000
0000
0000
0000
0000
0000
0707
0000
7600
0000
7700
0000
6677
0000
7766
0006
7700
0077
7700
0077
7e00
0077
7700
00e7
7600
007f
6600
0077
6000
0066
0000
0000
0000
0000
0000
0000
0000
0000
0000
0000
0000
0000
0000
0000
0000
0000
0000
0000
0000
0000
0000
0000
0000
0000
0000
0000
6000
0000
6000
0000
7000
0000
d600
0000
7700
0000
7d00
0000
7700
0000
7600
0000
d700
0000
7700
0000
7700
0000
7770
0000
7606
0000
6600
0000
7600
0000
d700
0000
7700
0000
7d00
0000
6700
0000
6700
0000
6777
0000
6766
0000
67aa
0000
6700
0000
aa00
0000
0000
0000
0000
0000
0000
0000
0000
0000
0000
0000
0000
0000
0000
0000
6000
0000
6000
0000
6000
0000
6600
0000
6600
0000
f600
0006
e600
0006
7600
0066
e700
0006
7700
0066
7700
0000
7700
0000
7700
0006
7700
0006
7700
0006
7700
0006
7e00
0006
7700
0000
7700
0000
7600
0000
6700
0000
6700
0000
a700
0000
7700
0000
7700
0000
6700
0000
6600
0000
a600
0000
0a00
0000
0000
0000
0000
0000
0000
0000
0000
0000
0000
0000
000c
0000
000b
0000
00cb
0000
70bb
0000
70b0
0000
70b0
0006
7000
0000
7000
0006
7700
0006
cc00
006a
7c00
0066
77bb
0006
77b0
0006
7700
0006
7700
006a
7700
0066
7700
0066
7600
0000
6700
0006
7b00
0006
7700
0006
7600
0000
7600
0006
6700
0006
6700
0000
6600
0000
6600
0000
6a00
0000
000c
0000
0000
0000
000c
0000
00c0
0000
00c0
0000
0000
0000
0000
0000
000c
0000
6000
0000
76c0
0000
7600
0000
e700
0000
7f00
0000
7e00
0000
77c0
0000
77c0
0000
77c0
0000
7c0c
0000
770c
0000
770c
0000
7ac0
0000
77c0
0000
7700
0000
7600
0000
6700
0000
7700
0000
7700
0000
6600
0000
6600
0000
6600
0000
aa00
0000
0000
0000
0000
0000
0000
0000
000c
0000
0000
0000
000c
0000
00c0
0000
0000
0000
0000
0000
0000
0000
0000
0000
0000
0000
0000
0000
0000
0000
0000
0000
0000
0000
0000
0000
6000
0000
6600
0000
7600
0000
7600
0000
6700
0000
7700
0000
7000
0000
7000
0000
7c00
0000
7700
0000
7700
0000
6700
0000
0600
0000
a600
0000
0a00
0000
0000
0000
0000
0000
0000
0000
000c
0000
000c
0000
0000
0000
000c
0000
000c
0000
00c0
0000
0000
0000
0000
0000
0000
0000
0000
0000
0000
0000
0000
0000
0000
0000
0000
0000
6000
0000
6000
0000
0000
0000
6000
0000
6000
0000
7600
0000
0a00
0000
6600
0000
6000
0000
6a00
0000
a000
0000
a000
0000
a000
0000
0000
0000
0000
0000
0000
0000
00aa
00aa
00cb
00bb
00bb
00bc
0abb
00bb
abbb
00bb
abba
00ab
bcaa
000a
bb00
000a
bb00
000a
aa00
0000
7a00
0009
dd00
0099
7d00
0049
d690
0034
7799
0099
77a9
0093
76b9
0099
76b9
0044
66bb
0039
6abb
0099
97bb
0000
66ab
0000
99ba
0009
00ab
0009
00cb
0009
00cb
0009
00cb
0000
0099
0000
0049
0000
0099
0000
0090
0000
0000
0000
0000
0000
0000
0000
0000
0000
0000
0000
00aa
00aa
00bb
00bc
0abc
00bb
aabb
00bb
abbb
00ab
bcbb
00aa
aabb
0000
6aaa
0009
d600
0099
7d00
0049
d690
0034
7799
0099
77a9
0093
76b9
0099
76b9
0044
66bb
0039
6abb
0099
97bb
0000
66ab
0000
99ba
0009
00ab
0009
00cb
0009
00cb
0009
00cb
0000
0099
0000
0049
0000
0099
0000
0090
0000
0000
0000
0000
0000
0000
0000
0000
0000
0cc0
0000
0000
0000
0000
0000
0000
0000
0000
00b0
0000
00c9
0000
00c6
0000
0067
0000
0066
0000
0099
cc00
0000
0000
0000
c000
0000
0c00
0000
0000
0000
0000
000c
0000
00c0
0000
00cc
0c00
0000
0000
0000
0000
0000
0000
0000
0000
0000
0000
0000
0000
0000
0000
0000
0000
0000
0000
0000
0000
0000
0000
0000
0000
0000
0000
0000
00cc
0000
0000
0000
0000
0000
00cc
00cc
0000
0009
0000
0099
0000
0096
0000
0096
0000
0009
00c0
0000
000c
0000
0c0c
0000
0c0c
0000
00cc
000c
c000
000c
c000
0000
0000
0000
0000
0000
0000
0000
0000
0000
0000
0000
0000
0000
0000
0000
0000
0000
0000
0000
0000
0000
0000
0000
0000
0000
0000
0000
0000
0000
0000
0000
0000
0000
0000
0000
0000
0000
0000
0000
0000
0000
0000
0099
9999
00ee
eeee
00ee
eeee
009e
999e
009e
999e
009e
ee9e
00ee
ee9e
00e9
9e9e
0099
9e9e
0090
9e9e
0099
9e9e
00ee
eeee
00ee
eeee
0099
9999
0000
0000
0000
0000
0000
0000
0000
0000
0000
0000
0000
0000
0000
0000
0000
0000
0000
0000
0000
0000
0000
0000
0000
0000
0000
0000
0000
0000
0000
0000
0000
0000
0000
0000
0000
0000
0099
9999
00ee
eeee
00ee
eeee
0099
9e9e
0099
9e9e
00ee
9e9e
00ee
9e9e
009e
9e9e
009e
9e9e
009e
9e9e
009e
9e9e
00ee
eeee
00ee
eeee
0099
9999
0000
0000
0000
0000
0000
0000
0000
0000
0000
0000
0000
0000
0000
0000
0000
0000
0000
0000
0000
0000
0000
0000
0000
0000
0000
0000
0000
0000
0000
0000
0000
0000
0000
0000
0000
0000
0099
9999
09ee
eeee
09ee
eeee
09e9
e9e9
00e9
e9e9
00e9
e9e9
00e9
e9e9
00e9
e9e9
00e9
e9e9
00e9
e9e9
00e9
e9e9
00ee
eeee
00ee
eeee
0099
9999
0000
0000
0000
0000
0000
0000
0000
0000
0000
0000
0000
0000
0000
0000
0000
0000
0000
0000
0000
0000
0000
0000
0000
0000
0000
0000
0099
9999
00ee
9e9e
00e9
9e9e
00e9
9e9e
00e9
9e9e
00ee
9e9e
00e9
9e9e
00e9
9e9e
00e9
9e9e
00e9
9e9e
00ee
9e9e
0099
9999
0099
9999
0099
9999
009e
999e
009e
999e
009e
999e
009e
e999
009e
e999
009e
9e99
009e
9e99
009e
9999
0099
999e
0099
9999
0000
0000
0000
0000
0000
0000
0000
0000
0000
0000
0000
0000
0000
0000
0000
0000
0000
0000
0000
0000
0000
0000
0000
0000
0000
0000
0099
9999
0044
4444
0044
4444
0094
9994
0094
9994
0094
4494
0044
4494
0049
9494
0099
9494
0090
9494
0099
9494
0044
4444
0044
4444
0099
9999
0000
0000
0000
0000
0000
0000
0000
0000
0000
0000
0000
0000
0000
0000
0000
0000
0000
0000
0000
0000
0000
0000
0000
0000
0000
0000
0000
0000
0000
0000
0000
0000
0000
0000
0000
0000
0099
9999
0044
4444
0044
4444
0099
9494
0099
9494
0044
9494
0044
9494
0094
9494
0094
9494
0094
9494
0094
9494
0044
4444
0044
4444
0099
9999
0000
0000
0000
0000
0000
0000
0000
0000
0000
0000
0000
0000
0000
0000
0000
0000
0000
0000
0000
0000
0000
0000
0000
0000
0000
0000
0000
0000
0000
0000
0000
0000
0000
0000
0000
0000
0099
9999
0944
4444
0944
4444
0949
4949
0049
4949
0049
4949
0049
4949
0049
4949
0049
4949
0049
4949
0049
4949
0044
4444
0044
4444
0099
9999
0000
0000
0000
0000
0000
0000
0000
0000
0000
0000
0000
0000
0000
0000
0000
0000
0000
0000
0000
0000
0000
0000
0000
0000
0000
0000
0099
9999
0044
9494
0049
9494
0049
9494
0049
9494
0044
9494
0049
9494
0049
9494
0049
9494
0049
9494
0044
9494
0099
9999
0099
9999
0099
9999
0094
9994
0094
9994
0094
9994
0094
4999
0094
4999
0094
9499
0094
9499
0094
9999
0099
9994
0099
9999
0000
0000
0000
0000
0000
0000
0000
0000
0000
0000
0000
0000
0000
0000
0000
0000
0000
0000
0000
0000
0000
0000
0000
0000
0000
0000
0099
9999
0055
5555
0055
5555
0095
9995
0095
9995
0095
5595
0055
5595
0059
9595
0099
9595
0090
9595
0099
9595
0055
5555
0055
5555
0099
9999
0000
0000
0000
0000
0000
0000
0000
0000
0000
0000
0000
0000
0000
0000
0000
0000
0000
0000
0000
0000
0000
0000
0000
0000
0000
0000
0000
0000
0000
0000
0000
0000
0000
0000
0000
0000
0099
9999
0055
5555
0055
5555
0099
9595
0099
9595
0055
9595
0055
9595
0095
9595
0095
9595
0095
9595
0095
9595
0055
5555
0055
5555
0099
9999
0000
0000
0000
0000
0000
0000
0000
0000
0000
0000
0000
0000
0000
0000
0000
0000
0000
0000
0000
0000
0000
0000
0000
0000
0000
0000
0000
0000
0000
0000
0000
0000
0000
0000
0000
0000
0099
9999
0955
5555
0955
5555
0959
5959
0059
5959
0059
5959
0059
5959
0059
5959
0059
5959
0059
5959
0059
5959
0055
5555
0055
5555
0099
9999
0000
0000
0000
0000
0000
0000
0000
0000
0000
0000
0000
0000
0000
0000
0000
0000
0000
0000
0000
0000
0000
0000
0000
0000
0000
0000
0099
9999
0055
9595
0059
9595
0059
9595
0059
9595
0055
9595
0059
9595
0059
9595
0059
9595
0059
9595
0055
9595
0099
9999
0099
9999
0099
9999
0095
9995
0095
9995
0095
9995
0095
5999
0095
5999
0095
9599
0095
9599
0095
9999
0099
9995
0099
9999
0000
0000
0000
0000
0000
0000
0000
0000
0000
0000
0000
0000
0000
0000
0000
0000
0000
0000
0000
0000
0000
0000
0000
9a00
0000
aa00
0000
0000
0000
9900
0000
9a00
0000
9a00
0000
9900
0000
0900
0000
0900
0000
0900
0000
0900
0000
0000
0000
0000
0000
0000
0000
0000
0000
0000
0000
0000
0000
0000
0000
0000
0000
0000
0000
0000
0000
0000
0000
0000
0000
0000
0000
0000
0000
9900
0000
6690
0009
6669
0009
6666
009c
6666
00c6
66cc
00a6
66aa
0066
6699
0066
bb66
0066
cc66
0066
bb66
0066
cc66
00bb
bb66
00cc
9966
09a6
7666
0966
6666
0996
6666
0996
996a
0999
39a6
0969
396a
0066
49a6
0066
496a
0069
999a
0077
66a9
0067
66a9
0976
6799
9667
7699
9666
6699
9696
6690
9639
6690
9643
9600
9cf9
6600
9fc9
6600
9cc9
6690
09c9
6669
09c9
6699
00b9
69bb
0099
79bc
0009
99bb
0069
99ba
0069
93a9
0099
9400
009c
9900
009f
a900
009c
bb00
0939
a900
0943
0a00
0999
a000
0997
0000
0976
0000
0066
0000
0069
0000
0090
0000
0000
0000
0000
0000
0000
0000
0000
0000
0000
0000
0000
0000
0000
0000
0000
0000
0000
0000
0000
0000
0000
0000
0000
9900
0000
6600
0000
6600
0009
6699
009c
6669
009c
66cc
00cb
66aa
00cb
6699
00bb
6666
00bb
6666
00b6
6b66
00b6
bc66
00b6
cb66
00c6
bc66
00c6
bb66
00bc
9666
009a
6966
0069
6766
0066
7666
0966
66a6
0976
9996
0966
999a
0969
4996
0996
4399
0966
43b9
0076
99b9
0067
66b9
0076
66b9
0067
77b9
0066
6699
0067
6699
0966
9690
0966
9900
0999
6990
003c
9969
009c
9999
009b
96bb
0099
96bc
0049
66bb
0099
67ba
0069
67aa
0977
6900
0977
9900
0966
a900
0099
bb00
0069
a900
0096
0a00
0099
a000
0000
0000
0000
0000
0000
0000
0000
0000
0000
0000
0000
0000
0000
0000
0000
0000
0000
0000
0000
0000
0000
0000
0000
0000
0000
0000
0000
0000
0000
0000
0000
0000
0000
9900
0000
6600
0000
6699
0000
6669
0000
66cc
0009
66aa
009c
6699
009c
6666
00cb
6666
00cb
6666
00bb
6b66
00bb
bc66
00b6
cb66
00b6
ba66
00b6
b966
00c6
bc66
00c6
9966
00bc
6966
009a
66a6
0969
7696
0966
669a
9666
6996
9669
99a9
9696
99a9
9666
49ba
9976
999b
0966
669b
0076
669b
0966
669a
0966
9699
9666
6699
9699
6690
9667
6900
9666
9690
9699
6669
0969
6999
0096
99bb
0069
99bc
0066
99bb
0099
99ba
0099
93aa
0000
9400
0000
9900
0000
a900
0000
bb00
0000
a900
0000
0000
0000
0000
0000
0000
0000
0000
0000
0000
0000
0000
0000
0000
0000
0000
0000
0000
0000
0000
0000
0000
0000
0000
0000
0000
0000
0000
0000
0000
0000
0000
0000
0000
0000
0000
0000
0000
0000
0000
0000
0000
0000
0000
0000
0000
0000
0000
0000
0000
0000
0000
0000
0000
0000
0000
0000
0000
0000
0000
0000
0000
0000
0000
0000
0000
0000
0000
0000
0009
0000
0099
0000
0096
0000
0099
0000
0067
0000
0066
0000
0066
0000
0066
0000
0099
0000
0099
0000
0069
0000
0069
0000
0077
0000
0066
0000
0099
0000
0009
0000
9900
0099
6600
0066
6699
0066
6666
0066
6666
0966
bccc
9c66
cb99
ca66
9969
c9cb
6666
cb99
6666
6c69
6666
9966
6666
6667
9666
6966
aa66
9666
a66a
9966
a6aa
6969
a69b
6696
9acb
6666
9ab9
6676
9699
6766
9999
6676
9b99
6666
9bbb
6666
99bc
6666
99bb
6666
99ba
9666
93aa
6966
9490
9699
9900
6999
a900
9999
bb00
0000
9900
0000
9900
0000
6690
0009
6669
0009
6666
009c
6666
00c6
66cc
00a6
66aa
0066
6699
0066
bb66
0066
cc66
0066
bb66
0066
cc66
0066
bb66
0066
9966
09bc
6666
09c9
7666
0999
6666
0996
666a
0966
96a6
0967
666a
0076
66a6
0099
966a
0066
999a
0966
76a9
0966
67a9
9766
6699
9699
6699
9639
9699
9633
6990
9949
6690
99c9
6600
9cf9
6600
0099
9966
0099
9766
0099
77aa
0099
79cb
0099
99b9
0096
9996
0076
966c
0077
96bb
0097
66a9
0097
9996
0077
3966
0067
9666
0097
6666
0097
6966
0067
9966
0077
9966
0097
3967
0097
9766
0067
7766
0076
6669
0099
6969
0099
9993
0099
9993
0009
4993
0000
3993
0000
3993
0000
9934
0009
9b33
0009
9934
0097
9933
0097
6993
0099
7609
0099
9796
0099
77ba
0099
79bb
0099
99aa
0096
9999
0076
96cb
0077
96bb
0097
6699
0097
9996
0077
9976
0067
9667
0097
6676
0097
6967
0067
9966
0077
9967
0097
3966
0097
9767
0067
7766
0076
6666
0099
6996
0099
9999
0099
9999
0009
9933
0009
9b43
0009
9b33
0009
9b43
0099
9b33
0096
9933
0067
9943
0067
7733
0099
d743
0079
7633
0099
6700
00d7
6700
0076
6600
0067
9609
0066
9909
0099
9999
0099
7994
0099
6693
00cc
7943
00bb
9933
00cc
9039
00cc
0039
00cc
0090
00bb
0090
00c9
0090
09c9
0090
09b9
0039
9799
0099
9797
0009
9697
0000
9697
0000
9697
0000
9999
0000
0999
9000
0996
6900
9996
6990
9796
9699
9796
6779
9696
6777
99b9
7667
09bb
6697
0099
9999
0076
7639
006d
6699
0067
9990
0066
9990
0099
7900
0099
6900
0099
7900
00cc
9900
00cb
9900
00ac
9000
00cc
9000
00cc
9000
00bb
9000
00cc
9090
00cc
9990
00bb
9949
00b9
7993
00cc
7909
00cc
7900
00cc
6900
00cc
7900
00ab
9900
00ba
9700
00bc
7d00
00cc
7700
00ab
7690
00bb
7779
009b
667d
00ca
6966
00bb
9a66
009b
ba66
0099
9999
0000
0000
0000
0000
0000
0000
0000
0000
0000
0000
0000
0000
0000
0000
0000
0000
0000
0000
0000
0000
0000
0000
0000
0000
0000
0000
0000
0000
0009
0000
0099
0000
0099
9000
0090
9000
000a
9000
00a0
9000
000a
9000
00a0
9000
0000
9000
0000
0000
0000
0000
0000
0000
0000
0000
0000
0000
0000
0000
0000
0000
0000
0000
0000
0000
0000
0000
0000
0000
0000
0000
0000
0000
0000
9000
0000
b900
0000
bc00
0000
6b00
0000
6600
0000
6600
0000
6600
0000
6600
0000
6600
0000
6600
0000
6600
0000
6690
0000
6690
0000
b669
0000
cb69
0000
bcc9
0000
9a99
0000
6676
0000
6666
0000
7669
0000
9699
0000
9939
0000
4949
0000
9999
0000
9669
0000
6666
0000
6766
0000
7666
0000
6666
0000
9f99
0000
3669
0000
6766
0000
6696
0000
6699
0000
9996
0000
9669
0000
6699
0000
9990
0000
9900
0000
9900
0000
a600
0000
9600
0000
9900
0000
9b00
0099
9600
0034
b900
0049
9b00
0090
9900
0000
9600
000a
9600
00a0
6600
000a
9600
00a0
9900
0000
9900
0000
9000
0000
0000
0000
0000
0000
0000
0000
0000
0000
0000
9667
6900
9666
9690
9699
6669
0969
6999
0096
99bb
0069
99bc
0066
99bb
0099
99ba
0099
93aa
000a
9499
00a0
99b9
000a
a9a9
00a0
bb99
000a
99b9
0000
439b
0000
9999
0000
7666
0000
6666
0900
9966
9300
9976
9900
6766
0090
6666
0099
9966
0039
9966
0043
9966
a034
9399
0a33
3400
0093
4300
0009
3400
00a0
3300
000a
9900
00a0
0000
9fc9
6600
9cc9
6690
09c9
6669
09c9
6699
0ab9
69bb
0099
79bc
0009
99bb
0069
99ba
0069
93aa
0099
9499
009c
99b9
009f
a9a9
009c
bb99
0939
a9b9
0943
439b
0999
9999
0997
7696
0076
6666
0066
9967
0069
9966
0090
6776
000a
6676
00a9
9967
0094
9966
0033
9996
0039
4996
0090
3499
0000
4300
0000
3400
000a
3300
00a0
3300
000a
9900
0000
0000
0000
0000
0000
0000
0000
0000
0000
0000
0000
0000
0000
0000
0000
0000
0000
0000
0000
0000
0000
9900
0000
aa00
0000
a300
0000
3300
0000
3400
0000
4300
0000
3900
0000
9a00
0000
ab00
0000
b900
0000
9600
0000
6600
0000
9900
0000
9900
0000
3300
0000
3900
0000
9000
0000
0000
0000
0000
0000
0000
0000
0000
0000
0000
0000
0000
0000
0000
0000
0009
0000
0099
0000
0034
0000
0043
0000
0999
0000
09aa
0000
09aa
0000
09aa
0000
09ba
0000
009b
0000
0069
0000
0066
0000
0066
0000
09aa
0000
9999
0000
3490
0000
4300
0000
3300
0000
3300
0000
3900
0000
9000
0000
0000
0000
0000
0000
0000
0000
0000
0000
0000
0000
0000
0000
0000
0000
0000
0000
0000
0000
0000
0000
0000
0000
0000
0000
0000
0090
0000
9339
0000
9944
0000
0094
0000
0009
9000
0000
9900
00a0
3900
000a
4300
00a0
4300
000a
3400
00a0
4400
000a
3400
0000
4400
0000
4900
0000
9900
0000
9000
0000
0000
0000
0000
0000
0000
0000
0000
0000
0000
0000
0000
0000
0000
0000
0000
0000
0000
0000
0000
0000
0000
0000
0000
0000
9900
0000
6690
0009
6669
0009
6366
009c
4366
00c6
33cc
00a3
66aa
0036
6699
0046
bc66
0033
cb63
0063
cb63
004c
bc34
00cb
9933
09a6
7666
0966
6766
0967
6666
0966
9666
0966
496a
0966
49a6
0966
496a
0066
49a6
0066
496a
0076
999a
0066
96a9
0076
66a9
0967
6799
9667
7699
9666
6799
9696
7690
9639
6690
9643
9600
9cf9
6600
0000
9900
0000
6690
0009
6669
0009
6366
009c
4366
00c6
33cc
00a3
66aa
0036
6699
0046
bc66
0033
cb63
0063
cb63
004c
bc34
00cb
9933
09a6
7666
0966
6766
0967
6666
0966
9666
0966
996a
0966
99a6
0966
996a
0066
99a6
0066
996a
0076
999a
0066
96a9
0076
66a9
0967
6799
9667
7699
9666
6799
9696
7690
9639
6690
9643
9600
9cf9
6600
0000
0000
0000
0000
0000
0000
0000
0000
0000
0000
0000
0000
0000
0000
0000
0000
0000
9000
0000
a900
0000
ab00
0009
aa00
0009
aa00
009a
aa00
009a
aa00
009b
aa00
0099
aa00
009a
aa00
009a
aa00
0009
ba00
0009
bb00
0000
aa00
0000
9900
0000
9000
0000
0000
0000
0000
0000
0000
0000
0000
0000
0000
0000
0000
0000
0000
0000
0000
0000
0009
0000
0097
0000
0066
0000
0066
0000
0069
0000
099c
0000
99bb
0000
b9a9
0000
9699
0000
6696
0000
6969
0009
6949
009b
6949
00c9
969a
0066
6999
0066
66c9
0066
96b9
0066
69b9
0067
66b9
0966
67b9
0966
66a9
0966
96a9
0069
9999
0099
3999
0076
97b9
0067
96b9
0076
6699
0067
6793
0966
7699
0999
6699
0939
669b
09b3
6699
0000
0000
9900
0000
6600
0000
9900
0000
bb90
0000
a9b9
0000
99bc
0000
699b
0000
7999
0000
6999
0000
9979
0000
9969
0000
9969
9000
cb99
9000
bb99
9900
99b9
b900
99bb
b900
99cb
b900
99bc
ab00
96bc
aa00
669b
aa00
6699
a900
66a9
cc00
96c9
bb00
c9bc
aa00
bc9b
9a00
bb99
aa00
99a9
9900
99aa
9b00
a96b
9b00
9a96
bb00
9969
b900
009b
669b
009b
66bb
009b
69bc
0099
90bb
00c9
00cb
00c9
00cb
00c4
00b9
0093
0096
0069
0976
0076
9977
0067
9976
0066
9b66
0099
9b69
0000
9999
0000
9b76
0000
9b67
0000
9b76
0000
9b66
0000
9b66
0000
9969
0000
9b99
0000
9b66
0009
0966
0094
0966
0043
9966
0099
4966
0000
449b
0000
3399
0000
9993
0000
9944
0000
9033
0000
0099
999a
0000
6699
0000
9699
0000
9999
0000
9977
0000
9966
0000
6796
0000
9699
0099
9999
007d
9979
0077
9967
0996
6699
9796
6699
9669
9996
7669
9996
9969
9466
9969
3366
7769
9499
7d69
6499
d796
4399
6669
3499
6699
4397
6690
4496
9600
3499
9600
4396
9600
3399
9600
3396
9600
3966
9600
9969
9600
9999
6900
c9bc
9900
9999
0000
0000
0000
0000
0009
0000
0097
0000
0066
0000
0066
0000
0069
0000
009c
0000
00bb
0000
09a9
0000
9999
0000
b996
0000
9669
0000
6649
0000
6949
0000
699a
0000
9999
0000
66c9
0009
99b9
0099
66b9
0096
99b9
0096
76b9
0099
67a9
0076
76a9
0066
6699
0066
9999
0096
99b9
0039
43b9
00d3
d499
0099
4393
0067
9999
0066
6699
0066
679b
9900
0000
6690
0000
99b9
0000
bbbc
0000
a99b
0000
9999
0000
6999
0000
7979
9000
6969
9000
9969
9900
9999
b900
9999
b900
cba9
b900
bbba
ab00
99cb
aa00
99bc
aa00
99bc
a900
999b
cc00
9699
bb00
66a9
aa00
66c9
9a00
66bc
aa00
969b
9900
c999
9b00
bca9
9b00
bbaa
bb00
996b
b900
9996
0000
a969
0000
9a9a
0000
9999
0000
9999
0000
0066
7699
0066
679b
0099
66bb
004c
69bb
003f
96cc
009c
96bc
009c
96bb
0069
66b9
0076
6997
0066
9997
0066
9997
0066
0996
0099
0996
0000
0969
0000
0997
0000
0976
0000
0977
0000
0976
0000
0976
0000
0996
0000
0999
0000
0996
0000
0096
0000
0096
0000
0096
0000
9996
0000
44b9
0000
3399
0000
9999
0000
0943
0000
9933
0000
9999
6699
9900
9677
d600
9966
6700
9996
7600
9999
6600
6799
9900
9679
d700
9967
6700
9999
6600
9999
6600
6696
9900
6696
6700
9966
7d00
9966
d700
9466
6600
3399
6600
9499
6600
6496
9600
4397
9600
3496
9600
4396
9600
4496
9900
3499
6900
4396
6900
3369
9900
3366
9900
3996
9000
9996
0000
9999
0000
c9bb
0000
99b9
0000
9999
0000
0000
0000
0000
0000
0000
0000
0000
0000
0000
0000
0000
0000
0000
0000
0000
0000
0000
0000
0000
0000
0000
0000
0000
0009
0000
0097
0000
0066
0000
0066
0000
0069
0000
0099
0000
009b
0000
09bc
0000
9ac9
0000
a699
0000
9699
0000
6696
0000
6699
0000
6699
0000
6699
0000
6949
0000
6966
0000
6999
0000
6999
0000
6969
0099
9b99
0000
0000
0000
0000
0000
0000
0000
0000
0000
0000
0000
0000
0000
0000
0000
0000
0000
0000
9900
0000
7600
0000
6699
0000
6999
0000
9bcb
0000
cbbb
0000
9999
9000
9999
9900
9999
9900
69a9
cb00
6999
cc00
6996
bb00
9996
bb00
9999
a900
9b99
a900
bbc9
9900
b9bb
b900
9999
9900
97c9
9900
7799
b900
67bb
9900
99b9
6600
9b96
6900
00cb
9b99
00b9
9999
0096
6999
0066
6699
0066
9699
0066
6999
0067
6693
0076
6999
0066
6699
0069
6699
0099
6799
0093
669c
0079
67cb
0079
7699
0067
67b9
0076
6697
0967
6996
9666
9699
9666
6996
9996
9966
099f
9b67
0079
9977
0067
0976
0066
0996
0066
0999
0099
9996
0000
9997
0009
3999
0000
3999
0000
4494
0000
4444
0099
9999
bb99
9900
b999
9900
9999
6600
3966
9600
3366
6900
9967
7600
9976
6600
6666
6600
9967
6600
3466
9900
9976
7900
7766
d700
6669
7600
9999
6700
9999
6600
9399
6700
4497
6600
4366
6600
3476
6600
4467
9600
4466
9900
4496
6900
4999
6900
3996
9900
4969
9000
9666
9000
9696
0000
6396
0000
9999
0000
9b9b
0000
9bbc
0000
9999
0000
0000
009c
0000
99b9
0099
bc96
0069
9966
0099
6669
0066
9999
0067
7669
0066
6766
0069
6666
0099
6696
0099
6669
0976
6669
0967
6966
9766
6969
9796
6996
9969
6999
0066
6999
0066
9999
0096
9699
0096
6993
0999
9694
999c
9939
9639
9939
9699
9999
9796
9000
0979
0000
0996
0000
0969
0000
0099
0000
0090
0000
0000
0000
0000
0000
9999
0000
9cbb
0000
bba9
0000
a999
9000
9969
b900
9679
bc00
6969
9b00
4999
9900
4999
9900
9a99
7900
99cb
6900
c9bb
6900
b999
9990
b999
9990
b999
b990
b999
bbb9
a996
cbb9
a966
bcb9
9966
bca9
9966
9bab
b996
99aa
b9c9
a9aa
99bc
c999
93bb
bcbc
9999
9bab
9999
9999
9ba9
a9aa
999a
aa9a
9999
6b99
cb99
969b
9c99
9969
9999
4469
9996
9366
0099
9999
0099
6999
00c9
7796
00cc
6666
00cb
9967
00ba
9976
00ac
9969
00bc
6699
009b
6699
0009
6666
0000
9699
0000
a999
0000
cc7d
0000
cc76
0000
ba67
0000
ab66
0000
9b66
0000
0999
0000
00cb
0000
00bb
0000
00cc
0000
00bb
0000
0099
0000
0000
0000
0000
0000
0000
0000
0000
0000
0000
0000
0000
0000
0000
0000
0000
0000
0000
0000
0000
0000
0000
9000
0000
9000
0000
9000
0000
9900
0000
9900
9900
9400
4400
9399
9900
9943
0000
9033
0000
9999
0000
6700
0000
7690
0000
7799
0000
7777
0000
66dd
9600
6677
7900
6677
7700
9666
d700
b966
7700
cb99
7690
cc99
6669
bbb9
6669
bbc9
9966
9bb9
997d
09cc
c977
00bb
bb67
0099
c967
0000
cc66
0000
9969
00cb
9b99
00b9
9999
0096
6999
0066
6699
0066
9699
0099
6999
0044
6693
0099
9999
0066
4399
0069
4499
0099
9399
0069
699c
0076
67cb
0076
7699
0067
6749
0076
6644
0967
6944
9666
9634
9666
6993
9966
9969
0999
9b67
0093
9977
0034
0976
0044
0996
0033
0999
0099
0996
0066
0996
0077
0999
0066
0999
0099
00cc
0000
00bb
0000
0099
0000
0000
0000
0000
0000
0000
0000
0000
0099
9900
0076
7600
0067
6700
0066
7600
0066
9900
0096
9900
0049
4900
0049
4990
0096
9990
0066
9690
0066
6799
0066
6696
0066
6769
0099
6666
00c3
6669
00f9
9669
00f3
6999
00c9
6699
00c9
9699
00b9
6969
009b
999b
00c9
66bc
00c4
99cb
0049
96bb
0096
99b9
0077
9999
0066
9999
0099
3999
0093
bb99
0093
bc99
0093
bb96
0099
ab64
0099
ab69
0099
ab99
00a9
9a96
00b9
9a99
00a9
9999
00b9
9699
00a9
6799
00a9
66b9
0099
67c9
0099
96b9
0099
99cb
0999
c9bb
0999
bcb9
0999
9bb9
0999
99b9
0099
79b9
0999
6799
9799
9699
9699
9999
9999
7999
0999
7799
0099
6699
0997
9699
0999
9999
00bb
9999
00bb
7999
00cc
7799
00bb
999b
009b
b9bb
009b
99bb
009c
99bb
00bb
999b
00cc
6999
00cb
76b9
09b9
6799
0994
9999
0943
49b9
0949
3499
099c
9300
099c
9900
09ab
9900
09cc
9900
00cc
9000
00cb
0000
09bb
0000
0999
9990
09b9
9979
0996
9767
0996
6776
0996
6766
0999
9666
0996
9666
0996
9669
0096
9669
0096
9699
0099
96cb
0099
6699
00cb
9999
00bb
aa00
0099
9900
009c
9b99
009a
bb9b
00bc
b99c
00cb
b9cb
00bc
b9bb
00cb
bbb9
0999
9b99
09ac
9900
09cc
9900
99c9
9900
9999
9900
9999
0000
9999
0000
9c99
0000
cc99
0000
cc99
9900
cc99
9000
cc99
0090
9999
0090
9999
0099
9999
0009
9900
0009
9900
0009
9900
9000
9900
9000
9900
0000
9900
0900
9909
0900
9999
9900
9009
9900
9999
9900
9999
9990
0000
0000
0000
0000
0000
0000
0000
0000
0000
0000
0000
0000
0099
9000
0069
6900
0096
6600
0066
7600
0076
6700
0066
6600
0099
9600
0069
6900
0076
6600
0067
6600
0066
6690
0966
6699
0966
6699
9766
6669
9696
6699
9696
6699
9696
6699
9969
6999
9769
969b
9966
99bc
0969
99cb
0099
66bb
0096
96b9
0066
9999
0096
9999
0099
3999
0000
0000
0000
0000
0000
0000
0000
0000
0000
0000
0000
0000
0099
9900
0066
6600
0066
7600
0067
6700
0066
6600
0066
9900
0099
6690
0076
9690
0066
6690
0066
6799
0066
6696
0066
6769
0096
6666
00b9
6669
00f9
6669
00f3
9999
00c9
6999
00b9
9669
00b9
699b
009c
99bc
009c
66cb
0034
99bb
0099
99b9
0077
9999
0066
3999
0099
3399
0000
0000
0000
0000
0000
9900
0000
6690
0009
9669
0009
6969
0009
6676
0009
7666
0009
6766
0096
6966
0097
6666
0096
6676
0067
6777
0066
6677
0066
6676
0096
6696
0069
9999
0096
3466
0096
ca69
0096
4a66
0096
9469
0096
9966
0096
7769
0096
6669
0099
6696
009a
9696
009a
6999
00ab
69bb
00ba
69b9
00aa
9999
00b9
3999
00a9
9999
0000
0099
0000
0099
0000
00c9
0000
00b9
0000
0096
0000
0096
0000
0996
0000
9a99
0000
4a99
0000
a466
0000
a976
0000
9b67
0000
bb76
0000
bc66
0000
c966
0000
9999
0000
9967
0000
9976
0000
9966
0000
9966
0000
9966
0000
9999
0000
9699
0000
96d9
0000
97e4
0000
9649
0000
9699
0000
9666
0000
9966
0000
9966
0000
b969
0000
9b99
9900
0000
9900
0000
9c00
0000
9b00
0000
6900
0000
6900
0000
6990
0000
99a9
0000
99a4
0000
664a
0000
699a
0000
66b9
0000
66bb
0000
69cb
0000
669c
0000
9999
0000
7699
0000
6699
0000
6699
0000
6699
0000
6999
0000
9999
0000
9969
0000
9d69
0000
4e76
0000
9466
0000
9969
0000
6666
0000
6699
0000
6699
0000
969b
0000
99b9
0000
0000
999c
0000
999f
0000
994c
0000
779c
0000
7969
0000
7966
0000
7966
0000
9996
0000
9996
0000
7999
0000
7799
0000
7799
0000
97aa
0000
99aa
0000
79aa
0000
77aa
0000
77aa
0000
99bb
0000
99bb
0000
77bb
0000
979b
0000
3999
0000
99bb
0000
39bc
0000
99bb
0000
90bb
0000
009b
0099
0099
0099
99bb
0043
99bb
0039
4399
0099
9999
c999
0000
f966
0000
c499
0000
c977
0000
9697
0000
6697
0000
6697
0090
6999
00d9
6999
097d
9997
9766
9977
7667
9a77
6696
aa79
6696
aa99
9996
aa97
9796
a977
9996
9977
9996
9999
9d66
9b79
6799
bb97
6690
bb99
9600
b999
9600
9996
9900
9c99
9900
cb96
39a0
cb99
390a
b999
39a0
b999
990a
9943
9600
9933
9a00
4399
a000
9999
0000
0000
0099
0000
00b9
0000
0096
0000
0096
0000
0996
0000
9a99
0000
4a99
0000
a466
0000
a976
0000
9b67
0000
bb66
0000
bc99
0000
c976
0000
9967
0000
9966
0000
9966
0000
9966
0000
9966
0000
9999
0000
9949
0000
994d
0000
9999
0000
9966
0000
9966
0000
9976
0000
9969
0000
9999
0000
9999
0000
b999
0000
9b99
0000
9999
0000
9999
9900
0000
9b00
0000
6900
0000
6900
0000
6990
0000
99a9
0000
99a4
0000
664a
0000
699a
0000
66b9
0000
66bb
0000
69cb
0000
679c
0000
7699
0000
6699
0000
6669
0000
6669
0000
6679
0000
6966
0000
9976
0000
9967
0000
9976
0000
6666
0000
7696
0000
6669
0000
9969
0000
9999
0000
4c99
0000
9c9b
0000
9fb9
0000
9c99
0000
9c66
0000
0000
9969
0000
9969
0000
9969
0000
7766
0000
7966
0000
7966
0000
7996
0000
9996
0000
9999
0000
7999
0000
7799
0000
7799
0000
97aa
0000
99aa
0000
79aa
0000
77aa
0000
77aa
0000
99bb
0000
99bb
0000
77bb
0000
079b
0000
9999
0000
99bb
0000
39bc
0000
99bb
0000
90bb
0000
009b
0099
0099
0099
99bb
0043
99bb
0039
4399
0099
9999
9c99
0000
9966
0000
9999
0000
9977
0000
9997
0000
9997
0000
9997
0000
9999
0000
9699
0000
9697
0000
6677
0000
6677
0000
6679
0000
6999
9909
9a97
7796
aa77
7777
aa77
6777
aa99
6666
9b79
6696
bb97
6696
bb99
9696
b999
9699
9996
9999
9c99
9990
cb96
3966
cb99
3999
b999
390a
b999
99a0
9943
990a
9933
99a0
4399
a900
9999
9000
0000
9900
0000
6600
0009
6600
0096
7699
0066
679b
0066
769b
0066
679b
0099
669b
00bb
66bc
00cb
96bb
00bb
96cb
00b9
99b9
0099
c996
009a
bb96
00aa
bc66
00a9
bb66
0099
bb66
0097
9999
0077
9996
0079
9b66
0099
9966
0097
9999
0077
b969
0097
9966
0099
c966
00b9
9969
0099
bc69
0099
9999
0099
9900
0000
4300
0000
3400
0000
9900
0000
9900
0000
b900
0009
cb90
009b
bc69
00bb
9966
00b9
9966
0099
a966
0077
3476
0097
3367
0099
aa66
0049
a967
0099
9966
009b
9967
009c
9976
009b
9b66
0099
bb67
0099
bc76
0066
b967
0066
9676
0099
9676
0099
9667
0066
b976
0066
b967
0069
bb76
0099
cb66
0096
bb66
0066
9c66
0066
9999
0096
69bb
0099
66cb
0000
6699
0000
9900
0000
0000
0000
0099
0000
0099
0000
99bb
0000
99bb
0000
9999
0099
bb99
009b
c939
009c
b939
0009
bb96
0009
9b97
0096
9967
0067
9976
0066
6676
0096
7679
0094
6669
00c9
6994
00f9
9696
00c9
9967
0099
9676
009c
6699
009f
6699
0099
6966
0076
9966
0077
9999
0066
0099
0066
0099
0099
9944
0009
3343
0999
4439
9944
9999
0099
0099
9900
0000
7700
0000
6700
0000
7699
0000
6799
0000
9979
0000
9777
0000
6667
0000
9997
0000
9696
0000
9699
0000
b9b9
9000
b9b9
9000
c9b9
b900
b9b9
c900
bbb9
b900
bcb9
b900
bbb9
9900
9bb9
9900
9b96
9000
9b97
9900
9966
9900
a9a9
9a00
aa99
6700
aa99
7600
aa9b
6700
99bc
6600
99bb
9690
bb99
9999
bb96
9976
bb6a
9667
9999
9996
0000
0000
0000
0009
0000
0099
0000
99bb
0009
99bb
009b
bb99
009c
c999
0009
b939
0009
bb39
0096
9b96
0067
9997
0066
9967
0096
6676
0094
7676
00c9
6679
00f9
6969
00c9
9694
0099
9996
009c
9667
009f
6676
0099
6699
0076
6999
0077
9966
0066
9966
0066
0099
0099
0099
0009
0099
0000
0044
0000
9943
0000
9939
0099
4499
0099
9999
0000
0000
9900
0000
7700
0000
6700
0000
7600
0000
6799
0000
9999
0000
9779
0000
6677
0000
9967
0000
9697
0000
9696
0000
b999
0000
b9b9
0000
c9b9
9000
b9b9
9000
bbb9
b900
bcb9
c900
bbb9
b900
9bb9
b900
9bb9
9900
9b96
9900
9997
9900
a966
9900
aaa9
9900
aa99
6790
aa99
7669
999b
6769
99bc
6699
bbbb
6696
bb99
9696
bb99
9999
0000
0000
0000
0099
0000
999b
0000
99bb
0009
9b99
0009
bc99
0000
bb33
0000
cb33
0099
9939
0076
9939
0066
6996
0099
7797
003c
6797
009c
6677
009f
9676
009c
9669
0099
9999
0099
9696
0099
9977
0099
9669
0099
9699
009c
6666
009f
6666
004c
9999
0099
9999
0069
3399
0077
9943
0066
0034
0066
0093
0099
9399
0900
4309
9300
3900
9900
0000
7700
0000
7600
0000
6790
0000
7699
0000
6979
0000
9977
0000
9667
0000
9996
0000
b999
0090
b9b9
0069
cbb9
0079
bbbb
0069
bcbb
9990
bbcb
9900
9bbb
cb00
9bcb
bc00
9bbb
cb00
99cb
bb00
99bb
c900
99b9
b900
a999
b900
aa96
b900
aaaa
9600
aaa9
9600
aa99
9600
9999
9600
99bb
9900
bbcb
6900
bb99
9900
9b99
9b00
9999
9900
0000
0000
0000
0000
0000
0000
0000
0099
0000
0066
0000
0066
0000
0066
0000
0069
0000
009b
0000
00bc
0000
00cb
0000
00bb
0000
00b9
0000
0099
0000
0099
0000
0999
0000
0996
0000
0996
0000
9999
0000
b999
0000
b9c9
0000
9b97
0000
bb77
0000
bb79
0009
9b99
0009
9997
0009
6977
0009
6699
0000
9644
0000
6693
0000
6699
0000
9999
9900
0000
6600
0000
6600
0000
6799
0000
7669
0000
6769
0000
6669
0000
6699
0000
969b
0000
999b
00a4
c9bc
0000
b9bb
0000
bcc9
0000
bbb9
0000
bb96
0000
bb96
0000
b966
0000
b969
0000
9999
0000
9966
0000
9966
0000
9b99
0000
9b66
0000
9b66
0000
9b66
0000
9966
0000
9966
0000
3999
0000
0000
0000
4300
0000
0000
0000
9999
9000
0000
0000
0000
0000
0000
0000
0000
0000
0000
0000
0000
0000
0000
0000
0000
0000
0000
0000
0000
0000
0000
0000
0000
0000
0000
0000
0000
0000
0000
0000
0000
0000
0000
0000
0000
0000
0000
0000
0000
0000
0000
0000
0000
0000
0000
0000
0000
0000
0000
0000
0000
0000
0000
0000
0000
0900
0000
9a00
0099
0099
0000
0000
0000
0000
0000
0000
0000
0000
0000
0000
0000
0000
0000
0000
0000
0000
0000
0000
0000
0000
0000
0000
0000
0000
0000
0000
0000
9000
0000
4900
0000
3400
0000
9300
0000
0900
0000
0900
0000
0900
0000
0900
0000
0900
0000
0900
0000
9900
0000
9900
0000
9300
0000
9400
0000
999a
00aa
94aa
00a0
3900
0000
9900
000a
9900
00aa
9000
0000
0000
0000
0000
0000
0000
0000
0000
0000
0000
0000
0000
0000
0000
0000
9000
0000
9900
0000
9400
0000
0900
0000
0900
0000
0900
0000
0900
0000
0900
0000
0900
0000
0900
0000
0900
0000
0000
0000
0000
00a0
0000
000a
0000
00a0
9000
000a
9900
0000
b900
00a9
99a0
0000
999a
00aa
9999
0099
9909
0a00
0900
0a00
990a
a000
99a0
0000
0000
0000
0000
0000
0000
0099
0000
0009
0000
0000
0000
0000
0000
0000
0000
0000
0000
0000
0000
0000
0000
0000
0000
0000
0000
0000
0000
0000
0000
0000
0000
0000
9000
0000
9000
0000
9000
0000
9000
0000
3900
0000
3900
0000
3900
0000
3900
0000
3900
0000
3900
0000
3900
0000
3900
0000
3900
0000
4900
0000
3900
0000
3900
0000
4900
0000
0000
0000
0000
0000
0000
0000
0000
0000
0000
0000
0000
0000
0000
0000
0000
0000
0000
0000
0000
0000
0000
0000
0000
0000
0090
0000
0043
0000
9999
0000
4300
0000
3900
0000
9000
0000
9000
0000
0000
0000
0000
0000
0000
0000
0000
0000
0000
0000
0000
0000
0000
0000
0000
0000
0000
0000
9000
0000
9000
0000
9000
0000
4900
0000
3400
0000
4300
0000
3400
0000
4300
0000
3400
0000
4300
0000
3400
0000
4300
0000
3400
0000
4900
0000
9900
0000
7700
0000
6600
0000
6700
0000
7600
0000
6600
0000
6700
0000
6600
0000
6600
0000
6600
0090
6600
0000
6600
0000
6600
0000
6600
09a9
66a0
0000
969a
00aa
9699
0099
9699
0a00
9999
0a00
9900
a000
9900
0000
0000
0000
0000
9000
0000
3900
0000
4300
0000
3400
0000
3300
0000
9300
0000
9900
0000
0990
0000
0099
0000
0039
0000
0096
0000
0067
0000
0066
0000
0076
0000
0066
0000
0066
0000
0066
0000
0066
0000
0099
0000
0099
9000
0000
9900
0000
6900
0000
7600
09a9
66a0
0000
669a
00aa
9699
0099
6699
0a00
9999
0a00
9900
a000
9900
0000
0000
0000
0000
0000
0000
0099
0000
9939
0000
9343
0000
9433
0000
9393
0000
0944
0000
0934
0000
0933
0000
0093
0000
0099
0000
0009
0000
0000
0000
0000
0000
0000
0000
0000
9000
0000
9000
0000
3900
0000
4900
0000
4300
0000
4400
0000
3400
0000
4400
09a9
34a0
0000
339a
00aa
3399
0099
9999
0a00
6999
0a00
6600
a000
9900
0000
0000
0000
0000
0000
0000
0000
0000
0000
0000
0000
0000
0000
0000
0099
0000
0094
0000
0009
0000
0000
0000
0000
0000
0000
0000
0000
9000
0000
3900
0000
4300
0000
9400
0000
0900
0000
0000
0000
0000
0000
0000
0000
0090
0000
0039
0000
0043
0000
0094
0000
0093
0000
0009
0000
0000
0000
0000
0000
0000
0000
0000
0000
0000
0000
0000
0000
0000
0000
0000
0000
0000
0000
0000
0000
0000
0000
0000
0099
0000
0944
0000
9334
0000
9333
0000
9993
0000
0999
0000
0033
0000
0943
0000
0944
0000
0933
0000
0993
0000
0009
0000
0000
9000
0000
3900
0000
4900
0000
4300
0000
4300
0000
3400
09a9
34a0
0000
339a
00aa
3399
0099
9399
0a00
9399
0a00
9900
a000
9900
0000
0000
0000
4300
0000
3400
0000
4300
0000
3400
0000
4300
00a9
3400
0099
4300
0093
3300
0034
9900
0043
9300
0039
3988
0099
4388
0034
3498
0043
3499
0033
3349
0099
9339
0093
f999
0093
9f98
0099
fc98
0039
9939
0043
9939
0034
3339
0933
4499
0993
3498
0999
3398
0039
9998
0049
4488
0033
3400
0033
3300
0099
9900
0000
9900
0000
0000
0000
0000
0030
0000
0033
0000
0033
0000
0003
0000
9000
0000
0000
0000
0000
3000
0000
0000
0000
0000
0090
9900
0090
3443
0090
3334
0000
9333
0000
9939
0009
9990
0003
0000
0004
0003
0090
0900
0099
0900
0093
0339
0099
0339
0009
0999
0000
0000
0000
0000
0000
0000
0009
0900
0009
0900
0000
3300
0000
3400
0000
3900
0000
4900
0000
0000
0000
9000
0000
4900
0000
4990
0000
9090
0009
0090
0094
0300
0099
9300
0009
9400
0003
4300
0000
4900
0000
3900
0000
4900
0000
9300
0000
3300
0000
4900
0000
4900
0000
4900
0000
9900
0000
9600
0090
9600
0000
6600
0000
6600
0000
6700
09a9
66a0
0000
969a
00aa
6699
0099
6699
0a00
6699
0a00
9900
a000
9900
0000
0000
0000
0000
0000
0000
0000
0000
0000
0000
0000
0000
0000
0000
0000
0000
0000
0000
0000
0000
0000
0000
0000
0000
0000
0009
0000
9999
0000
6609
0000
7609
0000
6609
0000
6600
0000
690a
0000
6a0a
0000
9a00
0000
a900
0000
a900
0000
9a00
0000
9a00
0000
a000
0000
a000
0000
0000
0000
0000
0000
0000
0000
0000
0000
0000
0000
0000
0000
0000
0000
0000
0000
0000
0000
0000
0000
0000
0000
0000
0000
0000
9000
0000
9000
0000
9900
0000
6900
0000
6900
0000
6700
0000
6600
0000
6699
0000
6696
0000
6676
0000
6666
0000
6766
0000
6666
0000
6677
0000
9666
0000
9666
0000
9966
0000
9966
0000
0a96
0000
aa99
0000
0a99
0000
aa9a
0000
aaaa
0000
00a0
0000
0000
0000
0000
0000
0000
0000
0000
0000
0000
0000
0000
0000
0000
0000
0000
0000
0000
0000
0000
0000
0000
0900
0000
9600
0000
9690
0000
6699
0000
9696
0000
9666
0009
7666
0096
6666
0096
6699
0096
6699
0099
6666
0009
6666
0000
6666
0000
6669
0000
6976
00a9
6667
00a6
6666
00a6
6666
000a
9666
00aa
a669
00aa
a090
000a
0a09
0000
0000
0000
0000
0000
0000
0000
9900
0000
6600
0000
6600
0000
6690
9000
6690
9900
6690
6600
6660
6600
6669
6a00
6769
6600
6669
9600
6690
6600
6690
6609
6600
6696
9900
6666
6600
6666
6900
6666
7600
6666
7600
6666
6600
6677
6600
6676
6600
9676
9900
6666
9000
9666
a000
9906
0000
9996
0000
99a6
0000
9999
0000
9990
0000
9000
0000
0000
0000
0000
0000
0000
0000
0000
0000
0000
0000
0000
0090
0000
0069
0000
0069
0000
0066
0000
0979
0000
9696
0000
9696
0000
6666
0000
6666
0000
6666
0009
6766
0096
6766
0096
6766
0096
6766
0096
6666
0066
6667
0066
6676
0066
9666
0096
6666
0066
6666
0067
6666
0076
6666
0066
9696
0066
6666
0069
6666
0099
6669
0000
9990
0000
0000
0000
0000
0000
9900
0000
7600
0000
7690
0000
6677
9900
6667
9900
6660
6600
6666
7600
6666
670a
6669
66aa
6669
6607
6690
6676
6690
6666
6600
6666
a960
6666
6699
6666
6966
6666
7666
6666
6666
6666
6a66
6666
6aa9
6766
aa09
6666
aa09
6666
aa09
96a6
a009
66a6
90a0
66aa
9900
669a
a000
9999
a000
9990
0000
900a
0a00
0000
0000
0000
0000
0000
0000
0000
0000
0000
0090
0000
0079
0000
0079
0000
0969
0000
9966
0000
9979
0000
9696
0000
9696
0000
6666
0000
6666
0099
6966
0999
6666
6aa6
6666
a667
6666
a666
6666
a766
6677
666a
6666
a666
aa66
aa6a
aa66
aa9a
6a6a
a666
aa6a
aaa6
6a6a
9a66
6a66
9a66
66a6
9966
66a6
0969
aa66
00aa
6669
0099
9990
0000
9900
0009
6600
7796
6690
7976
7769
9666
6676
6666
6676
6669
6667
6a99
a666
669a
6666
66aa
66a6
66aa
7666
6666
66a6
6666
6766
6666
6667
6666
6666
6666
7766
6666
6666
6666
6666
6666
6666
6677
6666
6666
6666
6666
6a66
6666
a666
aa66
aa66
6a66
aa66
6aa6
a966
66a6
9a66
66aa
aa77
669a
aa66
999a
aaaa
99aa
aaa6
900a
999a
6766
6666
6766
6677
7766
7666
6677
7766
aa66
a766
0066
0aaa
00aa
0000
0000
0000
0000
0000
0000
0000
0000
0000
0000
0000
0000
0000
0000
0000
0000
0000
0000
0000
0000
0000
0000
0000
0000
0000
0000
0000
0000
0000
0000
0000
0000
0000
0000
0000
0000
0000
0000
0000
0000
0000
0000
0000
0000
0000
0000
0000
0000
0000
0000
0000
6777
6766
6767
6777
7666
7767
6677
7676
aa77
7766
0066
76aa
00a6
6700
00aa
6600
000a
7600
0000
6600
0000
6a00
0000
a000
0000
0000
0000
0000
0000
0000
0000
0000
0000
0000
0000
0000
0000
0000
0000
0000
0000
0000
0000
0000
0000
0000
0000
0000
0000
0000
0000
0000
0000
0000
0000
0000
0000
0000
0000
0000
0000
0000
0000
0000
6666
6766
6666
7666
7676
6666
6667
6666
aa67
6666
0076
67aa
0077
77a0
0067
77a0
0066
7700
00a6
7700
000a
7c00
000a
7700
0000
c700
0000
7700
0000
7700
0000
7700
0000
7a00
0000
aa00
0000
a000
0000
0000
0000
0000
0000
0000
0000
0000
0000
0000
0000
0000
0000
0000
0000
0000
0000
0000
0000
0000
0000
0000
0000
0000
0000
0000
6666
6666
6766
7766
7766
6677
6677
7766
aa66
7766
0076
776a
0067
77aa
00a6
76a0
00aa
6700
0000
7600
0000
6700
0000
7600
0000
6700
0000
7600
0000
6600
0000
c600
0000
6600
0000
c600
0000
6600
0000
c600
0000
c600
0000
c700
0000
7600
0000
7700
0000
7600
0000
6700
0000
7600
0000
6600
0000
6600
0000
aa00
0000
0000
0000
0000
0000
0000
0000
6000
0000
6000
0000
7000
0000
6000
0000
7000
0000
6000
0000
7600
0000
7600
0000
7600
0000
c700
0000
7700
0000
c700
0000
7700
0000
7c00
0000
7c00
0000
cc00
0000
c700
0000
7600
0000
6600
0000
6a00
0000
aa00
0000
a000
0000
0000
0000
0000
0000
0000
0000
0000
0000
0000
0000
0000
0000
0000
0000
0000
0000
0000
0000
0000
0000
0000
0000
0000
0000
0000
0000
ca00
0000
0f00
0000
0000
0000
0000
0000
0000
0000
0000
0000
0000
0000
0000
0000
0000
0000
0000
0000
0000
0000
0000
0000
0000
0000
0000
0000
0c00
0000
ca00
0000
a000
0000
0000
0000
c000
0000
c000
0000
c000
0000
a000
000c
a000
000c
0000
0009
0000
0000
0000
0000
0000
0000
0000
0000
0000
0000
0000
0000
0000
0000
0000
0000
0000
0000
0000
0000
0000
0000
0f00
0000
0f00
0000
0f00
0000
0f00
0099
999a
0022
2290
0099
999a
0092
0fa0
0092
0f0a
0092
0fa0
0092
0f0a
0092
0fa0
0092
0f0a
0092
0fa0
0092
0f0a
0092
0fa0
0099
999a
0022
2290
0099
999a
0000
0000
0000
0000
0000
0000
0000
0000
0000
0000
0000
0000
0000
0000
0000
0000
0000
0000
0000
0000
00cc
0000
00cb
0000
00bc
0000
000b
0000
0000
0000
000d
0000
d0d0
df0d
00dd
dfdd
00dd
dfd0
00dd
dfdd
0099
999d
0022
229d
0099
999d
0092
dfdd
0092
dfdd
0092
dfdd
0d92
dfdd
0092
dfdd
d092
dfdd
0092
dfdd
0092
dddd
0092
ddd0
0099
99da
0022
2290
0099
999a
0000
0000
0000
0000
0000
0000
cc00
0000
bb00
f000
0000
b000
00c0
0000
0000
0f00
000b
0b00
0000
0000
0000
0000
0000
0000
0000
0000
0000
0f00
0000
0f00
0000
0f00
0000
0f00
0099
999a
0022
2290
0099
999a
0092
0fa0
0092
0f0a
0092
0fa0
0092
0f0a
0092
0fa0
0092
0f0a
0092
0fa0
0092
0f0a
0092
0fa0
0099
999a
0022
2290
0099
999a
0000
0000
0000
0000
0000
0000
0000
0000
0000
0000
0000
0000
0000
0000
0000
0000
0000
9900
0000
bb00
0009
aa00
009b
5500
009b
5500
009c
5500
009b
9900
0009
cc00
0009
cb00
0009
bc00
0009
cb00
0099
bc00
000a
cb00
00a0
bca0
0000
cb0a
0009
bca0
0090
cb0a
0000
bca0
0000
bb00
0000
9900
0000
0a00
0000
0000
0000
0000
0000
0000
0000
0000
0000
0000
0000
0000
0000
0000
0000
0000
0000
0000
0000
0000
0000
0000
0000
0000
0000
0000
0000
0000
0000
00aa
0000
00a4
0000
004a
0000
aaaa
0000
a433
0000
aa33
0000
aaaa
0000
cca9
000a
aa9a
00aa
aaa0
00cc
090a
aaaa
a0a0
ac0a
0000
ac00
0000
aa90
0099
00a9
00aa
0099
9999
0009
aa0a
0009
aaa0
009a
aa90
00aa
a0a9
009a
00aa
000a
0099
0000
00a0
0000
0000
0000
0000
0000
0000
0000
0000
0000
0000
0000
0000
0000
0000
0000
0000
0000
0000
0000
0000
0000
0000
0000
0000
0000
0000
0000
0000
0000
9000
0000
a900
0000
aa00
0000
aa00
0009
aa00
009a
9a00
00ac
3900
00cc
0990
00ac
3900
009a
9a00
0009
aa00
0000
aa00
0000
aa00
0000
aa00
0000
a900
0000
9000
0000
0000
0000
0000
0000
0000
0000
0000
0000
0000
0000
0000
0000
0000
0000
0000
0000
0000
0000
0000
0000
0000
0000
0000
0000
0000
0000
0000
0000
9900
0000
aa00
0000
aa00
0000
aa00
0000
aa00
0000
9a00
0033
9900
0044
9900
0033
4300
0000
c400
0000
aa00
0009
ac00
0009
caa0
0000
aa00
0000
cc00
0000
9900
0000
9900
0000
9a00
0000
a000
0000
0000
0000
0000
0000
0000
0000
0000
0000
0000
0000
0000
0000
0000
0000
0000
0000
0000
0000
0000
0000
0000
0000
0000
0000
0000
0000
0000
0000
0000
0000
0900
0000
9c00
0000
cc00
0000
cc90
0000
ffd9
0000
c4e4
000e
ad4c
000a
3acc
0000
eecc
0000
eecc
0000
9ec9
0000
0990
0000
0000
0000
0000
0000
0000
0000
0000
0000
0000
0000
0000
0000
0000
0000
0000
0000
0000
0000
0000
0000
0000
0000
0000
0000
0000
0000
0000
0000
0000
0000
f000
0000
f000
0000
a900
0000
b900
0000
b900
0000
b900
0000
9900
0000
bf00
0000
ca00
0000
ca00
0000
ca00
0000
caa0
0000
ca00
0000
c500
0000
c500
0000
5c00
0000
5c00
0000
9900
0000
aa00
0000
0000
0000
0000
0000
0000
0000
0000
0000
0000
0000
0000
0000
0000
0000
0000
0000
ff00
0000
0f00
0000
0f00
0000
0f00
0000
0f00
0000
0f00
0000
0f00
0000
0f00
0000
0000
0000
0000
0000
f0a0
0000
0f0a
0000
3fa0
0000
4f00
0000
3fa0
0000
3300
0000
33a0
0000
3300
0000
0000
0000
ff00
0000
a000
0000
0000
0000
0000
0000
0000
0000
0000
0000
0000
0000
0000
0000
0000
0000
0000
0000
0000
0000
0000
0000
0000
0000
ff00
0000
0f00
0000
0f00
0000
0f00
0000
0f00
0000
0f00
0000
0f00
0000
0f00
0000
0000
0000
0000
0000
f0a0
0000
0f0a
0000
0fa0
0000
7f00
0000
7fa0
0000
7700
0000
66a0
0000
6600
0000
6600
0000
ff00
0000
a000
0000
0000
0000
0000
0000
0000
0000
0000
0000
0000
0000
0000
0000
0000
0000
0000
0000
0000
0000
0000
0000
0000
0000
0000
0000
0000
0000
0000
0000
0000
0000
9900
0000
fd00
0000
dd00
0000
dd00
0000
dd00
0099
dd00
0077
dda0
0077
9900
0077
3390
0077
cf29
0066
fc22
0066
c322
0099
3323
0000
3332
0000
3929
0000
9290
0000
220a
0000
32a0
00a0
2300
00a0
3200
0090
9300
0000
0900
0000
0000
0000
0000
0000
0000
0000
0000
0000
0000
0000
0000
0000
0000
0000
0000
0000
0000
0000
0000
0000
0000
0000
9900
0000
9900
0000
9b00
0000
9b00
0000
bb00
0009
bb00
0009
bb00
0099
9b90
0099
c9c9
009b
ccc9
0099
ac99
0099
caab
00c9
acaa
00cc
aacc
009c
aacf
09cc
99cc
09cc
44cc
09ca
44cc
00ac
4499
0099
4490
0000
430a
0000
99a0
0000
0000
0000
0000
00aa
0000
00cc
0000
00ab
0000
0009
0000
0000
0900
0000
9400
0099
9400
0094
3400
0093
4300
009d
3400
009d
4300
009d
3400
009d
430a
0093
c4a0
0094
c30a
0093
34a0
0094
d30a
0093
dda0
0094
dd0a
0093
dda0
0094
3d0a
0093
43a0
0094
3400
0093
4300
0093
3300
0099
9900
0000
0000
0000
0000
0000
0000
0000
0000
0000
0000
0000
0000
0000
0000
0000
0000
0000
0000
0000
9a00
0000
c900
0000
c900
0000
c900
0000
9a00
0000
a000
0000
9000
0000
9000
0000
6900
0000
6600
0000
6600
0000
6600
0000
6600
0000
6300
0000
6600
0000
6300
0000
3600
0000
6600
0000
6a00
0000
9900
0000
0a00
0000
a000
0000
0000
0000
0000
0000
0000
0000
0000
0000
0000
0000
0000
0000
0000
0000
0000
0000
0000
0000
0000
0000
9a00
0000
c900
0000
c900
0000
c900
0000
9a00
0000
a000
0000
9000
0090
9000
0069
6900
0066
6690
0066
6669
0066
6666
0063
6666
0036
6336
0063
6669
0036
6390
0063
360a
0036
66a0
00a9
6a00
0090
9900
000a
0a00
0000
a000
0000
0a00
0000
0000
0000
0000
0000
0000
0000
0000
0000
0000
0000
0000
0000
0000
0000
0000
0000
0000
0000
0000
0000
0000
0000
0000
0000
0000
0000
0000
0000
0000
0000
0000
0000
0000
0000
0000
0000
0000
0000
cc00
000c
aa00
00ca
cc00
00aa
a2c0
00cc
aa2c
00ca
00ac
00a0
00ca
00ca
00aa
00cc
000a
00a2
00cc
00ca
00ca
002c
c0ac
00a2
ccc2
0099
aaa9
0000
cc00
0000
9900
0000
0000
0000
0000
0000
0000
0000
0000
0000
0000
0000
0000
0000
0000
0000
0000
0000
0000
0000
0000
0000
0000
0000
0000
0000
0000
0000
9900
0000
0900
0090
0000
00b9
a000
00bc
0a00
00bb
0000
009b
9900
009b
3300
0009
3400
0009
4300
00a0
3300
000a
3300
00a0
9a00
000a
a000
0000
0a00
0000
0000
0000
0000
0000
0000
0000
0000
0000
0000
0000
0000
0000
0000
0000
0000
0000
0000
0000
0000
0000
0000
0000
0000
0000
0000
0000
0000
0000
0000
0000
0000
0000
0000
0000
0000
0000
9900
0000
bb00
0000
a900
000a
9c00
009c
cc00
009c
ce00
009c
eea0
009c
ee00
009c
eea0
009c
ee00
0099
cea0
0009
cc00
0000
cc00
0000
cc00
0000
c900
0000
9a00
0000
0000
0000
0000
0000
0000
0000
0000
0000
0000
0000
0000
0000
0000
0000
0000
0000
0000
0000
0000
0000
0000
0000
9900
0000
fc00
0000
cc00
0000
cc00
0000
b900
0000
9600
0000
7600
0000
6600
0000
7600
0000
6600
0000
7600
0000
dda0
0000
ed00
0000
dda0
0000
ed00
0000
66a0
0000
7600
0000
6600
0000
7600
0000
6900
0000
9a00
0000
0000
0000
0000
0000
0000
0000
0000
0000
9900
0099
dd00
00dd
9900
0099
9990
0099
99d9
0099
99e9
00e9
9929
002e
9929
00d2
ee29
00dd
2229
00dd
dd29
00dd
dd29
00dc
dd29
00dc
3f29
00dc
3329
00dc
ff29
00dc
f329
00dc
3329
00dc
3f29
00dc
ff29
00dc
ff29
00dc
ff29
00dc
ff29
00dc
ff29
00dc
3329
00dd
3f29
00dd
dd29
00dd
dd29
00dd
dd90
00dd
dd00
0099
dd00
0000
9900
0000
0000
0000
0000
0000
0000
0000
0000
0000
0000
0000
9900
0009
ca00
009a
fc00
00ac
ff00
00ff
fc00
00ff
cc00
00ff
cc00
00ff
ac00
00ff
fa00
00ff
ff00
009c
ff00
0099
fc00
00ca
ca00
00ff
ac00
00cf
cc00
009f
ac00
009c
cf00
009c
cc00
000a
f900
0000
c900
0000
a900
0000
a900
0000
9900
0000
9a00
0000
a900
0000
0a00
0000
0000
0000
0000
0000
0000
0000
0000
0000
0000
0000
0000
0000
0000
0000
0000
0000
0000
0000
0000
0000
0000
0000
0000
0000
0000
0000
0000
0000
0090
0000
0099
0000
00c9
0000
00cc
0000
00cc
0900
009c
0900
0999
0900
0999
0900
0999
0900
0999
0900
99cb
0999
c9bb
009c
9cbb
00cc
bcb9
00c9
bb99
0099
bb09
0099
bb90
0009
bc09
0000
9900
0000
0000
0000
0000
0000
0000
0000
0000
0000
0000
0009
9900
0099
ca00
0099
ac00
0099
ac00
0099
aa00
00cb
aa00
00bc
aa90
0099
99c9
00cb
93ac
09bc
3abc
0999
99ca
00bb
399c
99cc
0009
9999
0009
99bb
0009
99bb
0000
9999
0000
9aa9
0000
9a90
0000
9999
9000
cc09
0900
bc90
9000
bc09
0999
bc99
00cc
9c09
00fc
9c90
00cc
9000
00c9
0000
0000
0000
0000
0000
0000
0000
0000
0000
0000
0000
0000
0000
0000
0000
0000
0000
0000
0000
0000
0000
0000
0000
0000
0000
0000
0000
0000
0000
0000
0000
0000
0000
0000
0000
0000
0000
0000
0009
0000
0009
0000
0000
0000
0000
0000
0000
9990
0000
9690
0000
6700
0000
6600
0000
6900
0000
6900
0000
6900
0000
6900
0000
9900
0000
0000
0000
0000
0000
0000
0000
0000
0000
0000
0000
0000
0000
0000
0000
0000
0000
0000
0000
0000
0000
0900
0000
9700
0000
7600
0000
6900
0000
9000
0009
9000
0009
9000
0009
9000
0000
6900
0000
6900
0000
6900
0000
6900
0000
6900
0009
9900
0009
9700
0000
6600
0000
7600
0000
6900
0000
6900
0000
6900
0000
6900
0000
9900
0009
0000
0009
0000
0009
9900
0000
6700
0099
6600
0066
9900
0099
0000
0060
0900
0000
9600
0009
7600
0099
9600
0097
9900
0096
9000
0096
9000
0099
9000
0099
6900
0090
6900
0000
6900
0000
6900
0000
6900
0009
6900
0009
6700
0099
6600
0090
7600
0000
6900
0000
6900
0000
6900
0000
6900
0000
6900
0000
6900
0000
6600
0000
6600
0000
0000
0000
0000
0000
0000
0090
0000
0099
0000
0069
0000
0069
0000
0069
0000
0069
0000
0066
0000
0066
0000
0066
0000
0066
0000
0066
0000
0066
0000
0066
0000
0066
0000
0066
0000
0066
0000
0066
0000
0066
0000
0066
9900
0066
9600
0066
7600
0066
6700
0066
7700
0066
6600
0076
6900
0066
9900
0096
0000
0099
0000
0009
0000
0000
0000
0000
0000
0000
0000
0000
0000
0000
0000
0000
0000
0000
0000
0000
0000
0000
0000
0000
0000
0000
0000
0000
0000
0000
9900
0009
c500
0009
5500
000a
5500
0000
5500
0000
5900
0000
9500
0000
9500
0000
a900
0000
0900
0000
0000
0000
0000
0000
0000
0000
0000
0000
0000
0000
0000
0000
0000
0000
0000
0000
0000
0000
0000
0000
0000
0000
0000
0000
0000
0000
0000
0000
0000
0000
0000
0000
0000
0000
0000
0000
9900
0009
c500
0009
5500
0000
5500
0000
5500
0000
5900
0000
9000
0000
9000
0000
0000
0000
0000
0000
0000
0000
0000
0000
0000
0000
0000
0000
0000
0000
0000
0000
0000
0000
0000
0000
0000
0000
0000
0000
0000
0000
0000
0000
0000
0000
0000
0000
0000
0000
0000
0000
0000
0000
0000
0000
0000
0000
0000
0000
0000
0000
0000
0000
0000
0000
0000
0000
9000
0000
c900
0000
5500
0000
5500
0000
5500
0000
5500
0000
9900
0000
9000
0000
0000
0000
0000
0000
0000
0000
0000
0000
0000
0000
0000
0000
0000
0000
0000
0000
0000
0000
0000
0000
0000
0000
0000
0000
0000
0000
0000
0000
0000
0000
0000
0000
0000
0000
0000
0000
0000
0000
0000
0000
0000
0000
0000
0000
0000
0000
0000
0000
9900
0000
9000
0000
9000
0000
9000
0000
9000
0000
9900
0009
9000
009c
0000
005c
0000
0055
0000
0099
0000
0000
0000
0000
0000
0000
0000
0000
0000
0000
0000
0000
0000
0000
0000
0000
0000
0000
0000
0000
0000
0000
0000
0000
0000
0000
0000
0000
0000
0000
0000
0000
0000
0000
0000
0000
0000
0000
0000
0000
0000
0000
0000
0000
0000
0000
9900
0099
9600
0033
66a0
0099
6900
000a
a9a0
0090
9900
0009
9900
0000
0900
0000
90a0
0000
9a0a
0000
90a0
0000
009a
0000
0090
0000
009a
0000
0090
0000
000a
0000
00a0
0000
0000
0000
0000
0000
0000
0000
0000
0000
0000
0000
0000
0000
0000
0000
0000
0000
0000
0000
0000
0000
0000
0000
9900
0099
6600
0033
6900
0099
9900
0000
9900
0000
9000
0090
9000
0009
9000
0000
0000
0000
0000
0000
0000
0000
0000
0000
0000
0000
0000
0000
0000
0000
0000
0000
0000
0000
0000
0000
0000
0000
0000
0000
0000
0000
0000
0000
0000
0000
0000
0000
0000
0000
0000
0000
0000
0090
0000
0049
0000
0094
0000
0009
0000
0090
0000
0090
0000
0009
0000
0009
9000
0000
9900
0000
6600
0000
6600
0000
a900
0000
9900
0000
9900
0000
0900
0000
9000
0000
9000
0000
9000
0000
0000
0000
0000
0000
0000
0000
0000
0000
0000
0000
0000
0000
0000
0000
0000
0000
0000
0000
0000
0000
0000
0000
0000
0000
0000
0000
0000
0000
0000
0000
0000
0000
0000
0000
0000
0000
0000
0000
0000
0000
0000
0000
9000
0000
9009
0000
9000
0000
0000
0000
0000
0000
9000
0009
0900
0009
0000
0093
0000
0039
9900
0090
0000
0000
0000
0000
0000
0099
0000
0000
0000
0900
0000
0000
0000
0000
0000
0000
0000
0000
0000
0000
0000
0000
0000
0000
0000
0000
0000
0000
0000
0000
0000
0000
0000
0000
0000
0000
0000
0000
0000
0000
0000
0000
0000
0000
9000
0099
b900
00dd
de00
99aa
aa99
9ddd
ddde
9999
99dd
0a99
99dd
00cc
0999
00cf
000a
00cc
0000
00bb
00a0
0099
009a
00a0
0090
0000
000a
0000
00a0
0000
0000
0000
0000
0000
0000
0000
0000
0000
0000
0000
0000
0000
0000
0000
0000
0000
0000
0000
0000
0000
0000
0000
0000
0000
0000
0000
9900
0009
bb00
009d
ed00
09aa
aa99
09dd
dded
0999
99dd
0099
999d
00bc
9099
00cc
9000
00bc
9000
00ab
9000
0099
0000
0000
0000
0000
0000
0000
0000
0000
0090
0000
00d9
0000
0090
0000
0000
0000
0000
0000
0000
0000
0000
0000
0000
0000
0000
0000
0000
0000
0000
0000
0000
0090
0000
00e9
0000
00de
0000
009d
0000
0009
0000
0009
0000
0000
9000
0000
d900
0000
ad00
0000
ea00
0000
de00
0000
9d00
0000
b990
0000
c990
0000
b490
0000
a9d9
0000
99ed
0000
00de
0000
00dd
0000
00dd
0000
009d
0000
0009
0000
0009
0000
0009
0000
0009
0000
0000
0000
0000
0000
0000
0000
0000
0000
0000
0000
0000
0000
0000
0000
0090
0000
0099
0000
00d9
0000
009d
0000
09d9
0000
9d99
0000
de90
0000
ed00
0000
dd00
0000
dd00
0000
dd00
0009
9900
0009
9000
009d
9000
00da
9000
00ae
9000
00ed
0000
00d9
0000
0099
0000
0094
0000
0099
0000
0000
0000
0900
0000
9e00
0000
0900
0000
0000
0000
0000
0000
0000
0000
0000
0000
0000
0000
0000
0000
0000
0000
0000
0000
0000
0000
0000
0000
0000
0000
0000
0000
0000
0000
0000
00a0
0000
0aca
0000
acfc
0099
cccf
00bb
9bcc
00bb
b9cc
00bb
bb9c
006b
6690
00b6
b6a0
00aa
aa0a
0099
9990
00a0
a09a
000a
0a90
00a0
a039
000a
0029
0000
0039
0000
0039
0000
9099
0000
9099
0000
d9d9
0000
d3d9
0000
9dd9
0000
9d39
0000
099a
0000
0000
0000
0a0a
0000
0000
0000
0000
0000
aa00
0000
cc00
0000
fc00
0099
cca0
00bb
cca0
09bb
99a0
93bb
bb00
93b6
6600
09aa
9900
00aa
9900
009a
9000
009d
9000
009d
9000
0009
0000
0009
0000
0000
0000
0000
0000
0000
0000
0000
0000
0000
0000
0000
0000
0000
0000
0000
9900
0000
dd00
0000
9900
0000
0000
0000
0000
0000
0000
0000
0000
0000
0000
0090
0000
00b9
0000
00bb
0000
00bb
0000
00bb
a000
00b6
ca00
00bb
cc00
00ab
fc00
009a
cc00
0099
cc00
00ad
9c00
0009
b900
0009
6b00
000a
bb00
0000
9b00
0000
9900
0000
9000
0000
9000
0000
0000
0000
0000
0000
0000
0000
0000
0000
0000
0000
0000
0000
0000
0000
0000
0000
9900
0000
3300
0000
dd00
0000
9900
0000
0000
0000
0000
0000
0000
0000
0000
0000
0000
0000
0000
0000
0000
0000
0000
0000
0000
0000
aa00
0000
aa00
0000
ab00
000a
bb00
00ac
b900
00cc
b900
00cf
9900
00cc
9900
00aa
9000
00bb
0009
00b6
00ad
00b6
00d3
00bb
0039
00bb
0090
00ba
9300
00a9
dd00
0090
9900
0000
0000
0000
0000
0000
0000
0000
0000
0000
0000
0000
0000
0000
0000
0000
0000
0000
0000
0000
0000
0000
0000
0000
0000
0000
0000
0000
0000
0000
0000
0000
0000
0000
0000
0000
0000
0000
0000
0000
0000
0000
0000
0000
0000
0000
0000
4444
4444
3333
3333
0000
0000
0000
0000
0000
0000
0000
0000
0000
0000
0000
0000
0000
0000
0000
0000
0000
0000
0000
0000
0000
0000
0000
0000
0000
0000
0000
0000
0000
0000
4400
0000
3400
0000
0300
0000
0000
0000
0000
0000
0000
0000
0000
0000
0040
0000
0044
0000
0034
0000
0003
0000
0000
0000
0000
0000
0000
0000
0000
0000
0000
4000
0000
4400
0000
3400
0000
0300
0000
0000
0000
0000
0000
0000
0000
0000
0000
0040
0000
0044
0000
0034
0000
0003
0000
0000
0000
0000
0000
0000
0000
0000
0000
0000
0000
0000
0000
0000
0000
0000
0000
0000
0000
0000
0000
0000
0000
0000
0000
0000
0000
0000
0000
0000
0000
0400
0000
0000
0000
4000
0000
0000
0000
4000
0000
4400
0000
4400
0000
4400
0000
4000
0000
0000
0000
0000
0000
0000
0000
0000
0000
0400
0000
0000
0000
0000
0000
0000
0000
0000
0000
0000
0000
0000
0000
0000
0000
0000
0000
0000
0000
0000
0000
0400
0000
0400
0000
0400
0000
0400
0000
0404
0040
4444
0044
4400
0004
4400
0004
4400
0000
4400
0000
4400
0040
4e00
0000
e400
0000
ee00
0000
ee00
0044
e400
0044
e400
0000
4e00
0000
4400
0000
4444
0000
4444
0004
0400
0040
0400
0000
0000
0004
0000
0004
0000
0004
0000
0040
0000
0040
0000
0000
0000
0000
0000
0004
0000
0004
0000
0044
0400
0044
e400
0044
e444
0044
4444
004e
0400
00ee
e004
00e4
0004
004e
0404
000e
0004
00e0
4944
00e0
0044
0040
00ee
0040
0044
0004
0000
0040
00e0
00e0
00e0
004e
004e
0044
0944
0000
9044
0040
0900
0040
ee40
0004
e444
0004
4444
0004
0000
0004
0000
0000
0044
0004
4004
0004
0000
0000
0000
0000
0000
0000
0000
0000
d000
0000
9000
00d0
000d
00d0
0000
0000
00d0
0090
00d0
0000
0000
0000
0009
0090
4000
0000
000d
0000
0000
0000
0000
0000
0000
0000
0009
0000
0000
0000
000d
0000
0000
0d00
0000
0000
0400
0090
0000
0000
000d
0000
4000
00d9
0090
000d
000d
00d0
0000
00d0
0d00
0000
a000
000d
0000
00d0
d0dd
0000
0000
0000
0000
0000
0000
0000
0000
0055
0000
0055
0000
005b
0000
0055
0500
00a5
5500
000a
a550
0005
5a50
5bb5
555b
5555
5555
aa0a
5555
0000
555a
0000
5aa5
0055
a05a
005a
0000
00a0
0000
0000
0000
0000
0000
0000
0000
0005
0000
0005
0000
0500
0000
0500
0000
0000
0000
0000
0000
0000
0000
0000
0000
0000
0000
0000
0000
0000
0000
0000
0000
0000
0000
0000
0000
0000
0000
0000
0000
0000
0000
0000
0000
0000
0000
0000
0055
0005
0555
0055
5555
0055
555a
005a
bb00
00a5
5500
0050
5500
0055
5500
0555
5500
550a
0000
5a05
0500
a005
5500
0000
5500
0005
5500
0050
5a00
0055
aa00
0055
0000
005a
0000
00a0
0000
0000
0000
0000
0000
0000
0000
0000
0000
0000
0000
0000
0000
0000
0000
0050
5000
0055
5000
00c5
5500
0055
c555
005c
5555
0055
55cc
5555
5c55
5555
5555
a5a5
5555
0a05
5555
000a
55aa
0005
5500
0055
5500
0055
5500
0555
5505
05c5
5555
0555
55c5
0a55
5555
0055
5555
0055
55aa
0055
55a0
005c
5500
00c5
5550
0055
55c5
0055
5555
0055
5555
055a
c555
0aa0
5555
0000
55a5
0000
aa0a
0000
0000
0e00
0000
0000
0000
0000
0000
0000
0000
0000
0000
e000
0000
0ee0
0000
0eee
0000
00ee
e000
0e00
ee00
0e00
0000
0e00
0000
0000
0000
00e0
0000
000e
e000
00e0
0e00
004e
ee44
00e4
eeee
00e0
ee40
00ee
44e4
00ee
e40e
00ee
eeee
0040
e444
0004
ee00
0000
0000
0000
0000
0000
0000
0000
0000
0000
0000
0000
0000
0000
0000
0000
0000
0000
0000
0000
0000
0000
0000
0000
0000
0000
0000
0000
0000
0000
0000
0000
0000
0000
0000
0000
0000
0000
0000
0000
0000
0000
0000
0000
0000
0000
0000
0000
0000
44ee
4000
ee4e
4444
4e44
ee4e
4444
eee4
4000
0000
000e
0000
0000
0000
0000
0000
0000
0000
0000
0000
0000
0000
0000
0000
0000
0000
0000
0000
0000
0000
0000
0000
0000
0000
0000
0000
0000
0000
0000
0000
0000
0000
0000
0000
0000
0000
0000
0000
0000
0000
00e0
0000
00e0
0000
004e
0000
0044
0000
00e4
0000
00e4
0000
00ee
4000
000e
e440
0040
eeee
00e4
4e44
000e
44ee
0000
e4ee
0000
eeee
0000
44e4
0000
0000
0000
0000
0000
0000
0000
0000
0000
0000
0000
0000
0000
0000
0000
0000
0000
0000
0000
0000
0000
0000
0000
0000
0000
0000
0000
0000
0000
0000
0000
0000
0000
0000
0000
0000
0000
0000
0000
0000
0000
0000
0000
0000
0000
0000
0000
0000
4400
0000
0e44
0000
eee0
4eee
ee4e
eee4
e4e4
0404
e000
0000
0000
0000
0000
0000
0000
0000
0000
0000
0000
0000
0000
0000
0000
0000
0000
0000
0000
0000
0000
0000
0000
0000
0000
0000
0000
0000
0000
0000
0000
0000
0000
0000
0000
0000
0000
0000
0000
0000
0000
0000
0000
0000
0000
e000
0e00
e000
0e00
e0e0
0e00
40e0
0e00
40ee
0ee0
40ee
00e0
eee0
0000
04ee
000e
e4ee
000e
e4e4
0eee
eee4
eeee
eee4
e4ee
eeee
e4ee
eee4
ee4e
eeee
0e4e
44e4
0e4e
e4e4
00ee
e44e
00ee
ee4e
0000
eeee
0000
eeee
0000
0000
0000
0000
0000
0000
0000
0000
0000
0000
00e0
0000
00e0
0000
00e0
0000
00e0
0000
00e0
00e0
0000
00e0
0000
00e0
0000
e0e0
0000
0040
00e0
004e
00e0
0044
0040
0044
00e0
0044
0040
e044
0e44
ee44
0e44
e4e4
00e4
eee4
00e4
4ee4
0eee
4eee
0e4e
4eee
0eee
444e
0ee4
e44e
0ee4
e44e
00ee
e44e
00ee
4eee
00ee
ee44
0000
0004
00e0
0000
00ee
0000
000e
0000
000e
0000
000e
0000
0000
0000
0000
0000
0000
0000
0000
0000
00e0
0000
00e0
0000
00e0
e000
00ee
ee00
00ee
ee00
000e
ee00
000e
4e00
00ee
ee00
00e4
4e00
00ee
ee00
000e
4e00
000e
4400
0000
4e00
0000
4400
0000
ee00
0000
4d00
0000
ed00
0000
dd00
0000
0000
0000
0000
0000
0000
0000
0000
0000
0000
0000
0000
0000
0000
0000
0000
0000
0000
0000
0000
0000
0000
0000
0000
0000
0000
0000
0000
0000
0e00
0000
0e00
0000
0e00
0000
0e00
0000
0e00
000e
0000
000e
0e00
000e
0e00
000e
ee00
000e
ee00
000e
ee00
0000
ee00
0000
e400
0000
4400
0000
4e00
0000
4e00
0000
ee00
0000
e000
0000
0000
0000
0000
0000
0000
0000
0000
0000
0000
0000
0000
00c0
c0c0
00ff
fccf
00ff
cfff
00ff
ffff
00ff
ffcc
00ff
fffc
00ff
fffb
00ff
fcfc
00ff
fccf
00ff
fcff
00ff
ffcf
00fb
fcfc
00ff
fcff
00cc
ffcc
00ff
fccc
00ff
ffbc
00ff
ffc0
00ff
cfff
00cc
fffc
0ccb
fcff
0cbc
cfff
0ccc
cfff
00cc
cbfc
00fb
ccff
00fc
bcff
00fc
cccc
00fc
fccc
00cc
cccc
0000
0c00
0000
0000
0000
0000
0000
0000
0000
0000
0000
0000
0000
0000
0000
0000
0000
0000
0000
0000
0000
0000
0000
0000
0000
cc00
0000
bc00
0000
bfb0
0000
fc00
000c
ffc0
000c
cfc0
000c
cccf
000c
ffbf
000b
cfcf
000b
cccc
000b
ff00
0000
cc00
0000
fc00
0000
cf00
0000
cc00
0000
bb00
0000
0b00
0000
0000
0000
0000
0000
0000
0000
0000
0000
0000
0000
0000
0000
0000
0000
0000
0000
0000
0000
0000
0000
0000
00ff
bb00
00bb
bc00
00f0
ff00
00ff
cf00
00fc
fc00
00ff
cf00
00cf
c000
00bf
cfc0
00ff
cbcc
00ff
fcfc
00cf
ffcc
00cf
ffc0
00bf
cc00
000b
fc00
0000
ff00
000c
ffc0
00bc
fc00
00bc
cc00
00bc
cccc
000b
bcfc
0000
0bcf
0000
00cc
0000
0000
0000
0000
0000
0000
0000
0000
0000
0000
1111
1111
eeee
eeee
1fff
ffff
1111
1111
1111
1111
11ee
eeee
11ff
ffff
1111
1111
1111
1111
cccc
cccc
ccc1
cccc
cccc
cccc
1111
1111
bb1b
1b1b
bbbb
bbbb
bbbb
bbbb
bbbb
bbbb
bbbb
bbbb
bbbb
bbbb
bbbb
bbbb
bbb1
bb1b
bb1b
bbb9
bbb1
bb9b
bb9b
bbb9
bbb1
bb9b
bb1b
bbb9
bbb1
bb1b
bbbb
bbbb
bbbb
bbbb
bbbb
bbbb
bbbb
bbbb
bbbb
bbbb
bbbb
bbbb
bbbb
bbbb
bbbb
bbbb
bbbb
bbbb
bbbb
bbbb
bbbb
bbbb
bbbb
bbbb
bbbb
bbbb
bbbb
bbbb
bbbb
bbbb
bbbb
bbbb
bbbb
bbbb
bbbb
bbbb
bbbb
bbbb
bbbb
bbbb
bbbb
bbbb
bbbb
bbbb
bbbb
bbbb
bbbb
bbbb
bbbb
bbbb
bbbb
bbbb
bbbb
bbbb
bbbb
bbee
bbbb
bbdd
bbbb
bbaa
bbbb
bb44
bbbb
bb44
bbbb
bb44
bbbb
bb44
bbbb
bb74
bbbb
bb94
bbbb
bb44
bbbb
bb44
bbbb
bb44
bbbb
bb44
bbbb
bb44
bbbb
bb74
bbbb
bb94
bbbb
bb44
bbbb
bb44
bbbb
bb44
bbbb
bb44
bbbb
bb44
bbbb
bb64
bbbb
bb44
bbbb
bb64
bbbb
bb44
bbbb
bb64
bbbb
bb44
bbbb
bb44
bbbb
bb44
bbbb
bbee
bbbb
bbdd
bbbb
bb11
bbbb
bbbb
bbbb
bbbb
bbbb
bbbb
bbbb
bbbb
bbbb
bbbb
bbbb
bbbb
bbbb
bbbb
bbbb
bbbb
bbbb
bbbb
bbbb
bbbb
bbbb
bbbb
bbbb
bbbb
bbbb
bbbb
bbbb
bbbb
bbbb
bbbb
bbbb
bbbb
bbbb
bbbb
bbbb
bbbb
bbbb
bbbb
bbbb
bbbb
bbbb
bbbb
bbbb
bbbb
bbbb
bbbb
bbbb
bbbb
bbbb
bbbb
bbbb
bbbb
1111
1111
2222
2221
2122
2222
2222
2221
2222
2222
1222
2222
2222
2222
2122
2222
2222
2222
1222
2222
2222
2222
2222
2222
2222
2222
2222
2222
2222
2222
2222
2222
0000
0000
0000
0000
0000
0000
0000
0000
0000
0000
0000
0000
0000
0000
0000
0000
0000
0000
0000
0000
0000
0000
0000
0000
0000
0000
0000
0000
0000
0000
0000
0000
0000
0000
0000
0000
0000
0000
0000
0000
0000
0000
0009
9900
0099
cc99
00cc
cccc
00cc
cccc
0099
9999
00de
eede
00ee
eeed
0999
9999
09cc
cccc
09cc
cccc
0999
9999
0000
0000
0000
0000
0000
0000
0000
0000
0000
0000
0000
0000
0000
0000
0000
0000
0000
0000
0000
0000
0000
0000
0000
0000
0000
0000
0000
0000
0000
0000
0000
0000
0000
0000
0000
0000
0000
0000
0000
0000
0000
0000
0009
9900
0099
cc99
00cc
cccc
00cc
cccc
0099
9999
004e
eeed
0034
eede
0999
9999
09cc
cccc
09cc
cccc
0999
9999
0000
0000
0000
0000
0000
0000
0000
0000
0000
0000
0000
0000
0000
0000
0000
0000
0000
0000
0000
0000
0000
0000
0000
0000
0000
0000
0000
0000
0000
0000
0000
0000
0000
0000
0000
0000
0000
0000
0000
0000
0000
0000
0009
9900
0099
cc99
00cc
cccc
00cc
cccc
0099
9999
00ee
4eed
00de
eede
0999
9999
09cc
cccc
09cc
cccc
0999
9999
0000
0000
0000
0000
0000
0000
0000
0000
0000
0000
0000
0000
0000
0000
0000
0000
0000
0000
0000
0000
0000
0000
0000
0000
0000
0000
0000
0000
0000
0000
0000
0000
0000
0000
0000
0000
0000
0000
0000
0000
0000
0000
0000
0000
0000
0000
0000
0000
0000
9900
0099
cc90
00cc
cccc
0099
9999
00ed
eedd
0099
9999
00cc
cccc
00cc
cccc
0000
0000
0000
0000
0000
0000
0000
0000
0000
0000
0000
0000
0000
0000
0000
0000
0000
0000
0000
0000
0000
0000
0000
0000
0000
0000
0000
0000
0000
0000
0000
0000
0000
0000
0000
0000
0000
0000
0000
0000
0000
0000
0000
0000
0000
0000
0000
0000
0000
0000
0000
9900
0000
cc00
0009
cc00
0009
ee00
0099
9900
009c
cc00
0099
9900
0000
0000
0000
0000
0000
0000
0000
0000
0000
0000
0000
0000
0000
0000
0000
0000
0000
0000
0000
0000
0000
0000
0000
0000
0000
0000
0000
0000
0000
0000
0000
0000
0000
0000
0000
0000
0000
0000
0000
0000
0000
0000
0000
0000
0000
0000
0000
0000
0000
0000
0000
0000
0000
0000
0000
0000
0000
9900
0000
cc00
0000
ee00
0000
cc00
0000
0000
00f0
0000
0000
0000
0000
0000
0000
0000
0000
0000
00e0
000e
0000
e000
0000
0000
0000
0000
0040
0000
0000
00e0
0000
0f00
000e
0000
0000
0000
0004
0000
0000
4000
0000
0000
0000
0000
00e0
0000
0000
0000
0000
0000
0000
0f00
000e
0000
0000
0000
0000
e000
0f00
0040
0000
0000
0000
0000
0000
0000
0000
000e
0000
f000
8008
8080
0800
8400
00f0
8800
0808
0880
0080
0880
8000
0088
0008
0e00
0e80
0000
0008
800e
88e0
4080
0888
8088
8080
880e
0880
8800
0000
0880
0e08
e088
0080
0008
f088
08e0
000f
0008
0800
e088
880e
0000
0800
0000
0080
0008
0f08
e000
0080
0000
0000
0000
0e08
800e
0080
0000
080e
0000
0000
e008
0000
08f0
0088
8000
0880
0000
0000
0000
0000
0000
0000
0000
0000
0000
0000
0000
0000
0000
0000
0000
0000
0000
0000
0000
0000
0000
0000
0000
0000
0000
0000
0000
0000
0000
0000
0000
0000
0000
0000
0000
0000
0000
0000
0000
0000
0000
0000
aa00
0000
5900
0000
5500
0000
5500
0000
5500
0009
9500
0099
9500
0099
9999
00b9
99c9
00cc
ccc9
00cc
ccc9
00cc
ccc9
0000
0000
0000
0000
0000
0000
0000
0000
0000
0000
0000
0000
0000
0000
0000
0000
0000
0000
0000
0000
0000
0000
0000
0000
0000
0000
0000
9900
0000
5500
0000
9900
0000
9900
0000
9900
0009
9900
0009
9900
0009
9900
0000
9900
0000
ab00
0000
9900
0000
bb00
0000
9900
0090
bb00
0099
9999
00b9
99c9
00cc
ccc9
00cc
ccc9
00cc
ccc9
0000
0000
0000
0000
0000
0000
0000
0000
0000
0000
0000
0000
0000
0000
0000
aa00
0000
5900
0000
5500
0000
5500
0000
5500
0009
9900
0009
9900
0009
9900
0000
9900
0000
ab00
0000
9900
0000
bb00
0000
9900
0000
bb00
0000
9900
0000
9000
0000
9000
0000
9000
0009
9900
009b
9900
0099
4499
00b9
99c9
00cc
ccc9
00cc
ccc9
00cc
ccc9
0000
0000
0000
9900
0000
5900
0000
5500
0000
9900
0000
9900
0009
9900
0009
9900
0009
9900
0000
9900
0000
ab00
0000
9900
0000
bb00
0000
9900
0000
bb00
0000
9900
0000
9000
0000
9000
0000
9000
0000
9000
0000
9900
0000
4400
0000
9900
0000
9000
0000
9000
0009
9900
0090
9900
0099
9999
00b9
99c9
00cc
ccc9
00cc
ccc9
00cc
ccc9
00cc
aacb
00c3
cbcc
00c3
cccb
00cc
cccc
00aa
cccc
00bf
cccc
00bb
cbcc
00aa
cccc
00ea
cccc
00de
cccc
00ad
cccc
00aa
cccc
00bb
cccc
00bb
cccc
00aa
cccc
00cc
cccc
00aa
ccaa
00cc
aacc
00cc
cccc
00cc
cccc
00bc
cccc
00cb
cccc
00bc
cccc
00cb
cccc
00bc
cccc
00cb
cccc
00bc
cccc
00cc
cccc
00cc
cccc
0099
cc99
0009
9900
0000
0000
0000
0000
0000
9900
0000
5900
0000
a500
0000
7a00
0000
7a00
0009
7700
00a9
7700
00a9
7600
00a6
6600
00a6
6a00
00a6
6a00
00a6
aa00
00a6
a900
000a
bb00
000a
9900
000a
9000
000a
9000
000a
9000
000a
9000
000a
9900
0000
4400
0000
9900
0000
9000
0000
9000
0009
9900
0090
9900
0099
9999
00b9
99c9
00cc
ccc9
00cc
ccc9
00cc
ccc9
00cc
aacb
00c9
cbcc
00c9
cccb
00cc
cccc
00aa
cccc
0099
cccc
0094
cbcc
0034
cccc
0043
cccc
0094
cccc
0099
cccc
0099
cccc
0099
cccc
0099
cccc
00aa
3ccc
00cc
3ccc
00aa
3caa
00cc
3acc
00cc
3ccc
00cc
bccc
00bc
bccc
00cb
cccc
00bc
cccc
00cb
ccaa
00ba
cab7
00aa
aa77
0aa6
a676
a766
6766
6777
66a6
9666
7669
0a9a
6a90
0009
9900
00cc
aacb
00c9
cbcc
00c9
cccb
00cc
cccc
00aa
cccc
0099
cccc
0094
cbcc
0034
cccc
0043
cccc
0094
cccc
0099
9ccc
0099
39cc
0099
34cc
0099
99cc
00aa
cbcc
00cc
bccc
00aa
ccaa
00cc
9acc
00cc
cccc
00cc
cccc
00bc
cccc
00cb
cccc
00bc
cccc
00cb
cc6a
00bc
9c79
00cc
a967
0796
6666
7799
7766
6677
76a6
9666
6669
999a
6690
0099
9900
0000
0000
0000
9900
0000
5900
0000
5500
00ee
9900
00ee
9900
00e9
9900
0ee9
99ee
00e9
99e0
00ee
9900
000e
ab00
000e
9900
00ee
bb00
00ee
9900
00ee
bb00
00ee
9900
0e0e
9e0e
0e0e
9eee
000e
9eee
0000
9fe0
00ff
dfe0
00ff
df00
00ef
df0e
00ef
dfe0
00ef
ff00
00ee
ff00
009e
ff00
0099
ff99
00b9
99c9
00cc
ccc9
00cc
ccc9
00cc
ccc9
0000
0000
0000
b000
0000
0b00
0000
fb00
0000
cc00
0000
fc00
0000
cc00
0000
fc00
0000
cc00
0000
cc00
0000
cb00
0000
ff00
000b
ff00
000b
cb00
000b
fc00
000b
fc00
0000
fc00
0000
cb00
0000
bb90
0000
b000
0000
ba90
0000
ba00
0000
ba00
0000
aa00
0000
0a00
0000
aa00
0099
aa00
0099
9999
00b9
99c9
00cc
ccc9
00cc
ccc9
00cc
ccc9
0000
bb00
0000
bf00
0000
bf00
0000
ff00
0000
fc00
0000
cf00
0000
cf00
0000
0f00
0000
0f00
0000
fc00
0000
c000
0000
9b00
0000
cc00
0000
c000
0000
c000
0000
bb00
0000
b000
0000
0000
0000
0000
0000
0000
0000
0000
0000
0000
0000
0000
0000
0000
0000
0000
0099
9900
00aa
aa00
0099
9999
00b9
99c9
00cc
ccc9
00cc
ccc9
00cc
ccc9
0000
0000
0000
0000
0000
0000
0000
0000
0000
0000
0000
0000
0000
0000
0000
0000
0000
0000
0000
0000
0000
0000
0000
0000
0000
0000
0000
0000
0000
0000
0000
0000
0000
0000
0000
0000
0000
0000
0000
0000
0000
0000
0000
0000
0000
0000
0000
0000
0000
0000
0099
9900
00aa
aa00
0099
9999
00b9
99c9
00cc
ccc9
00cc
ccc9
00cc
ccc9
0000
0000
0a00
0000
0a00
0000
0a00
0000
0000
0000
0000
0000
0000
0000
00e0
e000
00e0
e000
00e0
e000
00ae
ee00
00ae
0e00
00aa
0ee0
0eee
0ea0
00ea
0eae
00a0
ee0a
0000
ea00
0000
ea00
0000
ee00
0000
ee00
000e
e000
00ee
eeee
00ea
aaaa
00a0
00e0
00a0
00e0
ee00
0000
e000
0000
0000
0000
0000
0000
0000
0000
0e00
0000
ea00
0000
ee00
0000
0e00
0000
0000
0000
0000
0000
0000
0000
0000
0000
0000
0000
00e0
0000
00ee
0000
00ee
0000
00ee
0000
00ee
e000
000e
e000
0000
ee00
0000
ee00
0000
ee00
0000
0e00
0000
00e0
0000
00e0
0000
00ee
0000
00ee
0000
00ee
0000
000e
0000
0000
0000
0000
0000
0000
0000
0000
0000
0000
0000
0000
0000
0000
0000
0000
0000
0000
0000
0000
0000
0000
0000
0000
0000
0000
0000
0000
0000
0000
0000
0000
0000
0000
0000
0000
0000
0000
0000
0000
00ee
0e00
00ee
ee0e
00e0
eeee
0000
00ee
0e0e
0e0e
e0ee
eeee
0000
eeee
0000
00e0
0000
0000
0000
0000
0000
0000
0000
0000
0000
0000
0000
0000
0000
0000
0000
0000
0000
0000
0000
0000
0000
0000
0000
0000
0000
0000
0000
0000
0000
0000
0000
0000
0000
0000
0000
0000
0000
0000
0000
0000
0000
9900
0000
bb00
0000
cc00
0000
fb00
0000
bb00
0009
bb00
0009
bb00
0099
bb00
00c9
bb00
00b9
bb00
0099
bb00
0009
ba00
0000
ab00
0000
ba00
0000
ab00
0000
aa00
0000
aa00
0000
9900
0000
0000
0000
0000
0000
0000
0000
0000
0000
0000
0000
0000
0000
0000
0000
0000
0000
0000
0000
0000
0000
0000
0000
0000
0000
0000
0000
0000
0000
9900
0000
bb00
0000
cc00
0000
bb00
0000
bb00
0009
bb00
0009
bb00
0009
bb00
0009
ab00
0009
ab00
0009
ab00
0009
ba00
0000
ab00
0000
ba00
0000
ab00
0000
aa00
0000
aa00
0000
9900
0000
0000
0000
0000
0000
0000
0000
0000
0000
0000
0000
0000
0000
0000
0000
0000
0000
0000
0000
0000
0000
0000
0000
0000
0000
0000
0000
0000
0000
9900
0000
bb00
0000
cc00
0000
fb00
0000
bb00
0009
bb00
0009
bb00
0009
bb00
0009
bb00
0009
bb00
0009
bb00
0009
ba00
0000
ab00
0000
ba00
0000
ab00
0000
aa00
0000
aa00
0000
9900
0000
0000
0000
0000
0000
0000
0000
0000
0000
0000
0000
0000
0000
0000
0000
0000
0000
0000
0000
0000
0000
0000
0000
0000
0000
0000
0000
0000
0000
9900
0000
bb00
0000
cb00
0000
bb00
0000
bb00
0009
bb00
0009
bb00
0009
bb00
0009
bb00
0009
bb00
0009
bb00
0009
ba00
0009
ab00
0009
ba00
009c
ab00
00cb
aa00
00bb
aa00
00b9
9900
0090
0000
0000
0000
0000
0000
0000
0000
0000
0000
0000
0000
0000
0000
0000
0000
0000
0000
0000
0000
0000
0000
0000
0000
0000
0000
0090
0000
00c9
9900
00bc
bb00
00bb
cc00
009b
bb00
0009
bb00
0009
bb00
0009
bb00
0009
bb00
0009
bb00
0009
bb00
0009
bb00
0009
bb00
0000
ab00
0000
ba00
0000
ab00
0000
aa00
0000
aa00
0000
9900
0000
0000
0000
0000
0000
0000
0000
0000
0000
0000
0000
0000
0000
0000
0000
0000
00a0
0000
000a
0000
0000
9900
0000
ec90
0090
eb90
0099
eb00
00a9
bb00
00bb
bb00
00cb
bb00
00bc
0b0a
000b
09ae
00bb
e9ee
00aa
e00a
0099
ee00
000a
eea0
00ae
eea0
000e
0009
00ea
e099
00ea
e0bb
0aaa
eebc
aa00
0ebb
0009
e0bb
009a
eebb
00ab
aeb0
009b
0ab9
0099
009a
0009
0000
0000
0000
0000
0000
0000
0000
0000
0000
0000
0000
0000
0000
0000
0000
0000
0000
0000
0000
0000
0000
0000
0000
0000
0000
0000
0000
0000
0000
0000
0000
0000
0000
0000
0000
0000
0000
0000
0000
0000
0000
0000
0000
0000
0000
0000
0000
0000
0000
0000
0000
0000
0000
0000
0000
0000
0000
0000
a000
000a
0a00
0000
a000
000a
0a00
0000
a000
000a
0a00
0000
a000
0000
0000
0000
0000
0000
0000
0000
0000
0000
0000
0000
0000
0000
0000
0000
0000
0000
0000
0099
9900
0096
6600
0096
6600
0096
6600
0096
6600
0097
7700
0096
6600
0096
6600
0096
6600
0096
6600
0097
7700
0096
6600
0096
6600
0096
6600
0096
6600
0099
9900
0000
0000
0000
0000
0000
0000
0000
0000
0000
0000
0000
0000
0000
0000
0000
0000
0000
0000
0000
0000
0000
0000
0000
0000
0000
0000
0000
0000
0000
0000
0000
0000
0099
9900
0096
6600
0096
6600
0096
6600
0096
6600
0097
7700
0096
6600
0096
6600
0096
6600
0096
6600
0097
7700
0096
6600
0096
6600
0096
6600
0096
6600
0099
9900
0000
0000
0000
0000
0000
0000
0000
0000
0000
0000
0000
0000
0000
0000
0000
0000
0000
0000
0000
0000
0000
0000
0000
0000
0000
0000
0000
0000
0000
0000
0000
0000
0099
9900
0096
6600
0096
6600
0096
6600
0096
6600
0097
4700
0096
6600
0096
7600
0096
7600
0096
7600
0097
7600
0096
7700
0096
7700
0096
7600
0096
6600
0099
9900
0000
0000
0000
0000
0000
0000
0000
0000
0000
0000
0000
0000
0000
0000
0000
0000
0000
0000
0000
0000
0000
0000
0000
0000
0000
0000
0000
0000
0000
0000
0000
0000
0099
9900
0096
6600
0096
6600
0096
6600
0096
6600
0097
7700
0096
6600
0096
6600
0096
6600
0096
6600
0097
7700
0096
6600
0096
6600
0096
6600
0096
6600
0099
9900
0000
0000
0000
0000
0000
0000
0000
0000
0000
0000
0000
0000
0000
0000
0000
0000
0000
0000
0000
0000
0000
0000
0000
0000
0000
0000
0000
0000
0000
0000
0000
0000
0000
0090
0000
0090
0000
0049
0000
4099
0000
4944
0000
4044
0000
0444
0000
9490
0000
0040
0000
0040
0000
0044
0000
0944
0000
4944
0000
0404
0000
90e4
0000
00ee
0000
00ee
0099
99ee
0044
99ee
0000
440e
0099
000e
0000
44ee
0000
04ee
0000
40ee
0000
0000
0000
0000
0000
0000
0000
0000
9900
0000
1000
4400
4400
4900
4409
9000
4440
0000
49a4
0000
4040
0000
e4aa
0000
ee0e
0040
eeee
0000
ee00
0000
4e44
9909
ee40
4090
eea4
9a00
ee44
4400
eea4
4400
ee00
0400
ee44
a400
ee44
0000
ef44
4a00
efee
9000
ffee
0000
ffe0
0900
ffe4
0909
ff44
0040
ffe4
4444
ffee
0449
ffee
ee99
0000
44ee
0000
40ee
0000
44ef
0000
44ff
0000
04ee
0094
44ee
0000
44ee
0044
00ee
0090
44e0
0000
4444
0000
0040
0000
0440
0000
4444
0000
4040
0000
0409
0000
4990
0009
4409
0090
4409
0009
4400
0009
0090
0090
9094
0000
0004
0000
0094
0000
0090
0009
0004
0099
0094
0099
0009
0000
0009
0000
0004
0000
0009
0000
0009
0000
0009
ffee
ee00
ffee
0400
ffee
0400
ffee
4400
ffee
0000
feee
0090
eeee
0440
eeee
4000
eeee
4400
eeee
4040
eeee
4440
ee00
4440
ee40
4440
0e44
0494
e000
4499
0000
0000
4044
4000
4040
4400
4440
9400
04e4
9400
0400
0000
4044
0044
0444
0090
0444
0000
9094
0000
4400
0000
0400
4000
0000
0000
0900
0400
0000
9400
0000
0400
0000
0000
0000
0000
0000
0099
0000
00cc
0000
00fc
0000
99cc
0000
ccc9
0000
ff90
0000
cc00
0000
cc00
0000
cc00
0000
c999
0000
9099
0009
909c
0009
999c
009c
bccc
009c
cbcb
009c
bbcb
009c
bbcb
009c
bbcb
009c
b9cb
009c
90cb
009c
909b
0009
999b
0099
9bb9
009b
c999
009b
cc00
009b
cc00
009b
cc00
009b
cc99
009b
ccc9
009b
cccc
0009
9bcc
9900
0000
cc99
0000
cccc
0000
cccc
0000
99cc
0000
00cc
9000
0099
c900
9900
cc00
cc00
cc00
cc00
bc00
fc99
cc00
cfcb
cb00
ffbc
bc00
ffbb
9b00
cf9b
9b00
fc99
b900
cb90
c900
bc90
b900
cb90
b900
bc99
b900
cb9b
b900
bcbc
9b00
bbbb
bc00
bbbb
cc00
bb99
cf00
bb00
ff00
cc00
fc00
9900
cf00
9999
fc00
99cc
c900
cccc
9b00
cccf
bb00
0099
99cc
009b
c9cc
009b
ccbb
009b
cc99
009b
cc00
009b
cc90
009b
ccc9
009b
cccc
0009
9bcc
0099
99cc
009b
b9cc
009b
cbbb
009b
cc99
009b
cc00
009b
cc90
009b
ccc9
009b
cccc
0009
9bcc
0009
99cc
0000
b9cc
0000
cbbb
0000
cc99
0000
cc00
0000
cc90
0000
ccc9
0000
cccc
0000
9bcc
0000
09cc
0000
00cc
0000
00bb
0000
0099
0000
0000
cccc
cc00
cccc
cc00
ccbb
cc00
bb99
cc00
9900
cc00
0099
cc00
99cc
c900
cccc
9b00
cccc
bb00
cccc
bc00
cccc
cc00
ccbb
cc00
bb99
cc00
9900
cc00
0099
cc00
99cc
c900
cccc
9b00
cccc
bb00
cccc
bc00
cccc
cb00
ccbb
cc00
bb99
cc00
9900
cc00
0099
cc00
99cc
c900
cccc
9000
cccc
0000
cccc
0000
cccc
0000
ccbb
0000
bb99
0000
9900
0000
0000
0000
0000
0099
0000
00cc
0000
00fc
0000
99cc
0000
ccc9
0000
ff90
0000
cc00
0000
cc00
0000
cc00
0000
c999
0000
9099
0009
909c
0009
999c
009c
bccc
009c
cbcb
009c
bbcb
009c
bbcb
009c
bbcb
009c
b9cb
009c
90cb
009c
909b
0009
999b
0099
9bb9
009b
c999
009b
cc00
009b
cc00
009b
cc00
009b
cc99
009b
ccc9
009b
cccc
0009
9bcc
9900
0000
cc99
0000
cccc
0000
cccc
0000
99cc
0000
00cc
9000
0099
c900
9900
cc00
cc00
cc00
cc00
bc00
fc99
cc00
cfcb
cb00
ffbc
bc00
ffbb
9b00
cf9b
9b00
fc99
b900
cb90
c900
bc90
b900
cb90
b900
bc99
b900
cb9b
b900
bcbc
9b00
bbbb
bc00
bbbb
cc00
bb99
cf00
bb00
ff00
cc00
fc00
9900
cf00
9999
fc00
99cc
c900
cccc
9b00
cccf
bb00
0099
99cc
009b
c9cc
009b
ccbb
009b
cc99
009b
cc00
009b
cc90
009b
ccc9
009b
cccc
0009
9bcc
0099
99cc
009b
b9cc
009b
cbbb
009b
cc99
009b
cc00
009b
cc90
009b
ccc9
009b
cccc
0009
9bcc
0009
99cc
0000
b9cc
0000
cbbb
0000
cc99
0000
cc00
0000
cc90
0000
ccc9
0000
cccc
0000
9bcc
0000
09cc
0000
00cc
0000
00bb
0000
0099
0000
0000
0099
99cc
009b
c9cc
009b
ccbb
009b
cc99
009b
cc00
009b
cc90
009b
ccc9
009b
cccc
0009
9bcc
0099
99cc
009b
b9cc
009b
cbbb
009b
cc99
009b
cc00
009b
cc90
009b
ccc9
009b
cccc
0009
9bcc
0009
99cc
0000
b9cc
0000
cbbb
0000
cc99
0000
cc00
0000
cc90
0000
ccc9
0000
cccc
0000
9bcc
0000
09cc
0000
00cc
0000
00bb
0000
0099
0000
0000
0099
99cc
009b
c9cc
009b
ccbb
009b
cc99
009b
cc00
009b
cc90
009b
ccc9
009b
cccc
0009
9bcc
0099
99cc
009b
b9cc
009b
cbbb
009b
cc99
009b
cc00
009b
cc90
009b
ccc9
009b
cccc
0009
9bcc
0009
99cc
0000
b9cc
0000
cbbb
0000
cc99
0000
cc00
0000
cc90
0000
ccc9
0000
cccc
0000
9bcc
0000
09cc
0000
00cc
0000
00bb
0000
0099
0000
0000
0000
0000
0000
0000
0000
0000
0000
0000
0000
0000
0000
0000
0000
0000
0000
0000
0000
0000
0000
0000
0099
0000
00cc
0000
00cc
0000
00cf
0099
09cc
99bb
09cf
9b4b
09cf
9bbb
9ccc
c999
9ccf
c900
9cbc
c900
9ccb
c900
9cbc
c900
9ccb
c900
9cbc
c900
99bb
9900
09ab
9000
09bb
9000
00ab
0000
00bb
0000
00cc
0000
0099
0000
0000
0000
0000
0000
0000
0000
0000
0000
0000
0000
0000
0000
0000
9900
0000
bb00
0099
bb00
99bb
bb00
bbbb
bc90
bbcb
cb90
99bc
bb00
bbbb
bb00
bbbb
bb00
bbbb
9900
9abb
0000
aab9
0000
9990
0000
0000
0000
0000
0000
0000
0000
0000
0000
0000
0000
0000
0000
0000
0000
0000
0000
0000
0000
0000
0000
0000
0000
0000
0000
0000
0000
0000
0000
0000
0000
0000
0000
0000
0000
0000
0000
0000
0000
0000
0000
0000
0000
0000
0000
0000
0000
0000
0099
0000
00bb
0000
00bb
0000
00bb
0000
00bb
0000
00bb
0000
09bb
0000
9bbb
0000
9bbb
0000
bbbb
0000
bbbb
0000
bbbb
0000
bbbb
0000
bbbb
0000
bbbb
0000
babb
0000
babb
0000
bbab
0000
bbbb
0000
bbcb
0000
babb
0000
bbab
0000
bbba
0000
0000
0000
0000
0000
0000
0000
0000
0000
0000
0000
0000
0000
0000
9900
0000
bb00
0000
bc00
0000
bc99
0000
bbbb
0000
bcbc
0000
bbcb
0000
bbbc
0000
ccbb
0000
bbcb
0000
bbbb
0000
cbbc
9000
bbcc
9000
bcbc
b900
bbcc
b900
bccc
bb00
bbbb
bb00
bbcb
cb00
cbcc
cb00
bbcc
cb00
bbbc
cb00
bbbc
bb00
bbbb
bb00
bbcb
bb00
bbbc
bb00
0000
abbb
0000
abaa
0000
babb
0000
aaab
0000
abab
0000
aabb
0000
abbb
0000
aabb
0000
bbab
0000
bbbb
0000
bbab
0000
baba
0000
bbba
0000
bbaa
0000
9bab
0000
9bbb
0000
09bb
0000
00aa
0000
00ba
0000
00aa
0000
00bb
0000
00bb
0000
0099
0000
0000
0000
0000
0000
0000
0000
0000
0000
0000
0000
0000
0000
0000
0000
0000
0000
0000
babc
bb00
bbbb
bb00
bbbb
bb00
bbcc
cb00
bbbc
bb00
abcb
bb00
abca
bb00
bbba
bb00
bbac
bb00
bbbb
bb00
bbbb
b900
abbb
b900
abbc
9000
bbbb
9000
babb
0000
bbaa
0000
bbab
0000
abab
0000
bbbb
0000
babb
0000
babb
0000
bb99
0000
bb00
0000
bb00
0000
9900
0000
0000
0000
0000
0000
0000
0000
0000
0000
0000
0000
0000
0000
0000
0000
0000
0000
0000
0000
0000
0000
0000
0000
0000
0000
0000
0000
0000
0000
9900
0000
bb00
0000
bc00
0000
bc99
0000
b5bb
0000
a5bc
0000
a5cb
0000
babc
0000
cc5b
0000
bb55
0000
bb55
0000
cbf5
9000
bb5f
9000
bc55
b900
bb55
b900
bc55
bb00
bb55
bb00
bbaa
5b00
cbcc
5b00
bbcc
5b00
bbb5
5a00
bb5f
ab00
bb55
bb00
bbaa
bb00
bbbc
bb00
0000
0000
0000
0000
0000
0000
0000
0000
0000
0000
0000
0000
0000
0000
0000
0000
0000
0000
0000
0000
0000
0000
0000
0000
0000
0000
0000
0000
0000
bb00
0000
cccc
0000
cccc
0000
cccc
000b
bccc
00bc
cccc
00cc
cccc
00cc
cccc
00aa
bbcc
0055
bacc
00aa
bbbb
00cc
bacc
00aa
babc
00ca
bbbb
00cc
bbaa
00bb
bb00
00aa
aa00
0000
0000
0000
0000
00cc
cc00
00cc
cccc
00cc
cccc
00c5
c5cc
0cc5
c5bb
0bcc
cccc
0acc
ccbc
00bb
aaaa
0ccc
bbbb
cccc
cccc
cc55
cccc
cc55
cccb
cc55
cbbb
cccc
bccc
cccc
cbcb
bbcc
bcba
aabb
bba0
ccaa
aa00
cccc
cc00
cccc
cc00
cc55
5c00
cc55
5c00
cc55
5ca0
cccc
cca0
bbbb
bba0
bbbb
bb00
cccc
cc00
bbbb
bb00
aaaa
aa00
0000
0000
0000
0000
0000
0000
0000
0000
0000
0000
0000
0b00
0000
0b00
0000
0c00
0000
0c00
0000
0c00
0000
cc00
0000
cc00
0000
bbcc
0000
b0bb
0000
aa00
0000
0a0b
0000
0cbb
0000
0cbb
0000
0c00
0000
0cbb
0000
0cbb
0000
cc00
0000
cc0c
0000
cccc
0000
cccc
0000
cccc
0000
cccc
0000
cbfb
0000
bcca
0000
cbab
0000
bbaa
0000
bb05
0000
ac0a
0000
cca5
0000
0000
0000
0000
0000
0000
0000
0000
0000
0000
0000
0000
0000
0000
0000
0000
cccc
0000
cccc
0000
cccc
0000
0000
0000
cccc
0000
555c
0000
cccc
0000
cccc
0000
0000
0000
cccc
0000
5555
0000
cccc
0000
cccc
0000
0000
c000
0000
c000
5555
c000
5555
0000
5555
0000
5555
0000
5555
0000
5555
0000
5555
0000
5555
0000
5555
0000
0000
ccaa
0000
a0b5
0000
cbb5
000c
cc55
00cc
cb55
00b0
bb55
000c
0b55
00cc
ab5a
00cb
aaa5
00cb
ba5a
00cb
baa5
00ca
ca5a
00cc
caa5
00bc
cbb0
00bb
bc0c
000b
cccc
00ab
bccb
000b
ccba
00ca
0000
00bc
0000
0000
0000
0000
0000
0000
0000
0000
0000
0000
0000
0000
0000
0000
0000
0000
0000
0000
0000
0000
0000
0000
0000
0000
0000
5555
0000
a555
0000
0555
0000
ab55
0000
c05b
0000
c05b
0000
ccbb
0000
ccbb
0000
ccbb
c000
cb00
c000
aa00
bc00
b500
bb00
5500
0b00
5500
0000
5500
0000
5b00
0000
b000
0000
0000
0000
0000
0000
0000
0000
0000
0000
0000
0000
0000
0000
0000
0000
0000
0000
0000
0000
0000
0000
0000
0000
0000
0000
0000
0000
0000
0000
0000
0000
0000
0000
0000
0000
0000
0000
0000
0000
0000
0000
0000
0000
0000
0000
0000
0000
0000
0000
0000
0000
0000
0000
0000
0000
0000
0000
0000
0000
0000
e000
0000
fe00
0000
e000
0000
0000
0000
0000
0000
0000
0000
0000
0000
0000
0000
0000
0000
0000
0000
0000
0000
0000
0000
0000
0000
0000
0000
0000
0000
0000
0000
0000
0000
0000
0000
0000
0000
0000
0000
000b
0000
0000
0000
0000
0000
0000
0000
0000
0000
0000
000b
0000
00bc
0000
000b
0000
0000
0000
0000
0000
0000
0000
0000
0000
0000
0000
0000
0000
0000
0000
0000
0000
0000
0000
0000
0000
0000
0000
0000
0000
000c
0000
0000
0000
0000
0000
0000
0000
0000
0000
0000
0000
0000
0000
0000
0000
0000
0000
0000
0000
0000
0000
0000
0000
0000
0000
000d
0000
00de
0000
000d
0000
0000
0000
0000
0030
0000
0043
0000
0030
0000
0000
0000
0000
0000
0000
0000
c000
0000
cc00
0000
c000
0000
0000
0000
0000
0000
0000
0000
0000
0000
0000
0000
0000
0000
0000
0000
0000
0000
0000
0000
0000
0000
0000
0000
0000
00c0
0000
00fc
0000
00c0
0000
0000
0000
0000
0000
0000
0400
0000
4300
0000
3400
0000
4300
0000
3400
0000
43a0
0000
34a0
0000
43aa
0000
3ba0
0000
bc00
0000
cc00
0000
cc33
0000
cc43
0000
cc33
0000
cb43
0000
bc33
000b
cb33
00bc
ba33
00cc
a330
00cc
3300
00c5
3300
0055
3300
005b
0000
00bc
0000
00cb
0000
00ba
0000
0ba0
0000
0b00
0000
0c00
0000
aa00
0000
0000
0000
0000
0099
0000
09bb
0000
99bb
0000
0bbb
0000
bbbb
0000
bbaa
0000
bbbb
0000
aabb
0009
bbbb
0099
eebb
00bb
bbbc
00bb
bbbc
0aaa
aaaa
0abb
bbbb
0abb
bbbb
0aee
eebb
0aee
eebb
0aee
eebb
0aee
eebb
0aee
eebb
0abb
bbbb
0abb
bbbb
0aaa
aaaa
0000
0090
00ba
000b
000b
0000
0000
0000
0000
0000
0000
0000
0000
0000
0000
0000
0000
0000
0000
0000
0000
0000
0000
0000
0000
0000
000b
0000
00bc
0000
00cb
0000
c00b
0000
cc00
0000
cc00
0000
cc00
0000
bc00
00b0
cc00
00bb
ccbb
00bb
cbaa
00bb
cc00
bb00
cc00
aa0b
cc00
00b0
cc00
00b0
ccc0
00b0
0bcc
0000
99cc
0000
aa99
0000
aa00
0000
aa00
0000
aa00
0000
aa00
0000
0000
0000
0000
0000
0000
0000
0000
0000
0000
0000
0000
0000
0000
0000
0000
0000
0000
0000
0000
0000
0099
0000
00cc
0000
00cc
0000
00cf
9099
00fc
99bb
00ff
99b4
00ff
babb
09fc
ab99
09cf
aac9
09bc
abc9
09cb
bac9
09bc
bac9
09cb
bac9
09bc
abc9
09cb
aac9
00bb
abc9
00bb
ba99
00bb
9bbb
00bb
09b4
00cc
00bb
0099
0099
0000
0000
0000
0000
0000
0000
0000
0000
0000
0000
0000
0000
0000
0000
0000
0000
00cc
0000
00fc
0000
00cc
0000
99aa
0000
bb55
cc00
bb55
cc00
bbc5
cc00
bbbc
ac90
bbcb
5acc
99cc
55cc
aacc
c5cc
aabc
cccc
99bc
bbcc
009b
cccc
00ab
cccc
00ba
c4cc
00b9
ccbb
0090
ccbb
0000
cbb9
0000
bc90
0900
bb00
9b00
ab00
bb00
ba00
bb99
9900
b9ba
0000
90aa
0000
0099
0000
0000
0000
0000
0000
0000
0000
0000
0000
0000
a000
0000
aa00
0000
ba00
0000
bb00
0000
bb00
0000
aa00
0000
aa00
0000
aa00
0000
aa00
0000
ba00
0000
ba00
0000
ba00
0000
ba00
0000
ba00
0000
ba00
0000
ba0a
00aa
baaa
00bc
baba
00cc
baab
00cc
aaba
00cc
aaaa
00cc
aaaa
00cc
aaaa
00cc
caaa
00cc
cacc
00cc
cabb
00ac
aa3a
00aa
3333
0033
3333
0033
3333
0033
3333
00aa
3333
003a
3333
00aa
3333
0033
3333
0033
3333
0033
3333
0033
3333
0033
3333
0033
3333
0033
3333
0033
3a33
0033
3a33
0033
3a3a
0033
aa3a
0033
a03a
0033
3a3a
0033
aa3a
00a3
00aa
00a3
00a3
00a3
00a3
00a3
003a
00a3
003a
00aa
003a
00aa
003a
00aa
003a
00aa
00a0
000a
00a0
0000
00a0
0000
0000
0000
0000
0000
0000
0000
0000
0000
0000
0000
0000
0000
0000
0000
0000
0000
0000
0000
0000
00e0
0000
0000
0000
0000
e000
0000
0f0e
00e0
ee00
0000
ff00
0000
ff0e
000e
ff00
0000
ffe0
0000
ff00
00e0
ff0e
0000
ff00
0000
ff00
000e
ee00
0000
0e00
0000
0000
0000
0e00
0000
0000
0000
0000
0000
e000
0000
0000
0000
0000
0000
0000
0000
0000
0000
0000
0000
0000
0000
0000
0000
0000
0000
0000
0000
0000
0000
0f00
0000
0000
000e
e000
0000
0000
0000
0e00
0000
ef00
0000
ff00
000e
ff00
0000
ff0e
000f
ff00
0000
ff00
0000
ffe0
000e
ff00
0000
ff00
000e
ff00
0000
ff00
0000
fe00
0000
e000
0000
0000
0000
0e00
0000
0000
0000
f000
0000
0000
0000
0000
0000
0000
0000
0000
0000
0000
0000
0000
0000
0000
0000
0000
0000
0000
0000
0000
0000
0e00
0000
0000
0000
0000
0000
0f00
0000
0000
0000
0000
0000
e000
00e0
fe00
0000
ff00
0000
ff00
0000
ff00
0000
ff00
000e
ff00
0000
ff00
0000
ff00
0000
ff00
000e
fe00
0000
e000
0000
0000
0000
f000
00e0
0000
0000
0000
0000
e000
0000
0000
0000
0e00
0000
0000
0000
0000
0000
0000
0000
0000
0000
0000
0000
0000
0000
0000
0000
0000
0000
0000
0000
0000
0000
0000
0000
0000
0000
0000
5555
5555
5555
5555
5555
5555
5555
5555
5555
5555
5555
5555
555f
555f
5f5c
5c5f
5f55
5f5f
5f55
5f5f
5c55
5f5f
5555
5f5f
5555
5f5f
5555
5f5f
5f55
5f5f
5f55
5f5f
5c55
5c5c
5555
5555
5555
5555
5555
5555
5555
5555
0000
0000
0000
0000
0000
0000
0000
0000
0000
0000
0000
0000
0000
0000
0000
0000
0000
0000
0000
0000
0000
0000
5555
5555
5555
5555
5555
5555
5555
5555
5555
5555
5555
5555
5f55
555f
5f5c
5f5f
5f5f
5f5f
5f5f
5f5f
5f5f
5f5f
5f5f
555f
5f5f
555f
5f5f
555f
5f5f
555f
5f5f
5f5f
5f5c
5c5c
5555
5555
5555
5555
5555
5555
5555
5555
5555
5555
5555
5555
5555
5555
5555
5555
5555
5555
5555
5555
5555
5555
5555
5555
5555
4444
5555
4444
5545
4444
5544
4444
5534
4444
5553
4444
5555
4444
5555
4444
5555
4444
5555
4444
5555
3333
5555
5555
5555
5555
5555
5555
5555
5555
5555
5555
0000
0000
0000
0000
0000
0000
0000
0000
0000
0000
0000
0000
0000
0000
0000
0000
5555
5555
5555
5555
5555
5555
5555
5555
5555
5555
5555
5555
5555
5555
5555
5555
5444
4444
4433
4444
4455
4444
4455
4444
3455
4444
5355
4444
5555
4444
5555
4444
5555
4444
4455
4444
3355
3333
5555
5555
5555
5555
5555
5555
5555
5555
5555
5555
0000
0000
0000
0000
0000
0000
0000
0000
0000
0000
0000
0000
0000
0000
0000
0000
0000
0000
0000
0000
0000
0000
0000
0000
0000
0000
0000
0000
0000
0000
0000
0000
0000
0000
0000
0000
0000
0000
5555
5555
5555
5555
5555
5555
5555
5555
5555
5555
5555
5555
555f
55ff
5f5f
55cc
5f5f
5555
5f5f
5555
5c5f
55ff
555f
55cc
555f
5555
555f
5555
5f5f
5555
5f5f
5555
5c5c
5555
5555
5555
5555
5555
5555
5555
5555
5555
0000
0000
0000
0000
0000
0000
0000
0000
0000
0000
0000
0000
0000
0000
0000
0000
0000
0000
0000
0000
0000
0000
5555
5555
5555
5555
5555
5555
5555
5555
5555
5555
5555
5555
555f
c5ff
55ff
f5ff
55ff
f5ff
55cf
f5ff
555f
f5ff
555f
f5ff
555f
f5ff
555f
f5ff
555f
f5ff
555f
c5ff
555c
c5cc
5555
5555
5555
5555
5555
5555
5555
5555
0000
0000
0000
0000
0000
0000
0000
0000
0000
0000
0000
0000
0000
0000
0000
0000
0000
0000
0000
0000
0000
0000
5555
5555
5555
5555
5555
5555
5555
5555
5555
5555
5555
5555
5e5e
555e
5d5e
5d5e
555e
5e5e
555e
5e5e
555e
5e5e
555e
5e5e
555e
5e5e
555e
5e5e
555e
5e5e
555e
5e5e
555d
5d5d
5555
5555
5555
5555
5555
5555
5555
5555
0000
0000
0000
0000
0000
0000
0000
0000
0000
0000
0000
0000
0000
0000
0000
0000
0000
0000
0000
0000
0000
0000
5555
5555
5555
5555
5555
5555
5555
5555
5555
5555
5555
5555
555e
5e5e
5e5e
5e5e
5e5e
5e5e
5e5e
5e5e
5d5e
5e5e
555e
5e5e
555e
5e5e
555e
5e5e
5e5e
5e5e
5e5e
5e5e
5d5d
5d5d
5555
5555
5555
5555
5555
5555
5555
5555
5555
5555
5555
5555
5555
5555
5555
5555
5555
5555
5555
5555
5555
5555
5555
5555
55ee
55ee
55dd
55dd
5555
5555
5555
5555
5555
e55e
5555
ee5d
5555
de55
5555
5d55
5555
5555
55ee
55ee
55dd
55dd
5555
5555
5555
5555
5555
5555
5555
5555
5555
5555
0000
0000
0000
0000
0000
0000
0000
0000
0000
0000
0000
0000
0000
0000
0000
0000
5555
5555
5555
5555
5555
5555
5555
5555
5555
5555
5555
5555
5555
5555
5555
5555
eeee
eeee
dddd
dddd
5555
555d
5555
5555
ee5e
ee55
dd5d
dd55
5555
5555
5555
5555
5555
555d
55ee
eeee
55dd
dddd
5555
5555
5555
5555
5555
5555
5555
5555
5555
5555
0000
0000
0000
0000
0000
0000
0000
0000
0000
0000
0000
0000
0000
0000
0000
0000
0000
0000
0000
0000
0000
0000
0000
0000
0000
0000
0000
0000
0000
0000
0000
0000
0000
0000
0000
0000
0000
0000
5555
5555
5555
5555
5555
5555
5555
5555
5555
5555
5555
5555
55f5
ffff
55f5
cccc
55f5
5555
55f5
5555
55f5
ffff
55f5
cccc
55f5
5555
55f5
5555
55f5
5555
55ff
ff55
55cc
cc55
5555
5555
5555
5555
5555
5555
5555
5555
0000
0000
0000
0000
0000
0000
0000
0000
0000
0000
0000
0000
0000
0000
0000
0000
0000
0000
0000
0000
0000
0000
5555
5555
5555
5555
5555
5555
5555
5555
5555
5555
5555
5555
5555
ffff
5555
ffcc
5555
ff55
5555
ff55
5555
ff55
5f55
ffff
5f55
ffff
5f55
ffff
ff55
ffff
ff55
ffff
cc55
cccc
5555
5555
5555
5555
5555
5555
5555
5555
5555
5555
5555
5555
5555
5555
5555
5555
5555
5555
5555
5555
5555
5555
5555
5555
5555
ffff
5555
fcfc
5555
f5f5
5555
f5f5
5555
f5ff
5555
f5ff
5555
f5fc
5555
f5f5
5555
f5f5
5555
0ff5
5555
ccc5
5555
5555
5555
5555
5555
5555
5555
5555
5555
5555
0000
0000
0000
0000
0000
0000
0000
0000
0000
0000
0000
0000
0000
0000
0000
0000
5555
5555
5555
5555
5555
5555
5555
5555
5555
5555
5555
5555
5555
5555
5555
5555
fff5
f555
fcf5
c555
f5f5
5555
f5f5
5555
fff5
5555
fcf5
5555
f5f5
5555
f5f5
5555
f5f5
5555
fff5
5555
ccc5
5555
5555
5555
5555
5555
5555
5555
5555
5555
5555
5555
0000
0000
0000
0000
0000
0000
0000
0000
0000
0000
0000
0000
0000
0000
0000
0000
0000
0000
0000
0000
0000
0000
0000
0000
0000
0000
0000
0000
0000
0000
0000
0000
0000
0000
0000
0000
0000
0000
5555
5555
5555
5555
5555
5555
5555
5555
5555
5555
5555
5555
55f5
fff5
55f5
cff5
55c5
5ff5
5555
5ff5
5555
5ff5
5555
5fff
5555
5fcf
5555
5f5f
5555
5f5f
55c5
5f5f
55c5
5c5c
5555
5555
5555
5555
5555
5555
5555
5555
0000
0000
0000
0000
0000
0000
0000
0000
0000
0000
0000
0000
0000
0000
0000
0000
0000
0000
0000
0000
0000
0000
5555
5555
5555
5555
5555
5555
5555
5555
5555
5555
5555
5555
5f55
555f
5f5c
5f5c
5f5f
5f55
5f5f
5f55
5f5f
5f55
5f5f
5555
5f5f
5555
5f5f
5555
5f5f
5555
5f5c
5f55
5c55
5c55
5555
5555
5555
5555
5555
5555
5555
5555
0000
0000
0000
0000
0000
0000
0000
0000
0000
0000
0000
0000
0000
0000
0000
0000
0000
0000
0000
0000
0000
0000
5555
5555
5555
5555
5555
5555
5555
5555
5555
5555
5555
5555
5f55
5f5f
5f5c
5f5c
5f5f
5f55
5f5f
5f55
5f5f
5f55
5f5f
5f55
5f5f
5f55
5f5f
5f55
5f5f
5f55
5f5c
5f55
5c55
5c55
5555
5555
5555
5555
5555
5555
5555
5555
0000
0000
0000
0000
0000
0000
0000
0000
0000
0000
0000
0000
0000
0000
0000
0000
0000
0000
0000
0000
0000
0000
5555
5555
5555
5555
5555
5555
5555
5555
5555
5555
5555
5555
55ff
5555
55cc
5555
5555
5555
5555
5555
55ff
ff55
55cf
cc55
555f
5555
555f
5555
55ff
5555
55ff
55ff
55cc
55cc
5555
5555
5555
5555
5555
5555
5555
5555
0000
0000
0000
0000
0000
0000
0000
0000
0000
0000
0000
0000
0000
0000
0000
0000
0000
0000
0000
0000
0000
0000
5555
5555
5555
5555
5555
5555
5555
5555
5555
5555
5555
5555
ffff
55ff
ffff
55cc
ffff
5555
ffff
5555
ffff
55f5
ffff
55c5
ffff
5555
ffff
5555
ffff
5555
ffff
ffff
cccc
cccc
5555
5555
5555
5555
5555
5555
5555
5555
0090
0000
0090
0400
0999
9900
0099
9900
04cc
9900
09bb
fc00
09bb
bb40
99bb
bb90
99b9
9b99
49b9
9999
99cc
99b9
99f9
99cb
9999
b9cc
099f
b9cc
04cc
b99c
0999
999c
099c
999c
00cc
b99c
40c9
b999
0099
b999
009c
9909
00c9
9999
04c9
9909
90b9
9999
009b
94cc
9999
b999
9999
cc99
9c49
fc09
9999
cf00
0999
cc40
909c
bf90
099c
cc00
009c
cc00
009c
cb00
0099
9c00
009c
9c40
009c
cc40
00cc
cc00
00cc
cc00
00cb
9c04
00cb
9c00
44b9
9c00
00b9
9904
00c9
9904
00f9
9994
00cc
0904
04b9
9999
009b
9900
0099
9990
0040
ccc9
0004
bccc
0009
99cc
0009
00cc
0000
0099
0040
0009
0000
0090
0000
00b0
0000
4000
0000
00b4
0000
00b0
0000
00b0
0000
00b0
0000
0090
0000
0040
0000
0000
0000
0000
0090
9900
0049
bb04
0000
ff90
0000
cf00
0000
fc40
0090
cf09
0000
ffa0
0009
ff90
0009
cc99
0099
9999
009b
9990
009b
9999
009b
9999
0099
cf99
0049
bc94
0099
cb90
0009
cb90
00a9
bc00
0099
cb04
0099
bb00
0049
c909
0099
9900
0099
9904
0049
9a00
0000
a000
0004
0a00
0000
a000
0000
0000
0000
0000
0000
0000
7700
0000
7700
0700
7700
0777
7700
7777
7707
7777
0707
7777
0707
0767
0077
0766
0077
0700
0077
0700
0077
0700
0077
0700
0077
0700
0076
0700
4476
4747
0076
0777
0077
0777
0077
0777
0077
0666
0067
0706
0067
0700
0076
0600
0706
0600
0706
0600
0706
0700
7706
0707
7706
0767
7700
0777
7700
6777
7700
6677
7700
0776
7700
0066
0077
0700
7077
7700
7777
7700
7777
7700
7777
7770
7777
7670
7777
6677
7777
6677
7777
6677
7777
6077
7777
6077
7777
0077
7777
0077
7777
0077
7677
4477
6677
0077
7677
0077
7077
0077
7077
0077
7077
0077
7077
7077
7777
7077
7777
7077
7777
7777
7777
7777
7777
7770
7777
7770
7777
7770
7777
7700
7777
6700
7777
6700
7767
6600
7767
7607
7777
7707
6677
7777
6677
7777
0077
7777
0077
7777
0077
7776
0077
7776
0077
7776
0077
7770
0077
7770
0077
7700
0777
7700
7777
7700
7777
7700
7777
7744
7777
7700
7677
7700
7677
7700
7077
7770
7077
7770
7777
7777
7777
7777
7777
7777
7777
7777
7777
7777
7777
7777
7777
7777
7777
6767
7777
7766
7777
7606
7777
6700
0077
0077
0077
0077
0077
0077
7066
0077
7066
7067
7700
7066
7700
7066
7760
6600
7760
7600
7760
7600
7766
7600
7766
6600
7766
6000
7777
6007
7777
6077
7777
4477
7777
0077
7777
7076
7777
7066
7777
7760
7777
7760
7776
7706
7776
7766
7776
7766
7777
7766
7777
7760
7777
7766
7777
7766
7777
7777
7677
7777
7077
7677
6077
6677
0000
0000
0000
0000
0000
dd00
000e
ee00
0000
ee00
00de
ee00
00ee
ee00
00ee
ee00
00ee
ee0e
00ee
eee0
00ee
eee0
00ee
eeee
00ee
eeee
00ee
eeee
00ee
eeee
00ee
eeee
00ee
eeee
00ee
eeee
00ee
eeee
00ee
eeee
00ee
eeee
00ee
eee0
00ee
eee0
00ee
ee0e
00ee
ee00
00ee
ee00
00ee
ee00
0000
ee00
000e
ee00
0000
0e00
0000
0000
0000
0000
0099
9900
00aa
9d00
00aa
a900
0099
cc00
0099
cb00
0099
c900
0099
c990
0099
c9c9
0099
c9cc
0097
c9cc
0099
c9bb
00aa
c999
00cc
c999
00cc
c9bf
0099
c9cb
00ac
c9bc
00cc
c9cc
00cc
ccbc
00cc
cccb
00cc
cc99
00cc
bc99
00cc
bc99
00cc
999c
00cc
449c
00cc
939c
0099
4439
0099
4d49
00de
4449
0033
3449
003d
4449
00dd
4499
0033
3400
0099
9900
00aa
9d00
00aa
a900
0099
cc00
0099
cb00
0099
c900
0099
c990
0099
c990
0099
c9b9
0097
c9cb
0099
c9bb
00aa
c999
00cc
c9bc
00cc
c9cf
0099
c9bc
00ac
c9cc
00cc
c9bc
00cc
cccc
00cc
ccbc
00cc
ccb9
00cc
bc99
00cc
999b
00cc
4399
00cc
34cc
00cc
43cc
0099
4dfc
0099
44cc
00de
43cb
0033
44bb
003d
43b9
00dd
4490
0033
3900
0099
a900
00aa
9900
00aa
bb00
009a
bb00
009a
bc90
00b9
cb90
00bb
cc90
00cb
cc90
00bc
cc90
00cb
bc90
00bc
cc90
00cb
cb90
00cb
9cb9
00bc
09b9
00c9
0999
0099
00ba
009b
00b9
0099
0099
009a
00ac
00cc
00cc
00cc
00cc
00cc
00cc
00cc
00ab
00bb
00cc
00cc
00ac
00bc
00aa
00bb
009c
00bc
0099
099b
00b9
9bb9
098b
9ccb
09cc
9999
0999
0099
9900
00aa
9b00
00aa
bb00
009a
bb00
009a
bc00
00b9
cb00
009b
cc00
009b
cb00
009c
cc00
009b
cc00
0009
cc00
0009
cc00
0009
cc00
0009
9900
0009
bb00
0009
bf90
0009
bc99
0009
bbc9
0009
abbc
0009
99bf
0000
99cc
0000
b9cb
0000
cbab
0000
bcac
0000
abac
0000
bc99
0009
cbbf
00b9
abfc
009b
9acc
009c
b9cc
009c
c9c9
0099
9999
00aa
9900
00aa
bb00
00aa
bb00
0099
cb00
0099
bc00
0099
cb00
0009
cc00
0009
cc00
0009
cc00
0009
cb00
0009
bc00
0009
cb00
0009
bc00
009b
9900
00bb
9900
00bb
9900
00bb
9b00
0099
b900
009a
9b00
009a
bb00
009a
9b00
099c
9900
9b9b
9b00
9c9c
9900
999b
0900
009a
9b00
00a9
9900
00ca
9b00
00c9
9900
0099
cc00
0099
cc00
0000
9900
0099
9900
00aa
9b00
00aa
bb00
009a
bb00
009a
cc00
00b9
cb00
00cb
cc00
00cc
cb00
00cc
cc00
00cc
cc00
00cb
cc00
00bc
cc00
00cb
cc00
00bc
cc00
00bb
cc00
0099
cc99
00ba
cc99
00bc
99c9
00bb
bbc9
0099
9999
0009
c9c9
0000
ccc9
0000
ccb9
0000
bcc9
0000
ccb9
0000
ccc9
0000
bbb9
0009
ccc9
009b
ccb9
00bc
9c99
00cc
9900
0099
9900
0000
9a99
0000
9acb
0000
99bc
0000
b9cb
0000
c9cc
0000
bccc
0009
cbbc
0009
bccc
0099
cbcc
009b
bccc
009f
99bc
009b
99cb
009b
9bc9
0099
9b99
009a
9b90
009c
9900
0099
9900
009b
9900
009b
9b00
009a
9b00
09aa
9b00
09ab
9900
099b
9b00
099b
9b00
0099
9900
009b
b900
009b
b900
0099
c900
0000
c900
0000
c900
0000
9900
0000
0900
0099
9900
00aa
9b00
00aa
bb00
009a
bb00
009a
bc00
00c9
cb00
00bc
cc00
00cb
cb00
00bc
cc00
00cb
cc00
00cc
cc00
00bb
cc00
00bc
cc00
00cc
9900
0099
bb00
00bb
bf90
0099
bc99
00bb
bbc9
00bb
abbc
00bb
99bf
00b9
b9cc
0099
cbcb
0000
9bab
0000
9cac
0000
cca9
0000
9c00
0000
9c00
0000
0900
0000
0900
0000
0000
0000
0000
0000
0000
0000
0000
0000
0000
0000
0000
0000
0000
0000
0000
0000
0000
0000
0000
0000
0000
0000
0000
0000
0000
0099
0099
0949
99bb
9344
9bbc
9344
9ccf
0934
9fcc
0934
9ccc
0933
9ccc
0033
9bcb
0039
9bbb
0099
9aaa
0090
9999
0000
0009
0000
0000
0000
0000
0000
0000
0000
0000
0000
0000
0000
0000
0000
0000
0000
0000
0000
0000
0000
0000
0000
0000
0000
0000
0000
0000
0099
0000
0049
0000
0944
0000
0944
0000
0994
0000
0934
0000
0934
0000
0933
0000
0093
0000
0099
9000
0093
9900
0039
cc00
0033
cc00
0093
bc00
0093
bc90
0009
bbb9
0000
bacc
0000
aacb
0000
aabc
0000
99cb
0000
99bc
0000
09bb
0000
00bb
0000
00ab
0000
00ba
0000
009b
0000
009a
0000
0009
0000
0000
0000
0099
0000
009b
0000
00ba
0000
00cb
0000
00bb
0000
00cb
0000
00cb
0000
09bb
0000
09bb
0000
09bb
0000
9cbb
0000
9bb9
0000
aaa9
0000
fc90
0000
cc90
0000
bb00
0000
bb00
0000
bb00
0009
bb00
0009
9b00
0094
3900
0043
9300
0043
3900
0043
9900
0039
0000
0999
0000
0999
0000
0999
0000
0033
0000
0043
0000
0099
0000
0090
0000
0000
0000
0000
0000
0000
0000
0000
0000
0000
0000
0000
0000
0000
0000
0000
7700
0000
7700
0077
7700
0077
7777
0077
7777
0077
7777
0077
7777
0077
7777
0777
7777
0777
7777
0777
7777
0777
7777
0777
7777
0777
7777
0677
7777
0077
7777
0077
77cc
0077
7777
0077
7777
0077
7777
0077
c766
0066
7700
0000
7700
0000
6600
0000
0000
0000
0000
0000
0000
0000
0000
0000
0000
0000
0000
0077
0000
0077
0000
0067
0077
7706
0077
7700
7777
7777
7777
7777
7766
7777
7700
7777
7700
7777
7700
7777
7700
7777
7700
7777
7760
7777
7760
7777
7760
7777
7c00
77cc
7700
7777
7700
7777
7700
7776
6600
7760
0077
6600
0077
0000
0077
0000
7777
0000
7766
0000
7760
0000
6600
0000
0000
0000
0700
0066
0700
0067
7700
0066
0000
0066
7660
0000
7666
0000
7776
0070
c770
0077
77c7
007c
7777
0077
6677
0077
6677
0077
7677
0067
6667
0077
6666
0077
66c7
6677
7c7c
6777
7777
6777
7777
6777
7777
6676
6677
0676
6777
0076
7677
0077
6767
0077
7677
0667
7777
0676
7777
0666
7777
0667
6777
0667
6666
0066
6666
0000
0000
0007
6700
0007
6760
0707
6666
0700
6677
6600
707c
6700
07c7
7760
6677
7776
6777
7c77
7777
7677
7766
7677
6666
7777
c777
7667
6667
7776
6776
7666
6667
7766
6676
7777
7767
7777
7776
7777
7767
77c7
7766
7777
7776
7776
7777
7766
6777
7777
7777
6777
7706
7667
7676
667c
6676
67c6
7776
0766
c777
0066
7777
0000
6606
0000
0000
0000
0000
0000
0000
0000
0000
0000
0000
0000
0000
0000
0000
0000
0000
0000
0000
0000
0000
0000
0000
0000
dd00
0000
dd00
0000
d400
00dd
4d00
00df
dd00
00df
d400
00dd
4d00
00ad
dd00
000a
da00
0000
a000
0000
0000
0000
0000
0000
0000
0000
0000
0000
0000
0000
0000
0000
0000
0000
0000
0000
0000
0000
0000
0000
0000
0000
0000
0000
0000
0000
0000
0000
0000
0000
0000
0000
0000
0000
0000
0000
0000
000d
dd00
000d
dd00
000d
dd00
000d
3d00
000d
4300
000d
dd00
000d
dd00
000d
3400
000d
d300
000d
dd00
000d
dd00
000a
aa00
0000
0000
0000
0000
0000
0000
0000
0000
0000
0000
0000
0000
0000
0000
0000
0000
0000
0000
0000
0000
0000
0000
0000
0000
0000
0000
0000
0000
0000
0000
0000
0000
0000
0000
0000
0000
0000
0000
0000
a000
0000
fa00
00cc
ff00
00ff
ff00
00ff
9f00
0afc
ff00
00cf
ff00
00fc
ffaa
00cf
9fff
00ff
fffc
00ff
ffcf
00ff
f9fa
00ff
ffa0
00af
fc0a
000a
cfa0
0000
ff00
0000
ff00
0000
ff00
0000
fc00
0000
aa00
0000
a000
0000
0000
0000
0000
0000
0000
0000
0000
0000
0000
0099
0049
0997
9049
0997
9990
0097
4760
00c7
77cc
00a6
76aa
0066
6699
0066
bb96
0066
cc99
0966
bb76
9966
cc67
96bb
bb66
99cc
aa99
00a6
aaaa
00cc
999a
00cc
9977
00cc
c96a
00bc
cc66
00bc
cc66
00bc
cc46
00bc
bc44
00cc
bc64
00cc
cc67
0099
cca6
00c9
cc96
00c9
cc96
00cc
c696
09cc
cc99
09c9
6c40
99c9
6640
9bc9
7644
9bc9
6644
9bc9
6990
09c9
6969
09c9
9999
0ab9
99bb
0099
99bc
0009
99cc
0069
99cc
0069
99aa
099c
9999
009c
99b9
009c
99a9
004c
9b99
003c
ccb9
003c
434b
0036
9944
00c6
cc44
0996
cc44
0066
9964
0099
9966
0990
cc76
000a
6c76
00a9
cc67
0094
9966
0033
9996
0039
4996
0090
3499
0000
4300
0000
3400
000a
3300
00a0
3300
000a
9900
0000
0000
0000
0000
0000
0000
0000
0000
0000
0000
0000
0000
0000
0000
0000
0000
0000
9000
0000
9900
0099
9700
0077
6600
0090
6990
0044
6990
0066
9996
0066
4699
0076
4696
0067
4977
0066
cc97
00b9
cc99
0099
cc99
0099
9977
0099
99b4
0099
99b9
0099
99ba
009c
49bb
09cc
449b
09cc
4c9b
09cc
cc9b
00cc
6c9b
06bc
6cbb
099c
66b9
009c
6666
0009
9666
0009
7669
0009
6666
0000
7696
0000
7699
0000
7696
0090
6699
0090
6909
0090
6909
0090
9909
0090
9909
0000
9600
0000
9600
0000
9900
0000
9b00
0099
9600
0034
b900
0049
9b00
0090
9900
0000
9600
000a
9600
00a0
6600
000a
9600
00a0
9900
0000
9900
0000
9000
0000
0000
0000
0000
0000
0000
0000
0000
0000
0000
0000
0000
0000
0000
0000
0000
0000
0000
0000
0000
0000
0000
0000
0000
0000
0000
0000
9900
0000
7700
0009
7700
0097
cc90
009a
ca79
0009
7cc7
0000
7777
0000
a77a
0000
9aa9
0000
0990
0000
0000
000a
0000
0000
0000
0000
0000
0000
0000
0000
0000
00a9
0000
0090
0000
0000
0000
0000
a900
0000
9000
0000
0000
0000
0000
0000
0000
0000
0000
0000
0000
0000
0000
0000
0000
0000
0000
0000
0000
0000
0000
0000
0000
0000
0090
0000
00b9
0000
09bb
0000
9bbb
0000
bcb9
0099
cba9
0033
bb90
0044
bb0a
0033
bba0
00cc
bb00
00ff
aa00
00ff
9900
00ff
a000
00af
0a00
003a
a000
0093
0a00
0009
a000
0000
0000
0000
0000
0000
0000
0000
0000
0000
0000
0000
0000
0000
0000
0000
0000
0000
0000
0000
0000
0000
0000
0000
0000
0000
0000
0000
0000
0000
0000
0000
9900
0000
b900
0000
9900
0000
9000
0000
9000
0000
b900
0000
bb00
0000
bb00
0000
bb0a
0000
6600
0000
66a0
0000
6600
0000
66a0
0000
66fa
0000
bba0
0000
bb00
0000
bb0c
0000
bb0a
0000
9900
0000
0a00
0000
0000
0000
0000
0000
0000
0000
0000
0000
0000
0000
0000
0000
0000
0000
0000
0000
0000
0000
0000
0000
0000
0000
0000
0000
0000
0000
0a00
0000
0990
0000
09a9
0000
09f9
0000
9ff9
0000
ffa9
0044
ff90
0033
ff0a
0000
cca0
0099
9900
00ff
aa00
00ff
a000
00ff
0a30
00fa
a043
00af
4330
00ac
3400
00ac
a300
0099
0a00
000a
0000
00a0
0000
0000
0000
0000
0000
0000
0000
0000
0000
0000
0000
0000
9900
0000
de00
0000
9900
0000
ed00
0000
dd00
0000
dd00
0000
dd00
0000
dd00
0000
dd00
0000
dd00
0000
dd00
0000
9900
0009
cc00
0009
cc00
009c
cc00
009c
9900
00cc
dda0
00cb
dd0a
00bb
dda0
00b9
dd0a
0090
dda0
0099
dd0a
0099
dda0
0090
990a
000a
4400
00a0
9900
0000
a000
0000
0000
0000
0000
0000
0000
0000
0000
0000
0000
0009
0000
0099
0a00
0090
ad00
0090
9900
0099
9000
0099
9900
0099
3400
0099
4300
0059
3400
0059
c300
0059
cc00
0055
cc00
0095
cc00
0095
4c00
0095
34a0
0095
4300
0099
34a0
0099
430a
0099
34a0
0099
4300
0099
3400
0099
4300
0099
3400
0099
4300
0099
3400
0000
4300
0000
3300
0000
9900
0000
a000
0000
0000
0000
0000
0000
0000
0000
0000
0000
0000
0000
0000
0000
0000
0000
0000
0000
0000
0000
0000
0000
0000
0000
0000
0000
0000
0000
0000
0000
0000
0000
0000
0000
0000
0000
0000
0000
0000
0000
0000
0000
0000
0000
0000
0000
0000
0000
0000
0000
0000
0000
0000
0000
0000
0000
0000
0000
0000
0000
0000
0000
0000
0000
0000
0000
0000
ffff
ffff
ffff
ffff
ffff
ffff
ffff
ffff
ffff
ffff
ffff
ffff
ffff
ffff
ffff
ffff
ffff
ffff
ffff
ffff
ffff
ffff
ffff
ffff
ffff
ffff
ffff
ffff
ffff
ffff
ffff
ffff
ffff
ffff
ffff
ffff
ffff
ffff
ffff
ffff
ffff
ffff
ffff
ffff
ffff
ffff
ffff
ffff
ffff
ffff
ffff
ffff
ffff
ffff
ffff
ffff
ffff
ffff
ffff
ffff
ffff
ffff
ffff
ffff
ffff
ffff
ffff
ffff
ffff
ffff
ffff
ffff
ffff
ffff
ffff
ffff
ffff
ffff
ffff
ffff
ffff
ffff
ffff
ffff
ffff
ffff
ffff
ffff
ffff
ffff
ffff
ffff
ffff
ffff
ffff
ffff
ffff
ffff
ffff
ffff
ffff
ffff
ffff
ffff
ffff
ffff
ffff
ffff
ffff
ffff
ffff
ffff
ffff
ffff
ffff
ffff
ffff
ffff
ffff
ffff
ffff
ffff
ffff
ffff
ffff
ffff
ffff
ffff
ffff
ffff
ffff
ffff
ffff
ffff
ffff
ffff
ffff
ffff
ffff
ffff
ffff
ffff
ffff
ffff
ffff
ffff
ffff
ffff
ffff
ffff
ffff
ffff
ffff
ffff
ffff
ffff
ffff
ffff
ffff
ffff
ffff
ffff
ffff
ffff
ffff
ffff
ffff
ffff
ffff
ffff
ffff
ffff
ffff
ffff
ffff
ffff
ffff
ffff
ffff
ffff
ffff
ffff
ffff
ffff
ffff
ffff
ffff
ffff
ffff
ffff
ffff
ffff
ffff
ffff
ffff
ffff
ffff
ffff
ffff
ffff
ffff
ffff
ffff
ffff
ffff
ffff
ffff
ffff
ffff
ffff
ffff
ffff
ffff
ffff
ffff
ffff
ffff
ffff
ffff
ffff
ffff
ffff
ffff
ffff
ffff
ffff
ffff
ffff
ffff
ffff
ffff
ffff
ffff
ffff
ffff
ffff
ffff
ffff
ffff
ffff
ffff
ffff
ffff
ffff
ffff
ffff
ffff
ffff
ffff
ffff
ffff
ffff
ffff
ffff
ffff
ffff
ffff
ffff
ffff
ffff
ffff
ffff
ffff
ffff
ffff
ffff
ffff
ffff
ffff
ffff
ffff
ffff
ffff
ffff
ffff
ffff
ffff
ffff
ffff
ffff
ffff
ffff
ffff
ffff
ffff
ffff
ffff
ffff
ffff
ffff
ffff
ffff
ffff
ffff
ffff
ffff
ffff
ffff
ffff
ffff
ffff
ffff
ffff
ffff
ffff
ffff
ffff
ffff
ffff
ffff
ffff
ffff
ffff
ffff
ffff
ffff
ffff
ffff
ffff
ffff
ffff
ffff
ffff
ffff
ffff
ffff
ffff
ffff
ffff
ffff
ffff
ffff
ffff
ffff
ffff
ffff
ffff
ffff
ffff
ffff
ffff
ffff
ffff
ffff
ffff
ffff
ffff
ffff
ffff
ffff
ffff
ffff
ffff
ffff
ffff
ffff
ffff
ffff
ffff
ffff
ffff
ffff
ffff
ffff
ffff
ffff
ffff
ffff
ffff
ffff
ffff
ffff
ffff
ffff
ffff
ffff
ffff
ffff
ffff
ffff
ffff
ffff
ffff
ffff
ffff
ffff
ffff
ffff
ffff
ffff
ffff
ffff
ffff
ffff
ffff
ffff
ffff
ffff
ffff
ffff
ffff
ffff
ffff
ffff
ffff
ffff
ffff
ffff
ffff
ffff
ffff
ffff
ffff
ffff
ffff
ffff
ffff
ffff
ffff
ffff
ffff
ffff
ffff
ffff
ffff
ffff
ffff
ffff
ffff
ffff
ffff
ffff
ffff
ffff
ffff
ffff
ffff
ffff
ffff
ffff
ffff
ffff
ffff
ffff
ffff
ffff
ffff
ffff
ffff
ffff
ffff
ffff
ffff
ffff
ffff
ffff
ffff
ffff
ffff
ffff
ffff
ffff
ffff
ffff
ffff
ffff
ffff
ffff
ffff
ffff
ffff
ffff
ffff
ffff
ffff
ffff
ffff
ffff
ffff
ffff
ffff
ffff
ffff
ffff
ffff
ffff
ffff
ffff
ffff
ffff
ffff
ffff
ffff
ffff
ffff
ffff
ffff
ffff
ffff
ffff
ffff
ffff
ffff
ffff
ffff
ffff
ffff
ffff
ffff
ffff
ffff
ffff
ffff
ffff
ffff
ffff
ffff
ffff
ffff
ffff
ffff
ffff
ffff
ffff
ffff
ffff
ffff
ffff
ffff
ffff
ffff
ffff
ffff
ffff
ffff
ffff
ffff
ffff
ffff
ffff
ffff
ffff
ffff
ffff
ffff
ffff
ffff
ffff
ffff
ffff
ffff
ffff
ffff
ffff
ffff
ffff
ffff
ffff
ffff
ffff
ffff
ffff
ffff
ffff
ffff
ffff
ffff
ffff
ffff
ffff
ffff
ffff
ffff
ffff
ffff
ffff
ffff
ffff
ffff
ffff
ffff
ffff
ffff
ffff
ffff
ffff
ffff
ffff
ffff
ffff
ffff
ffff
ffff
ffff
ffff
ffff
ffff
ffff
ffff
ffff
ffff
ffff
ffff
ffff
ffff
ffff
ffff
ffff
ffff
ffff
ffff
ffff
ffff
ffff
ffff
ffff
ffff
ffff
ffff
ffff
ffff
ffff
ffff
ffff
ffff
ffff
ffff
ffff
ffff
ffff
ffff
ffff
ffff
ffff
ffff
ffff
ffff
ffff
ffff
ffff
ffff
ffff
ffff
ffff
ffff
ffff
ffff
ffff
ffff
ffff
ffff
ffff
ffff
ffff
ffff
ffff
ffff
ffff
ffff
ffff
ffff
ffff
ffff
ffff
ffff
ffff
ffff
ffff
ffff
ffff
ffff
ffff
ffff
ffff
ffff
ffff
ffff
ffff
ffff
ffff
ffff
ffff
ffff
ffff
ffff
ffff
ffff
ffff
ffff
ffff
ffff
ffff
ffff
ffff
ffff
ffff
ffff
ffff
ffff
ffff
ffff
ffff
ffff
ffff
ffff
ffff
ffff
ffff
ffff
ffff
ffff
ffff
ffff
ffff
ffff
ffff
ffff
ffff
ffff
ffff
ffff
ffff
ffff
ffff
ffff
ffff
ffff
ffff
ffff
ffff
ffff
ffff
ffff
ffff
ffff
ffff
ffff
ffff
ffff
ffff
ffff
ffff
ffff
ffff
ffff
ffff
ffff
ffff
ffff
ffff
ffff
ffff
ffff
ffff
ffff
ffff
ffff
ffff
ffff
ffff
ffff
ffff
ffff
ffff
ffff
ffff
ffff
ffff
ffff
ffff
ffff
ffff
ffff
ffff
ffff
ffff
ffff
ffff
ffff
ffff
ffff
ffff
ffff
ffff
ffff
ffff
ffff
ffff
ffff
ffff
ffff
ffff
ffff
ffff
ffff
ffff
ffff
ffff
ffff
ffff
ffff
ffff
ffff
ffff
ffff
ffff
ffff
ffff
ffff
ffff
ffff
ffff
ffff
ffff
ffff
ffff
ffff
ffff
ffff
ffff
ffff
ffff
ffff
ffff
ffff
ffff
ffff
ffff
ffff
ffff
ffff
ffff
ffff
ffff
ffff
ffff
ffff
ffff
ffff
ffff
ffff
ffff
ffff
ffff
ffff
ffff
ffff
ffff
ffff
ffff
ffff
ffff
ffff
ffff
ffff
ffff
ffff
ffff
ffff
ffff
ffff
ffff
ffff
ffff
ffff
ffff
ffff
ffff
ffff
ffff
ffff
ffff
ffff
ffff
ffff
ffff
ffff
ffff
ffff
ffff
ffff
ffff
ffff
ffff
ffff
ffff
ffff
ffff
ffff
ffff
ffff
ffff
ffff
ffff
ffff
ffff
ffff
ffff
ffff
ffff
ffff
ffff
ffff
ffff
ffff
ffff
ffff
ffff
ffff
ffff
ffff
ffff
ffff
ffff
ffff
ffff
ffff
ffff
ffff
ffff
ffff
ffff
ffff
ffff
ffff
ffff
ffff
ffff
ffff
ffff
ffff
ffff
ffff
ffff
ffff
ffff
ffff
ffff
ffff
ffff
ffff
ffff
ffff
ffff
ffff
ffff
ffff
ffff
ffff
ffff
ffff
ffff
ffff
ffff
ffff
ffff
ffff
ffff
ffff
ffff
